{
  "events": [
    { "engine": "beam", "note": "G6", "midi": 91, "partials": [{"freq": 1567.982, "amp": 0.80902, "decay": 1.3317e-01}, {"freq": 4322.271, "amp": 0.95106, "decay": 1.9072e-02}, {"freq": 8473.378, "amp": 0.30902, "decay": 5.0229e-03}, {"freq": 14007.015, "amp": 0.58779, "decay": 1.8444e-03}] }
  ]
}
