file,product_id,engine,hardness,note,velocity,count,x1,null_order,null_depth_db,n1n2_dump_db,L1_db,stem_pred_dbfs,near_null,weak_n1n2,times_s
scores/classical/fur_elise/fur_elise_complete.score.json,fur_elise_complete,piano,Felt,D#5,0.303,6,2.806,3,-10.5,-1.2,-29.1,-61.5,1,0,16.875 17.708 64.375 65.208 119.375 120.208
scores/classical/fur_elise/fur_elise_complete.score.json,fur_elise_complete,piano,Felt,E5,0.278,9,3.040,3,-24.0,-16.3,-45.0,-77.4,1,1,16.250 17.083 17.917 63.750 64.583 65.417 118.750 119.583 120.417
scores/classical/fur_elise/fur_elise_complete.score.json,fur_elise_complete,piano,Felt,G5,0.427,19,2.807,3,-10.5,-1.3,-26.2,-58.6,1,0,32.708 38.854 39.062 39.271 39.479 39.687 39.896 40.104 40.521 40.937 41.354 41.562 41.771 41.979 42.187 42.396 42.604 43.021 43.437
scores/classical/fur_elise/fur_elise_complete.score.json,fur_elise_complete,piano,Felt,G#5,0.427,1,2.920,3,-18.1,-10.2,-34.5,-66.9,1,1,103.194
scores/classical/fur_elise/fur_elise_complete.score.json,fur_elise_complete,piano,Felt,A5,0.427,3,3.038,3,-24.5,-16.6,-41.7,-74.1,1,1,40.417 42.917 103.056
scores/classical/fur_elise/fur_elise_complete.score.json,fur_elise_complete,piano,Felt,A5,0.452,1,2.957,3,-23.5,-15.8,-39.7,-72.1,1,1,32.396
scores/classical/fur_elise/fur_elise_complete.score.json,fur_elise_complete,piano,Felt,A5,0.462,3,2.927,3,-18.8,-11.0,-34.7,-67.0,1,1,32.500 99.167 100.000
scores/classical/fur_elise/fur_elise_complete.score.json,fur_elise_complete,piano,Felt,A#5,0.427,2,3.161,3,-12.0,-2.8,-30.0,-62.4,1,0,32.083 102.917
scores/classical/fur_elise/fur_elise_complete.score.json,fur_elise_complete,piano,Felt,A6,0.427,2,4.885,5,-14.9,-7.2,-41.0,-73.4,1,0,100.417 101.389
scores/classical/fur_elise/fur_elise_complete.score.json,fur_elise_complete,piano,Felt,A#6,0.427,1,5.082,5,-17.9,-6.9,-44.7,-77.1,1,0,101.250
scores/classical/vivaldi_four_seasons/autumn/vivaldi_four_seasons_autumn_m1.score.json,,string,Cotton,E3,0.42,13,2.804,3,-10.4,2.3,-20.1,-53.3,1,0,6.750 7.750 8.750 9.750 21.750 22.750 23.750 58.750 59.750 60.750 225.750 226.750 227.750
scores/classical/vivaldi_four_seasons/autumn/vivaldi_four_seasons_autumn_m1.score.json,,string,Cotton,F3,0.43,1,2.903,3,-16.3,-5.1,-26.5,-59.8,1,0,84.000
scores/classical/vivaldi_four_seasons/autumn/vivaldi_four_seasons_autumn_m1.score.json,,string,Cotton,F3,0.455,5,2.870,3,-13.9,-2.2,-23.3,-56.6,1,0,194.000 195.000 200.000 203.000 207.000
scores/classical/vivaldi_four_seasons/autumn/vivaldi_four_seasons_autumn_m1.score.json,,string,Cotton,F3,0.47,32,2.852,3,-12.7,0.6,-21.0,-54.2,1,0,4.250 10.250 12.750 19.250 24.250 30.250 46.750 48.750 49.750 56.250 61.250 65.625 66.625 67.625 68.625 69.625 73.250 74.375 83.625 88.250 120.750 147.750 158.250 163.250 164.250 165.250 166.250 167.250 169.375 214.250 216.750 223.250
scores/classical/vivaldi_four_seasons/autumn/vivaldi_four_seasons_autumn_m1.score.json,,string,Cotton,F3,0.48,4,2.840,3,-12.1,1.5,-20.1,-53.3,1,0,45.000 77.000 80.000 109.500
scores/classical/vivaldi_four_seasons/autumn/vivaldi_four_seasons_autumn_m1.score.json,,string,Cotton,F3,0.495,32,2.822,3,-11.2,2.6,-18.8,-52.1,1,0,0.250 2.250 6.250 8.250 15.750 16.250 17.250 18.250 21.250 22.250 23.250 26.250 28.250 46.250 47.750 48.250 50.750 53.250 54.250 55.250 58.250 59.250 60.250 76.250 79.250 120.250 210.250 212.250 219.750 220.250 221.250 222.250
scores/classical/vivaldi_four_seasons/autumn/vivaldi_four_seasons_autumn_m1.score.json,,string,Cotton,F3,0.505,63,2.811,3,-10.7,3.4,-18.0,-51.3,1,0,0.500 1.000 1.500 2.500 3.000 3.500 6.500 7.000 7.500 8.500 9.000 9.500 12.000 15.000 16.500 17.500 18.500 21.500 22.500 23.500 26.500 27.000 27.500 28.500 29.000 29.500 39.500 41.500 42.500 51.000 52.000 53.500 54.500 55.500 58.500 59.500 60.500 63.000 64.000 65.000 72.000 75.500 76.500 79.500 93.500 138.500 157.500 163.500 164.500 165.500 166.500 167.500 210.500 211.000 211.500 212.500 213.000 213.500 216.000 219.000 220.500 221.500 222.500
scores/classical/vivaldi_four_seasons/autumn/vivaldi_four_seasons_autumn_m1.score.json,,string,Cotton,Gb3,0.47,4,2.966,3,-25.4,-13.0,-34.4,-67.7,1,1,95.875 102.375 103.875 157.750
scores/classical/vivaldi_four_seasons/autumn/vivaldi_four_seasons_autumn_m1.score.json,,string,Cotton,Gb3,0.505,1,2.923,3,-18.4,-5.8,-26.6,-59.8,1,0,102.000
scores/classical/vivaldi_four_seasons/autumn/vivaldi_four_seasons_autumn_m1.score.json,,string,Cotton,G3,0.42,4,3.155,3,-12.4,-0.6,-24.4,-57.6,1,0,163.375 164.375 165.375 166.375
scores/classical/vivaldi_four_seasons/autumn/vivaldi_four_seasons_autumn_m1.score.json,,string,Cotton,G3,0.43,1,3.140,3,-13.2,-1.6,-25.0,-58.2,1,0,82.000
scores/classical/vivaldi_four_seasons/autumn/vivaldi_four_seasons_autumn_m1.score.json,,string,Cotton,G3,0.47,11,3.085,3,-17.6,-5.0,-27.4,-60.6,1,0,72.250 73.375 81.625 93.250 99.375 102.875 114.750 116.250 146.250 148.750 169.250
scores/classical/vivaldi_four_seasons/autumn/vivaldi_four_seasons_autumn_m1.score.json,,string,Cotton,G3,0.48,1,3.072,3,-19.0,-6.5,-28.6,-61.8,1,0,109.000
scores/classical/vivaldi_four_seasons/autumn/vivaldi_four_seasons_autumn_m1.score.json,,string,Cotton,G3,0.495,4,3.053,3,-21.6,-9.2,-30.8,-64.1,1,0,13.750 112.250 114.250 217.750
scores/classical/vivaldi_four_seasons/autumn/vivaldi_four_seasons_autumn_m1.score.json,,string,Cotton,G3,0.505,14,3.041,3,-23.9,-11.5,-32.8,-66.1,1,1,13.000 14.000 71.000 74.500 99.000 102.500 112.500 113.000 113.500 148.000 158.000 169.500 217.000 218.000
scores/classical/vivaldi_four_seasons/autumn/vivaldi_four_seasons_autumn_m1.score.json,,string,Cotton,G3,0.53,6,3.011,3,-35.0,-22.7,-43.3,-76.6,1,1,13.500 112.000 114.000 114.500 116.000 217.500
scores/classical/vivaldi_four_seasons/autumn/vivaldi_four_seasons_autumn_m1.score.json,,string,Cotton,G3,0.755,7,2.806,3,-10.4,-0.2,-18.2,-51.5,1,0,105.000 150.000 150.500 151.000 151.500 152.000 152.500
scores/classical/vivaldi_four_seasons/autumn/vivaldi_four_seasons_autumn_m1.score.json,,string,Cotton,Ab3,0.505,1,3.162,3,-12.0,1.5,-21.6,-54.9,1,0,88.000
scores/classical/vivaldi_four_seasons/autumn/vivaldi_four_seasons_autumn_m1.score.json,,string,Cotton,Ab3,0.51,1,3.156,3,-12.3,-2.1,-24.3,-57.5,1,0,89.000
scores/classical/vivaldi_four_seasons/autumn/vivaldi_four_seasons_autumn_m1.score.json,,string,Cotton,Ab3,0.73,1,2.938,3,-20.2,-11.6,-29.2,-62.4,1,1,85.000
scores/classical/vivaldi_four_seasons/autumn/vivaldi_four_seasons_autumn_m1.score.json,,string,Cotton,A3,0.695,1,3.086,3,-17.5,-8.8,-27.8,-61.1,1,0,75.750
scores/classical/vivaldi_four_seasons/autumn/vivaldi_four_seasons_autumn_m1.score.json,,string,Cotton,A3,0.72,3,3.064,3,-20.0,-11.5,-29.9,-63.2,1,1,69.375 84.938 104.969
scores/classical/vivaldi_four_seasons/autumn/vivaldi_four_seasons_autumn_m1.score.json,,string,Cotton,A3,0.73,1,3.055,3,-21.2,-12.8,-31.0,-64.2,1,1,83.000
scores/classical/vivaldi_four_seasons/autumn/vivaldi_four_seasons_autumn_m1.score.json,,string,Cotton,A3,0.745,4,3.043,3,-23.4,-15.0,-32.9,-66.2,1,1,66.375 133.375 135.375 137.375
scores/classical/vivaldi_four_seasons/autumn/vivaldi_four_seasons_autumn_m1.score.json,,string,Cotton,A3,0.755,4,3.035,3,-25.2,-16.8,-34.6,-67.8,1,1,66.500 133.500 135.500 137.500
scores/classical/vivaldi_four_seasons/autumn/vivaldi_four_seasons_autumn_m1.score.json,,string,Cotton,Bb3,0.72,2,3.187,3,-10.8,-0.9,-21.5,-54.7,1,0,74.750 104.938
scores/classical/vivaldi_four_seasons/autumn/vivaldi_four_seasons_autumn_m1.score.json,,string,Cotton,Gb4,0.42,3,4.860,5,-13.2,-2.1,-33.3,-66.5,1,0,95.875 103.875 115.750
scores/classical/vivaldi_four_seasons/autumn/vivaldi_four_seasons_autumn_m1.score.json,,string,Cotton,Gb4,0.445,1,4.804,5,-10.4,1.6,-29.7,-63.0,1,0,115.250
scores/classical/vivaldi_four_seasons/autumn/vivaldi_four_seasons_autumn_m1.score.json,,string,Cotton,G4,0.42,4,5.054,5,-21.4,-10.9,-42.2,-75.4,1,1,81.625 93.250 114.750 167.375
scores/classical/vivaldi_four_seasons/autumn/vivaldi_four_seasons_autumn_m1.score.json,,string,Cotton,G4,0.425,1,5.042,5,-23.5,-14.3,-45.2,-78.5,1,1,198.750
scores/classical/vivaldi_four_seasons/autumn/vivaldi_four_seasons_autumn_m1.score.json,,string,Cotton,G4,0.43,1,5.031,5,-26.4,-16.0,-46.9,-80.1,1,1,170.500
scores/classical/vivaldi_four_seasons/autumn/vivaldi_four_seasons_autumn_m1.score.json,,string,Cotton,G4,0.445,7,4.996,5,-44.5,-25.0,-55.4,-88.7,1,1,112.250 112.750 113.750 114.250 118.750 119.250 170.250
scores/classical/vivaldi_four_seasons/autumn/vivaldi_four_seasons_autumn_m1.score.json,,string,Cotton,G4,0.45,28,4.985,5,-32.6,-23.4,-53.5,-86.8,1,1,6.750 7.750 8.750 9.750 21.750 22.750 23.750 58.750 59.750 60.750 81.125 93.250 116.375 116.750 122.750 162.875 163.875 164.750 165.750 180.750 189.750 194.375 195.375 198.250 199.250 225.750 226.750 227.750
scores/classical/vivaldi_four_seasons/autumn/vivaldi_four_seasons_autumn_m1.score.json,,string,Cotton,G4,0.455,3,4.974,5,-27.8,-17.4,-47.6,-80.8,1,1,113.000 119.500 158.500
scores/classical/vivaldi_four_seasons/autumn/vivaldi_four_seasons_autumn_m1.score.json,,string,Cotton,G4,0.475,10,4.931,5,-19.4,-10.0,-39.7,-72.9,1,1,122.250 179.250 179.750 180.250 188.250 188.750 189.250 192.750 204.750 208.750
scores/classical/vivaldi_four_seasons/autumn/vivaldi_four_seasons_autumn_m1.score.json,,string,Cotton,G4,0.48,6,4.921,5,-18.2,-7.6,-37.3,-70.5,1,0,112.000 112.500 113.500 114.000 114.500 119.000
scores/classical/vivaldi_four_seasons/autumn/vivaldi_four_seasons_autumn_m1.score.json,,string,Cotton,G4,0.485,6,4.911,5,-17.1,-7.6,-37.1,-70.4,1,0,10.500 24.500 61.500 116.000 199.500 228.500
scores/classical/vivaldi_four_seasons/autumn/vivaldi_four_seasons_autumn_m1.score.json,,string,Cotton,G4,0.5,20,4.881,5,-14.6,-5.4,-34.9,-68.1,1,0,10.250 24.250 24.750 61.250 61.750 81.125 93.250 129.750 130.750 131.750 183.750 192.250 193.250 200.375 203.375 204.250 207.375 208.250 228.250 228.750
scores/classical/vivaldi_four_seasons/autumn/vivaldi_four_seasons_autumn_m1.score.json,,string,Cotton,G4,0.51,12,4.862,5,-13.3,-3.9,-33.4,-66.6,1,0,11.000 122.000 122.500 179.000 179.500 180.000 180.500 188.000 188.500 189.000 189.500 198.500
scores/classical/vivaldi_four_seasons/autumn/vivaldi_four_seasons_autumn_m1.score.json,,string,Cotton,G4,0.525,1,4.834,5,-11.8,-1.9,-31.4,-64.7,1,0,183.250
scores/classical/vivaldi_four_seasons/autumn/vivaldi_four_seasons_autumn_m1.score.json,,string,Cotton,G4,0.535,2,4.815,5,-10.9,-0.7,-30.3,-63.6,1,0,132.500 193.500
scores/classical/vivaldi_four_seasons/autumn/vivaldi_four_seasons_autumn_m1.score.json,,string,Cotton,Ab4,0.45,3,5.185,5,-10.9,-0.1,-32.5,-65.8,1,0,85.250 178.750 187.750
scores/classical/vivaldi_four_seasons/autumn/vivaldi_four_seasons_autumn_m1.score.json,,string,Cotton,Ab4,0.455,1,5.173,5,-11.4,0.4,-31.9,-65.2,1,0,88.000
scores/classical/vivaldi_four_seasons/autumn/vivaldi_four_seasons_autumn_m1.score.json,,string,Cotton,Ab4,0.475,9,5.129,5,-13.9,-4.0,-34.9,-68.2,1,0,177.250 177.750 178.250 186.250 186.750 187.250 200.750 203.750 207.750
scores/classical/vivaldi_four_seasons/autumn/vivaldi_four_seasons_autumn_m1.score.json,,string,Cotton,Ab4,0.485,1,5.108,5,-15.5,-5.8,-36.2,-69.5,1,0,88.000
scores/classical/vivaldi_four_seasons/autumn/vivaldi_four_seasons_autumn_m1.score.json,,string,Cotton,Ab4,0.5,9,5.077,5,-18.4,-9.5,-39.4,-72.7,1,0,85.250 182.750 185.750 191.750 198.375 199.375 200.250 203.250 207.250
scores/classical/vivaldi_four_seasons/autumn/vivaldi_four_seasons_autumn_m1.score.json,,string,Cotton,Ab4,0.51,8,5.057,5,-21.0,-11.7,-41.2,-74.4,1,1,177.000 177.500 178.000 178.500 186.000 186.500 187.000 187.500
scores/classical/vivaldi_four_seasons/autumn/vivaldi_four_seasons_autumn_m1.score.json,,string,Cotton,Ab4,0.525,9,5.027,5,-27.3,-18.7,-47.8,-81.0,1,1,181.250 181.750 182.250 184.250 184.750 185.250 190.250 190.750 191.250
scores/classical/vivaldi_four_seasons/autumn/vivaldi_four_seasons_autumn_m1.score.json,,string,Cotton,Ab4,0.535,1,5.008,5,-37.6,-25.5,-54.4,-87.6,1,1,88.000
scores/classical/vivaldi_four_seasons/autumn/vivaldi_four_seasons_autumn_m1.score.json,,string,Cotton,Ab4,0.56,15,4.963,5,-24.7,-16.0,-44.3,-77.5,1,1,181.000 181.500 182.000 182.500 184.000 184.500 185.000 185.500 190.000 190.500 191.000 191.500 200.500 203.500 207.500
scores/classical/vivaldi_four_seasons/autumn/vivaldi_four_seasons_autumn_m1.score.json,,string,Cotton,A4,0.56,11,5.162,5,-12.0,-2.1,-32.3,-65.6,1,0,6.000 8.000 21.000 22.000 23.000 58.000 59.000 60.000 225.000 226.000 227.000
scores/classical/vivaldi_four_seasons/autumn/vivaldi_four_seasons_autumn_m1.score.json,,string,Cotton,A4,0.72,28,4.909,5,-16.9,-8.7,-35.6,-68.9,1,0,10.375 10.750 24.375 46.750 48.750 49.750 50.750 61.375 65.750 67.250 68.750 80.625 82.562 98.250 98.583 98.917 104.562 116.250 138.688 140.625 140.750 142.562 142.812 162.750 163.750 164.875 165.875 228.375
scores/classical/vivaldi_four_seasons/autumn/vivaldi_four_seasons_autumn_m1.score.json,,string,Cotton,A4,0.73,3,4.895,5,-15.7,-7.4,-34.3,-67.5,1,0,45.000 62.000 117.000
scores/classical/vivaldi_four_seasons/autumn/vivaldi_four_seasons_autumn_m1.score.json,,string,Cotton,A4,0.745,18,4.875,5,-14.2,-5.7,-32.5,-65.8,1,0,6.250 8.250 21.250 22.250 23.250 46.250 47.750 48.250 58.250 59.250 60.250 65.625 67.125 68.625 133.875 225.250 226.250 227.250
scores/classical/vivaldi_four_seasons/autumn/vivaldi_four_seasons_autumn_m1.score.json,,string,Cotton,A4,0.755,25,4.862,5,-13.4,-4.7,-31.5,-64.8,1,0,6.500 7.000 7.500 8.500 9.000 9.500 10.000 21.500 22.500 23.500 24.000 52.000 53.000 58.500 59.500 60.500 61.000 75.500 84.500 98.000 134.000 225.500 226.500 227.500 228.000
scores/classical/vivaldi_four_seasons/autumn/vivaldi_four_seasons_autumn_m1.score.json,,string,Cotton,A4,0.78,18,4.831,5,-11.6,-2.5,-29.4,-62.6,1,0,6.000 8.000 21.000 22.000 23.000 46.000 46.500 47.500 48.000 48.500 49.500 50.500 58.000 59.000 60.000 225.000 226.000 227.000
scores/classical/vivaldi_four_seasons/autumn/vivaldi_four_seasons_autumn_m1.score.json,,string,Cotton,Bb4,0.72,27,5.105,5,-15.7,-7.3,-35.1,-68.4,1,0,6.750 7.750 8.750 9.750 21.750 22.750 23.750 51.750 58.750 59.750 60.750 75.438 80.562 98.167 98.333 116.375 116.750 140.562 140.812 142.875 162.875 163.875 164.750 165.750 225.750 226.750 227.750
scores/classical/vivaldi_four_seasons/autumn/vivaldi_four_seasons_autumn_m1.score.json,,string,Cotton,Bb4,0.745,1,5.071,5,-19.1,-11.0,-38.2,-71.4,1,1,141.875
scores/classical/vivaldi_four_seasons/autumn/vivaldi_four_seasons_autumn_m1.score.json,,string,Cotton,Bb4,0.755,16,5.057,5,-21.0,-13.0,-39.8,-73.1,1,1,10.500 24.500 44.500 47.000 49.000 50.000 52.500 61.500 74.500 99.000 104.500 116.000 142.000 179.000 188.000 228.500
scores/classical/vivaldi_four_seasons/autumn/vivaldi_four_seasons_autumn_m1.score.json,,string,Cotton,E5,0.425,2,7.181,7,-11.1,-0.3,-39.1,-72.3,1,0,202.750 206.750
scores/classical/vivaldi_four_seasons/autumn/vivaldi_four_seasons_autumn_m1.score.json,,string,Cotton,E5,0.45,23,7.099,7,-16.2,-6.6,-43.5,-76.7,1,0,4.250 19.250 19.750 56.250 56.750 90.375 124.750 125.750 126.750 157.375 159.250 160.250 161.250 162.250 170.750 171.875 201.375 202.250 205.375 206.250 214.250 223.250 223.750
scores/classical/vivaldi_four_seasons/autumn/vivaldi_four_seasons_autumn_m1.score.json,,string,Cotton,E5,0.455,1,7.083,7,-17.7,-6.9,-43.8,-77.1,1,0,92.000
scores/classical/vivaldi_four_seasons/autumn/vivaldi_four_seasons_autumn_m1.score.json,,string,Cotton,E5,0.46,3,7.068,7,-19.5,-10.1,-46.5,-79.7,1,1,5.000 85.500 215.000
scores/classical/vivaldi_four_seasons/autumn/vivaldi_four_seasons_autumn_m1.score.json,,string,Cotton,E5,0.475,5,7.023,7,-29.0,-19.9,-55.7,-88.9,1,1,14.250 123.250 153.250 155.250 218.250
scores/classical/vivaldi_four_seasons/autumn/vivaldi_four_seasons_autumn_m1.score.json,,string,Cotton,E5,0.485,12,6.993,7,-39.7,-23.1,-58.5,-91.8,1,1,14.500 92.000 123.500 127.500 153.500 154.000 154.500 155.500 156.000 156.500 157.000 218.500
scores/classical/vivaldi_four_seasons/autumn/vivaldi_four_seasons_autumn_m1.score.json,,string,Cotton,E5,0.5,11,6.951,7,-22.3,-13.6,-48.9,-82.1,1,1,90.375 127.250 127.750 157.750 158.750 159.750 160.875 161.875 168.875 169.750 170.250
scores/classical/vivaldi_four_seasons/autumn/vivaldi_four_seasons_autumn_m1.score.json,,string,Cotton,E5,0.51,9,6.923,7,-18.4,-9.2,-44.2,-77.4,1,0,14.000 85.500 153.000 155.000 159.000 160.000 202.500 206.500 218.000
scores/classical/vivaldi_four_seasons/autumn/vivaldi_four_seasons_autumn_m1.score.json,,string,Cotton,E5,0.535,1,6.857,7,-13.1,-3.8,-38.9,-72.1,1,0,92.000
scores/classical/vivaldi_four_seasons/autumn/vivaldi_four_seasons_autumn_m1.score.json,,string,Cotton,F5,0.51,22,7.201,7,-10.2,1.1,-36.6,-69.9,1,0,0.000 2.000 2.500 12.000 16.000 17.000 18.000 53.000 54.000 55.000 76.000 79.000 83.500 128.000 201.500 205.500 210.000 212.000 216.000 220.000 221.000 222.000
scores/classical/vivaldi_four_seasons/autumn/vivaldi_four_seasons_autumn_m1.score.json,,string,Cotton,F5,0.525,4,7.159,7,-12.1,-2.2,-38.9,-72.1,1,0,120.250 124.250 125.250 126.250
scores/classical/vivaldi_four_seasons/autumn/vivaldi_four_seasons_autumn_m1.score.json,,string,Cotton,F5,0.535,6,7.132,7,-13.7,-4.2,-40.2,-73.4,1,0,120.500 124.500 125.500 126.500 127.000 157.500
scores/classical/vivaldi_four_seasons/autumn/vivaldi_four_seasons_autumn_m1.score.json,,string,Cotton,F5,0.56,5,7.067,7,-19.5,-10.7,-45.5,-78.7,1,1,120.000 124.000 125.000 126.000 169.000
scores/classical/vivaldi_four_seasons/autumn/vivaldi_four_seasons_autumn_m1.score.json,,string,Cotton,Gb5,0.695,1,7.040,7,-24.1,-16.2,-49.6,-82.8,1,1,105.750
scores/classical/vivaldi_four_seasons/autumn/vivaldi_four_seasons_autumn_m1.score.json,,string,Cotton,Gb5,0.72,3,6.990,7,-36.2,-23.8,-56.6,-89.9,1,1,97.250 104.250 117.750
scores/classical/vivaldi_four_seasons/autumn/vivaldi_four_seasons_autumn_m1.score.json,,string,Cotton,Gb5,0.755,2,6.924,7,-18.5,-10.6,-43.0,-76.2,1,1,97.000 101.000
scores/classical/vivaldi_four_seasons/autumn/vivaldi_four_seasons_autumn_m1.score.json,,string,Cotton,G5,0.755,24,7.201,7,-10.1,-0.2,-35.3,-68.6,1,0,14.500 30.500 36.500 44.500 77.500 82.000 92.000 94.000 101.500 118.500 127.500 141.000 145.000 146.000 153.500 154.000 154.500 155.500 156.000 156.500 157.000 180.500 189.500 218.500
scores/classical/vivaldi_four_seasons/autumn/vivaldi_four_seasons_autumn_m1.score.json,,string,Cotton,G5,0.78,6,7.155,7,-12.4,-3.3,-37.2,-70.4,1,0,14.000 118.000 155.000 159.000 160.000 218.000
scores/classical/vivaldi_four_seasons/autumn/vivaldi_four_seasons_autumn_m1.score.json,,string,Cotton,Bb5,0.5,21,8.798,9,-10.1,-0.3,-40.9,-74.1,1,0,0.750 1.750 3.750 14.750 16.750 17.750 18.750 53.750 54.750 55.750 76.750 79.750 171.250 210.750 211.750 212.750 213.750 218.750 220.750 221.750 222.750
scores/classical/vivaldi_four_seasons/autumn/vivaldi_four_seasons_autumn_m1.score.json,,string,Cotton,C6,0.695,1,8.911,9,-17.1,-9.2,-46.7,-80.0,1,0,107.250
scores/classical/vivaldi_four_seasons/autumn/vivaldi_four_seasons_autumn_m1.score.json,,string,Cotton,C6,0.72,29,8.848,9,-12.5,-4.1,-41.7,-75.0,1,0,12.750 38.750 39.750 40.750 41.750 42.750 63.125 63.625 64.125 64.625 70.250 71.188 72.125 78.083 78.250 78.417 96.250 96.583 96.917 149.625 172.812 173.125 173.375 173.625 174.812 175.125 175.375 175.625 216.750
scores/classical/vivaldi_four_seasons/autumn/vivaldi_four_seasons_autumn_m1.score.json,,string,Cotton,Db6,0.72,1,9.202,9,-10.1,0.3,-40.0,-73.3,1,0,91.250
scores/classical/vivaldi_four_seasons/autumn/vivaldi_four_seasons_autumn_m2.score.json,,string,Cotton,G4,0.45,1,4.985,5,-32.6,-23.4,-53.5,-86.8,1,1,6.792
scores/classical/vivaldi_four_seasons/autumn/vivaldi_four_seasons_autumn_m2.score.json,,string,Cotton,Eb5,0.45,3,6.826,7,-11.4,-1.1,-37.9,-71.2,1,0,36.226 44.151 81.509
scores/classical/vivaldi_four_seasons/autumn/vivaldi_four_seasons_autumn_m2.score.json,,string,Cotton,E5,0.45,12,7.099,7,-16.2,-6.6,-43.5,-76.7,1,0,22.642 27.170 35.094 37.358 47.547 62.264 70.189 75.849 78.113 104.151 108.679 122.264
scores/classical/vivaldi_four_seasons/autumn/vivaldi_four_seasons_autumn_m2.score.json,,string,Cotton,E5,0.475,1,7.023,7,-29.0,-20.4,-56.3,-89.5,1,1,135.849
scores/classical/vivaldi_four_seasons/autumn/vivaldi_four_seasons_autumn_m2.score.json,,string,Cotton,E5,0.5,9,6.951,7,-22.3,-13.6,-48.9,-82.1,1,1,10.189 43.019 55.472 57.736 92.830 95.094 101.887 115.472 129.057
scores/classical/vivaldi_four_seasons/autumn/vivaldi_four_seasons_autumn_m2.score.json,,string,Cotton,F#5,0.72,3,6.990,7,-36.2,-23.8,-56.6,-89.9,1,1,36.226 41.887 44.151
scores/classical/vivaldi_four_seasons/autumn/vivaldi_four_seasons_autumn_m2.score.json,,string,Cotton,Bb5,0.5,2,8.798,9,-10.1,-0.3,-40.9,-74.1,1,0,16.981 64.528
scores/classical/vivaldi_four_seasons/autumn/vivaldi_four_seasons_autumn_m2.score.json,,string,Cotton,B5,0.5,1,9.151,9,-12.6,-2.5,-44.1,-77.3,1,0,49.811
scores/classical/vivaldi_four_seasons/autumn/vivaldi_four_seasons_autumn_m3.score.json,,string,Cotton,E3,0.42,1,2.804,3,-10.4,2.3,-20.1,-53.3,1,0,161.812
scores/classical/vivaldi_four_seasons/autumn/vivaldi_four_seasons_autumn_m3.score.json,,string,Cotton,F3,0.445,3,2.883,3,-14.8,-1.8,-23.7,-57.0,1,0,118.125 127.125 138.375
scores/classical/vivaldi_four_seasons/autumn/vivaldi_four_seasons_autumn_m3.score.json,,string,Cotton,F3,0.47,50,2.852,3,-12.7,0.6,-21.0,-54.2,1,0,1.875 2.531 6.375 7.031 10.875 13.125 15.375 17.625 19.875 22.125 24.375 26.156 28.875 30.656 34.688 36.938 46.875 48.656 51.375 53.156 79.125 80.062 83.625 110.625 111.562 115.125 130.125 134.625 141.938 142.125 142.312 142.688 142.875 143.062 143.438 143.625 143.812 147.375 147.562 147.938 148.125 148.312 151.875 159.375 161.625 163.875 168.375 170.156 172.875 174.656
scores/classical/vivaldi_four_seasons/autumn/vivaldi_four_seasons_autumn_m3.score.json,,string,Cotton,F3,0.48,4,2.840,3,-12.1,1.5,-20.1,-53.3,1,0,96.750 128.250 144.000 148.500
scores/classical/vivaldi_four_seasons/autumn/vivaldi_four_seasons_autumn_m3.score.json,,string,Cotton,F3,0.495,29,2.822,3,-11.2,2.6,-18.8,-52.1,1,0,0.375 4.875 9.375 11.625 14.625 15.188 16.875 17.438 19.125 19.688 21.375 21.938 25.125 29.625 34.125 34.312 36.375 36.562 47.625 52.125 130.875 135.375 158.625 159.188 160.875 161.438 164.625 169.125 173.625
scores/classical/vivaldi_four_seasons/autumn/vivaldi_four_seasons_autumn_m3.score.json,,string,Cotton,F3,0.505,28,2.811,3,-10.7,3.4,-18.0,-51.3,1,0,0.750 5.250 9.750 12.000 15.750 18.000 20.250 22.500 25.500 30.000 38.250 40.500 45.000 48.000 52.500 55.500 57.750 131.250 135.750 141.750 142.500 143.250 147.750 159.750 162.000 165.000 169.500 174.000
scores/classical/vivaldi_four_seasons/autumn/vivaldi_four_seasons_autumn_m3.score.json,,string,Cotton,Gb3,0.445,1,2.998,3,-51.6,-27.7,-49.8,-83.0,1,1,97.875
scores/classical/vivaldi_four_seasons/autumn/vivaldi_four_seasons_autumn_m3.score.json,,string,Cotton,Gb3,0.505,2,2.923,3,-18.4,-5.8,-26.6,-59.8,1,0,79.500 111.000
scores/classical/vivaldi_four_seasons/autumn/vivaldi_four_seasons_autumn_m3.score.json,,string,Cotton,G3,0.395,2,3.194,3,-10.5,2.0,-23.3,-56.5,1,0,95.625 106.875
scores/classical/vivaldi_four_seasons/autumn/vivaldi_four_seasons_autumn_m3.score.json,,string,Cotton,G3,0.42,26,3.155,3,-12.4,-0.6,-24.4,-57.6,1,0,4.312 8.812 50.438 93.375 93.562 93.938 94.125 94.312 94.688 94.875 95.062 95.438 103.875 104.719 104.906 105.094 105.281 105.469 105.656 105.844 106.031 106.219 106.406 106.594 133.688 167.438
scores/classical/vivaldi_four_seasons/autumn/vivaldi_four_seasons_autumn_m3.score.json,,string,Cotton,G3,0.425,1,3.147,3,-12.8,-2.3,-25.7,-58.9,1,0,103.125
scores/classical/vivaldi_four_seasons/autumn/vivaldi_four_seasons_autumn_m3.score.json,,string,Cotton,G3,0.43,1,3.140,3,-13.2,-1.6,-25.0,-58.2,1,0,102.750
scores/classical/vivaldi_four_seasons/autumn/vivaldi_four_seasons_autumn_m3.score.json,,string,Cotton,G3,0.445,3,3.118,3,-14.7,-3.3,-26.0,-59.2,1,0,93.188 103.688 106.781
scores/classical/vivaldi_four_seasons/autumn/vivaldi_four_seasons_autumn_m3.score.json,,string,Cotton,G3,0.455,3,3.105,3,-15.7,-4.5,-26.7,-60.0,1,0,93.750 94.500 95.250
scores/classical/vivaldi_four_seasons/autumn/vivaldi_four_seasons_autumn_m3.score.json,,string,Cotton,G3,0.47,3,3.085,3,-17.6,-5.0,-27.4,-60.6,1,0,75.375 79.875 111.375
scores/classical/vivaldi_four_seasons/autumn/vivaldi_four_seasons_autumn_m3.score.json,,string,Cotton,G3,0.475,2,3.078,3,-18.3,-8.9,-30.4,-63.6,1,0,103.125 104.062
scores/classical/vivaldi_four_seasons/autumn/vivaldi_four_seasons_autumn_m3.score.json,,string,Cotton,G3,0.48,1,3.072,3,-19.0,-6.5,-28.6,-61.8,1,0,99.000
scores/classical/vivaldi_four_seasons/autumn/vivaldi_four_seasons_autumn_m3.score.json,,string,Cotton,G3,0.485,1,3.065,3,-19.8,-10.0,-31.1,-64.3,1,1,104.250
scores/classical/vivaldi_four_seasons/autumn/vivaldi_four_seasons_autumn_m3.score.json,,string,Cotton,G3,0.505,7,3.041,3,-23.9,-11.5,-32.8,-66.1,1,1,65.250 67.500 69.750 72.000 74.250 84.000 115.500
scores/classical/vivaldi_four_seasons/autumn/vivaldi_four_seasons_autumn_m3.score.json,,string,Cotton,G3,0.525,1,3.017,3,-31.5,-22.3,-42.3,-75.6,1,1,104.062
scores/classical/vivaldi_four_seasons/autumn/vivaldi_four_seasons_autumn_m3.score.json,,string,Cotton,G3,0.535,1,3.006,3,-41.0,-29.3,-49.0,-82.3,1,1,104.250
scores/classical/vivaldi_four_seasons/autumn/vivaldi_four_seasons_autumn_m3.score.json,,string,Cotton,G3,0.72,6,2.832,3,-11.7,-2.0,-20.1,-53.3,1,0,65.438 65.812 66.188 66.375 84.500 86.000
scores/classical/vivaldi_four_seasons/autumn/vivaldi_four_seasons_autumn_m3.score.json,,string,Cotton,G3,0.755,1,2.806,3,-10.4,-0.2,-18.2,-51.5,1,0,76.500
scores/classical/vivaldi_four_seasons/autumn/vivaldi_four_seasons_autumn_m3.score.json,,string,Cotton,A3,0.72,4,3.064,3,-20.0,-11.5,-29.9,-63.2,1,1,55.125 55.875 57.375 58.125
scores/classical/vivaldi_four_seasons/autumn/vivaldi_four_seasons_autumn_m3.score.json,,string,Cotton,A3,0.755,2,3.035,3,-25.2,-16.8,-34.6,-67.8,1,1,55.500 57.750
scores/classical/vivaldi_four_seasons/autumn/vivaldi_four_seasons_autumn_m3.score.json,,string,Cotton,Gb4,0.395,1,4.920,5,-18.0,-7.4,-38.8,-72.1,1,0,97.875
scores/classical/vivaldi_four_seasons/autumn/vivaldi_four_seasons_autumn_m3.score.json,,string,Cotton,Gb4,0.425,2,4.848,5,-12.5,-2.4,-33.5,-66.7,1,0,97.875 125.625
scores/classical/vivaldi_four_seasons/autumn/vivaldi_four_seasons_autumn_m3.score.json,,string,Cotton,Gb4,0.43,1,4.837,5,-11.9,-0.5,-31.7,-64.9,1,0,125.250
scores/classical/vivaldi_four_seasons/autumn/vivaldi_four_seasons_autumn_m3.score.json,,string,Cotton,G4,0.42,5,5.054,5,-21.4,-10.9,-42.2,-75.4,1,1,76.875 81.375 108.375 112.875 159.562
scores/classical/vivaldi_four_seasons/autumn/vivaldi_four_seasons_autumn_m3.score.json,,string,Cotton,G4,0.43,1,5.031,5,-26.4,-16.0,-46.9,-80.1,1,1,99.000
scores/classical/vivaldi_four_seasons/autumn/vivaldi_four_seasons_autumn_m3.score.json,,string,Cotton,G4,0.45,19,4.985,5,-32.6,-23.4,-53.5,-86.8,1,1,2.625 7.125 20.062 22.312 80.625 104.719 104.906 105.094 105.281 105.469 105.656 105.844 106.031 106.219 106.406 106.594 106.781 112.125 161.812
scores/classical/vivaldi_four_seasons/autumn/vivaldi_four_seasons_autumn_m3.score.json,,string,Cotton,G4,0.455,8,4.974,5,-27.8,-17.4,-47.6,-80.8,1,1,78.000 80.250 82.500 84.000 109.500 111.750 114.000 115.500
scores/classical/vivaldi_four_seasons/autumn/vivaldi_four_seasons_autumn_m3.score.json,,string,Cotton,G4,0.46,1,4.963,5,-24.8,-15.6,-45.4,-78.7,1,1,99.000
scores/classical/vivaldi_four_seasons/autumn/vivaldi_four_seasons_autumn_m3.score.json,,string,Cotton,G4,0.475,3,4.931,5,-19.4,-10.5,-40.3,-73.5,1,1,7.875 79.875 111.375
scores/classical/vivaldi_four_seasons/autumn/vivaldi_four_seasons_autumn_m3.score.json,,string,Cotton,G4,0.485,9,4.911,5,-17.1,-7.6,-37.1,-70.4,1,0,26.250 30.750 48.750 53.250 132.000 136.500 165.750 170.250 174.750
scores/classical/vivaldi_four_seasons/autumn/vivaldi_four_seasons_autumn_m3.score.json,,string,Cotton,G4,0.5,18,4.881,5,-14.6,-5.4,-34.9,-68.1,1,0,4.125 26.625 31.125 53.625 93.469 93.656 93.844 94.031 94.219 94.406 94.594 94.781 94.969 95.156 95.344 95.531 170.625 175.125
scores/classical/vivaldi_four_seasons/autumn/vivaldi_four_seasons_autumn_m3.score.json,,string,Cotton,G4,0.51,4,4.862,5,-13.3,-3.4,-32.8,-66.0,1,0,80.250 99.000 111.750 137.250
scores/classical/vivaldi_four_seasons/autumn/vivaldi_four_seasons_autumn_m3.score.json,,string,Cotton,G4,0.525,4,4.834,5,-11.8,-1.9,-31.4,-64.7,1,0,3.375 49.875 133.125 166.875
scores/classical/vivaldi_four_seasons/autumn/vivaldi_four_seasons_autumn_m3.score.json,,string,Cotton,G4,0.535,3,4.815,5,-10.9,-0.7,-30.3,-63.6,1,0,50.250 133.500 167.250
scores/classical/vivaldi_four_seasons/autumn/vivaldi_four_seasons_autumn_m3.score.json,,string,Cotton,Ab4,0.475,1,5.129,5,-13.9,-4.5,-35.6,-68.8,1,0,100.125
scores/classical/vivaldi_four_seasons/autumn/vivaldi_four_seasons_autumn_m3.score.json,,string,Cotton,A4,0.56,4,5.162,5,-12.0,-2.1,-32.3,-65.6,1,0,19.500 21.000 21.750 161.250
scores/classical/vivaldi_four_seasons/autumn/vivaldi_four_seasons_autumn_m3.score.json,,string,Cotton,A4,0.72,35,4.909,5,-16.9,-8.7,-35.6,-68.9,1,0,19.875 22.125 26.156 30.656 49.125 53.156 59.438 63.938 87.125 97.125 101.750 119.000 119.500 119.750 125.000 125.750 127.125 127.375 127.625 129.125 132.375 136.875 137.812 138.188 138.375 138.656 144.844 147.188 149.531 157.125 157.312 161.625 166.125 170.156 174.656
scores/classical/vivaldi_four_seasons/autumn/vivaldi_four_seasons_autumn_m3.score.json,,string,Cotton,A4,0.73,1,4.895,5,-15.7,-7.4,-34.3,-67.5,1,0,27.000
scores/classical/vivaldi_four_seasons/autumn/vivaldi_four_seasons_autumn_m3.score.json,,string,Cotton,A4,0.745,17,4.875,5,-14.2,-5.7,-32.5,-65.8,1,0,19.125 19.688 20.625 21.375 21.938 22.875 34.125 36.375 54.375 54.562 56.625 56.812 58.875 59.062 160.875 161.438 162.375
scores/classical/vivaldi_four_seasons/autumn/vivaldi_four_seasons_autumn_m3.score.json,,string,Cotton,A4,0.755,11,4.862,5,-13.4,-4.7,-31.5,-64.8,1,0,3.000 7.500 23.250 34.500 36.750 54.750 57.000 102.000 119.250 154.500 162.750
scores/classical/vivaldi_four_seasons/autumn/vivaldi_four_seasons_autumn_m3.score.json,,string,Cotton,A4,0.78,6,4.831,5,-11.6,-2.5,-29.4,-62.6,1,0,19.500 21.000 21.750 59.250 63.750 161.250
scores/classical/vivaldi_four_seasons/autumn/vivaldi_four_seasons_autumn_m3.score.json,,string,Cotton,Bb4,0.72,17,5.105,5,-15.7,-7.3,-35.1,-68.4,1,0,2.625 7.125 20.062 22.312 60.562 120.500 126.250 126.500 127.000 137.906 138.094 139.594 147.094 149.438 151.781 154.875 161.812
scores/classical/vivaldi_four_seasons/autumn/vivaldi_four_seasons_autumn_m3.score.json,,string,Cotton,Bb4,0.745,2,5.071,5,-19.1,-11.0,-38.2,-71.4,1,1,60.188 60.375
scores/classical/vivaldi_four_seasons/autumn/vivaldi_four_seasons_autumn_m3.score.json,,string,Cotton,Bb4,0.755,13,5.057,5,-21.0,-13.0,-39.8,-73.1,1,1,26.250 30.750 48.750 53.250 126.000 126.750 132.000 136.500 138.750 144.750 165.750 170.250 174.750
scores/classical/vivaldi_four_seasons/autumn/vivaldi_four_seasons_autumn_m3.score.json,,string,Cotton,Bb4,0.78,1,5.024,5,-28.4,-20.5,-46.9,-80.1,1,1,60.000
scores/classical/vivaldi_four_seasons/autumn/vivaldi_four_seasons_autumn_m3.score.json,,string,Cotton,Eb5,0.45,1,6.826,7,-11.4,-1.1,-37.9,-71.2,1,0,10.406
scores/classical/vivaldi_four_seasons/autumn/vivaldi_four_seasons_autumn_m3.score.json,,string,Cotton,E5,0.45,2,7.099,7,-16.2,-6.6,-43.5,-76.7,1,0,79.031 110.531
scores/classical/vivaldi_four_seasons/autumn/vivaldi_four_seasons_autumn_m3.score.json,,string,Cotton,E5,0.475,2,7.023,7,-29.0,-20.4,-56.3,-89.5,1,1,84.375 115.875
scores/classical/vivaldi_four_seasons/autumn/vivaldi_four_seasons_autumn_m3.score.json,,string,Cotton,E5,0.5,2,6.951,7,-22.3,-13.6,-48.9,-82.1,1,1,83.531 115.031
scores/classical/vivaldi_four_seasons/autumn/vivaldi_four_seasons_autumn_m3.score.json,,string,Cotton,E5,0.535,2,6.857,7,-13.1,-3.8,-38.9,-72.1,1,0,79.500 111.000
scores/classical/vivaldi_four_seasons/autumn/vivaldi_four_seasons_autumn_m3.score.json,,string,Cotton,F5,0.51,4,7.201,7,-10.2,1.1,-36.6,-69.9,1,0,15.000 16.500 17.250 159.000
scores/classical/vivaldi_four_seasons/autumn/vivaldi_four_seasons_autumn_m3.score.json,,string,Cotton,Gb5,0.72,2,6.990,7,-36.2,-23.8,-56.6,-89.9,1,1,98.625 100.625
scores/classical/vivaldi_four_seasons/autumn/vivaldi_four_seasons_autumn_m3.score.json,,string,Cotton,Gb5,0.755,1,6.924,7,-18.5,-10.6,-43.0,-76.2,1,1,98.250
scores/classical/vivaldi_four_seasons/autumn/vivaldi_four_seasons_autumn_m3.score.json,,string,Cotton,G5,0.755,2,7.201,7,-10.1,-0.2,-35.3,-68.6,1,0,90.750 122.250
scores/classical/vivaldi_four_seasons/autumn/vivaldi_four_seasons_autumn_m3.score.json,,string,Cotton,G5,0.78,2,7.155,7,-12.4,-3.3,-37.2,-70.4,1,0,60.750 62.250
scores/classical/vivaldi_four_seasons/autumn/vivaldi_four_seasons_autumn_m3.score.json,,string,Cotton,Bb5,0.5,3,8.798,9,-10.1,-0.3,-40.9,-74.1,1,0,15.562 17.812 159.562
scores/classical/vivaldi_four_seasons/autumn/vivaldi_four_seasons_autumn_m3.score.json,,string,Cotton,C6,0.695,1,8.911,9,-17.1,-9.2,-46.7,-80.0,1,0,91.125
scores/classical/vivaldi_four_seasons/autumn/vivaldi_four_seasons_autumn_m3.score.json,,string,Cotton,C6,0.72,10,8.848,9,-12.5,-4.1,-41.7,-75.0,1,0,68.625 70.875 73.125 95.625 98.000 98.875 100.312 141.375 148.688 151.031
scores/classical/vivaldi_four_seasons/spring/vivaldi_four_seasons_spring_m1.score.json,,string,Cotton,F#3,0.445,1,2.998,3,-51.6,-27.7,-49.8,-83.0,1,1,109.826
scores/classical/vivaldi_four_seasons/spring/vivaldi_four_seasons_spring_m1.score.json,,string,Cotton,F#3,0.47,5,2.966,3,-25.4,-13.0,-34.4,-67.7,1,1,78.522 79.043 89.478 150.522 151.043
scores/classical/vivaldi_four_seasons/spring/vivaldi_four_seasons_spring_m1.score.json,,string,Cotton,F#3,0.495,2,2.935,3,-19.9,-7.3,-28.3,-61.5,1,0,136.956 137.478
scores/classical/vivaldi_four_seasons/spring/vivaldi_four_seasons_spring_m1.score.json,,string,Cotton,F#3,0.505,5,2.923,3,-18.4,-5.8,-26.6,-59.8,1,0,78.783 79.304 88.696 137.739 153.391
scores/classical/vivaldi_four_seasons/spring/vivaldi_four_seasons_spring_m1.score.json,,string,Cotton,F#3,0.53,1,2.895,3,-15.7,-2.9,-23.3,-56.5,1,0,137.217
scores/classical/vivaldi_four_seasons/spring/vivaldi_four_seasons_spring_m1.score.json,,string,Cotton,G#3,0.475,28,3.201,3,-10.1,0.8,-23.0,-56.3,1,0,96.261 111.913 111.978 112.043 112.109 112.239 112.304 112.370 112.435 112.500 112.565 112.630 112.761 112.826 112.891 112.956 113.022 113.087 113.152 113.283 113.348 113.413 113.478 113.543 113.609 113.674 113.804 113.870
scores/classical/vivaldi_four_seasons/spring/vivaldi_four_seasons_spring_m1.score.json,,string,Cotton,G#3,0.48,4,3.195,3,-10.4,2.0,-21.5,-54.8,1,0,112.174 112.696 113.217 113.739
scores/classical/vivaldi_four_seasons/spring/vivaldi_four_seasons_spring_m1.score.json,,string,Cotton,G#3,0.495,13,3.175,3,-11.3,2.3,-21.3,-54.5,1,0,108.783 108.848 108.913 108.978 109.109 109.174 109.239 109.304 109.370 109.435 109.500 109.630 109.696
scores/classical/vivaldi_four_seasons/spring/vivaldi_four_seasons_spring_m1.score.json,,string,Cotton,G#3,0.5,1,3.169,3,-11.6,-1.3,-23.9,-57.1,1,0,113.935
scores/classical/vivaldi_four_seasons/spring/vivaldi_four_seasons_spring_m1.score.json,,string,Cotton,G#3,0.505,1,3.162,3,-12.0,1.5,-21.6,-54.9,1,0,120.000
scores/classical/vivaldi_four_seasons/spring/vivaldi_four_seasons_spring_m1.score.json,,string,Cotton,G#3,0.51,4,3.156,3,-12.3,-1.6,-23.7,-56.9,1,0,112.174 112.696 113.217 113.739
scores/classical/vivaldi_four_seasons/spring/vivaldi_four_seasons_spring_m1.score.json,,string,Cotton,G#3,0.525,27,3.138,3,-13.4,-3.4,-25.0,-58.2,1,0,111.913 111.978 112.043 112.109 112.239 112.304 112.370 112.435 112.500 112.565 112.630 112.761 112.826 112.891 112.956 113.022 113.087 113.152 113.283 113.348 113.413 113.478 113.543 113.609 113.674 113.804 113.870
scores/classical/vivaldi_four_seasons/spring/vivaldi_four_seasons_spring_m1.score.json,,string,Cotton,G#3,0.53,2,3.132,3,-13.7,-0.7,-22.8,-56.0,1,0,109.043 109.565
scores/classical/vivaldi_four_seasons/spring/vivaldi_four_seasons_spring_m1.score.json,,string,Cotton,G#3,0.56,4,3.098,3,-16.3,-6.8,-27.1,-60.4,1,0,112.174 112.696 113.217 113.739
scores/classical/vivaldi_four_seasons/spring/vivaldi_four_seasons_spring_m1.score.json,,string,Cotton,A3,0.72,1,3.064,3,-20.0,-11.5,-29.9,-63.2,1,1,96.196
scores/classical/vivaldi_four_seasons/spring/vivaldi_four_seasons_spring_m1.score.json,,string,Cotton,A3,0.745,13,3.043,3,-23.4,-15.0,-32.9,-66.2,1,1,95.217 95.283 95.348 95.413 95.543 95.609 95.674 95.739 95.804 95.870 95.935 96.065 96.130
scores/classical/vivaldi_four_seasons/spring/vivaldi_four_seasons_spring_m1.score.json,,string,Cotton,A3,0.78,2,3.015,3,-32.5,-24.1,-41.4,-74.7,1,1,95.478 96.000
scores/classical/vivaldi_four_seasons/spring/vivaldi_four_seasons_spring_m1.score.json,,string,Cotton,F#4,0.395,3,4.920,5,-18.0,-7.4,-38.8,-72.1,1,0,5.478 11.739 109.826
scores/classical/vivaldi_four_seasons/spring/vivaldi_four_seasons_spring_m1.score.json,,string,Cotton,F#4,0.42,8,4.860,5,-13.2,-2.1,-33.3,-66.5,1,0,88.956 89.478 116.087 118.174 119.217 119.739 137.478 138.522
scores/classical/vivaldi_four_seasons/spring/vivaldi_four_seasons_spring_m1.score.json,,string,Cotton,F#4,0.425,1,4.848,5,-12.5,-2.4,-33.5,-66.7,1,0,109.826
scores/classical/vivaldi_four_seasons/spring/vivaldi_four_seasons_spring_m1.score.json,,string,Cotton,F#4,0.445,5,4.804,5,-10.4,1.6,-29.7,-63.0,1,0,67.565 68.087 68.609 69.130 69.652
scores/classical/vivaldi_four_seasons/spring/vivaldi_four_seasons_spring_m1.score.json,,string,Cotton,G#4,0.445,13,5.196,5,-10.4,1.9,-31.1,-64.4,1,0,108.783 108.848 108.913 108.978 109.109 109.174 109.239 109.304 109.370 109.435 109.500 109.630 109.696
scores/classical/vivaldi_four_seasons/spring/vivaldi_four_seasons_spring_m1.score.json,,string,Cotton,G#4,0.45,8,5.185,5,-10.9,-0.1,-32.5,-65.8,1,0,63.391 64.435 65.478 66.522 72.783 73.826 74.870 109.761
scores/classical/vivaldi_four_seasons/spring/vivaldi_four_seasons_spring_m1.score.json,,string,Cotton,G#4,0.455,10,5.173,5,-11.4,0.4,-31.9,-65.2,1,0,0.000 2.087 4.174 6.261 8.348 10.435 12.522 114.783 116.870 118.956
scores/classical/vivaldi_four_seasons/spring/vivaldi_four_seasons_spring_m1.score.json,,string,Cotton,G#4,0.475,14,5.129,5,-13.9,-4.5,-35.6,-68.8,1,0,75.391 108.783 108.848 108.913 108.978 109.109 109.174 109.239 109.304 109.370 109.435 109.500 109.630 109.696
scores/classical/vivaldi_four_seasons/spring/vivaldi_four_seasons_spring_m1.score.json,,string,Cotton,G#4,0.48,2,5.118,5,-14.7,-3.7,-34.5,-67.8,1,0,109.043 109.565
scores/classical/vivaldi_four_seasons/spring/vivaldi_four_seasons_spring_m1.score.json,,string,Cotton,G#4,0.485,9,5.108,5,-15.5,-5.8,-36.2,-69.5,1,0,63.652 64.696 65.739 66.783 72.000 73.043 74.087 75.130 114.783
scores/classical/vivaldi_four_seasons/spring/vivaldi_four_seasons_spring_m1.score.json,,string,Cotton,G#4,0.5,7,5.077,5,-18.4,-9.5,-39.4,-72.7,1,0,63.913 64.957 66.000 72.261 73.304 74.348 109.761
scores/classical/vivaldi_four_seasons/spring/vivaldi_four_seasons_spring_m1.score.json,,string,Cotton,G#4,0.51,2,5.057,5,-21.0,-11.7,-41.2,-74.4,1,1,109.043 109.565
scores/classical/vivaldi_four_seasons/spring/vivaldi_four_seasons_spring_m1.score.json,,string,Cotton,G#4,0.525,13,5.027,5,-27.3,-18.7,-47.8,-81.0,1,1,108.783 108.848 108.913 108.978 109.109 109.174 109.239 109.304 109.370 109.435 109.500 109.630 109.696
scores/classical/vivaldi_four_seasons/spring/vivaldi_four_seasons_spring_m1.score.json,,string,Cotton,G#4,0.535,7,5.008,5,-37.6,-25.5,-54.4,-87.6,1,1,63.130 64.174 65.217 66.261 72.522 73.565 74.609
scores/classical/vivaldi_four_seasons/spring/vivaldi_four_seasons_spring_m1.score.json,,string,Cotton,G#4,0.56,2,4.963,5,-24.7,-16.0,-44.3,-77.5,1,1,109.043 109.565
scores/classical/vivaldi_four_seasons/spring/vivaldi_four_seasons_spring_m1.score.json,,string,Cotton,A4,0.72,27,4.909,5,-16.9,-8.7,-35.6,-68.9,1,0,63.261 63.522 63.783 64.043 64.304 64.565 64.826 65.087 65.348 65.609 65.870 66.130 66.391 72.130 72.391 72.652 72.913 73.174 73.435 73.696 73.957 74.217 74.478 74.739 75.000 75.261 147.522
scores/classical/vivaldi_four_seasons/spring/vivaldi_four_seasons_spring_m1.score.json,,string,Cotton,D#5,0.425,4,6.904,7,-16.5,-7.1,-43.8,-77.0,1,0,5.478 11.739 82.696 145.304
scores/classical/vivaldi_four_seasons/spring/vivaldi_four_seasons_spring_m1.score.json,,string,Cotton,D#5,0.45,19,6.826,7,-11.4,-1.1,-37.9,-71.2,1,0,18.522 25.826 62.348 67.565 68.609 69.652 70.696 71.087 78.522 83.739 85.826 92.217 93.261 115.565 117.652 138.522 138.913 162.522 169.826
scores/classical/vivaldi_four_seasons/spring/vivaldi_four_seasons_spring_m1.score.json,,string,Cotton,D#5,0.455,5,6.810,7,-10.7,0.8,-36.1,-69.3,1,0,17.739 25.043 61.565 161.739 169.043
scores/classical/vivaldi_four_seasons/spring/vivaldi_four_seasons_spring_m1.score.json,,string,Cotton,E5,0.425,9,7.181,7,-11.1,-0.3,-39.1,-72.3,1,0,19.043 26.348 30.000 35.217 36.261 37.304 55.565 163.043 170.348
scores/classical/vivaldi_four_seasons/spring/vivaldi_four_seasons_spring_m1.score.json,,string,Cotton,E5,0.45,55,7.099,7,-16.2,-6.6,-43.5,-76.7,1,0,4.435 10.696 13.174 15.261 18.000 20.478 22.565 25.304 31.043 51.391 52.435 53.478 54.000 54.522 55.043 57.000 59.087 61.826 62.870 69.783 70.043 70.304 70.565 71.217 77.478 79.565 81.652 84.783 86.870 87.913 92.283 93.326 115.043 117.130 129.652 130.696 131.739 133.304 133.826 135.000 135.261 135.391 135.522 135.783 136.435 136.826 137.870 139.043 145.174 157.174 159.261 162.000 164.478 166.565 169.304
scores/classical/vivaldi_four_seasons/spring/vivaldi_four_seasons_spring_m1.score.json,,string,Cotton,E5,0.475,18,7.023,7,-29.0,-19.9,-55.7,-88.9,1,1,0.261 0.783 2.348 2.870 6.522 7.043 8.609 9.130 19.043 26.348 38.739 135.913 141.130 141.652 143.217 143.739 163.043 170.348
scores/classical/vivaldi_four_seasons/spring/vivaldi_four_seasons_spring_m1.score.json,,string,Cotton,E5,0.485,30,6.993,7,-39.7,-23.1,-58.5,-91.8,1,1,1.043 3.130 5.217 7.304 9.391 11.478 52.174 53.217 53.739 54.261 54.783 55.304 56.348 70.957 76.174 115.826 116.348 117.913 118.435 118.956 119.478 130.435 131.478 133.043 133.565 135.130 135.652 139.826 141.913 144.000
scores/classical/vivaldi_four_seasons/spring/vivaldi_four_seasons_spring_m1.score.json,,string,Cotton,E5,0.5,30,6.951,7,-22.3,-13.6,-48.9,-82.1,1,1,1.174 3.261 7.435 9.522 18.391 25.696 40.957 43.043 62.217 62.870 67.174 67.435 67.696 67.957 68.217 68.478 68.739 69.000 69.261 69.522 71.609 84.261 86.348 92.283 93.326 115.435 117.522 120.261 162.391 169.696
scores/classical/vivaldi_four_seasons/spring/vivaldi_four_seasons_spring_m1.score.json,,string,Cotton,E5,0.51,9,6.923,7,-18.4,-9.2,-44.2,-77.4,1,0,0.522 2.609 6.783 8.870 51.652 116.870 136.174 141.391 143.478
scores/classical/vivaldi_four_seasons/spring/vivaldi_four_seasons_spring_m1.score.json,,string,Cotton,E5,0.525,1,6.883,7,-14.8,-5.8,-40.8,-74.1,1,0,127.565
scores/classical/vivaldi_four_seasons/spring/vivaldi_four_seasons_spring_m1.score.json,,string,Cotton,E5,0.535,21,6.857,7,-13.1,-3.8,-38.9,-72.1,1,0,0.000 6.261 12.522 14.609 16.696 19.826 21.913 24.000 56.348 58.435 60.522 84.000 86.087 88.696 127.826 138.783 158.609 160.696 163.826 165.913 168.000
scores/classical/vivaldi_four_seasons/spring/vivaldi_four_seasons_spring_m1.score.json,,string,Cotton,F5,0.525,1,7.159,7,-12.1,-2.2,-38.9,-72.1,1,0,128.087
scores/classical/vivaldi_four_seasons/spring/vivaldi_four_seasons_spring_m1.score.json,,string,Cotton,F5,0.535,1,7.132,7,-13.7,-4.2,-40.2,-73.4,1,0,128.348
scores/classical/vivaldi_four_seasons/spring/vivaldi_four_seasons_spring_m1.score.json,,string,Cotton,F#5,0.695,2,7.040,7,-24.1,-16.2,-49.6,-82.8,1,1,11.739 82.696
scores/classical/vivaldi_four_seasons/spring/vivaldi_four_seasons_spring_m1.score.json,,string,Cotton,F#5,0.72,26,6.990,7,-36.2,-23.8,-56.6,-89.9,1,1,5.478 18.522 25.826 62.348 67.565 68.609 69.652 70.696 71.087 78.522 83.739 85.826 109.913 110.435 115.565 117.652 138.522 138.913 145.304 146.348 146.739 148.435 148.826 156.261 162.522 169.826
scores/classical/vivaldi_four_seasons/spring/vivaldi_four_seasons_spring_m1.score.json,,string,Cotton,F#5,0.745,1,6.943,7,-20.9,-13.1,-45.5,-78.8,1,1,138.000
scores/classical/vivaldi_four_seasons/spring/vivaldi_four_seasons_spring_m1.score.json,,string,Cotton,F#5,0.755,31,6.924,7,-18.5,-10.6,-43.0,-76.2,1,1,1.043 3.130 7.304 9.391 18.261 25.565 34.435 62.087 67.826 68.870 69.913 71.478 84.522 85.043 86.609 87.130 88.174 92.348 93.391 115.304 117.391 120.000 136.696 149.739 150.261 150.783 151.304 151.826 152.348 162.261 169.565
scores/classical/vivaldi_four_seasons/spring/vivaldi_four_seasons_spring_m1.score.json,,string,Cotton,F#5,0.78,1,6.879,7,-14.5,-6.2,-38.6,-71.8,1,0,138.261
scores/classical/vivaldi_four_seasons/spring/vivaldi_four_seasons_spring_m1.score.json,,string,Cotton,B5,0.5,33,9.151,9,-12.6,-2.5,-44.1,-77.3,1,0,1.304 3.391 4.826 7.565 9.652 11.087 12.783 14.870 20.087 22.174 30.522 31.043 31.565 32.087 32.609 33.130 37.304 38.217 47.217 48.261 49.304 49.826 50.348 50.870 51.391 56.609 58.696 144.783 156.783 157.696 158.870 164.087 166.174
scores/classical/vivaldi_four_seasons/spring/vivaldi_four_seasons_spring_m1.score.json,,string,Cotton,B5,0.525,12,9.062,9,-20.3,-11.3,-51.2,-84.4,1,1,33.652 34.174 34.696 35.217 35.739 36.261 36.783 140.087 140.609 142.174 142.696 144.261
scores/classical/vivaldi_four_seasons/spring/vivaldi_four_seasons_spring_m1.score.json,,string,Cotton,B5,0.535,36,9.028,9,-27.2,-18.6,-57.9,-91.2,1,1,2.087 4.174 8.348 10.435 13.565 14.087 15.652 16.174 17.217 20.870 21.391 22.957 23.478 24.522 48.000 49.043 49.565 50.087 50.609 51.130 57.391 57.913 59.478 60.000 61.043 140.870 142.956 158.087 159.652 160.174 161.217 164.870 165.391 166.956 167.478 168.522
scores/classical/vivaldi_four_seasons/spring/vivaldi_four_seasons_spring_m1.score.json,,string,Cotton,B5,0.56,10,8.946,9,-21.4,-12.8,-51.4,-84.7,1,1,33.913 34.435 34.957 35.478 36.000 36.522 37.043 140.348 142.435 144.522
scores/classical/vivaldi_four_seasons/spring/vivaldi_four_seasons_spring_m1.score.json,,string,Cotton,C6,0.72,6,8.848,9,-12.5,-4.1,-41.7,-75.0,1,0,102.609 103.130 103.652 104.174 113.391 113.913
scores/classical/vivaldi_four_seasons/spring/vivaldi_four_seasons_spring_m1.score.json,,string,Cotton,C#6,0.72,62,9.202,9,-10.1,0.3,-40.0,-73.3,1,0,13.826 15.913 16.957 21.130 23.217 24.261 43.957 45.000 45.522 46.043 46.565 47.087 57.652 59.739 60.783 99.391 99.565 99.739 99.913 100.087 100.261 100.435 100.609 100.783 100.956 101.130 101.304 105.739 106.261 107.739 107.913 108.087 108.261 108.435 108.609 111.304 111.826 112.348 112.870 125.478 129.652 130.174 130.696 131.217 132.261 132.783 133.956 134.217 134.348 134.478 134.739 134.870 152.609 154.174 154.696 155.217 157.826 159.913 160.956 165.130 167.217 168.261
scores/classical/vivaldi_four_seasons/spring/vivaldi_four_seasons_spring_m1.score.json,,string,Cotton,C#6,0.755,12,9.115,9,-14.9,-6.1,-44.2,-77.5,1,0,33.391 33.913 111.130 111.652 112.174 112.696 129.913 130.956 132.000 132.522 134.087 134.609
scores/classical/vivaldi_four_seasons/spring/vivaldi_four_seasons_spring_m1.score.json,,string,Cotton,E6,0.5,12,11.136,11,-13.5,-2.8,-48.4,-81.6,1,0,37.826 47.870 48.913 49.435 49.957 50.478 51.000 52.435 52.957 53.478 54.522 55.043
scores/classical/vivaldi_four_seasons/spring/vivaldi_four_seasons_spring_m1.score.json,,string,Cotton,E6,0.525,4,11.028,11,-27.1,-17.4,-60.7,-94.0,1,1,39.913 40.435 42.000 42.522
scores/classical/vivaldi_four_seasons/spring/vivaldi_four_seasons_spring_m1.score.json,,string,Cotton,E6,0.535,2,10.987,11,-33.6,-19.2,-62.0,-95.3,1,1,40.696 42.783
scores/classical/vivaldi_four_seasons/spring/vivaldi_four_seasons_spring_m1.score.json,,string,Cotton,E6,0.56,4,10.887,11,-15.0,-6.4,-48.6,-81.8,1,0,39.652 40.174 41.739 42.261
scores/classical/vivaldi_four_seasons/spring/vivaldi_four_seasons_spring_m1.score.json,,string,Cotton,F#6,0.72,6,11.199,11,-10.2,1.3,-43.6,-76.8,1,0,99.826 100.348 104.000 104.522 108.174 108.696
scores/classical/vivaldi_four_seasons/spring/vivaldi_four_seasons_spring_m1.score.json,,string,Cotton,F#6,0.755,6,11.093,11,-16.7,-7.6,-49.5,-82.8,1,0,99.652 100.174 103.826 104.348 108.000 108.522
scores/classical/vivaldi_four_seasons/spring/vivaldi_four_seasons_spring_m2.score.json,,string,Cotton,F#4,0.395,3,4.920,5,-18.0,-7.4,-38.8,-72.1,1,0,87.600 98.400 105.600
scores/classical/vivaldi_four_seasons/spring/vivaldi_four_seasons_spring_m2.score.json,,string,Cotton,F#4,0.41,3,4.883,5,-14.8,-3.9,-35.1,-68.4,1,0,87.000 97.800 105.000
scores/classical/vivaldi_four_seasons/spring/vivaldi_four_seasons_spring_m2.score.json,,string,Cotton,F#4,0.415,40,4.871,5,-13.9,-4.1,-35.2,-68.4,1,0,0.450 1.050 1.650 2.250 3.450 4.050 4.650 5.250 5.850 7.050 7.650 8.250 8.850 9.450 10.050 33.000 50.250 68.250 68.850 69.450 70.050 70.650 71.850 72.450 73.050 73.650 74.250 74.850 105.000 106.200 107.400 108.600 109.800 111.000 119.400 120.600 121.800 123.000 124.200 125.400
scores/classical/vivaldi_four_seasons/spring/vivaldi_four_seasons_spring_m2.score.json,,string,Cotton,G#4,0.45,11,5.185,5,-10.9,-0.1,-32.5,-65.8,1,0,50.400 51.600 52.800 61.200 62.400 63.600 64.800 66.000 67.200 114.000 128.400
scores/classical/vivaldi_four_seasons/spring/vivaldi_four_seasons_spring_m2.score.json,,string,Cotton,G#4,0.465,10,5.151,5,-12.6,-2.9,-34.5,-67.7,1,0,0.600 1.800 4.200 5.400 7.800 9.000 69.000 70.200 72.600 73.800
scores/classical/vivaldi_four_seasons/spring/vivaldi_four_seasons_spring_m2.score.json,,string,Cotton,G#4,0.475,4,5.129,5,-13.9,-4.0,-34.9,-68.2,1,0,111.600 112.800 126.000 127.200
scores/classical/vivaldi_four_seasons/spring/vivaldi_four_seasons_spring_m2.score.json,,string,Cotton,G#4,0.5,15,5.077,5,-18.4,-9.5,-39.4,-72.7,1,0,0.000 1.200 2.400 3.600 4.800 6.000 7.200 8.400 9.600 68.400 69.600 70.800 72.000 73.200 74.400
scores/classical/vivaldi_four_seasons/spring/vivaldi_four_seasons_spring_m2.score.json,,string,Cotton,D#5,0.415,46,6.937,7,-20.1,-10.9,-47.7,-80.9,1,1,13.800 17.400 21.000 22.050 22.650 23.250 23.850 24.450 25.050 29.250 29.850 30.450 31.050 31.650 32.250 48.600 49.800 78.600 79.650 80.250 80.850 81.450 82.050 82.650 83.250 83.850 84.450 85.050 85.650 90.600 91.800 93.000 96.600 100.200 115.650 116.250 116.850 117.450 118.050 118.650 130.050 130.650 131.250 131.850 132.450 133.050
scores/classical/vivaldi_four_seasons/spring/vivaldi_four_seasons_spring_m2.score.json,,string,Cotton,D#5,0.44,2,6.856,7,-13.0,-3.2,-39.9,-73.1,1,0,97.800 99.000
scores/classical/vivaldi_four_seasons/spring/vivaldi_four_seasons_spring_m2.score.json,,string,Cotton,D#5,0.45,5,6.826,7,-11.4,-1.1,-37.9,-71.2,1,0,48.000 49.200 90.000 91.200 92.400
scores/classical/vivaldi_four_seasons/spring/vivaldi_four_seasons_spring_m2.score.json,,string,Cotton,E5,0.45,5,7.099,7,-16.2,-6.6,-43.5,-76.7,1,0,40.800 42.000 100.800 102.000 103.200
scores/classical/vivaldi_four_seasons/spring/vivaldi_four_seasons_spring_m2.score.json,,string,Cotton,E5,0.465,84,7.053,7,-21.7,-13.0,-49.2,-82.4,1,1,11.250 11.850 12.450 13.050 14.250 14.850 15.450 16.050 16.650 17.850 18.450 19.050 19.650 20.250 20.850 22.200 23.400 24.600 29.400 30.600 31.800 32.850 33.450 34.050 34.650 35.250 35.850 36.450 37.050 37.650 38.250 38.850 39.450 51.000 52.200 53.400 54.450 55.050 55.650 56.250 56.850 57.450 58.050 58.650 59.250 59.850 60.450 64.050 76.050 76.650 77.250 77.850 78.450 79.800 81.000 82.200 83.400 84.600 85.800 89.400 93.450 94.050 94.650 95.250 95.850 96.450 108.450 109.050 109.650 110.250 110.850 111.450 115.800 117.000 118.200 122.850 123.450 124.050 124.650 125.250 125.850 130.200 131.400 132.600
scores/classical/vivaldi_four_seasons/spring/vivaldi_four_seasons_spring_m2.score.json,,string,Cotton,E5,0.5,21,6.951,7,-22.3,-13.6,-48.9,-82.1,1,1,21.600 22.800 24.000 28.800 30.000 31.200 50.400 51.600 52.800 79.200 80.400 81.600 82.800 84.000 85.200 115.200 116.400 117.600 129.600 130.800 132.000
scores/classical/vivaldi_four_seasons/spring/vivaldi_four_seasons_spring_m2.score.json,,string,Cotton,F#5,0.685,2,7.060,7,-20.5,-12.5,-46.2,-79.4,1,1,7.800 72.600
scores/classical/vivaldi_four_seasons/spring/vivaldi_four_seasons_spring_m2.score.json,,string,Cotton,F#5,0.72,10,6.990,7,-36.2,-23.8,-56.6,-89.9,1,1,18.000 33.600 43.200 54.000 58.800 91.200 105.600 110.400 120.000 124.800
scores/classical/vivaldi_four_seasons/spring/vivaldi_four_seasons_spring_m2.score.json,,string,Cotton,C6,0.72,4,8.848,9,-12.5,-4.1,-41.7,-75.0,1,0,14.400 93.600 94.800 98.400
scores/classical/vivaldi_four_seasons/spring/vivaldi_four_seasons_spring_m2.score.json,,string,Cotton,C#6,0.72,2,9.202,9,-10.1,0.3,-40.0,-73.3,1,0,52.800 100.800
scores/classical/vivaldi_four_seasons/spring/vivaldi_four_seasons_spring_m3.score.json,,string,Cotton,F#3,0.47,12,2.966,3,-25.4,-13.0,-34.4,-67.7,1,1,38.125 46.875 50.625 63.125 68.125 72.292 73.958 76.458 78.958 83.125 161.875 162.708
scores/classical/vivaldi_four_seasons/spring/vivaldi_four_seasons_spring_m3.score.json,,string,Cotton,F#3,0.505,8,2.923,3,-18.4,-5.8,-26.6,-59.8,1,0,46.250 64.167 69.167 71.250 74.583 77.083 79.583 159.583
scores/classical/vivaldi_four_seasons/spring/vivaldi_four_seasons_spring_m3.score.json,,string,Cotton,G3,0.47,3,3.085,3,-17.6,-5.0,-27.4,-60.6,1,0,154.791 155.312 155.937
scores/classical/vivaldi_four_seasons/spring/vivaldi_four_seasons_spring_m3.score.json,,string,Cotton,G3,0.505,2,3.041,3,-23.9,-11.5,-32.8,-66.1,1,1,162.500 162.916
scores/classical/vivaldi_four_seasons/spring/vivaldi_four_seasons_spring_m3.score.json,,string,Cotton,G#3,0.505,8,3.162,3,-12.0,1.5,-21.6,-54.9,1,0,35.000 45.000 51.250 58.750 63.750 68.750 72.083 91.250
scores/classical/vivaldi_four_seasons/spring/vivaldi_four_seasons_spring_m3.score.json,,string,Cotton,G#3,0.53,3,3.132,3,-13.7,-0.7,-22.8,-56.0,1,0,74.167 76.667 79.167
scores/classical/vivaldi_four_seasons/spring/vivaldi_four_seasons_spring_m3.score.json,,string,Cotton,F#4,0.42,10,4.860,5,-13.2,-2.1,-33.3,-66.5,1,0,14.375 15.937 16.875 18.437 83.125 133.541 141.041 162.291 166.875 174.375
scores/classical/vivaldi_four_seasons/spring/vivaldi_four_seasons_spring_m3.score.json,,string,Cotton,F#4,0.43,2,4.837,5,-11.9,-0.5,-31.7,-64.9,1,0,83.750 176.250
scores/classical/vivaldi_four_seasons/spring/vivaldi_four_seasons_spring_m3.score.json,,string,Cotton,F#4,0.445,16,4.804,5,-10.4,1.6,-29.7,-63.0,1,0,131.458 131.875 132.291 132.708 133.125 136.458 136.875 137.291 137.708 138.125 138.541 138.958 139.375 139.791 140.208 140.625
scores/classical/vivaldi_four_seasons/spring/vivaldi_four_seasons_spring_m3.score.json,,string,Cotton,G4,0.445,1,4.996,5,-44.5,-25.0,-55.4,-88.7,1,1,163.541
scores/classical/vivaldi_four_seasons/spring/vivaldi_four_seasons_spring_m3.score.json,,string,Cotton,G4,0.455,2,4.974,5,-27.8,-17.4,-47.6,-80.8,1,1,163.750 175.000
scores/classical/vivaldi_four_seasons/spring/vivaldi_four_seasons_spring_m3.score.json,,string,Cotton,G#4,0.455,8,5.173,5,-11.4,0.4,-31.9,-65.2,1,0,52.500 60.000 63.750 65.000 68.750 70.000 82.500 213.750
scores/classical/vivaldi_four_seasons/spring/vivaldi_four_seasons_spring_m3.score.json,,string,Cotton,G#4,0.485,2,5.108,5,-15.5,-5.8,-36.2,-69.5,1,0,76.667 79.167
scores/classical/vivaldi_four_seasons/spring/vivaldi_four_seasons_spring_m3.score.json,,string,Cotton,G#4,0.5,1,5.077,5,-18.4,-9.5,-39.4,-72.7,1,0,92.292
scores/classical/vivaldi_four_seasons/spring/vivaldi_four_seasons_spring_m3.score.json,,string,Cotton,G#4,0.535,1,5.008,5,-37.6,-25.5,-54.4,-87.6,1,1,91.667
scores/classical/vivaldi_four_seasons/spring/vivaldi_four_seasons_spring_m3.score.json,,string,Cotton,A4,0.72,3,4.909,5,-16.9,-8.7,-35.6,-68.9,1,0,90.521 92.708 192.604
scores/classical/vivaldi_four_seasons/spring/vivaldi_four_seasons_spring_m3.score.json,,string,Cotton,A4,0.755,2,4.862,5,-13.4,-4.7,-31.5,-64.8,1,0,93.750 95.000
scores/classical/vivaldi_four_seasons/spring/vivaldi_four_seasons_spring_m3.score.json,,string,Cotton,D#5,0.45,19,6.826,7,-11.4,-1.1,-37.9,-71.2,1,0,6.875 23.542 52.812 54.792 55.312 57.292 57.812 58.437 61.875 66.875 81.875 128.541 136.041 150.625 153.125 166.875 207.291 213.125 219.375
scores/classical/vivaldi_four_seasons/spring/vivaldi_four_seasons_spring_m3.score.json,,string,Cotton,D#5,0.46,5,6.796,7,-10.0,0.7,-36.3,-69.6,1,0,13.750 83.750 141.250 142.500 176.250
scores/classical/vivaldi_four_seasons/spring/vivaldi_four_seasons_spring_m3.score.json,,string,Cotton,E5,0.45,32,7.099,7,-16.2,-6.6,-43.5,-76.7,1,0,0.625 3.125 8.125 10.625 13.542 20.312 20.937 22.812 23.437 54.375 56.875 58.125 77.292 79.792 81.458 126.041 133.541 144.375 146.875 151.875 154.062 154.791 168.541 170.625 171.458 196.875 199.375 202.291 204.062 204.687 206.562 207.187
scores/classical/vivaldi_four_seasons/spring/vivaldi_four_seasons_spring_m3.score.json,,string,Cotton,E5,0.46,2,7.068,7,-19.5,-10.1,-46.5,-79.7,1,1,28.750 220.000
scores/classical/vivaldi_four_seasons/spring/vivaldi_four_seasons_spring_m3.score.json,,string,Cotton,E5,0.475,18,7.023,7,-29.0,-19.9,-55.7,-88.9,1,1,6.042 123.958 124.375 124.791 125.208 125.625 128.958 129.375 129.791 130.208 130.625 131.041 131.458 131.875 132.291 132.708 133.125 149.791
scores/classical/vivaldi_four_seasons/spring/vivaldi_four_seasons_spring_m3.score.json,,string,Cotton,E5,0.485,40,6.993,7,-39.7,-23.1,-58.5,-91.8,1,1,0.000 2.500 5.000 6.250 7.500 10.000 12.500 23.750 24.167 26.250 26.667 60.000 65.000 70.000 73.750 76.250 78.750 82.083 143.750 146.250 148.750 150.000 151.250 152.500 166.250 167.500 169.583 172.500 175.000 196.250 198.750 201.250 207.500 210.000 210.416 212.500 213.750 216.250 216.666 218.750
scores/classical/vivaldi_four_seasons/spring/vivaldi_four_seasons_spring_m3.score.json,,string,Cotton,E5,0.5,16,6.951,7,-22.3,-13.6,-48.9,-82.1,1,1,19.687 21.562 22.187 53.125 55.625 88.958 94.375 96.458 99.375 101.875 155.625 156.875 202.812 203.437 205.312 205.937
scores/classical/vivaldi_four_seasons/spring/vivaldi_four_seasons_spring_m3.score.json,,string,Cotton,E5,0.51,30,6.923,7,-18.4,-9.2,-44.2,-77.4,1,0,0.417 2.917 7.917 10.417 57.917 90.000 123.750 124.166 124.583 125.000 125.416 125.833 128.750 129.166 129.583 130.000 130.416 130.833 131.250 131.666 132.083 132.500 132.916 133.333 144.166 146.666 151.666 196.666 199.166 220.000
scores/classical/vivaldi_four_seasons/spring/vivaldi_four_seasons_spring_m3.score.json,,string,Cotton,E5,0.525,1,6.883,7,-14.8,-5.8,-40.8,-74.1,1,0,58.542
scores/classical/vivaldi_four_seasons/spring/vivaldi_four_seasons_spring_m3.score.json,,string,Cotton,E5,0.535,22,6.857,7,-13.1,-3.8,-38.9,-72.1,1,0,52.500 55.000 57.500 58.750 62.500 67.500 76.667 79.167 89.583 93.750 97.083 97.500 105.000 156.250 157.500 163.750 167.916 170.000 172.916 212.916 213.750 219.166
scores/classical/vivaldi_four_seasons/spring/vivaldi_four_seasons_spring_m3.score.json,,string,Cotton,F5,0.535,1,7.132,7,-13.7,-4.2,-40.2,-73.4,1,0,165.000
scores/classical/vivaldi_four_seasons/spring/vivaldi_four_seasons_spring_m3.score.json,,string,Cotton,F#5,0.72,63,6.990,7,-36.2,-23.8,-56.6,-89.9,1,1,6.875 14.792 23.542 35.312 51.042 52.812 54.792 55.312 57.292 57.812 58.437 63.125 68.125 73.542 76.458 78.958 84.375 84.792 85.625 86.042 86.458 87.292 88.125 89.792 93.958 95.625 97.292 104.375 105.208 111.875 112.708 116.875 117.708 121.458 122.708 126.875 128.125 134.375 135.625 136.875 138.125 139.375 140.625 141.041 150.625 153.125 154.375 156.562 157.291 167.708 170.208 172.708 178.125 180.625 193.958 194.791 195.208 195.625 207.291 212.812 213.125 219.062 219.375
scores/classical/vivaldi_four_seasons/spring/vivaldi_four_seasons_spring_m3.score.json,,string,Cotton,F#5,0.745,8,6.943,7,-20.9,-13.1,-45.5,-78.8,1,1,19.792 21.042 22.292 53.542 56.042 203.541 204.791 206.041
scores/classical/vivaldi_four_seasons/spring/vivaldi_four_seasons_spring_m3.score.json,,string,Cotton,F#5,0.755,45,6.924,7,-18.5,-10.6,-43.0,-76.2,1,1,13.750 16.667 20.000 21.250 22.500 29.167 29.583 31.667 34.167 37.917 53.750 56.250 61.250 66.250 72.500 89.167 93.333 94.583 95.000 96.667 100.000 102.500 118.333 126.250 127.500 135.000 136.250 137.500 138.750 140.000 141.666 142.083 153.750 155.000 161.250 168.750 189.166 189.583 191.666 192.083 193.750 202.500 203.750 205.000 206.250
scores/classical/vivaldi_four_seasons/spring/vivaldi_four_seasons_spring_m3.score.json,,string,Cotton,F#5,0.78,9,6.879,7,-14.5,-6.2,-38.6,-71.8,1,0,126.666 127.916 134.166 135.416 136.666 137.916 139.166 140.416 154.166
scores/classical/vivaldi_four_seasons/spring/vivaldi_four_seasons_spring_m3.score.json,,string,Cotton,G5,0.755,12,7.201,7,-10.1,-0.2,-35.3,-68.6,1,0,93.750 151.250 152.500 162.500 167.500 170.416 172.500 178.333 180.833 183.333 194.166 195.000
scores/classical/vivaldi_four_seasons/spring/vivaldi_four_seasons_spring_m3.score.json,,string,Cotton,G5,0.78,1,7.155,7,-12.4,-3.3,-37.2,-70.4,1,0,151.666
scores/classical/vivaldi_four_seasons/spring/vivaldi_four_seasons_spring_m3.score.json,,string,Cotton,A#5,0.45,1,8.986,9,-32.9,-20.1,-60.6,-93.9,1,1,80.625
scores/classical/vivaldi_four_seasons/spring/vivaldi_four_seasons_spring_m3.score.json,,string,Cotton,A#5,0.485,1,8.852,9,-12.7,-3.2,-43.3,-76.5,1,0,80.000
scores/classical/vivaldi_four_seasons/spring/vivaldi_four_seasons_spring_m3.score.json,,string,Cotton,A#5,0.5,4,8.798,9,-10.1,-0.3,-40.9,-74.1,1,0,81.042 83.125 133.541 141.041
scores/classical/vivaldi_four_seasons/spring/vivaldi_four_seasons_spring_m3.score.json,,string,Cotton,B5,0.5,21,9.151,9,-12.6,-2.5,-44.1,-77.3,1,0,1.875 4.375 5.625 9.375 11.875 13.125 14.375 15.625 70.625 80.208 121.041 138.541 145.625 148.125 149.375 168.125 169.375 174.375 198.125 200.625 201.875
scores/classical/vivaldi_four_seasons/spring/vivaldi_four_seasons_spring_m3.score.json,,string,Cotton,B5,0.51,4,9.114,9,-15.0,-5.4,-46.2,-79.4,1,0,17.500 18.750 83.750 141.250
scores/classical/vivaldi_four_seasons/spring/vivaldi_four_seasons_spring_m3.score.json,,string,Cotton,B5,0.525,13,9.062,9,-20.3,-11.3,-51.2,-84.4,1,1,118.958 119.375 119.791 120.208 120.625 135.208 135.625 136.041 136.458 136.875 137.291 137.708 138.125
scores/classical/vivaldi_four_seasons/spring/vivaldi_four_seasons_spring_m3.score.json,,string,Cotton,B5,0.535,13,9.028,9,-27.2,-18.6,-57.9,-91.2,1,1,25.000 27.500 75.000 77.500 80.833 81.250 106.250 108.750 113.750 208.750 211.250 215.000 217.500
scores/classical/vivaldi_four_seasons/spring/vivaldi_four_seasons_spring_m3.score.json,,string,Cotton,B5,0.56,20,8.946,9,-21.4,-12.8,-51.4,-84.7,1,1,5.417 12.917 70.417 118.750 119.166 119.583 120.000 120.416 120.833 135.000 135.416 135.833 136.250 136.666 137.083 137.500 137.916 138.333 149.166 201.666
scores/classical/vivaldi_four_seasons/spring/vivaldi_four_seasons_spring_m3.score.json,,string,Cotton,C6,0.72,6,8.848,9,-12.5,-4.1,-41.7,-75.0,1,0,40.208 47.604 48.854 52.292 173.125 186.041
scores/classical/vivaldi_four_seasons/spring/vivaldi_four_seasons_spring_m3.score.json,,string,Cotton,C#6,0.72,34,9.202,9,-10.1,0.3,-40.0,-73.3,1,0,24.375 26.875 30.208 31.042 32.708 33.542 36.875 38.542 40.104 44.792 45.312 46.458 46.875 47.708 48.958 50.208 80.625 84.062 85.312 106.875 109.375 110.625 114.375 115.625 119.479 120.729 124.791 126.041 129.479 130.729 208.125 210.625 214.375 216.875
scores/classical/vivaldi_four_seasons/spring/vivaldi_four_seasons_spring_m3.score.json,,string,Cotton,C#6,0.755,14,9.115,9,-14.9,-6.1,-44.2,-77.5,1,0,35.833 36.250 37.500 39.583 43.750 44.167 45.833 51.667 52.500 80.000 122.083 123.333 132.083 133.333
scores/classical/vivaldi_four_seasons/spring/vivaldi_four_seasons_spring_m3.score.json,,string,Cotton,F#6,0.72,5,11.199,11,-10.2,1.3,-43.6,-76.8,1,0,38.958 40.625 41.562 42.708 43.125
scores/classical/vivaldi_four_seasons/spring/vivaldi_four_seasons_spring_m3.score.json,,string,Cotton,F#6,0.755,1,11.093,11,-16.7,-7.6,-49.5,-82.8,1,0,42.083
scores/classical/vivaldi_four_seasons/summer/vivaldi_four_seasons_summer_m1.score.json,,string,Cotton,F3,0.47,6,2.852,3,-12.7,0.6,-21.0,-54.2,1,0,117.900 207.600 245.000 246.200 247.400 248.600
scores/classical/vivaldi_four_seasons/summer/vivaldi_four_seasons_summer_m1.score.json,,string,Cotton,F3,0.48,3,2.840,3,-12.1,1.5,-20.1,-53.3,1,0,75.200 76.800 91.200
scores/classical/vivaldi_four_seasons/summer/vivaldi_four_seasons_summer_m1.score.json,,string,Cotton,F3,0.505,1,2.811,3,-10.7,3.4,-18.0,-51.3,1,0,184.800
scores/classical/vivaldi_four_seasons/summer/vivaldi_four_seasons_summer_m1.score.json,,string,Cotton,F#3,0.42,1,3.033,3,-25.7,-14.8,-36.9,-70.2,1,1,18.000
scores/classical/vivaldi_four_seasons/summer/vivaldi_four_seasons_summer_m1.score.json,,string,Cotton,F#3,0.43,1,3.019,3,-30.5,-19.7,-41.5,-74.7,1,1,34.400
scores/classical/vivaldi_four_seasons/summer/vivaldi_four_seasons_summer_m1.score.json,,string,Cotton,F#3,0.445,1,2.998,3,-51.6,-29.2,-50.6,-83.8,1,1,34.000
scores/classical/vivaldi_four_seasons/summer/vivaldi_four_seasons_summer_m1.score.json,,string,Cotton,F#3,0.455,2,2.985,3,-32.6,-21.7,-42.8,-76.1,1,1,100.000 101.600
scores/classical/vivaldi_four_seasons/summer/vivaldi_four_seasons_summer_m1.score.json,,string,Cotton,F#3,0.47,4,2.966,3,-25.4,-13.0,-34.4,-67.7,1,1,17.200 44.400 183.600 224.400
scores/classical/vivaldi_four_seasons/summer/vivaldi_four_seasons_summer_m1.score.json,,string,Cotton,F#3,0.48,6,2.953,3,-22.7,-10.3,-31.5,-64.7,1,1,46.400 48.000 62.400 64.000 78.400 80.000
scores/classical/vivaldi_four_seasons/summer/vivaldi_four_seasons_summer_m1.score.json,,string,Cotton,F#3,0.505,4,2.923,3,-18.4,-5.8,-26.6,-59.8,1,0,20.800 49.600 50.400 92.800
scores/classical/vivaldi_four_seasons/summer/vivaldi_four_seasons_summer_m1.score.json,,string,Cotton,G3,0.42,3,3.155,3,-12.4,-0.6,-24.4,-57.6,1,0,242.200 246.000 248.400
scores/classical/vivaldi_four_seasons/summer/vivaldi_four_seasons_summer_m1.score.json,,string,Cotton,G3,0.43,1,3.140,3,-13.2,-1.6,-25.0,-58.2,1,0,249.600
scores/classical/vivaldi_four_seasons/summer/vivaldi_four_seasons_summer_m1.score.json,,string,Cotton,G3,0.445,4,3.118,3,-14.7,-3.3,-26.0,-59.2,1,0,241.200 241.400 241.800 242.000
scores/classical/vivaldi_four_seasons/summer/vivaldi_four_seasons_summer_m1.score.json,,string,Cotton,G3,0.45,2,3.111,3,-15.2,-5.0,-27.4,-60.6,1,0,246.000 248.400
scores/classical/vivaldi_four_seasons/summer/vivaldi_four_seasons_summer_m1.score.json,,string,Cotton,G3,0.455,2,3.105,3,-15.7,-4.5,-26.7,-60.0,1,0,17.600 247.200
scores/classical/vivaldi_four_seasons/summer/vivaldi_four_seasons_summer_m1.score.json,,string,Cotton,G3,0.46,1,3.098,3,-16.3,-6.3,-28.2,-61.5,1,0,249.600
scores/classical/vivaldi_four_seasons/summer/vivaldi_four_seasons_summer_m1.score.json,,string,Cotton,G3,0.47,37,3.085,3,-17.6,-5.0,-27.4,-60.6,1,0,0.400 17.000 20.400 24.400 26.800 36.600 38.200 39.800 41.400 43.000 50.800 52.600 54.200 56.400 65.400 67.000 81.400 83.000 94.600 95.000 96.200 96.600 103.600 106.000 108.400 116.700 175.600 222.000 225.200 227.000 227.800 236.600 240.200 244.900 246.100 247.300 248.500
scores/classical/vivaldi_four_seasons/summer/vivaldi_four_seasons_summer_m1.score.json,,string,Cotton,G3,0.48,5,3.072,3,-19.0,-6.5,-28.6,-61.8,1,0,68.800 70.400 88.000 89.600 241.600
scores/classical/vivaldi_four_seasons/summer/vivaldi_four_seasons_summer_m1.score.json,,string,Cotton,G3,0.485,1,3.065,3,-19.8,-10.0,-31.1,-64.3,1,1,247.200
scores/classical/vivaldi_four_seasons/summer/vivaldi_four_seasons_summer_m1.score.json,,string,Cotton,G3,0.495,6,3.053,3,-21.6,-9.2,-30.8,-64.1,1,0,93.800 94.000 94.200 95.400 95.600 95.800
scores/classical/vivaldi_four_seasons/summer/vivaldi_four_seasons_summer_m1.score.json,,string,Cotton,G3,0.5,2,3.047,3,-22.7,-13.5,-34.2,-67.4,1,1,246.000 248.400
scores/classical/vivaldi_four_seasons/summer/vivaldi_four_seasons_summer_m1.score.json,,string,Cotton,G3,0.505,8,3.041,3,-23.9,-11.5,-32.8,-66.1,1,1,30.400 32.800 44.000 44.800 55.200 176.800 182.400 206.400
scores/classical/vivaldi_four_seasons/summer/vivaldi_four_seasons_summer_m1.score.json,,string,Cotton,G3,0.51,1,3.035,3,-25.3,-16.1,-36.5,-69.8,1,1,249.600
scores/classical/vivaldi_four_seasons/summer/vivaldi_four_seasons_summer_m1.score.json,,string,Cotton,G3,0.53,2,3.011,3,-35.0,-22.7,-43.3,-76.6,1,1,94.400 96.000
scores/classical/vivaldi_four_seasons/summer/vivaldi_four_seasons_summer_m1.score.json,,string,Cotton,G3,0.535,1,3.006,3,-41.0,-29.3,-49.0,-82.3,1,1,247.200
scores/classical/vivaldi_four_seasons/summer/vivaldi_four_seasons_summer_m1.score.json,,string,Cotton,G3,0.72,2,2.832,3,-11.7,-2.0,-20.1,-53.3,1,0,246.000 248.400
scores/classical/vivaldi_four_seasons/summer/vivaldi_four_seasons_summer_m1.score.json,,string,Cotton,G3,0.73,1,2.825,3,-11.3,-1.4,-19.5,-52.8,1,0,249.600
scores/classical/vivaldi_four_seasons/summer/vivaldi_four_seasons_summer_m1.score.json,,string,Cotton,G3,0.755,1,2.806,3,-10.4,-0.2,-18.2,-51.5,1,0,247.200
scores/classical/vivaldi_four_seasons/summer/vivaldi_four_seasons_summer_m1.score.json,,string,Cotton,Ab3,0.505,1,3.162,3,-12.0,1.5,-21.6,-54.9,1,0,204.000
scores/classical/vivaldi_four_seasons/summer/vivaldi_four_seasons_summer_m1.score.json,,string,Cotton,A3,0.72,4,3.064,3,-20.0,-11.5,-29.9,-63.2,1,1,245.900 247.100 248.300 249.500
scores/classical/vivaldi_four_seasons/summer/vivaldi_four_seasons_summer_m1.score.json,,string,Cotton,Bb3,0.72,6,3.187,3,-10.8,-0.9,-21.5,-54.7,1,0,245.800 246.800 247.000 248.200 249.200 249.400
scores/classical/vivaldi_four_seasons/summer/vivaldi_four_seasons_summer_m1.score.json,,string,Cotton,Bb3,0.755,2,3.156,3,-12.3,-2.9,-22.4,-55.6,1,0,245.600 248.000
scores/classical/vivaldi_four_seasons/summer/vivaldi_four_seasons_summer_m1.score.json,,string,Cotton,F#4,0.395,4,4.920,5,-18.0,-7.4,-38.8,-72.1,1,0,2.000 6.000 28.400 110.000
scores/classical/vivaldi_four_seasons/summer/vivaldi_four_seasons_summer_m1.score.json,,string,Cotton,F#4,0.42,4,4.860,5,-13.2,-2.1,-33.3,-66.5,1,0,15.600 229.000 231.400 233.800
scores/classical/vivaldi_four_seasons/summer/vivaldi_four_seasons_summer_m1.score.json,,string,Cotton,F#4,0.425,2,4.848,5,-12.5,-2.4,-33.5,-66.7,1,0,2.000 105.200
scores/classical/vivaldi_four_seasons/summer/vivaldi_four_seasons_summer_m1.score.json,,string,Cotton,F#4,0.43,2,4.837,5,-11.9,-0.5,-31.7,-64.9,1,0,3.200 7.200
scores/classical/vivaldi_four_seasons/summer/vivaldi_four_seasons_summer_m1.score.json,,string,Cotton,F#4,0.445,10,4.804,5,-10.4,1.6,-29.7,-63.0,1,0,2.800 228.200 228.400 228.600 230.600 230.800 231.000 233.000 233.200 233.400
scores/classical/vivaldi_four_seasons/summer/vivaldi_four_seasons_summer_m1.score.json,,string,Cotton,G4,0.395,1,5.117,5,-14.8,-3.8,-36.3,-69.6,1,0,8.400
scores/classical/vivaldi_four_seasons/summer/vivaldi_four_seasons_summer_m1.score.json,,string,Cotton,G4,0.42,15,5.054,5,-21.4,-10.9,-42.2,-75.4,1,1,10.800 21.200 94.800 96.400 135.400 137.800 140.200 230.200 232.200 235.000 243.400 244.900 246.100 247.300 248.500
scores/classical/vivaldi_four_seasons/summer/vivaldi_four_seasons_summer_m1.score.json,,string,Cotton,G4,0.43,2,5.031,5,-26.4,-16.0,-46.9,-80.1,1,1,9.600 127.200
scores/classical/vivaldi_four_seasons/summer/vivaldi_four_seasons_summer_m1.score.json,,string,Cotton,G4,0.445,24,4.996,5,-44.5,-25.0,-55.4,-88.7,1,1,126.000 126.200 126.600 126.800 127.000 134.600 134.800 135.000 137.000 137.200 137.400 139.400 139.600 139.800 229.200 229.400 229.800 230.000 231.600 231.800 234.000 234.200 234.600 234.800
scores/classical/vivaldi_four_seasons/summer/vivaldi_four_seasons_summer_m1.score.json,,string,Cotton,G4,0.45,27,4.985,5,-32.6,-23.4,-53.5,-86.8,1,1,4.200 9.200 98.000 99.600 151.100 152.100 178.200 179.600 229.200 229.400 229.800 230.000 230.200 234.000 234.200 234.600 234.800 235.000 238.200 240.100 242.600 242.900 243.100 244.900 246.100 247.300 248.500
scores/classical/vivaldi_four_seasons/summer/vivaldi_four_seasons_summer_m1.score.json,,string,Cotton,G4,0.475,1,4.931,5,-19.4,-10.0,-39.7,-72.9,1,1,238.100
scores/classical/vivaldi_four_seasons/summer/vivaldi_four_seasons_summer_m1.score.json,,string,Cotton,G4,0.48,11,4.921,5,-18.2,-7.6,-37.3,-70.5,1,0,126.400 134.400 135.200 136.800 137.600 139.200 140.000 229.600 232.000 234.400 243.200
scores/classical/vivaldi_four_seasons/summer/vivaldi_four_seasons_summer_m1.score.json,,string,Cotton,G4,0.485,11,4.911,5,-17.1,-7.6,-37.1,-70.4,1,0,1.600 6.400 30.400 95.200 104.800 176.800 229.600 234.400 239.200 242.400 244.000
scores/classical/vivaldi_four_seasons/summer/vivaldi_four_seasons_summer_m1.score.json,,string,Cotton,G4,0.5,10,4.881,5,-14.6,-5.4,-34.9,-68.1,1,0,34.200 151.300 151.700 238.600 239.000 243.400 244.900 246.100 247.300 248.500
scores/classical/vivaldi_four_seasons/summer/vivaldi_four_seasons_summer_m1.score.json,,string,Cotton,G4,0.51,2,4.862,5,-13.3,-3.9,-33.4,-66.6,1,0,35.200 240.000
scores/classical/vivaldi_four_seasons/summer/vivaldi_four_seasons_summer_m1.score.json,,string,Cotton,G4,0.525,1,4.834,5,-11.8,-1.9,-31.4,-64.7,1,0,238.500
scores/classical/vivaldi_four_seasons/summer/vivaldi_four_seasons_summer_m1.score.json,,string,Cotton,G4,0.535,3,4.815,5,-10.9,-0.7,-30.3,-63.6,1,0,32.800 243.200 244.000
scores/classical/vivaldi_four_seasons/summer/vivaldi_four_seasons_summer_m1.score.json,,string,Cotton,Ab4,0.5,1,5.077,5,-18.4,-9.5,-39.4,-72.7,1,0,31.600
scores/classical/vivaldi_four_seasons/summer/vivaldi_four_seasons_summer_m1.score.json,,string,Cotton,A4,0.695,2,4.943,5,-21.0,-13.0,-40.2,-73.4,1,1,2.000 105.200
scores/classical/vivaldi_four_seasons/summer/vivaldi_four_seasons_summer_m1.score.json,,string,Cotton,A4,0.72,28,4.909,5,-16.9,-8.7,-35.6,-68.9,1,0,6.800 33.000 44.400 45.200 51.800 91.600 93.200 122.100 123.300 124.500 151.800 152.300 189.200 230.600 230.800 231.000 231.400 235.400 235.600 235.800 236.200 239.100 242.800 243.000 243.300 243.500 244.100 244.700
scores/classical/vivaldi_four_seasons/summer/vivaldi_four_seasons_summer_m1.score.json,,string,Cotton,A4,0.73,1,4.895,5,-15.7,-7.4,-34.3,-67.5,1,0,34.400
scores/classical/vivaldi_four_seasons/summer/vivaldi_four_seasons_summer_m1.score.json,,string,Cotton,A4,0.745,1,4.875,5,-14.2,-5.7,-32.5,-65.8,1,0,238.300
scores/classical/vivaldi_four_seasons/summer/vivaldi_four_seasons_summer_m1.score.json,,string,Cotton,A4,0.755,20,4.862,5,-13.4,-4.7,-31.5,-64.8,1,0,4.000 45.600 47.200 48.800 50.400 51.200 85.600 96.800 98.400 100.000 101.600 151.200 152.000 187.200 199.200 230.400 231.200 235.200 236.000 238.400
scores/classical/vivaldi_four_seasons/summer/vivaldi_four_seasons_summer_m1.score.json,,string,Cotton,Bb4,0.695,1,5.141,5,-13.1,-4.4,-33.0,-66.3,1,0,33.200
scores/classical/vivaldi_four_seasons/summer/vivaldi_four_seasons_summer_m1.score.json,,string,Cotton,Bb4,0.72,40,5.105,5,-15.7,-7.3,-35.1,-68.4,1,0,4.200 9.200 31.800 37.200 38.800 40.400 42.000 43.600 44.200 44.600 45.000 50.800 51.600 56.600 88.400 90.000 122.200 123.400 124.600 186.800 187.600 199.000 200.400 229.200 229.400 229.800 230.000 230.200 234.000 234.200 234.600 234.800 235.000 238.200 240.100 242.600 242.900 243.100 244.200 244.600
scores/classical/vivaldi_four_seasons/summer/vivaldi_four_seasons_summer_m1.score.json,,string,Cotton,Bb4,0.745,1,5.071,5,-19.1,-11.0,-38.2,-71.4,1,1,238.100
scores/classical/vivaldi_four_seasons/summer/vivaldi_four_seasons_summer_m1.score.json,,string,Cotton,Bb4,0.755,16,5.057,5,-21.0,-13.0,-39.8,-73.1,1,1,1.600 6.400 30.400 52.000 53.600 55.200 56.000 82.400 93.600 95.200 104.800 229.600 234.400 239.200 242.400 244.800
scores/classical/vivaldi_four_seasons/summer/vivaldi_four_seasons_summer_m1.score.json,,string,Cotton,Bb4,0.78,1,5.024,5,-28.4,-20.5,-46.9,-80.1,1,1,240.000
scores/classical/vivaldi_four_seasons/summer/vivaldi_four_seasons_summer_m1.score.json,,string,Cotton,Eb5,0.425,2,6.904,7,-16.5,-7.1,-43.8,-77.0,1,0,26.000 107.600
scores/classical/vivaldi_four_seasons/summer/vivaldi_four_seasons_summer_m1.score.json,,string,Cotton,Eb5,0.45,4,6.826,7,-11.4,-1.1,-37.9,-71.2,1,0,14.000 237.200 240.600 241.000
scores/classical/vivaldi_four_seasons/summer/vivaldi_four_seasons_summer_m1.score.json,,string,Cotton,E5,0.45,27,7.099,7,-16.2,-6.6,-43.5,-76.7,1,0,144.400 145.200 146.000 146.700 147.100 147.500 147.900 148.300 148.700 149.700 150.200 150.600 152.900 163.400 163.600 163.800 164.200 165.700 165.900 166.100 166.300 166.500 166.700 168.200 168.400 168.600 169.000
scores/classical/vivaldi_four_seasons/summer/vivaldi_four_seasons_summer_m1.score.json,,string,Cotton,E5,0.485,8,6.993,7,-39.7,-23.1,-58.5,-91.8,1,1,144.000 144.800 145.600 163.200 164.000 168.000 168.800 174.400
scores/classical/vivaldi_four_seasons/summer/vivaldi_four_seasons_summer_m1.score.json,,string,Cotton,E5,0.5,26,6.951,7,-22.3,-13.6,-48.9,-82.1,1,1,149.900 150.800 152.500 163.300 163.500 163.700 163.900 164.100 164.300 168.100 168.300 168.500 168.700 168.900 169.100 170.600 170.800 171.000 171.400 171.600 171.800 172.200 172.400 172.600 178.200 179.600
scores/classical/vivaldi_four_seasons/summer/vivaldi_four_seasons_summer_m1.score.json,,string,Cotton,E5,0.51,1,6.923,7,-18.4,-9.7,-44.8,-78.0,1,0,173.600
scores/classical/vivaldi_four_seasons/summer/vivaldi_four_seasons_summer_m1.score.json,,string,Cotton,E5,0.535,4,6.857,7,-13.1,-3.8,-38.9,-72.1,1,0,150.400 170.400 171.200 172.000
scores/classical/vivaldi_four_seasons/summer/vivaldi_four_seasons_summer_m1.score.json,,string,Cotton,F5,0.51,1,7.201,7,-10.2,0.5,-37.2,-70.5,1,0,178.400
scores/classical/vivaldi_four_seasons/summer/vivaldi_four_seasons_summer_m1.score.json,,string,Cotton,F5,0.525,1,7.159,7,-12.1,-2.2,-38.9,-72.1,1,0,237.300
scores/classical/vivaldi_four_seasons/summer/vivaldi_four_seasons_summer_m1.score.json,,string,Cotton,F5,0.535,6,7.132,7,-13.7,-4.2,-40.2,-73.4,1,0,146.400 147.200 148.000 148.800 152.800 169.600
scores/classical/vivaldi_four_seasons/summer/vivaldi_four_seasons_summer_m1.score.json,,string,Cotton,F#5,0.72,14,6.990,7,-36.2,-23.8,-56.6,-89.9,1,1,19.600 62.800 64.400 101.000 101.400 102.600 103.000 190.200 191.800 210.000 215.600 225.100 226.000 239.600
scores/classical/vivaldi_four_seasons/summer/vivaldi_four_seasons_summer_m1.score.json,,string,Cotton,F#5,0.745,6,6.943,7,-20.9,-13.1,-45.5,-78.8,1,1,100.200 100.400 100.600 101.800 102.000 102.200
scores/classical/vivaldi_four_seasons/summer/vivaldi_four_seasons_summer_m1.score.json,,string,Cotton,F#5,0.755,7,6.924,7,-18.5,-10.6,-43.0,-76.2,1,1,14.400 28.000 79.200 109.600 191.200 196.000 220.800
scores/classical/vivaldi_four_seasons/summer/vivaldi_four_seasons_summer_m1.score.json,,string,Cotton,F#5,0.78,2,6.879,7,-14.5,-6.2,-38.6,-71.8,1,0,100.800 102.400
scores/classical/vivaldi_four_seasons/summer/vivaldi_four_seasons_summer_m1.score.json,,string,Cotton,G5,0.755,12,7.201,7,-10.1,-0.2,-35.3,-68.6,1,0,19.200 103.200 144.000 144.800 145.600 163.200 164.000 168.000 168.800 174.400 190.400 215.200
scores/classical/vivaldi_four_seasons/summer/vivaldi_four_seasons_summer_m1.score.json,,string,Cotton,G5,0.78,11,7.155,7,-12.4,-3.3,-37.2,-70.4,1,0,36.800 38.400 40.000 41.600 43.200 81.600 83.200 94.400 96.000 97.600 99.200
scores/classical/vivaldi_four_seasons/summer/vivaldi_four_seasons_summer_m1.score.json,,string,Cotton,Bb5,0.45,16,8.986,9,-32.9,-20.1,-60.6,-93.9,1,1,126.267 126.667 127.067 134.667 135.067 135.467 137.067 137.467 137.867 148.900 149.300 158.600 158.800 159.000 159.400 236.400
scores/classical/vivaldi_four_seasons/summer/vivaldi_four_seasons_summer_m1.score.json,,string,Cotton,Bb5,0.46,3,8.946,9,-21.5,-12.4,-52.6,-85.9,1,1,9.600 24.800 106.400
scores/classical/vivaldi_four_seasons/summer/vivaldi_four_seasons_summer_m1.score.json,,string,Cotton,Bb5,0.485,2,8.852,9,-12.7,-3.2,-43.3,-76.5,1,0,158.400 159.200
scores/classical/vivaldi_four_seasons/summer/vivaldi_four_seasons_summer_m1.score.json,,string,Cotton,Bb5,0.5,40,8.798,9,-10.1,-0.3,-40.9,-74.1,1,0,0.400 13.200 24.400 25.800 103.600 106.000 107.400 126.000 126.800 134.800 135.733 136.133 136.533 137.200 138.133 138.533 138.933 139.600 140.400 141.200 141.900 142.300 142.700 143.100 143.500 143.900 149.100 149.500 156.200 156.400 156.600 157.000 161.000 161.200 161.400 161.800 165.800 166.000 166.200 166.600
scores/classical/vivaldi_four_seasons/summer/vivaldi_four_seasons_summer_m1.score.json,,string,Cotton,B5,0.5,1,9.151,9,-12.6,-2.5,-44.1,-77.3,1,0,153.300
scores/classical/vivaldi_four_seasons/summer/vivaldi_four_seasons_summer_m1.score.json,,string,Cotton,C6,0.695,2,8.911,9,-17.1,-9.2,-46.7,-80.0,1,0,26.000 107.600
scores/classical/vivaldi_four_seasons/summer/vivaldi_four_seasons_summer_m1.score.json,,string,Cotton,C6,0.72,51,8.848,9,-12.5,-4.1,-41.7,-75.0,1,0,18.000 24.600 57.800 58.200 59.400 59.800 72.200 72.600 73.800 74.200 75.400 75.800 77.000 77.400 106.200 134.533 134.933 135.333 135.867 136.267 136.667 136.933 137.333 137.733 138.267 138.667 139.067 139.500 139.900 140.300 140.700 141.100 141.500 149.000 149.400 154.800 155.000 155.400 155.600 155.800 159.600 159.800 160.200 160.400 160.600 204.200 205.400 216.600 218.000 219.600 236.600
scores/classical/vivaldi_four_seasons/summer/vivaldi_four_seasons_summer_m1.score.json,,string,Cotton,C6,0.73,1,8.823,9,-11.3,-2.6,-40.3,-73.5,1,0,7.200
scores/classical/vivaldi_four_seasons/summer/vivaldi_four_seasons_summer_m1.score.json,,string,Cotton,C#6,0.72,2,9.202,9,-10.1,0.3,-40.0,-73.3,1,0,153.400 191.000
scores/classical/vivaldi_four_seasons/summer/vivaldi_four_seasons_summer_m2.score.json,,string,Cotton,G3,0.395,4,3.194,3,-10.5,2.0,-23.3,-56.5,1,0,18.667 45.333 85.333 106.667
scores/classical/vivaldi_four_seasons/summer/vivaldi_four_seasons_summer_m2.score.json,,string,Cotton,G3,0.41,44,3.170,3,-11.6,0.5,-23.9,-57.1,1,0,14.000 14.333 15.000 15.333 15.667 16.333 16.667 17.000 17.667 18.000 18.333 40.667 41.000 41.667 42.000 42.333 43.000 43.333 43.667 44.333 44.667 45.000 80.667 81.000 81.667 82.000 82.333 83.000 83.333 83.667 84.333 84.667 85.000 102.000 102.333 103.000 103.333 103.667 104.333 104.667 105.000 105.667 106.000 106.333
scores/classical/vivaldi_four_seasons/summer/vivaldi_four_seasons_summer_m2.score.json,,string,Cotton,G3,0.425,9,3.147,3,-12.8,-2.3,-25.7,-58.9,1,0,1.333 4.000 12.000 18.667 65.333 85.333 106.667 110.667 113.333
scores/classical/vivaldi_four_seasons/summer/vivaldi_four_seasons_summer_m2.score.json,,string,Cotton,G3,0.44,51,3.126,3,-14.2,-3.9,-26.6,-59.9,1,0,0.500 0.667 1.167 3.167 3.333 3.833 11.167 11.333 11.833 14.000 14.333 15.000 15.333 15.667 16.333 16.667 17.000 17.667 18.000 18.333 64.500 64.667 65.167 80.667 81.000 81.667 82.000 82.333 83.000 83.333 83.667 84.333 84.667 85.000 102.000 102.333 103.000 103.333 103.667 104.333 104.667 105.000 105.667 106.000 106.333 109.833 110.000 110.500 112.500 112.667 113.167
scores/classical/vivaldi_four_seasons/summer/vivaldi_four_seasons_summer_m2.score.json,,string,Cotton,G3,0.445,16,3.118,3,-14.7,-3.3,-26.0,-59.2,1,0,13.333 14.667 16.000 17.333 40.000 41.333 42.667 44.000 80.000 81.333 82.667 84.000 101.333 102.667 104.000 105.333
scores/classical/vivaldi_four_seasons/summer/vivaldi_four_seasons_summer_m2.score.json,,string,Cotton,G3,0.475,21,3.078,3,-18.3,-8.4,-29.8,-63.0,1,0,0.000 2.667 10.667 13.333 14.667 16.000 17.333 18.667 64.000 80.000 81.333 82.667 84.000 85.333 101.333 102.667 104.000 105.333 106.667 109.333 112.000
scores/classical/vivaldi_four_seasons/summer/vivaldi_four_seasons_summer_m2.score.json,,string,Cotton,G3,0.49,33,3.059,3,-20.7,-11.4,-32.4,-65.7,1,1,14.000 14.333 15.000 15.333 15.667 16.333 16.667 17.000 17.667 18.000 18.333 80.667 81.000 81.667 82.000 82.333 83.000 83.333 83.667 84.333 84.667 85.000 102.000 102.333 103.000 103.333 103.667 104.333 104.667 105.000 105.667 106.000 106.333
scores/classical/vivaldi_four_seasons/summer/vivaldi_four_seasons_summer_m2.score.json,,string,Cotton,G3,0.525,12,3.017,3,-31.5,-22.3,-42.3,-75.6,1,1,13.333 14.667 16.000 17.333 80.000 81.333 82.667 84.000 101.333 102.667 104.000 105.333
scores/classical/vivaldi_four_seasons/summer/vivaldi_four_seasons_summer_m2.score.json,,string,Cotton,F#4,0.425,2,4.848,5,-12.5,-2.4,-33.5,-66.7,1,0,73.333 76.000
scores/classical/vivaldi_four_seasons/summer/vivaldi_four_seasons_summer_m2.score.json,,string,Cotton,F#4,0.44,6,4.815,5,-10.8,-0.2,-31.4,-64.6,1,0,72.500 72.667 73.167 75.167 75.333 75.833
scores/classical/vivaldi_four_seasons/summer/vivaldi_four_seasons_summer_m2.score.json,,string,Cotton,G4,0.425,1,5.042,5,-23.5,-14.3,-45.2,-78.5,1,1,89.333
scores/classical/vivaldi_four_seasons/summer/vivaldi_four_seasons_summer_m2.score.json,,string,Cotton,G4,0.44,3,5.007,5,-38.6,-25.3,-55.7,-88.9,1,1,88.500 88.667 89.167
scores/classical/vivaldi_four_seasons/summer/vivaldi_four_seasons_summer_m2.score.json,,string,Cotton,G4,0.475,3,4.931,5,-19.4,-10.5,-40.3,-73.5,1,1,65.333 88.000 94.667
scores/classical/vivaldi_four_seasons/summer/vivaldi_four_seasons_summer_m2.score.json,,string,Cotton,G4,0.49,6,4.901,5,-16.2,-7.1,-36.7,-70.0,1,0,64.500 64.667 65.167 93.833 94.000 94.500
scores/classical/vivaldi_four_seasons/summer/vivaldi_four_seasons_summer_m2.score.json,,string,Cotton,G4,0.525,2,4.834,5,-11.8,-1.9,-31.4,-64.7,1,0,64.000 93.333
scores/classical/vivaldi_four_seasons/summer/vivaldi_four_seasons_summer_m2.score.json,,string,Cotton,Bb4,0.685,2,5.156,5,-12.3,-3.3,-32.3,-65.6,1,0,31.333 50.000
scores/classical/vivaldi_four_seasons/summer/vivaldi_four_seasons_summer_m2.score.json,,string,Cotton,Bb4,0.695,1,5.141,5,-13.1,-4.4,-33.0,-66.3,1,0,40.000
scores/classical/vivaldi_four_seasons/summer/vivaldi_four_seasons_summer_m2.score.json,,string,Cotton,F#5,0.72,4,6.990,7,-36.2,-23.8,-56.6,-89.9,1,1,61.333 69.333 78.667 100.000
scores/classical/vivaldi_four_seasons/summer/vivaldi_four_seasons_summer_m2.score.json,,string,Cotton,C6,0.685,3,8.936,9,-20.0,-12.2,-49.9,-83.1,1,1,26.000 28.667 95.333
scores/classical/vivaldi_four_seasons/summer/vivaldi_four_seasons_summer_m2.score.json,,string,Cotton,C6,0.72,1,8.848,9,-12.5,-4.1,-41.7,-75.0,1,0,74.667
scores/classical/vivaldi_four_seasons/summer/vivaldi_four_seasons_summer_m3.score.json,,string,Cotton,F3,0.445,1,2.883,3,-14.8,-3.3,-24.5,-57.8,1,0,75.500
scores/classical/vivaldi_four_seasons/summer/vivaldi_four_seasons_summer_m3.score.json,,string,Cotton,F3,0.495,14,2.822,3,-11.2,2.6,-18.8,-52.1,1,0,65.400 66.200 67.700 68.500 72.300 74.600 76.100 77.300 78.500 81.400 95.100 111.900 112.300 112.700
scores/classical/vivaldi_four_seasons/summer/vivaldi_four_seasons_summer_m3.score.json,,string,Cotton,F#3,0.495,1,2.935,3,-19.9,-7.3,-28.3,-61.5,1,0,111.500
scores/classical/vivaldi_four_seasons/summer/vivaldi_four_seasons_summer_m3.score.json,,string,Cotton,F#3,0.52,8,2.906,3,-16.7,-3.9,-24.5,-57.7,1,0,110.500 110.600 110.700 110.900 111.000 111.100 111.300 111.400
scores/classical/vivaldi_four_seasons/summer/vivaldi_four_seasons_summer_m3.score.json,,string,Cotton,F#3,0.53,1,2.895,3,-15.7,-2.9,-23.3,-56.5,1,0,143.600
scores/classical/vivaldi_four_seasons/summer/vivaldi_four_seasons_summer_m3.score.json,,string,Cotton,F#3,0.555,3,2.869,3,-13.8,-0.6,-20.7,-54.0,1,0,110.400 110.800 111.200
scores/classical/vivaldi_four_seasons/summer/vivaldi_four_seasons_summer_m3.score.json,,string,Cotton,G3,0.445,15,3.118,3,-14.7,-3.3,-26.0,-59.2,1,0,1.100 2.300 3.500 14.300 73.100 75.400 80.200 123.500 136.900 137.100 137.300 137.500 137.700 137.900 154.300
scores/classical/vivaldi_four_seasons/summer/vivaldi_four_seasons_summer_m3.score.json,,string,Cotton,G3,0.455,6,3.105,3,-15.7,-4.5,-26.7,-60.0,1,0,4.400 75.600 76.800 78.000 134.400 154.800
scores/classical/vivaldi_four_seasons/summer/vivaldi_four_seasons_summer_m3.score.json,,string,Cotton,G3,0.47,68,3.085,3,-17.6,-6.5,-28.2,-61.4,1,0,0.100 0.200 0.300 0.500 0.600 0.700 0.900 1.000 1.300 1.400 1.500 1.700 1.800 1.900 2.100 2.200 2.500 2.600 2.700 2.900 3.000 3.100 3.300 3.400 3.700 3.800 3.900 4.100 4.200 4.300 12.100 12.200 12.300 12.500 12.600 12.700 12.900 13.000 13.100 13.300 13.400 13.500 13.700 13.800 13.900 14.100 14.200 79.400 79.800 121.300 121.400 121.500 121.700 121.800 121.900 122.100 122.200 122.300 122.500 122.600 122.700 122.900 123.000 123.100 123.300 123.400 154.100 154.200
scores/classical/vivaldi_four_seasons/summer/vivaldi_four_seasons_summer_m3.score.json,,string,Cotton,G3,0.475,15,3.078,3,-18.3,-8.4,-29.8,-63.0,1,0,1.100 2.300 3.500 136.900 137.100 137.300 137.500 137.700 137.900 144.300 144.700 145.100 147.900 148.300 148.700
scores/classical/vivaldi_four_seasons/summer/vivaldi_four_seasons_summer_m3.score.json,,string,Cotton,G3,0.48,12,3.072,3,-19.0,-8.0,-29.4,-62.6,1,0,108.000 130.000 130.400 130.800 131.200 131.600 132.000 132.400 132.800 133.200 133.600 134.000
scores/classical/vivaldi_four_seasons/summer/vivaldi_four_seasons_summer_m3.score.json,,string,Cotton,G3,0.485,2,3.065,3,-19.8,-10.0,-31.1,-64.3,1,1,4.400 154.800
scores/classical/vivaldi_four_seasons/summer/vivaldi_four_seasons_summer_m3.score.json,,string,Cotton,G3,0.495,42,3.053,3,-21.6,-9.2,-30.8,-64.1,1,0,23.100 23.500 23.900 37.300 37.500 37.700 37.900 38.100 38.300 65.300 66.100 69.900 72.200 73.500 74.500 82.200 95.000 95.800 97.500 109.100 109.500 109.900 110.300 143.500 151.300 151.500 151.700 151.900 152.100 152.300 152.500 152.700 152.900 153.100 153.300 153.500 153.700 153.900 154.100 154.300 154.500 154.700
scores/classical/vivaldi_four_seasons/summer/vivaldi_four_seasons_summer_m3.score.json,,string,Cotton,G3,0.5,48,3.047,3,-22.7,-13.0,-33.6,-66.8,1,1,0.100 0.200 0.300 0.500 0.600 0.700 0.900 1.000 1.300 1.400 1.500 1.700 1.800 1.900 2.100 2.200 2.500 2.600 2.700 2.900 3.000 3.100 3.300 3.400 3.700 3.800 3.900 4.100 4.200 4.300 13.300 13.400 13.500 13.700 13.800 13.900 14.100 14.200 14.300 122.500 122.600 122.700 122.900 123.000 123.100 123.300 123.400 123.500
scores/classical/vivaldi_four_seasons/summer/vivaldi_four_seasons_summer_m3.score.json,,string,Cotton,G3,0.505,23,3.041,3,-23.9,-13.1,-33.6,-66.9,1,1,0.400 0.800 1.600 2.000 2.800 3.200 4.000 12.000 12.400 12.800 13.200 13.600 14.000 79.200 79.600 80.000 121.200 121.600 122.000 122.400 122.800 123.200 154.000
scores/classical/vivaldi_four_seasons/summer/vivaldi_four_seasons_summer_m3.score.json,,string,Cotton,G3,0.51,18,3.035,3,-25.3,-15.6,-35.9,-69.2,1,1,14.400 36.000 36.400 36.800 108.000 123.600 130.000 130.400 130.800 131.200 131.600 132.000 132.400 132.800 133.200 133.600 134.000 134.400
scores/classical/vivaldi_four_seasons/summer/vivaldi_four_seasons_summer_m3.score.json,,string,Cotton,G3,0.52,33,3.023,3,-28.9,-16.6,-37.5,-70.7,1,1,19.400 19.800 20.200 20.600 21.000 21.400 21.800 22.200 22.600 22.900 23.000 23.300 23.400 23.700 23.800 81.800 108.100 108.200 108.300 108.500 108.600 108.700 108.900 109.000 109.300 109.400 109.700 109.800 110.100 110.200 128.600 129.000 129.400
scores/classical/vivaldi_four_seasons/summer/vivaldi_four_seasons_summer_m3.score.json,,string,Cotton,G3,0.525,18,3.017,3,-31.5,-22.3,-42.3,-75.6,1,1,1.100 2.300 3.500 36.300 36.700 37.100 136.900 137.100 137.300 137.500 137.700 137.900 144.300 144.700 145.100 147.900 148.300 148.700
scores/classical/vivaldi_four_seasons/summer/vivaldi_four_seasons_summer_m3.score.json,,string,Cotton,G3,0.53,11,3.011,3,-35.0,-22.7,-43.3,-76.6,1,1,0.000 67.600 76.000 77.200 78.400 86.400 95.200 104.400 104.800 105.200 129.600
scores/classical/vivaldi_four_seasons/summer/vivaldi_four_seasons_summer_m3.score.json,,string,Cotton,G3,0.535,15,3.006,3,-41.0,-28.8,-48.4,-81.6,1,1,0.400 0.800 1.600 2.000 2.800 3.200 4.000 4.400 13.200 13.600 14.000 122.400 122.800 123.200 154.800
scores/classical/vivaldi_four_seasons/summer/vivaldi_four_seasons_summer_m3.score.json,,string,Cotton,G3,0.55,48,2.989,3,-35.3,-26.1,-45.6,-78.8,1,1,0.100 0.200 0.300 0.500 0.600 0.700 0.900 1.000 1.300 1.400 1.500 1.700 1.800 1.900 2.100 2.200 2.500 2.600 2.700 2.900 3.000 3.100 3.300 3.400 3.700 3.800 3.900 4.100 4.200 4.300 12.100 12.200 12.300 12.500 12.600 12.700 12.900 13.000 13.100 121.300 121.400 121.500 121.700 121.800 121.900 122.100 122.200 122.300
scores/classical/vivaldi_four_seasons/summer/vivaldi_four_seasons_summer_m3.score.json,,string,Cotton,G3,0.555,17,2.984,3,-31.8,-19.5,-39.5,-72.8,1,1,19.200 19.600 20.000 20.400 20.800 21.200 21.600 22.000 22.400 22.800 81.600 82.000 108.400 108.800 128.400 128.800 129.200
scores/classical/vivaldi_four_seasons/summer/vivaldi_four_seasons_summer_m3.score.json,,string,Cotton,G3,0.56,15,2.978,3,-29.4,-20.2,-39.4,-72.7,1,1,13.200 108.000 122.400 130.000 130.400 130.800 131.200 131.600 132.000 132.400 132.800 133.200 133.600 134.000 134.400
scores/classical/vivaldi_four_seasons/summer/vivaldi_four_seasons_summer_m3.score.json,,string,Cotton,G3,0.585,13,2.952,3,-22.5,-13.3,-32.0,-65.3,1,1,0.400 0.800 1.600 2.000 2.800 3.200 4.000 12.000 12.400 12.800 121.200 121.600 122.000
scores/classical/vivaldi_four_seasons/summer/vivaldi_four_seasons_summer_m3.score.json,,string,Cotton,G3,0.745,30,2.813,3,-10.8,-0.7,-18.7,-52.0,1,0,1.100 2.300 3.500 36.300 36.700 37.100 129.800 130.200 130.600 131.000 131.400 131.800 132.200 132.600 133.000 133.400 133.800 134.200 136.900 137.100 137.300 137.500 137.700 137.900 144.300 144.700 145.100 147.900 148.300 148.700
scores/classical/vivaldi_four_seasons/summer/vivaldi_four_seasons_summer_m3.score.json,,string,Cotton,G3,0.755,2,2.806,3,-10.4,-0.2,-18.2,-51.5,1,0,4.400 154.800
scores/classical/vivaldi_four_seasons/summer/vivaldi_four_seasons_summer_m3.score.json,,string,Cotton,Ab3,0.475,3,3.201,3,-10.1,1.3,-22.4,-55.7,1,0,107.100 107.500 107.900
scores/classical/vivaldi_four_seasons/summer/vivaldi_four_seasons_summer_m3.score.json,,string,Cotton,Ab3,0.495,4,3.175,3,-11.3,2.3,-21.3,-54.5,1,0,72.100 75.900 77.100 78.300
scores/classical/vivaldi_four_seasons/summer/vivaldi_four_seasons_summer_m3.score.json,,string,Cotton,Ab3,0.5,7,3.169,3,-11.6,-0.8,-23.3,-56.5,1,0,72.200 106.900 107.000 107.300 107.400 107.700 107.800
scores/classical/vivaldi_four_seasons/summer/vivaldi_four_seasons_summer_m3.score.json,,string,Cotton,Ab3,0.505,2,3.162,3,-12.0,-0.0,-22.4,-55.7,1,0,80.400 80.800
scores/classical/vivaldi_four_seasons/summer/vivaldi_four_seasons_summer_m3.score.json,,string,Cotton,Ab3,0.51,1,3.156,3,-12.3,-1.6,-23.7,-56.9,1,0,72.400
scores/classical/vivaldi_four_seasons/summer/vivaldi_four_seasons_summer_m3.score.json,,string,Cotton,Ab3,0.525,3,3.138,3,-13.4,-3.4,-25.0,-58.2,1,0,107.100 107.500 107.900
scores/classical/vivaldi_four_seasons/summer/vivaldi_four_seasons_summer_m3.score.json,,string,Cotton,Ab3,0.53,4,3.132,3,-13.7,-0.7,-22.8,-56.0,1,0,85.200 102.000 102.400 102.800
scores/classical/vivaldi_four_seasons/summer/vivaldi_four_seasons_summer_m3.score.json,,string,Cotton,Ab3,0.55,6,3.109,3,-15.4,-5.8,-26.4,-59.7,1,0,106.900 107.000 107.300 107.400 107.700 107.800
scores/classical/vivaldi_four_seasons/summer/vivaldi_four_seasons_summer_m3.score.json,,string,Cotton,Ab3,0.745,3,2.926,3,-18.7,-10.0,-27.4,-60.7,1,1,107.100 107.500 107.900
scores/classical/vivaldi_four_seasons/summer/vivaldi_four_seasons_summer_m3.score.json,,string,Cotton,Ab3,0.77,6,2.906,3,-16.7,-7.9,-25.0,-58.2,1,0,106.900 107.000 107.300 107.400 107.700 107.800
scores/classical/vivaldi_four_seasons/summer/vivaldi_four_seasons_summer_m3.score.json,,string,Cotton,A3,0.585,4,3.194,3,-10.5,0.3,-21.5,-54.7,1,0,100.800 105.600 106.000 106.400
scores/classical/vivaldi_four_seasons/summer/vivaldi_four_seasons_summer_m3.score.json,,string,Cotton,A3,0.745,3,3.043,3,-23.4,-15.0,-32.9,-66.2,1,1,11.900 106.700 121.100
scores/classical/vivaldi_four_seasons/summer/vivaldi_four_seasons_summer_m3.score.json,,string,Cotton,A3,0.77,8,3.023,3,-28.9,-20.5,-38.0,-71.2,1,1,105.700 105.800 105.900 106.100 106.200 106.300 106.500 106.600
scores/classical/vivaldi_four_seasons/summer/vivaldi_four_seasons_summer_m3.score.json,,string,Cotton,A3,0.805,3,2.996,3,-44.4,-30.7,-47.6,-80.9,1,1,105.600 106.000 106.400
scores/classical/vivaldi_four_seasons/summer/vivaldi_four_seasons_summer_m3.score.json,,string,Cotton,Bb3,0.745,17,3.165,3,-11.8,-2.3,-22.1,-55.3,1,0,11.800 36.200 36.600 37.000 104.700 105.100 105.500 121.000 137.000 137.400 137.800 144.200 144.600 145.000 147.800 148.200 148.600
scores/classical/vivaldi_four_seasons/summer/vivaldi_four_seasons_summer_m3.score.json,,string,Cotton,Bb3,0.77,6,3.144,3,-13.0,-3.8,-22.8,-56.1,1,0,104.500 104.600 104.900 105.000 105.300 105.400
scores/classical/vivaldi_four_seasons/summer/vivaldi_four_seasons_summer_m3.score.json,,string,Cotton,Bb3,0.78,3,3.136,3,-13.5,-4.4,-23.2,-56.4,1,0,136.800 137.200 137.600
scores/classical/vivaldi_four_seasons/summer/vivaldi_four_seasons_summer_m3.score.json,,string,Cotton,F#4,0.445,8,4.804,5,-10.4,1.6,-29.7,-63.0,1,0,25.100 26.300 28.700 29.900 31.100 33.500 111.500 143.800
scores/classical/vivaldi_four_seasons/summer/vivaldi_four_seasons_summer_m3.score.json,,string,Cotton,G4,0.445,18,4.996,5,-44.5,-25.0,-55.4,-88.7,1,1,23.100 23.500 23.900 27.500 32.300 65.700 67.000 67.800 69.300 76.500 77.700 78.900 109.100 109.500 109.900 110.300 143.700 152.300
scores/classical/vivaldi_four_seasons/summer/vivaldi_four_seasons_summer_m3.score.json,,string,Cotton,G4,0.455,2,4.974,5,-27.8,-17.4,-47.6,-80.8,1,1,26.400 31.200
scores/classical/vivaldi_four_seasons/summer/vivaldi_four_seasons_summer_m3.score.json,,string,Cotton,G4,0.47,58,4.942,5,-20.8,-10.4,-40.2,-73.4,1,1,19.300 19.400 19.500 19.700 19.800 19.900 20.100 20.200 20.300 20.500 20.600 20.700 20.900 21.000 21.100 21.300 21.400 21.500 21.700 21.800 21.900 22.100 22.200 22.300 22.500 22.600 22.700 22.900 23.000 23.300 23.400 23.700 23.800 108.100 108.200 108.300 108.500 108.600 108.700 108.900 109.000 109.300 109.400 109.700 109.800 110.100 110.200 128.500 128.600 128.700 128.900 129.000 129.100 129.300 129.400 129.500 152.100 152.200
scores/classical/vivaldi_four_seasons/summer/vivaldi_four_seasons_summer_m3.score.json,,string,Cotton,G4,0.475,50,4.931,5,-19.4,-10.0,-39.7,-72.9,1,1,12.500 17.800 23.100 23.500 23.900 24.200 25.400 26.500 27.800 29.000 30.200 31.300 32.600 34.900 35.300 35.700 36.300 36.700 37.100 37.300 37.500 37.700 37.900 38.100 38.300 38.500 38.700 38.900 39.100 39.700 39.900 40.100 40.300 40.500 40.700 71.400 73.800 75.000 76.100 77.300 78.500 109.100 109.500 109.900 110.300 121.700 127.000 134.500 136.300 151.900
scores/classical/vivaldi_four_seasons/summer/vivaldi_four_seasons_summer_m3.score.json,,string,Cotton,G4,0.48,7,4.921,5,-18.2,-7.6,-37.3,-70.5,1,0,0.000 71.600 86.400 104.400 104.800 105.200 129.600
scores/classical/vivaldi_four_seasons/summer/vivaldi_four_seasons_summer_m3.score.json,,string,Cotton,G4,0.5,31,4.881,5,-14.6,-4.9,-34.3,-67.5,1,0,20.500 20.600 20.700 20.900 21.000 21.100 21.300 21.400 21.500 22.900 23.000 23.300 23.400 23.700 23.800 108.100 108.200 108.300 108.500 108.600 108.700 108.900 109.000 109.300 109.400 109.700 109.800 110.100 110.200 151.700 151.800
scores/classical/vivaldi_four_seasons/summer/vivaldi_four_seasons_summer_m3.score.json,,string,Cotton,G4,0.505,16,4.871,5,-14.0,-3.0,-32.5,-65.7,1,0,19.200 19.600 20.000 20.400 20.800 21.200 21.600 22.000 22.400 22.800 108.400 108.800 128.400 128.800 129.200 152.000
scores/classical/vivaldi_four_seasons/summer/vivaldi_four_seasons_summer_m3.score.json,,string,Cotton,G4,0.51,19,4.862,5,-13.3,-3.4,-32.8,-66.0,1,0,0.000 15.200 21.600 44.800 81.600 82.000 82.400 86.400 104.400 104.800 105.200 124.400 129.600 144.000 144.400 144.800 147.600 148.000 148.400
scores/classical/vivaldi_four_seasons/summer/vivaldi_four_seasons_summer_m3.score.json,,string,Cotton,G4,0.525,33,4.834,5,-11.8,-1.9,-31.4,-64.7,1,0,11.300 16.600 22.700 23.100 23.500 23.900 35.000 35.400 35.800 37.400 37.800 38.200 38.600 39.000 39.400 39.800 40.200 40.600 75.900 77.100 78.300 109.100 109.500 109.900 110.300 120.500 125.800 134.500 136.300 146.300 149.900 151.500 154.700
scores/classical/vivaldi_four_seasons/summer/vivaldi_four_seasons_summer_m3.score.json,,string,Cotton,G4,0.535,7,4.815,5,-10.9,-0.2,-29.7,-63.0,1,0,20.400 20.800 21.200 22.800 108.400 108.800 151.600
scores/classical/vivaldi_four_seasons/summer/vivaldi_four_seasons_summer_m3.score.json,,string,Cotton,Ab4,0.445,1,5.196,5,-10.4,1.9,-31.1,-64.4,1,0,81.400
scores/classical/vivaldi_four_seasons/summer/vivaldi_four_seasons_summer_m3.score.json,,string,Cotton,Ab4,0.475,4,5.129,5,-13.9,-4.0,-34.9,-68.2,1,0,72.600 76.200 77.400 78.600
scores/classical/vivaldi_four_seasons/summer/vivaldi_four_seasons_summer_m3.score.json,,string,Cotton,Ab4,0.48,4,5.118,5,-14.7,-3.7,-34.5,-67.8,1,0,85.200 102.000 102.400 102.800
scores/classical/vivaldi_four_seasons/summer/vivaldi_four_seasons_summer_m3.score.json,,string,Cotton,Ab4,0.505,1,5.067,5,-19.6,-9.1,-38.9,-72.1,1,0,81.200
scores/classical/vivaldi_four_seasons/summer/vivaldi_four_seasons_summer_m3.score.json,,string,Cotton,Ab4,0.51,4,5.057,5,-21.0,-11.7,-41.2,-74.4,1,1,85.200 102.000 102.400 102.800
scores/classical/vivaldi_four_seasons/summer/vivaldi_four_seasons_summer_m3.score.json,,string,Cotton,Ab4,0.56,7,4.963,5,-24.7,-16.0,-44.3,-77.5,1,1,76.000 77.200 78.400 85.200 102.000 102.400 102.800
scores/classical/vivaldi_four_seasons/summer/vivaldi_four_seasons_summer_m3.score.json,,string,Cotton,A4,0.56,12,5.162,5,-12.0,-2.1,-32.3,-65.6,1,0,9.600 11.200 40.800 41.200 41.600 42.000 42.400 42.800 43.200 43.600 44.000 120.400
scores/classical/vivaldi_four_seasons/summer/vivaldi_four_seasons_summer_m3.score.json,,string,Cotton,A4,0.745,29,4.875,5,-14.2,-5.7,-32.5,-65.8,1,0,13.900 16.500 19.100 21.500 24.100 25.300 30.100 41.000 41.400 41.800 42.200 42.600 43.000 43.400 43.800 44.200 44.900 45.300 59.800 82.600 123.100 125.700 128.300 134.600 136.200 138.600 138.900 141.000 141.300
scores/classical/vivaldi_four_seasons/summer/vivaldi_four_seasons_summer_m3.score.json,,string,Cotton,A4,0.77,1,4.843,5,-12.3,-3.3,-30.2,-63.4,1,0,59.700
scores/classical/vivaldi_four_seasons/summer/vivaldi_four_seasons_summer_m3.score.json,,string,Cotton,A4,0.78,16,4.831,5,-11.6,-2.5,-29.4,-62.6,1,0,9.600 11.200 40.800 41.200 41.600 42.000 42.400 42.800 43.200 43.600 44.000 60.000 60.400 60.800 116.000 120.400
scores/classical/vivaldi_four_seasons/summer/vivaldi_four_seasons_summer_m3.score.json,,string,Cotton,Bb4,0.745,43,5.071,5,-19.1,-11.0,-38.2,-71.4,1,1,11.100 13.800 19.000 21.400 24.200 25.400 26.500 30.200 31.300 33.900 34.300 34.700 34.900 35.300 35.700 71.400 79.400 79.800 80.200 80.600 81.000 81.400 91.300 91.500 91.700 91.900 92.100 92.300 92.500 92.700 92.900 93.100 93.300 93.500 120.300 123.000 128.200 134.700 136.100 139.100 141.500 151.900 154.300
scores/classical/vivaldi_four_seasons/summer/vivaldi_four_seasons_summer_m3.score.json,,string,Cotton,Bb4,0.77,5,5.037,5,-24.7,-16.8,-43.3,-76.5,1,1,59.500 151.700 151.800 154.100 154.200
scores/classical/vivaldi_four_seasons/summer/vivaldi_four_seasons_summer_m3.score.json,,string,Cotton,Bb4,0.78,8,5.024,5,-28.4,-20.5,-46.9,-80.1,1,1,8.400 16.400 59.600 84.000 116.400 125.600 138.800 141.200
scores/classical/vivaldi_four_seasons/summer/vivaldi_four_seasons_summer_m3.score.json,,string,Cotton,Bb4,0.805,2,4.993,5,-38.7,-26.6,-52.5,-85.7,1,1,151.600 154.000
scores/classical/vivaldi_four_seasons/summer/vivaldi_four_seasons_summer_m3.score.json,,string,Cotton,E5,0.475,12,7.023,7,-29.0,-19.9,-55.7,-88.9,1,1,19.900 22.300 24.700 25.900 28.300 29.500 30.700 33.100 45.700 46.200 129.100 135.000
scores/classical/vivaldi_four_seasons/summer/vivaldi_four_seasons_summer_m3.score.json,,string,Cotton,E5,0.51,1,6.923,7,-18.4,-9.2,-44.2,-77.4,1,0,68.000
scores/classical/vivaldi_four_seasons/summer/vivaldi_four_seasons_summer_m3.score.json,,string,Cotton,E5,0.525,13,6.883,7,-14.8,-5.8,-40.8,-74.1,1,0,18.700 21.100 24.500 25.700 27.800 29.000 30.500 32.600 45.700 46.200 67.800 127.900 135.000
scores/classical/vivaldi_four_seasons/summer/vivaldi_four_seasons_summer_m3.score.json,,string,Cotton,F5,0.51,5,7.201,7,-10.2,1.1,-36.6,-69.9,1,0,17.200 64.800 68.400 69.600 126.400
scores/classical/vivaldi_four_seasons/summer/vivaldi_four_seasons_summer_m3.score.json,,string,Cotton,F5,0.525,6,7.159,7,-12.1,-2.2,-38.9,-72.1,1,0,13.400 45.800 46.300 75.400 122.600 135.700
scores/classical/vivaldi_four_seasons/summer/vivaldi_four_seasons_summer_m3.score.json,,string,Cotton,F5,0.56,6,7.067,7,-19.5,-10.7,-45.5,-78.7,1,1,16.000 65.600 69.200 70.400 74.400 125.200
scores/classical/vivaldi_four_seasons/summer/vivaldi_four_seasons_summer_m3.score.json,,string,Cotton,F#5,0.745,14,6.943,7,-20.9,-13.1,-45.5,-78.8,1,1,18.600 21.000 24.600 25.800 26.900 27.900 29.100 30.600 31.700 32.700 127.800 135.100 139.900 142.300
scores/classical/vivaldi_four_seasons/summer/vivaldi_four_seasons_summer_m3.score.json,,string,Cotton,F#5,0.78,3,6.879,7,-14.5,-6.2,-38.6,-71.8,1,0,118.000 130.400 132.800
scores/classical/vivaldi_four_seasons/summer/vivaldi_four_seasons_summer_m3.score.json,,string,Cotton,G5,0.77,8,7.173,7,-11.4,-2.1,-36.4,-69.6,1,0,58.500 71.800 73.000 93.700 152.500 152.600 153.300 153.400
scores/classical/vivaldi_four_seasons/summer/vivaldi_four_seasons_summer_m3.score.json,,string,Cotton,G5,0.78,19,7.155,7,-12.4,-3.3,-37.2,-70.4,1,0,28.000 29.200 32.800 46.400 66.800 68.000 70.800 72.000 73.200 87.600 88.800 90.000 92.400 98.400 118.400 130.800 133.200 135.200 135.600
scores/classical/vivaldi_four_seasons/summer/vivaldi_four_seasons_summer_m3.score.json,,string,Cotton,G5,0.805,2,7.110,7,-15.3,-6.9,-39.7,-73.0,1,0,152.400 153.200
scores/classical/vivaldi_four_seasons/summer/vivaldi_four_seasons_summer_m3.score.json,,string,Cotton,Bb5,0.475,10,8.889,9,-15.2,-5.9,-46.0,-79.2,1,0,16.900 19.500 21.900 33.900 34.300 34.700 126.100 128.700 135.400 153.500
scores/classical/vivaldi_four_seasons/summer/vivaldi_four_seasons_summer_m3.score.json,,string,Cotton,Bb5,0.5,2,8.798,9,-10.1,0.1,-40.3,-73.5,1,0,153.300 153.400
scores/classical/vivaldi_four_seasons/summer/vivaldi_four_seasons_summer_m3.score.json,,string,Cotton,B5,0.525,1,9.062,9,-20.3,-11.3,-51.2,-84.4,1,1,46.600
scores/classical/vivaldi_four_seasons/summer/vivaldi_four_seasons_summer_m3.score.json,,string,Cotton,C#6,0.745,1,9.140,9,-13.2,-4.1,-42.8,-76.0,1,0,46.700
scores/classical/vivaldi_four_seasons/summer/vivaldi_four_seasons_summer_m3.score.json,,string,Cotton,C#6,0.77,1,9.080,9,-18.1,-9.8,-47.2,-80.4,1,0,47.500
scores/classical/vivaldi_four_seasons/summer/vivaldi_four_seasons_summer_m3.score.json,,string,Cotton,C#6,0.78,2,9.056,9,-21.1,-13.0,-50.1,-83.3,1,1,47.600 54.800
scores/classical/vivaldi_four_seasons/winter/vivaldi_four_seasons_winter_m1.score.json,,string,Cotton,F3,0.495,13,2.822,3,-11.2,2.6,-18.8,-52.1,1,0,6.643 15.214 34.071 37.929 38.357 43.929 44.786 52.071 58.232 95.357 95.786 101.893 104.464
scores/classical/vivaldi_four_seasons/winter/vivaldi_four_seasons_winter_m1.score.json,,string,Cotton,F3,0.505,1,2.811,3,-10.7,3.4,-18.0,-51.3,1,0,56.571
scores/classical/vivaldi_four_seasons/winter/vivaldi_four_seasons_winter_m1.score.json,,string,Cotton,Gb3,0.495,1,2.935,3,-19.9,-7.3,-28.3,-61.5,1,0,16.929
scores/classical/vivaldi_four_seasons/winter/vivaldi_four_seasons_winter_m1.score.json,,string,Cotton,Gb3,0.52,3,2.906,3,-16.7,-3.9,-24.5,-57.7,1,0,15.643 16.071 16.500
scores/classical/vivaldi_four_seasons/winter/vivaldi_four_seasons_winter_m1.score.json,,string,Cotton,Gb3,0.555,4,2.869,3,-13.8,-0.6,-20.7,-54.0,1,0,15.429 15.857 16.286 16.714
scores/classical/vivaldi_four_seasons/winter/vivaldi_four_seasons_winter_m1.score.json,,string,Cotton,G3,0.455,1,3.105,3,-15.7,-4.5,-26.7,-60.0,1,0,60.000
scores/classical/vivaldi_four_seasons/winter/vivaldi_four_seasons_winter_m1.score.json,,string,Cotton,G3,0.495,4,3.053,3,-21.6,-9.2,-30.8,-64.1,1,0,17.786 45.214 50.357 59.946
scores/classical/vivaldi_four_seasons/winter/vivaldi_four_seasons_winter_m1.score.json,,string,Cotton,G3,0.52,18,3.023,3,-28.9,-16.6,-37.5,-70.7,1,1,17.357 48.643 49.071 49.500 49.929 59.196 59.250 59.304 59.357 59.411 59.464 59.518 59.625 59.679 59.732 59.786 59.839 59.893
scores/classical/vivaldi_four_seasons/winter/vivaldi_four_seasons_winter_m1.score.json,,string,Cotton,G3,0.53,2,3.011,3,-35.0,-22.7,-43.3,-76.6,1,1,74.571 78.428
scores/classical/vivaldi_four_seasons/winter/vivaldi_four_seasons_winter_m1.score.json,,string,Cotton,G3,0.555,10,2.984,3,-31.8,-19.5,-39.5,-72.8,1,1,17.143 17.571 45.000 48.429 48.857 49.286 49.714 50.143 59.143 59.571
scores/classical/vivaldi_four_seasons/winter/vivaldi_four_seasons_winter_m1.score.json,,string,Cotton,Ab3,0.48,1,3.195,3,-10.4,2.0,-21.5,-54.8,1,0,103.714
scores/classical/vivaldi_four_seasons/winter/vivaldi_four_seasons_winter_m1.score.json,,string,Cotton,Ab3,0.495,2,3.175,3,-11.3,2.3,-21.3,-54.5,1,0,47.786 50.786
scores/classical/vivaldi_four_seasons/winter/vivaldi_four_seasons_winter_m1.score.json,,string,Cotton,Ab3,0.52,5,3.144,3,-13.0,0.2,-22.3,-55.5,1,0,45.643 46.071 46.500 46.929 47.357
scores/classical/vivaldi_four_seasons/winter/vivaldi_four_seasons_winter_m1.score.json,,string,Cotton,Ab3,0.555,7,3.103,3,-15.8,-3.1,-24.3,-57.6,1,0,45.429 45.857 46.286 46.714 47.143 47.571 50.571
scores/classical/vivaldi_four_seasons/winter/vivaldi_four_seasons_winter_m1.score.json,,string,Cotton,Bb3,0.755,1,3.156,3,-12.3,-2.9,-22.4,-55.6,1,0,55.714
scores/classical/vivaldi_four_seasons/winter/vivaldi_four_seasons_winter_m1.score.json,,string,Cotton,Gb4,0.445,1,4.804,5,-10.4,1.6,-29.7,-63.0,1,0,34.071
scores/classical/vivaldi_four_seasons/winter/vivaldi_four_seasons_winter_m1.score.json,,string,Cotton,G4,0.445,16,4.996,5,-44.5,-25.0,-55.4,-88.7,1,1,8.357 14.786 39.536 39.750 39.964 43.071 43.500 56.089 69.214 82.071 86.357 96.964 97.178 97.393 100.500 100.928
scores/classical/vivaldi_four_seasons/winter/vivaldi_four_seasons_winter_m1.score.json,,string,Cotton,G4,0.455,3,4.974,5,-27.8,-17.4,-47.6,-80.8,1,1,18.857 40.286 97.714
scores/classical/vivaldi_four_seasons/winter/vivaldi_four_seasons_winter_m1.score.json,,string,Cotton,G4,0.47,33,4.942,5,-20.8,-10.4,-40.2,-73.4,1,1,1.929 2.357 2.786 3.214 3.643 4.071 4.500 4.929 5.357 5.786 6.214 6.643 7.071 7.500 7.929 13.929 14.357 17.357 17.786 18.214 18.643 40.179 55.768 55.821 55.875 55.929 55.982 56.036 68.786 80.786 81.214 81.643 97.607
scores/classical/vivaldi_four_seasons/winter/vivaldi_four_seasons_winter_m1.score.json,,string,Cotton,G4,0.475,6,4.931,5,-19.4,-10.0,-39.7,-72.9,1,1,42.964 43.179 43.393 43.607 70.071 89.464
scores/classical/vivaldi_four_seasons/winter/vivaldi_four_seasons_winter_m1.score.json,,string,Cotton,G4,0.48,4,4.921,5,-18.2,-7.6,-37.3,-70.5,1,0,42.857 43.286 100.286 100.714
scores/classical/vivaldi_four_seasons/winter/vivaldi_four_seasons_winter_m1.score.json,,string,Cotton,G4,0.485,2,4.911,5,-17.1,-7.6,-37.1,-70.4,1,0,61.714 64.286
scores/classical/vivaldi_four_seasons/winter/vivaldi_four_seasons_winter_m1.score.json,,string,Cotton,G4,0.5,5,4.881,5,-14.6,-4.9,-34.3,-67.5,1,0,68.786 69.214 69.643 89.250 89.357
scores/classical/vivaldi_four_seasons/winter/vivaldi_four_seasons_winter_m1.score.json,,string,Cotton,G4,0.505,30,4.871,5,-14.0,-3.0,-32.5,-65.7,1,0,1.714 2.143 2.571 3.000 3.429 3.857 4.286 4.714 5.143 5.571 6.000 6.429 6.857 7.286 7.714 8.143 14.143 14.571 17.143 17.571 18.000 18.429 55.714 68.571 69.000 80.571 81.000 81.428 81.857 86.143
scores/classical/vivaldi_four_seasons/winter/vivaldi_four_seasons_winter_m1.score.json,,string,Cotton,G4,0.51,1,4.862,5,-13.3,-3.4,-32.8,-66.0,1,0,36.857
scores/classical/vivaldi_four_seasons/winter/vivaldi_four_seasons_winter_m1.score.json,,string,Cotton,G4,0.525,1,4.834,5,-11.8,-1.9,-31.4,-64.7,1,0,106.178
scores/classical/vivaldi_four_seasons/winter/vivaldi_four_seasons_winter_m1.score.json,,string,Cotton,G4,0.535,7,4.815,5,-10.9,-0.7,-30.3,-63.6,1,0,23.143 27.429 68.571 69.000 69.429 69.857 89.143
scores/classical/vivaldi_four_seasons/winter/vivaldi_four_seasons_winter_m1.score.json,,string,Cotton,Ab4,0.445,12,5.196,5,-10.4,1.9,-31.1,-64.4,1,0,9.214 37.821 38.036 38.250 41.357 41.786 87.214 95.250 95.464 95.678 98.786 99.214
scores/classical/vivaldi_four_seasons/winter/vivaldi_four_seasons_winter_m1.score.json,,string,Cotton,Ab4,0.455,2,5.173,5,-11.4,0.4,-31.9,-65.2,1,0,38.571 96.000
scores/classical/vivaldi_four_seasons/winter/vivaldi_four_seasons_winter_m1.score.json,,string,Cotton,Ab4,0.47,4,5.140,5,-13.2,-2.0,-33.4,-66.6,1,0,8.786 38.464 86.786 95.893
scores/classical/vivaldi_four_seasons/winter/vivaldi_four_seasons_winter_m1.score.json,,string,Cotton,Ab4,0.475,12,5.129,5,-13.9,-4.0,-34.9,-68.2,1,0,33.214 41.250 41.464 41.679 41.893 61.661 68.357 89.036 98.678 98.893 99.107 99.321
scores/classical/vivaldi_four_seasons/winter/vivaldi_four_seasons_winter_m1.score.json,,string,Cotton,Ab4,0.48,4,5.118,5,-14.7,-3.7,-34.5,-67.8,1,0,41.143 41.571 98.571 99.000
scores/classical/vivaldi_four_seasons/winter/vivaldi_four_seasons_winter_m1.score.json,,string,Cotton,Ab4,0.485,2,5.108,5,-15.5,-5.8,-36.2,-69.5,1,0,43.714 56.571
scores/classical/vivaldi_four_seasons/winter/vivaldi_four_seasons_winter_m1.score.json,,string,Cotton,Ab4,0.5,24,5.077,5,-18.4,-9.0,-38.8,-72.0,1,0,32.786 60.911 60.964 61.018 61.071 61.125 61.179 61.232 61.339 61.393 61.446 61.500 61.554 61.607 66.214 66.643 67.071 67.500 67.929 88.393 88.500 88.607 88.821 88.928
scores/classical/vivaldi_four_seasons/winter/vivaldi_four_seasons_winter_m1.score.json,,string,Cotton,Ab4,0.505,4,5.067,5,-19.6,-9.1,-38.9,-72.1,1,0,8.571 9.000 86.571 87.000
scores/classical/vivaldi_four_seasons/winter/vivaldi_four_seasons_winter_m1.score.json,,string,Cotton,Ab4,0.525,1,5.027,5,-27.3,-18.7,-47.8,-81.0,1,1,104.464
scores/classical/vivaldi_four_seasons/winter/vivaldi_four_seasons_winter_m1.score.json,,string,Cotton,Ab4,0.535,12,5.008,5,-37.6,-25.0,-53.7,-87.0,1,1,32.571 33.000 60.857 61.286 66.000 66.429 66.857 67.286 67.714 68.143 88.286 88.714
scores/classical/vivaldi_four_seasons/winter/vivaldi_four_seasons_winter_m1.score.json,,string,Cotton,Ab4,0.55,8,4.981,5,-30.4,-21.7,-50.2,-83.4,1,1,103.821 103.875 103.928 103.982 104.036 104.089 104.250 104.357
scores/classical/vivaldi_four_seasons/winter/vivaldi_four_seasons_winter_m1.score.json,,string,Cotton,Ab4,0.585,1,4.920,5,-18.0,-9.1,-37.1,-70.3,1,0,104.143
scores/classical/vivaldi_four_seasons/winter/vivaldi_four_seasons_winter_m1.score.json,,string,Cotton,Bb4,0.745,15,5.071,5,-19.1,-11.0,-38.2,-71.4,1,1,42.750 42.964 43.179 43.393 43.607 53.250 53.464 54.107 54.321 56.679 56.893 57.107 57.321 69.214 100.178
scores/classical/vivaldi_four_seasons/winter/vivaldi_four_seasons_winter_m1.score.json,,string,Cotton,Bb4,0.77,21,5.037,5,-24.7,-16.8,-43.3,-76.5,1,1,42.107 42.161 42.214 42.268 42.321 42.375 42.536 42.643 67.071 67.500 67.929 68.357 68.786 99.536 99.589 99.643 99.696 99.750 99.803 99.964 100.071
scores/classical/vivaldi_four_seasons/winter/vivaldi_four_seasons_winter_m1.score.json,,string,Cotton,Bb4,0.78,2,5.024,5,-28.4,-20.5,-46.9,-80.1,1,1,55.286 58.714
scores/classical/vivaldi_four_seasons/winter/vivaldi_four_seasons_winter_m1.score.json,,string,Cotton,Bb4,0.805,10,4.993,5,-38.7,-26.6,-52.5,-85.7,1,1,42.000 42.429 66.857 67.286 67.714 68.143 68.571 69.000 99.428 99.857
scores/classical/vivaldi_four_seasons/winter/vivaldi_four_seasons_winter_m1.score.json,,string,Cotton,E5,0.475,13,7.023,7,-29.0,-19.9,-55.7,-88.9,1,1,37.607 92.036 93.750 95.036 100.339 100.446 100.553 100.661 100.768 100.875 100.982 101.089 103.607
scores/classical/vivaldi_four_seasons/winter/vivaldi_four_seasons_winter_m1.score.json,,string,Cotton,E5,0.5,28,6.951,7,-22.3,-13.2,-48.3,-81.5,1,1,36.964 37.018 37.071 37.125 37.179 37.232 37.393 37.500 91.821 91.928 93.536 93.643 94.393 94.446 94.500 94.553 94.607 94.661 94.821 94.928 102.964 103.018 103.071 103.125 103.178 103.232 103.393 103.500
scores/classical/vivaldi_four_seasons/winter/vivaldi_four_seasons_winter_m1.score.json,,string,Cotton,E5,0.525,6,6.883,7,-14.8,-5.8,-40.8,-74.1,1,0,32.357 43.071 43.500 91.178 100.500 100.928
scores/classical/vivaldi_four_seasons/winter/vivaldi_four_seasons_winter_m1.score.json,,string,Cotton,E5,0.535,6,6.857,7,-13.1,-3.3,-38.2,-71.5,1,0,37.286 91.714 93.428 94.714 102.857 103.286
scores/classical/vivaldi_four_seasons/winter/vivaldi_four_seasons_winter_m1.score.json,,string,Cotton,E5,0.55,3,6.820,7,-11.1,-1.2,-36.5,-69.8,1,0,31.929 90.964 91.071
scores/classical/vivaldi_four_seasons/winter/vivaldi_four_seasons_winter_m1.score.json,,string,Cotton,F5,0.51,5,7.201,7,-10.2,1.1,-36.6,-69.9,1,0,37.714 38.143 95.143 95.571 103.714
scores/classical/vivaldi_four_seasons/winter/vivaldi_four_seasons_winter_m1.score.json,,string,Cotton,F5,0.525,7,7.159,7,-12.1,-2.2,-38.9,-72.1,1,0,41.357 41.786 89.464 91.607 94.178 98.786 99.214
scores/classical/vivaldi_four_seasons/winter/vivaldi_four_seasons_winter_m1.score.json,,string,Cotton,F5,0.535,21,7.132,7,-13.7,-3.7,-39.6,-72.8,1,0,38.571 39.000 43.714 59.143 59.571 72.857 73.286 83.143 83.571 84.000 84.428 90.000 90.428 92.143 93.000 96.000 96.428 101.143 101.571 102.000 102.428
scores/classical/vivaldi_four_seasons/winter/vivaldi_four_seasons_winter_m1.score.json,,string,Cotton,F5,0.55,9,7.093,7,-16.8,-7.7,-42.9,-76.1,1,0,88.821 88.928 89.036 89.250 89.357 91.393 91.500 93.964 94.071
scores/classical/vivaldi_four_seasons/winter/vivaldi_four_seasons_winter_m1.score.json,,string,Cotton,F5,0.56,6,7.067,7,-19.5,-10.7,-45.5,-78.7,1,1,32.571 41.143 41.571 98.571 99.000 103.714
scores/classical/vivaldi_four_seasons/winter/vivaldi_four_seasons_winter_m1.score.json,,string,Cotton,F5,0.585,4,7.006,7,-40.7,-23.8,-57.7,-91.0,1,1,88.714 89.143 91.286 93.857
scores/classical/vivaldi_four_seasons/winter/vivaldi_four_seasons_winter_m1.score.json,,string,Cotton,G5,0.77,41,7.173,7,-11.4,-2.1,-36.4,-69.6,1,0,19.018 19.446 23.411 23.839 27.804 28.232 36.964 37.018 37.071 37.125 37.179 37.232 37.393 37.500 74.250 77.893 94.393 94.446 94.500 94.553 94.607 94.661 94.821 94.928 102.107 102.161 102.214 102.268 102.321 102.375 102.536 102.643 102.750 102.964 103.018 103.071 103.125 103.178 103.232 103.393 103.500
scores/classical/vivaldi_four_seasons/winter/vivaldi_four_seasons_winter_m1.score.json,,string,Cotton,G5,0.78,17,7.155,7,-12.4,-3.3,-37.2,-70.4,1,0,27.429 27.857 28.286 28.714 29.143 29.571 39.429 39.857 44.143 52.286 73.714 78.000 84.000 87.857 89.143 96.857 97.286
scores/classical/vivaldi_four_seasons/winter/vivaldi_four_seasons_winter_m1.score.json,,string,Cotton,G5,0.805,8,7.110,7,-15.3,-6.9,-39.7,-73.0,1,0,37.286 91.714 93.428 94.714 102.000 102.428 102.857 103.286
scores/classical/vivaldi_four_seasons/winter/vivaldi_four_seasons_winter_m1.score.json,,string,Cotton,B5,0.525,1,9.062,9,-20.3,-11.3,-51.2,-84.4,1,1,59.946
scores/classical/vivaldi_four_seasons/winter/vivaldi_four_seasons_winter_m1.score.json,,string,Cotton,B5,0.55,13,8.978,9,-29.2,-19.7,-58.5,-91.8,1,1,59.196 59.250 59.304 59.357 59.411 59.464 59.518 59.625 59.679 59.732 59.786 59.839 59.893
scores/classical/vivaldi_four_seasons/winter/vivaldi_four_seasons_winter_m1.score.json,,string,Cotton,B5,0.585,2,8.868,9,-13.7,-4.8,-43.3,-76.5,1,0,59.143 59.571
scores/classical/vivaldi_four_seasons/winter/vivaldi_four_seasons_winter_m1.score.json,,string,Cotton,Db6,0.745,22,9.140,9,-13.2,-4.1,-42.8,-76.0,1,0,45.750 45.964 46.179 46.393 46.607 46.821 47.036 47.411 47.839 48.375 48.589 48.804 48.911 49.125 49.339 49.554 50.036 50.464 51.214 51.643 52.071 75.214
scores/classical/vivaldi_four_seasons/winter/vivaldi_four_seasons_winter_m1.score.json,,string,Cotton,Db6,0.78,6,9.056,9,-21.1,-13.0,-50.1,-83.3,1,1,48.000 51.000 51.429 51.857 80.571 85.714
scores/classical/vivaldi_four_seasons/winter/vivaldi_four_seasons_winter_m2.score.json,,string,Cotton,G4,0.415,4,5.066,5,-19.6,-10.3,-41.6,-74.9,1,1,86.413 87.065 87.717 88.370
scores/classical/vivaldi_four_seasons/winter/vivaldi_four_seasons_winter_m2.score.json,,string,Cotton,G4,0.42,1,5.054,5,-21.4,-10.9,-42.2,-75.4,1,1,16.957
scores/classical/vivaldi_four_seasons/winter/vivaldi_four_seasons_winter_m2.score.json,,string,Cotton,G4,0.45,2,4.985,5,-32.6,-23.4,-53.5,-86.8,1,1,83.478 84.783
scores/classical/vivaldi_four_seasons/winter/vivaldi_four_seasons_winter_m2.score.json,,string,Cotton,G4,0.475,1,4.931,5,-19.4,-10.5,-40.3,-73.5,1,1,88.696
scores/classical/vivaldi_four_seasons/winter/vivaldi_four_seasons_winter_m2.score.json,,string,Cotton,G4,0.5,2,4.881,5,-14.6,-5.4,-34.9,-68.1,1,0,86.087 87.391
scores/classical/vivaldi_four_seasons/winter/vivaldi_four_seasons_winter_m2.score.json,,string,Cotton,Ab4,0.465,1,5.151,5,-12.6,-2.9,-34.5,-67.7,1,0,18.587
scores/classical/vivaldi_four_seasons/winter/vivaldi_four_seasons_winter_m2.score.json,,string,Cotton,A4,0.685,3,4.958,5,-23.6,-15.6,-42.9,-76.2,1,1,22.826 25.435 28.043
scores/classical/vivaldi_four_seasons/winter/vivaldi_four_seasons_winter_m2.score.json,,string,Cotton,A4,0.72,1,4.909,5,-16.9,-8.7,-35.6,-68.9,1,0,48.261
scores/classical/vivaldi_four_seasons/winter/vivaldi_four_seasons_winter_m2.score.json,,string,Cotton,Bb4,0.66,4,5.195,5,-10.4,-0.8,-30.9,-64.2,1,0,3.261 31.957 71.087 76.304
scores/classical/vivaldi_four_seasons/winter/vivaldi_four_seasons_winter_m2.score.json,,string,Cotton,Bb4,0.685,13,5.156,5,-12.3,-3.3,-32.3,-65.6,1,0,4.565 22.500 23.152 25.109 25.761 27.717 28.370 36.196 44.022 47.935 51.522 68.804 74.022
scores/classical/vivaldi_four_seasons/winter/vivaldi_four_seasons_winter_m2.score.json,,string,Cotton,Bb4,0.695,1,5.141,5,-13.1,-4.4,-33.0,-66.3,1,0,39.130
scores/classical/vivaldi_four_seasons/winter/vivaldi_four_seasons_winter_m2.score.json,,string,Cotton,Bb4,0.71,1,5.120,5,-14.6,-6.1,-34.2,-67.4,1,0,38.478
scores/classical/vivaldi_four_seasons/winter/vivaldi_four_seasons_winter_m2.score.json,,string,Cotton,Bb4,0.72,1,5.105,5,-15.7,-7.3,-35.1,-68.4,1,0,41.739
scores/classical/vivaldi_four_seasons/winter/vivaldi_four_seasons_winter_m2.score.json,,string,Cotton,Eb5,0.415,32,6.937,7,-20.1,-10.9,-47.7,-80.9,1,1,0.326 0.978 1.630 8.152 8.804 9.457 14.022 15.326 16.304 17.609 18.587 19.891 26.413 27.065 27.717 28.370 55.109 55.761 56.413 57.065 57.717 58.370 63.261 64.565 69.456 74.674 78.587 81.196 81.848 82.500 84.130 85.435
scores/classical/vivaldi_four_seasons/winter/vivaldi_four_seasons_winter_m2.score.json,,string,Cotton,Eb5,0.45,3,6.826,7,-11.4,-1.1,-37.9,-71.2,1,0,13.043 62.609 63.913
scores/classical/vivaldi_four_seasons/winter/vivaldi_four_seasons_winter_m2.score.json,,string,Cotton,Bb5,0.45,1,8.986,9,-32.9,-20.1,-60.6,-93.9,1,1,11.739
scores/classical/vivaldi_four_seasons/winter/vivaldi_four_seasons_winter_m2.score.json,,string,Cotton,Bb5,0.465,39,8.927,9,-18.8,-10.2,-50.5,-83.7,1,1,0.652 1.957 3.261 4.565 8.478 9.783 11.087 21.522 22.826 24.130 25.435 26.739 28.043 31.957 33.261 34.565 35.870 50.217 51.522 55.435 56.739 60.326 60.978 61.630 62.283 65.870 67.174 68.478 69.783 71.087 72.391 73.696 75.000 76.304 77.609 78.913 80.217 81.522 82.826
scores/classical/vivaldi_four_seasons/winter/vivaldi_four_seasons_winter_m2.score.json,,string,Cotton,C6,0.685,3,8.936,9,-20.0,-12.2,-49.9,-83.1,1,1,12.391 15.326 64.891
scores/classical/vivaldi_four_seasons/winter/vivaldi_four_seasons_winter_m3.score.json,,string,Cotton,F3,0.42,1,2.916,3,-17.7,-6.5,-28.1,-61.4,1,0,69.200
scores/classical/vivaldi_four_seasons/winter/vivaldi_four_seasons_winter_m3.score.json,,string,Cotton,F3,0.445,4,2.883,3,-14.8,-3.3,-24.5,-57.8,1,0,68.400 106.800 152.400 164.400
scores/classical/vivaldi_four_seasons/winter/vivaldi_four_seasons_winter_m3.score.json,,string,Cotton,F3,0.47,2,2.852,3,-12.7,0.6,-21.0,-54.2,1,0,57.800 107.900
scores/classical/vivaldi_four_seasons/winter/vivaldi_four_seasons_winter_m3.score.json,,string,Cotton,F3,0.48,1,2.840,3,-12.1,-0.0,-20.9,-54.1,1,0,68.800
scores/classical/vivaldi_four_seasons/winter/vivaldi_four_seasons_winter_m3.score.json,,string,Cotton,F3,0.495,20,2.822,3,-11.2,2.6,-18.8,-52.1,1,0,151.300 151.400 151.500 151.600 151.700 151.800 151.900 152.100 152.200 152.300 163.300 163.400 163.500 163.600 163.700 163.800 163.900 164.100 164.200 164.300
scores/classical/vivaldi_four_seasons/winter/vivaldi_four_seasons_winter_m3.score.json,,string,Cotton,F3,0.505,3,2.811,3,-10.7,3.4,-18.0,-51.3,1,0,0.000 109.600 117.600
scores/classical/vivaldi_four_seasons/winter/vivaldi_four_seasons_winter_m3.score.json,,string,Cotton,G3,0.395,4,3.194,3,-10.5,2.0,-23.3,-56.5,1,0,87.600 90.000 92.400 94.800
scores/classical/vivaldi_four_seasons/winter/vivaldi_four_seasons_winter_m3.score.json,,string,Cotton,G3,0.425,4,3.147,3,-12.8,-2.3,-25.7,-58.9,1,0,86.800 89.200 91.600 94.000
scores/classical/vivaldi_four_seasons/winter/vivaldi_four_seasons_winter_m3.score.json,,string,Cotton,G3,0.43,4,3.140,3,-13.2,-1.6,-25.0,-58.2,1,0,88.800 91.200 93.600 108.000
scores/classical/vivaldi_four_seasons/winter/vivaldi_four_seasons_winter_m3.score.json,,string,Cotton,G3,0.445,1,3.118,3,-14.7,-3.3,-26.0,-59.2,1,0,67.600
scores/classical/vivaldi_four_seasons/winter/vivaldi_four_seasons_winter_m3.score.json,,string,Cotton,G3,0.45,6,3.111,3,-15.2,-5.0,-27.4,-60.6,1,0,170.800 171.600 172.400 180.400 181.200 182.000
scores/classical/vivaldi_four_seasons/winter/vivaldi_four_seasons_winter_m3.score.json,,string,Cotton,G3,0.455,1,3.105,3,-15.7,-4.5,-26.7,-60.0,1,0,68.000
scores/classical/vivaldi_four_seasons/winter/vivaldi_four_seasons_winter_m3.score.json,,string,Cotton,G3,0.46,4,3.098,3,-16.3,-6.3,-28.2,-61.5,1,0,88.000 90.400 92.800 108.000
scores/classical/vivaldi_four_seasons/winter/vivaldi_four_seasons_winter_m3.score.json,,string,Cotton,G3,0.47,1,3.085,3,-17.6,-5.0,-27.4,-60.6,1,0,110.000
scores/classical/vivaldi_four_seasons/winter/vivaldi_four_seasons_winter_m3.score.json,,string,Cotton,G3,0.475,4,3.078,3,-18.3,-8.9,-30.4,-63.6,1,0,86.800 89.200 91.600 94.000
scores/classical/vivaldi_four_seasons/winter/vivaldi_four_seasons_winter_m3.score.json,,string,Cotton,G3,0.48,1,3.072,3,-19.0,-8.0,-29.4,-62.6,1,0,67.200
scores/classical/vivaldi_four_seasons/winter/vivaldi_four_seasons_winter_m3.score.json,,string,Cotton,G3,0.485,6,3.065,3,-19.8,-10.0,-31.1,-64.3,1,1,170.400 171.200 172.000 180.000 180.800 181.600
scores/classical/vivaldi_four_seasons/winter/vivaldi_four_seasons_winter_m3.score.json,,string,Cotton,G3,0.5,6,3.047,3,-22.7,-13.5,-34.2,-67.4,1,1,170.800 171.600 172.400 180.400 181.200 182.000
scores/classical/vivaldi_four_seasons/winter/vivaldi_four_seasons_winter_m3.score.json,,string,Cotton,G3,0.505,1,3.041,3,-23.9,-11.5,-32.8,-66.1,1,1,57.600
scores/classical/vivaldi_four_seasons/winter/vivaldi_four_seasons_winter_m3.score.json,,string,Cotton,G3,0.51,4,3.035,3,-25.3,-16.1,-36.5,-69.8,1,1,88.000 90.400 92.800 108.000
scores/classical/vivaldi_four_seasons/winter/vivaldi_four_seasons_winter_m3.score.json,,string,Cotton,G3,0.535,6,3.006,3,-41.0,-29.3,-49.0,-82.3,1,1,170.400 171.200 172.000 180.000 180.800 181.600
scores/classical/vivaldi_four_seasons/winter/vivaldi_four_seasons_winter_m3.score.json,,string,Cotton,G3,0.695,4,2.852,3,-12.8,-3.4,-21.6,-54.9,1,0,110.800 113.200 115.600 118.800
scores/classical/vivaldi_four_seasons/winter/vivaldi_four_seasons_winter_m3.score.json,,string,Cotton,G3,0.72,9,2.832,3,-11.7,-2.0,-20.1,-53.3,1,0,88.400 90.800 93.200 170.800 171.600 172.400 180.400 181.200 182.000
scores/classical/vivaldi_four_seasons/winter/vivaldi_four_seasons_winter_m3.score.json,,string,Cotton,G3,0.73,3,2.825,3,-11.3,-1.4,-19.5,-52.8,1,0,108.000 112.000 114.400
scores/classical/vivaldi_four_seasons/winter/vivaldi_four_seasons_winter_m3.score.json,,string,Cotton,G3,0.755,11,2.806,3,-10.4,-0.2,-18.2,-51.5,1,0,87.200 89.600 92.000 94.400 100.800 170.400 171.200 172.000 180.000 180.800 181.600
scores/classical/vivaldi_four_seasons/winter/vivaldi_four_seasons_winter_m3.score.json,,string,Cotton,Ab3,0.48,2,3.195,3,-10.4,2.0,-21.5,-54.8,1,0,66.400 172.800
scores/classical/vivaldi_four_seasons/winter/vivaldi_four_seasons_winter_m3.score.json,,string,Cotton,Ab3,0.485,2,3.188,3,-10.7,0.4,-22.7,-56.0,1,0,169.600 179.200
scores/classical/vivaldi_four_seasons/winter/vivaldi_four_seasons_winter_m3.score.json,,string,Cotton,Ab3,0.5,5,3.169,3,-11.6,-1.3,-23.9,-57.1,1,0,58.800 169.200 170.000 178.800 179.600
scores/classical/vivaldi_four_seasons/winter/vivaldi_four_seasons_winter_m3.score.json,,string,Cotton,Ab3,0.535,2,3.126,3,-14.1,-4.3,-25.5,-58.8,1,0,169.600 179.200
scores/classical/vivaldi_four_seasons/winter/vivaldi_four_seasons_winter_m3.score.json,,string,Cotton,Ab3,0.72,5,2.946,3,-21.4,-12.9,-30.6,-63.8,1,1,58.800 169.200 170.000 178.800 179.600
scores/classical/vivaldi_four_seasons/winter/vivaldi_four_seasons_winter_m3.score.json,,string,Cotton,Ab3,0.755,2,2.918,3,-17.8,-9.1,-26.4,-59.6,1,0,169.600 179.200
scores/classical/vivaldi_four_seasons/winter/vivaldi_four_seasons_winter_m3.score.json,,string,Cotton,Bb3,0.72,4,3.187,3,-10.8,-0.9,-21.5,-54.7,1,0,58.600 145.300 169.100 178.700
scores/classical/vivaldi_four_seasons/winter/vivaldi_four_seasons_winter_m3.score.json,,string,Cotton,Bb3,0.745,18,3.165,3,-11.8,-2.3,-22.1,-55.3,1,0,168.100 168.200 168.300 168.400 168.500 168.600 168.700 168.900 169.000 177.700 177.800 177.900 178.000 178.100 178.200 178.300 178.500 178.600
scores/classical/vivaldi_four_seasons/winter/vivaldi_four_seasons_winter_m3.score.json,,string,Cotton,Bb3,0.755,1,3.156,3,-12.3,-2.9,-22.4,-55.6,1,0,59.200
scores/classical/vivaldi_four_seasons/winter/vivaldi_four_seasons_winter_m3.score.json,,string,Cotton,Bb3,0.78,4,3.136,3,-13.5,-4.4,-23.2,-56.4,1,0,168.000 168.800 177.600 178.400
scores/classical/vivaldi_four_seasons/winter/vivaldi_four_seasons_winter_m3.score.json,,string,Cotton,G4,0.395,1,5.117,5,-14.8,-3.8,-36.3,-69.6,1,0,154.800
scores/classical/vivaldi_four_seasons/winter/vivaldi_four_seasons_winter_m3.score.json,,string,Cotton,G4,0.42,10,5.054,5,-21.4,-10.9,-42.2,-75.4,1,1,87.400 88.600 89.800 91.000 92.200 93.400 94.600 110.000 122.800 161.500
scores/classical/vivaldi_four_seasons/winter/vivaldi_four_seasons_winter_m3.score.json,,string,Cotton,G4,0.445,8,4.996,5,-44.5,-25.0,-55.4,-88.7,1,1,43.600 44.400 160.900 161.000 161.100 161.200 161.300 161.400
scores/classical/vivaldi_four_seasons/winter/vivaldi_four_seasons_winter_m3.score.json,,string,Cotton,G4,0.45,12,4.985,5,-32.6,-23.4,-53.5,-86.8,1,1,86.600 87.800 89.000 90.200 91.400 92.600 93.800 110.000 166.000 166.200 175.600 175.800
scores/classical/vivaldi_four_seasons/winter/vivaldi_four_seasons_winter_m3.score.json,,string,Cotton,G4,0.455,8,4.974,5,-27.8,-17.4,-47.6,-80.8,1,1,28.800 32.000 34.400 44.800 57.600 120.800 134.400 139.200
scores/classical/vivaldi_four_seasons/winter/vivaldi_four_seasons_winter_m3.score.json,,string,Cotton,G4,0.46,2,4.963,5,-24.8,-15.6,-45.4,-78.7,1,1,105.600 148.800
scores/classical/vivaldi_four_seasons/winter/vivaldi_four_seasons_winter_m3.score.json,,string,Cotton,G4,0.48,3,4.921,5,-18.2,-7.6,-37.3,-70.5,1,0,43.200 44.000 160.800
scores/classical/vivaldi_four_seasons/winter/vivaldi_four_seasons_winter_m3.score.json,,string,Cotton,G4,0.485,3,4.911,5,-17.1,-7.6,-37.1,-70.4,1,0,48.000 57.600 103.200
scores/classical/vivaldi_four_seasons/winter/vivaldi_four_seasons_winter_m3.score.json,,string,Cotton,G4,0.5,16,4.881,5,-14.6,-5.4,-34.9,-68.1,1,0,48.400 86.600 87.800 89.000 90.200 91.400 92.600 93.800 102.000 104.400 110.000 130.800 166.000 166.200 175.600 175.800
scores/classical/vivaldi_four_seasons/winter/vivaldi_four_seasons_winter_m3.score.json,,string,Cotton,G4,0.51,2,4.862,5,-13.3,-3.4,-32.8,-66.0,1,0,86.400 133.600
scores/classical/vivaldi_four_seasons/winter/vivaldi_four_seasons_winter_m3.score.json,,string,Cotton,G4,0.535,2,4.815,5,-10.9,-0.7,-30.3,-63.6,1,0,57.600 72.000
scores/classical/vivaldi_four_seasons/winter/vivaldi_four_seasons_winter_m3.score.json,,string,Cotton,Ab4,0.445,1,5.196,5,-10.4,1.9,-31.1,-64.4,1,0,42.000
scores/classical/vivaldi_four_seasons/winter/vivaldi_four_seasons_winter_m3.score.json,,string,Cotton,Ab4,0.45,8,5.185,5,-10.9,-0.1,-32.5,-65.8,1,0,47.800 57.400 86.000 165.900 166.100 173.500 175.500 175.700
scores/classical/vivaldi_four_seasons/winter/vivaldi_four_seasons_winter_m3.score.json,,string,Cotton,Ab4,0.455,3,5.173,5,-11.4,0.4,-31.9,-65.2,1,0,123.200 136.000 140.800
scores/classical/vivaldi_four_seasons/winter/vivaldi_four_seasons_winter_m3.score.json,,string,Cotton,Ab4,0.475,4,5.129,5,-13.9,-4.0,-34.9,-68.2,1,0,85.200 173.200 173.300 173.400
scores/classical/vivaldi_four_seasons/winter/vivaldi_four_seasons_winter_m3.score.json,,string,Cotton,Ab4,0.48,1,5.118,5,-14.7,-3.7,-34.5,-67.8,1,0,42.400
scores/classical/vivaldi_four_seasons/winter/vivaldi_four_seasons_winter_m3.score.json,,string,Cotton,Ab4,0.485,2,5.108,5,-15.5,-5.8,-36.2,-69.5,1,0,136.000 140.800
scores/classical/vivaldi_four_seasons/winter/vivaldi_four_seasons_winter_m3.score.json,,string,Cotton,Ab4,0.5,8,5.077,5,-18.4,-9.5,-39.4,-72.7,1,0,48.200 57.400 133.200 165.900 166.100 173.500 175.500 175.700
scores/classical/vivaldi_four_seasons/winter/vivaldi_four_seasons_winter_m3.score.json,,string,Cotton,Ab4,0.51,1,5.057,5,-21.0,-11.7,-41.2,-74.4,1,1,85.600
scores/classical/vivaldi_four_seasons/winter/vivaldi_four_seasons_winter_m3.score.json,,string,Cotton,Ab4,0.525,3,5.027,5,-27.3,-18.7,-47.8,-81.0,1,1,173.200 173.300 173.400
scores/classical/vivaldi_four_seasons/winter/vivaldi_four_seasons_winter_m3.score.json,,string,Cotton,A4,0.72,5,4.909,5,-16.9,-8.7,-35.6,-68.9,1,0,98.133 101.800 102.200 104.200 104.600
scores/classical/vivaldi_four_seasons/winter/vivaldi_four_seasons_winter_m3.score.json,,string,Cotton,Bb4,0.72,12,5.105,5,-15.7,-7.3,-35.1,-68.4,1,0,5.400 6.600 7.800 9.000 57.200 142.900 144.300 144.500 146.000 146.900 165.800 175.400
scores/classical/vivaldi_four_seasons/winter/vivaldi_four_seasons_winter_m3.score.json,,string,Cotton,Bb4,0.755,3,5.057,5,-21.0,-13.0,-39.8,-73.1,1,1,48.000 165.600 175.200
scores/classical/vivaldi_four_seasons/winter/vivaldi_four_seasons_winter_m3.score.json,,string,Cotton,Eb5,0.425,4,6.904,7,-16.5,-7.1,-43.8,-77.0,1,0,130.000 138.000 142.800 157.200
scores/classical/vivaldi_four_seasons/winter/vivaldi_four_seasons_winter_m3.score.json,,string,Cotton,Eb5,0.45,12,6.826,7,-11.4,-1.1,-37.9,-71.2,1,0,47.000 56.600 76.400 102.200 104.200 104.600 137.400 142.200 165.100 165.300 174.700 174.900
scores/classical/vivaldi_four_seasons/winter/vivaldi_four_seasons_winter_m3.score.json,,string,Cotton,Eb5,0.46,1,6.796,7,-10.0,0.7,-36.3,-69.6,1,0,127.200
scores/classical/vivaldi_four_seasons/winter/vivaldi_four_seasons_winter_m3.score.json,,string,Cotton,E5,0.45,5,7.099,7,-16.2,-6.6,-43.5,-76.7,1,0,26.000 26.800 28.400 39.600 45.200
scores/classical/vivaldi_four_seasons/winter/vivaldi_four_seasons_winter_m3.score.json,,string,Cotton,E5,0.475,4,7.023,7,-29.0,-19.9,-55.7,-88.9,1,1,44.400 55.600 72.400 74.800
scores/classical/vivaldi_four_seasons/winter/vivaldi_four_seasons_winter_m3.score.json,,string,Cotton,E5,0.485,5,6.993,7,-39.7,-23.1,-58.5,-91.8,1,1,28.800 32.000 34.400 72.800 75.200
scores/classical/vivaldi_four_seasons/winter/vivaldi_four_seasons_winter_m3.score.json,,string,Cotton,E5,0.5,2,6.951,7,-22.3,-13.6,-48.9,-82.1,1,1,49.400 50.600
scores/classical/vivaldi_four_seasons/winter/vivaldi_four_seasons_winter_m3.score.json,,string,Cotton,E5,0.51,4,6.923,7,-18.4,-9.2,-44.2,-77.4,1,0,44.800 54.400 74.400 148.800
scores/classical/vivaldi_four_seasons/winter/vivaldi_four_seasons_winter_m3.score.json,,string,Cotton,E5,0.535,4,6.857,7,-13.1,-3.8,-38.9,-72.1,1,0,24.800 25.600 27.200 28.000
scores/classical/vivaldi_four_seasons/winter/vivaldi_four_seasons_winter_m3.score.json,,string,Cotton,F5,0.51,12,7.201,7,-10.2,1.1,-36.6,-69.9,1,0,35.200 36.000 36.800 37.600 38.400 52.000 73.600 105.600 151.200 152.000 158.400 159.200
scores/classical/vivaldi_four_seasons/winter/vivaldi_four_seasons_winter_m3.score.json,,string,Cotton,F5,0.525,21,7.159,7,-12.1,-2.2,-38.9,-72.1,1,0,77.200 78.000 147.600 147.700 147.800 147.900 148.100 148.200 148.300 148.400 148.500 148.600 153.700 153.800 153.900 154.000 154.100 154.200 154.300 154.500 154.600
scores/classical/vivaldi_four_seasons/winter/vivaldi_four_seasons_winter_m3.score.json,,string,Cotton,F5,0.535,7,7.132,7,-13.7,-4.2,-40.2,-73.4,1,0,47.200 100.800 103.200 137.600 142.400 164.800 174.400
scores/classical/vivaldi_four_seasons/winter/vivaldi_four_seasons_winter_m3.score.json,,string,Cotton,F5,0.56,6,7.067,7,-19.5,-10.7,-45.5,-78.7,1,1,76.800 77.600 78.400 148.000 153.600 154.400
scores/classical/vivaldi_four_seasons/winter/vivaldi_four_seasons_winter_m3.score.json,,string,Cotton,G5,0.755,21,7.201,7,-10.1,-0.2,-35.3,-68.6,1,0,1.600 4.000 29.600 30.400 32.000 32.800 34.400 50.400 65.600 67.200 69.600 74.400 80.000 83.200 96.000 115.200 120.000 122.400 124.800 134.400 139.200
scores/classical/vivaldi_four_seasons/winter/vivaldi_four_seasons_winter_m3.score.json,,string,Cotton,G5,0.78,2,7.155,7,-12.4,-3.3,-37.2,-70.4,1,0,160.800 161.600
scores/classical/vivaldi_four_seasons/winter/vivaldi_four_seasons_winter_m3.score.json,,string,Cotton,Bb5,0.45,4,8.986,9,-32.9,-20.1,-60.6,-93.9,1,1,25.200 27.600 164.500 174.100
scores/classical/vivaldi_four_seasons/winter/vivaldi_four_seasons_winter_m3.score.json,,string,Cotton,Bb5,0.475,5,8.889,9,-15.2,-5.9,-46.0,-79.2,1,0,49.200 50.000 50.800 159.600 162.000
scores/classical/vivaldi_four_seasons/winter/vivaldi_four_seasons_winter_m3.score.json,,string,Cotton,Bb5,0.485,4,8.852,9,-12.7,-3.2,-43.3,-76.5,1,0,29.600 30.400 32.800 51.200
scores/classical/vivaldi_four_seasons/winter/vivaldi_four_seasons_winter_m3.score.json,,string,Cotton,Bb5,0.5,7,8.798,9,-10.1,-0.3,-40.9,-74.1,1,0,38.000 45.200 51.700 52.900 54.000 164.500 174.100
scores/classical/vivaldi_four_seasons/winter/vivaldi_four_seasons_winter_m3.score.json,,string,Cotton,B5,0.525,1,9.062,9,-20.3,-11.3,-51.2,-84.4,1,1,38.800
scores/classical/vivaldi_four_seasons/winter/vivaldi_four_seasons_winter_m3.score.json,,string,Cotton,B5,0.535,1,9.028,9,-27.2,-18.6,-57.9,-91.2,1,1,39.200
scores/classical/vivaldi_four_seasons/winter/vivaldi_four_seasons_winter_m3.score.json,,string,Cotton,B5,0.56,1,8.946,9,-21.4,-12.8,-51.4,-84.7,1,1,38.400
scores/classical/vivaldi_four_seasons/winter/vivaldi_four_seasons_winter_m3.score.json,,string,Cotton,C6,0.72,32,8.848,9,-12.5,-4.1,-41.7,-75.0,1,0,13.400 14.200 14.600 15.400 16.400 17.200 18.200 19.000 19.400 20.200 21.200 22.000 22.800 51.600 69.200 73.800 78.200 80.400 92.700 93.900 94.800 95.067 116.400 152.600 154.900 155.100 155.300 157.200 157.800 160.300 160.500 163.000
scores/classical/vivaldi_four_seasons/winter/vivaldi_four_seasons_winter_m3.score.json,,string,Cotton,Db6,0.72,19,9.202,9,-10.1,0.3,-40.0,-73.3,1,0,15.800 16.600 17.000 17.800 20.600 21.400 21.800 22.600 75.800 78.000 92.600 93.800 155.000 157.300 157.500 157.700 159.600 160.200 162.900
scores/classical/vivaldi_four_seasons/winter/vivaldi_four_seasons_winter_m3.score.json,,string,Cotton,Db6,0.755,2,9.115,9,-14.9,-6.1,-44.2,-77.5,1,0,73.600 160.000
