index,time,note,midi,velocity,verdict_0914_postA14,verdict_0830_preA14,reason_0914,tau_ms,x1,null_order,null_depth_db,H1_db,n1n2_dump_db,n1n2_theory_db,n1n2_s0_db,n1_vs_max_db,L1_db,x1_b4_before_a14,null_depth_db_b4_before_a14,n1n2_theory_db_b4_before_a14,f1_hz,band_peak_pred_dbfs
0,0.0000,E5,76,0.4620,PASS,PASS,,1.8227,2.4033,3,-1.8735,-15.4544,17.7688,17.7692,17.1866,0.0000,-13.6923,2.5060,-3.0929,30.1944,659.2550,-46.0820
1,0.2083,D#5,75,0.4270,PASS,PASS,,1.9250,2.3957,3,-1.7988,-15.3136,17.0214,17.0214,16.5025,0.0000,-14.2356,2.4828,-2.7814,38.1665,622.2540,-46.6253
2,0.4167,E5,76,0.4270,PASS,PASS,,1.8904,2.4925,3,-2.9091,-17.2501,39.5099,39.5010,44.8061,0.0000,-16.1723,2.5990,-4.5973,12.6867,659.2550,-48.5620
3,0.6250,D#5,75,0.4270,PASS,PASS,,1.9250,2.3957,3,-1.7988,-15.3136,17.0214,17.0214,16.5025,0.0000,-14.2356,2.4828,-2.7814,38.1665,622.2540,-46.6253
4,0.8333,E5,76,0.4620,PASS,PASS,,1.8227,2.4033,3,-1.8735,-15.4544,17.7688,17.7692,17.1866,0.0000,-13.6923,2.5060,-3.0929,30.1944,659.2550,-46.0820
5,1.0417,B4,71,0.4270,PASS,PASS,,2.0701,2.0448,3,-0.0215,-10.0729,8.7706,8.7704,8.7634,0.0000,-8.9951,2.0687,-0.0506,8.8204,493.8830,-41.3848
6,1.2500,D5,74,0.4270,PASS,PASS,,1.9603,2.3027,3,-1.0214,-13.6959,12.2853,12.2849,12.0760,0.0000,-12.6181,2.3718,-1.5744,15.3036,587.3300,-45.0077
7,1.4583,C5,72,0.4270,PASS,PASS,,2.0328,2.1274,3,-0.1750,-11.1199,9.1384,9.1386,9.0926,0.0000,-10.0422,2.1650,-0.2952,9.4868,523.2510,-42.4319
8,1.6667,A4,69,0.4620,PASS,PASS,,2.0721,1.8235,,0.0000,-7.6670,10.2748,10.2748,10.3591,0.0000,-5.9051,1.8235,0.0000,10.2748,440.0000,-38.2948
9,1.6667,A2,45,0.3380,UNVERIFIED,UNVERIFIED,f0 110.0 Hz < 167 Hz: band too narrow for +/-10 ms onset refinement (Re); pitch ,3.6557,0.8043,,0.0000,-1.3409,-0.8126,-0.8126,-0.8416,-0.8126,-11.9268,0.6999,0.0000,-1.9935,110.0000,-44.3165
10,1.8750,E3,52,0.3030,UNVERIFIED,UNVERIFIED,f0 164.8 Hz < 167 Hz: band too narrow for +/-10 ms onset refinement (Re); pitch ,3.3753,1.1126,,0.0000,-2.6192,4.6360,4.6360,4.5572,0.0000,-11.3565,1.0088,0.0000,2.3736,164.8140,-43.7461
11,2.0833,A3,57,0.2780,PASS,PASS,,3.2031,1.4093,,0.0000,-4.3226,18.3702,18.3702,17.9668,0.0000,-11.6260,1.3174,0.0000,11.8415,220.0000,-44.0157
12,2.2917,C4,60,0.4270,PASS,PASS,,2.5273,1.3224,,0.0000,-3.7709,12.1204,12.1204,11.9192,0.0000,-5.9660,1.2595,0.0000,9.2338,261.6260,-38.3557
13,2.5000,E4,64,0.4620,PASS,PASS,,2.2708,1.4971,,0.0000,-4.9274,47.5624,47.5633,43.0252,0.0000,-4.5130,1.4560,0.0000,25.1563,329.6280,-36.9026
14,2.7083,A4,69,0.4270,PASS,PASS,,2.1466,1.8890,,0.0000,-8.3260,9.4303,9.4303,9.4856,0.0000,-7.2482,1.8890,0.0000,9.4303,440.0000,-39.6379
15,2.9167,B4,71,0.4270,PASS,PASS,,2.0701,2.0448,3,-0.0215,-10.0729,8.7706,8.7704,8.7634,0.0000,-8.9951,2.0687,-0.0506,8.8204,493.8830,-41.3848
16,2.9167,E2,40,0.3030,UNVERIFIED,UNVERIFIED,f0 82.4 Hz < 167 Hz: band too narrow for +/-10 ms onset refinement (Re); pitch v,4.1767,0.6884,,0.0000,-0.9767,-2.1100,-2.1098,-2.1299,-2.1100,-14.3110,0.5825,0.0000,-3.0557,82.4070,-46.7007
17,3.1250,E3,52,0.3030,UNVERIFIED,UNVERIFIED,f0 164.8 Hz < 167 Hz: band too narrow for +/-10 ms onset refinement (Re); pitch ,3.3753,1.1126,,0.0000,-2.6192,4.6360,4.6360,4.5572,0.0000,-11.3565,1.0088,0.0000,2.3736,164.8140,-43.7461
18,3.3333,G#3,56,0.3130,PASS,PASS,,3.1006,1.2877,,0.0000,-3.5633,10.4086,10.4085,10.2437,0.0000,-10.2850,1.1963,0.0000,6.9818,207.6520,-42.6747
19,3.5417,E4,64,0.4270,PASS,PASS,,2.3505,1.5496,,0.0000,-5.3138,24.0487,24.0487,24.8077,0.0000,-5.5837,1.5070,0.0000,39.1721,329.6280,-37.9734
20,3.7500,G#4,68,0.4270,PASS,PASS,,2.1859,1.8157,,0.0000,-7.5911,10.4052,10.4054,10.4937,0.0000,-6.5134,1.8053,0.0000,10.5848,415.3050,-38.9031
21,3.9583,B4,71,0.4270,PASS,PASS,,2.0701,2.0448,3,-0.0215,-10.0729,8.7706,8.7704,8.7634,0.0000,-8.9951,2.0687,-0.0506,8.8204,493.8830,-41.3848
22,4.1667,C5,72,0.4620,PASS,PASS,,1.9613,2.0525,3,-0.0296,-10.1676,8.7913,8.7912,8.7812,0.0000,-8.4056,2.0889,-0.0849,8.9064,523.2510,-40.7953
23,4.1667,A2,45,0.3380,UNVERIFIED,UNVERIFIED,f0 110.0 Hz < 167 Hz: band too narrow for +/-10 ms onset refinement (Re); pitch ,3.6557,0.8043,,0.0000,-1.3409,-0.8126,-0.8126,-0.8416,-0.8126,-11.9268,0.6999,0.0000,-1.9935,110.0000,-44.3165
24,4.3750,E3,52,0.3030,UNVERIFIED,UNVERIFIED,f0 164.8 Hz < 167 Hz: band too narrow for +/-10 ms onset refinement (Re); pitch ,3.3753,1.1126,,0.0000,-2.6192,4.6360,4.6360,4.5572,0.0000,-11.3565,1.0088,0.0000,2.3736,164.8140,-43.7461
25,4.5833,A3,57,0.2780,PASS,PASS,,3.2031,1.4093,,0.0000,-4.3226,18.3702,18.3702,17.9668,0.0000,-11.6260,1.3174,0.0000,11.8415,220.0000,-44.0157
26,4.7917,E4,64,0.4270,PASS,PASS,,2.3505,1.5496,,0.0000,-5.3138,24.0487,24.0487,24.8077,0.0000,-5.5837,1.5070,0.0000,39.1721,329.6280,-37.9734
27,5.0000,E5,76,0.4620,PASS,PASS,,1.8227,2.4033,3,-1.8735,-15.4544,17.7688,17.7692,17.1866,0.0000,-13.6923,2.5060,-3.0929,30.1944,659.2550,-46.0820
28,5.2083,D#5,75,0.4270,PASS,PASS,,1.9250,2.3957,3,-1.7988,-15.3136,17.0214,17.0214,16.5025,0.0000,-14.2356,2.4828,-2.7814,38.1665,622.2540,-46.6253
29,5.4167,E5,76,0.4270,PASS,PASS,,1.8904,2.4925,3,-2.9091,-17.2501,39.5099,39.5010,44.8061,0.0000,-16.1723,2.5990,-4.5973,12.6867,659.2550,-48.5620
30,5.6250,D#5,75,0.4270,PASS,PASS,,1.9250,2.3957,3,-1.7988,-15.3136,17.0214,17.0214,16.5025,0.0000,-14.2356,2.4828,-2.7814,38.1665,622.2540,-46.6253
31,5.8333,E5,76,0.4620,PASS,PASS,,1.8227,2.4033,3,-1.8735,-15.4544,17.7688,17.7692,17.1866,0.0000,-13.6923,2.5060,-3.0929,30.1944,659.2550,-46.0820
32,6.0417,B4,71,0.4270,PASS,PASS,,2.0701,2.0448,3,-0.0215,-10.0729,8.7706,8.7704,8.7634,0.0000,-8.9951,2.0687,-0.0506,8.8204,493.8830,-41.3848
33,6.2500,D5,74,0.4270,PASS,PASS,,1.9603,2.3027,3,-1.0214,-13.6959,12.2853,12.2849,12.0760,0.0000,-12.6181,2.3718,-1.5744,15.3036,587.3300,-45.0077
34,6.4583,C5,72,0.4270,PASS,PASS,,2.0328,2.1274,3,-0.1750,-11.1199,9.1384,9.1386,9.0926,0.0000,-10.0422,2.1650,-0.2952,9.4868,523.2510,-42.4319
35,6.6667,A4,69,0.4620,PASS,PASS,,2.0721,1.8235,,0.0000,-7.6670,10.2748,10.2748,10.3591,0.0000,-5.9051,1.8235,0.0000,10.2748,440.0000,-38.2948
36,6.6667,A2,45,0.3380,UNVERIFIED,UNVERIFIED,f0 110.0 Hz < 167 Hz: band too narrow for +/-10 ms onset refinement (Re); pitch ,3.6557,0.8043,,0.0000,-1.3409,-0.8126,-0.8126,-0.8416,-0.8126,-11.9268,0.6999,0.0000,-1.9935,110.0000,-44.3165
37,6.8750,E3,52,0.3030,UNVERIFIED,UNVERIFIED,f0 164.8 Hz < 167 Hz: band too narrow for +/-10 ms onset refinement (Re); pitch ,3.3753,1.1126,,0.0000,-2.6192,4.6360,4.6360,4.5572,0.0000,-11.3565,1.0088,0.0000,2.3736,164.8140,-43.7461
38,7.0833,A3,57,0.2780,PASS,PASS,,3.2031,1.4093,,0.0000,-4.3226,18.3702,18.3702,17.9668,0.0000,-11.6260,1.3174,0.0000,11.8415,220.0000,-44.0157
39,7.2917,C4,60,0.4270,PASS,PASS,,2.5273,1.3224,,0.0000,-3.7709,12.1204,12.1204,11.9192,0.0000,-5.9660,1.2595,0.0000,9.2338,261.6260,-38.3557
40,7.5000,E4,64,0.4620,PASS,PASS,,2.2708,1.4971,,0.0000,-4.9274,47.5624,47.5633,43.0252,0.0000,-4.5130,1.4560,0.0000,25.1563,329.6280,-36.9026
41,7.7083,A4,69,0.4270,PASS,PASS,,2.1466,1.8890,,0.0000,-8.3260,9.4303,9.4303,9.4856,0.0000,-7.2482,1.8890,0.0000,9.4303,440.0000,-39.6379
42,7.9167,B4,71,0.4270,PASS,PASS,,2.0701,2.0448,3,-0.0215,-10.0729,8.7706,8.7704,8.7634,0.0000,-8.9951,2.0687,-0.0506,8.8204,493.8830,-41.3848
43,7.9167,E2,40,0.3030,UNVERIFIED,UNVERIFIED,f0 82.4 Hz < 167 Hz: band too narrow for +/-10 ms onset refinement (Re); pitch v,4.1767,0.6884,,0.0000,-0.9767,-2.1100,-2.1098,-2.1299,-2.1100,-14.3110,0.5825,0.0000,-3.0557,82.4070,-46.7007
44,8.1250,E3,52,0.3030,UNVERIFIED,UNVERIFIED,f0 164.8 Hz < 167 Hz: band too narrow for +/-10 ms onset refinement (Re); pitch ,3.3753,1.1126,,0.0000,-2.6192,4.6360,4.6360,4.5572,0.0000,-11.3565,1.0088,0.0000,2.3736,164.8140,-43.7461
45,8.3333,G#3,56,0.3130,PASS,PASS,,3.1006,1.2877,,0.0000,-3.5633,10.4086,10.4085,10.2437,0.0000,-10.2850,1.1963,0.0000,6.9818,207.6520,-42.6747
46,8.5417,E4,64,0.4270,PASS,PASS,,2.3505,1.5496,,0.0000,-5.3138,24.0487,24.0487,24.8077,0.0000,-5.5837,1.5070,0.0000,39.1721,329.6280,-37.9734
47,8.7500,C5,72,0.4270,PASS,PASS,,2.0328,2.1274,3,-0.1750,-11.1199,9.1384,9.1386,9.0926,0.0000,-10.0422,2.1650,-0.2952,9.4868,523.2510,-42.4319
48,8.9583,B4,71,0.4270,PASS,PASS,,2.0701,2.0448,3,-0.0215,-10.0729,8.7706,8.7704,8.7634,0.0000,-8.9951,2.0687,-0.0506,8.8204,493.8830,-41.3848
49,9.1667,A4,69,0.4620,PASS,PASS,,2.0721,1.8235,,0.0000,-7.6670,10.2748,10.2748,10.3591,0.0000,-5.9051,1.8235,0.0000,10.2748,440.0000,-38.2948
50,9.1667,A2,45,0.3380,UNVERIFIED,UNVERIFIED,f0 110.0 Hz < 167 Hz: band too narrow for +/-10 ms onset refinement (Re); pitch ,3.6557,0.8043,,0.0000,-1.3409,-0.8126,-0.8126,-0.8416,-0.8126,-11.9268,0.6999,0.0000,-1.9935,110.0000,-44.3165
51,9.3750,E3,52,0.3030,UNVERIFIED,UNVERIFIED,f0 164.8 Hz < 167 Hz: band too narrow for +/-10 ms onset refinement (Re); pitch ,3.3753,1.1126,,0.0000,-2.6192,4.6360,4.6360,4.5572,0.0000,-11.3565,1.0088,0.0000,2.3736,164.8140,-43.7461
52,9.5833,A3,57,0.3030,PASS,PASS,,3.0881,1.3588,,0.0000,-3.9960,14.2578,14.2576,14.0022,0.0000,-10.5515,1.2701,0.0000,9.6534,220.0000,-42.9412
53,10.0000,A4,69,0.4620,PASS,PASS,,2.0721,1.8235,,0.0000,-7.6670,10.2748,10.2748,10.3591,0.0000,-5.9051,1.8235,0.0000,10.2748,440.0000,-38.2948
54,10.0000,A2,45,0.3380,UNVERIFIED,UNVERIFIED,f0 110.0 Hz < 167 Hz: band too narrow for +/-10 ms onset refinement (Re); pitch ,3.6557,0.8043,,0.0000,-1.3409,-0.8126,-0.8126,-0.8416,-0.8126,-11.9268,0.6999,0.0000,-1.9935,110.0000,-44.3165
55,10.2083,E3,52,0.3030,UNVERIFIED,UNVERIFIED,f0 164.8 Hz < 167 Hz: band too narrow for +/-10 ms onset refinement (Re); pitch ,3.3753,1.1126,,0.0000,-2.6192,4.6360,4.6360,4.5572,0.0000,-11.3565,1.0088,0.0000,2.3736,164.8140,-43.7461
56,10.4167,A3,57,0.2780,PASS,PASS,,3.2031,1.4093,,0.0000,-4.3226,18.3702,18.3702,17.9668,0.0000,-11.6260,1.3174,0.0000,11.8415,220.0000,-44.0157
57,10.6250,B4,71,0.4270,PASS,PASS,,2.0701,2.0448,3,-0.0215,-10.0729,8.7706,8.7704,8.7634,0.0000,-8.9951,2.0687,-0.0506,8.8204,493.8830,-41.3848
58,10.8333,C5,72,0.4620,PASS,PASS,,1.9613,2.0525,3,-0.0296,-10.1676,8.7913,8.7912,8.7812,0.0000,-8.4056,2.0889,-0.0849,8.9064,523.2510,-40.7953
59,11.0417,D5,74,0.4270,PASS,PASS,,1.9603,2.3027,3,-1.0214,-13.6959,12.2853,12.2849,12.0760,0.0000,-12.6181,2.3718,-1.5744,15.3036,587.3300,-45.0077
60,11.2500,E5,76,0.4270,PASS,PASS,,1.8904,2.4925,3,-2.9091,-17.2501,39.5099,39.5010,44.8061,0.0000,-16.1723,2.5990,-4.5973,12.6867,659.2550,-48.5620
61,11.2500,C3,48,0.3030,UNVERIFIED,UNVERIFIED,f0 130.8 Hz < 167 Hz: band too narrow for +/-10 ms onset refinement (Re); pitch ,3.6239,0.9481,,0.0000,-1.8795,1.2807,1.2807,1.2347,0.0000,-12.2535,0.8395,0.0000,-0.3540,130.8130,-44.6432
62,11.4583,G3,55,0.3030,PASS,PASS,,3.1999,1.2544,,0.0000,-3.3704,9.0138,9.0141,8.8740,0.0000,-10.8166,1.1582,0.0000,5.8432,195.9980,-43.2063
63,11.6667,C4,60,0.3130,PASS,PASS,,2.8871,1.5107,,0.0000,-5.0258,36.6024,36.6062,40.5839,0.0000,-9.9186,1.4388,0.0000,22.0147,261.6260,-42.3083
64,11.8750,G4,67,0.4270,PASS,PASS,,2.2260,1.7451,,0.0000,-6.9315,11.8928,11.8929,12.0243,0.0000,-5.8538,1.7254,0.0000,12.4352,391.9950,-38.2434
65,12.0833,F5,77,0.4270,PASS,PASS,,1.8564,2.5932,3,-4.4887,-19.6434,13.1537,13.1526,13.9078,0.0000,-18.5654,2.7209,-7.4421,3.8577,698.4560,-50.9551
66,12.2917,E5,76,0.4270,PASS,PASS,,1.8904,2.4925,3,-2.9091,-17.2501,39.5099,39.5010,44.8061,0.0000,-16.1723,2.5990,-4.5973,12.6867,659.2550,-48.5620
67,12.5000,D5,74,0.4620,PASS,PASS,,1.8908,2.2210,3,-0.5343,-12.4284,10.3211,10.3208,10.2108,0.0000,-10.6663,2.2877,-0.9187,11.8276,587.3300,-43.0560
68,12.5000,G2,43,0.3380,UNVERIFIED,UNVERIFIED,f0 98.0 Hz < 167 Hz: band too narrow for +/-10 ms onset refinement (Re); pitch v,3.7890,0.7426,,0.0000,-1.1396,-1.5396,-1.5396,-1.5633,-1.5396,-12.4665,0.6390,0.0000,-2.5768,97.9990,-44.8562
69,12.7083,G3,55,0.3030,PASS,PASS,,3.1999,1.2544,,0.0000,-3.3704,9.0138,9.0141,8.8740,0.0000,-10.8166,1.1582,0.0000,5.8432,195.9980,-43.2063
70,12.9167,B3,59,0.2780,PASS,PASS,,3.0918,1.5270,,0.0000,-5.1453,29.1724,29.1728,30.6307,0.0000,-11.5344,1.4452,0.0000,23.0127,246.9420,-43.9241
71,13.1250,F4,65,0.4270,PASS,PASS,,2.3082,1.6122,,0.0000,-5.8002,17.5273,17.5278,17.8539,0.0000,-5.5731,1.5765,0.0000,20.5415,349.2280,-37.9628
72,13.3333,E5,76,0.4620,PASS,PASS,,1.8227,2.4033,3,-1.8735,-15.4544,17.7688,17.7692,17.1866,0.0000,-13.6923,2.5060,-3.0929,30.1944,659.2550,-46.0820
73,13.5417,D5,74,0.4270,PASS,PASS,,1.9603,2.3027,3,-1.0214,-13.6959,12.2853,12.2849,12.0760,0.0000,-12.6181,2.3718,-1.5744,15.3036,587.3300,-45.0077
74,13.7500,C5,72,0.4270,PASS,PASS,,2.0328,2.1274,3,-0.1750,-11.1199,9.1384,9.1386,9.0926,0.0000,-10.0422,2.1650,-0.2952,9.4868,523.2510,-42.4319
75,13.7500,A2,45,0.3030,UNVERIFIED,UNVERIFIED,f0 110.0 Hz < 167 Hz: band too narrow for +/-10 ms onset refinement (Re); pitch ,3.8222,0.8409,,0.0000,-1.4687,-0.3364,-0.3364,-0.3689,-0.3364,-13.0043,0.7318,0.0000,-1.6585,110.0000,-45.3939
76,13.9583,E3,52,0.3030,UNVERIFIED,UNVERIFIED,f0 164.8 Hz < 167 Hz: band too narrow for +/-10 ms onset refinement (Re); pitch ,3.3753,1.1126,,0.0000,-2.6192,4.6360,4.6360,4.5572,0.0000,-11.3565,1.0088,0.0000,2.3736,164.8140,-43.7461
77,14.1667,A3,57,0.3130,PASS,PASS,,3.0458,1.3402,,0.0000,-3.8799,13.0973,13.0972,12.8733,0.0000,-10.1533,1.2527,0.0000,8.9567,220.0000,-42.5430
78,14.3750,E4,64,0.4270,PASS,PASS,,2.3505,1.5496,,0.0000,-5.3138,24.0487,24.0487,24.8077,0.0000,-5.5837,1.5070,0.0000,39.1721,329.6280,-37.9734
79,14.5833,D5,74,0.4270,PASS,PASS,,1.9603,2.3027,3,-1.0214,-13.6959,12.2853,12.2849,12.0760,0.0000,-12.6181,2.3718,-1.5744,15.3036,587.3300,-45.0077
80,14.7917,C5,72,0.4270,PASS,PASS,,2.0328,2.1274,3,-0.1750,-11.1199,9.1384,9.1386,9.0926,0.0000,-10.0422,2.1650,-0.2952,9.4868,523.2510,-42.4319
81,15.0000,B4,71,0.4620,PASS,PASS,,1.9976,1.9732,,0.0000,-9.2357,8.8603,8.8604,8.8822,0.0000,-7.4737,1.9962,0.0000,8.7925,493.8830,-39.8634
82,15.0000,E2,40,0.3380,UNVERIFIED,UNVERIFIED,f0 82.4 Hz < 167 Hz: band too narrow for +/-10 ms onset refinement (Re); pitch v,3.9980,0.6589,,0.0000,-0.8937,-2.3940,-2.3941,-2.4121,-2.3940,-13.2784,0.5576,0.0000,-3.2492,82.4070,-45.6681
83,15.2083,E3,52,0.3030,UNVERIFIED,UNVERIFIED,f0 164.8 Hz < 167 Hz: band too narrow for +/-10 ms onset refinement (Re); pitch ,3.3753,1.1126,,0.0000,-2.6192,4.6360,4.6360,4.5572,0.0000,-11.3565,1.0088,0.0000,2.3736,164.8140,-43.7461
84,15.4167,E4,64,0.2780,PASS,PASS,,2.8359,1.8696,,0.0000,-8.1264,9.6436,9.6434,9.7079,0.0000,-12.1239,1.8183,0.0000,10.3700,329.6280,-44.5136
85,15.6250,E4,64,0.4270,PASS,PASS,,2.3505,1.5496,,0.0000,-5.3138,24.0487,24.0487,24.8077,0.0000,-5.5837,1.5070,0.0000,39.1721,329.6280,-37.9734
86,15.8333,E5,76,0.4370,PASS,PASS,,1.8702,2.4659,3,-2.5697,-16.6884,28.3989,28.3996,26.1396,0.0000,-15.4097,2.5713,-4.1018,15.6397,659.2550,-47.7994
87,16.0417,E4,64,0.3030,PASS,PASS,,2.7311,1.8005,,0.0000,-7.4455,10.6836,10.6835,10.7810,0.0000,-10.6949,1.7511,0.0000,11.7555,329.6280,-43.0846
88,16.2500,E5,76,0.2780,FAIL,PASS,no onset in near-silent fundamental band 639.7-679.3 Hz (pre-onset floor -186.3 ,2.3056,3.0400,3,-24.0451,-42.3652,-16.2880,-16.2894,-18.4668,-16.2880,-45.0207,3.1699,-11.5764,-2.4596,659.2550,-77.4104
89,16.4583,E5,76,0.4270,PASS,PASS,,1.8904,2.4925,3,-2.9091,-17.2501,39.5099,39.5010,44.8061,0.0000,-16.1723,2.5990,-4.5973,12.6867,659.2550,-48.5620
90,16.6667,E6,88,0.4370,PASS,PASS,,1.5029,3.9631,3,-0.0146,-23.3644,7.5854,7.5846,7.5459,0.0000,-22.0864,4.4691,-2.6082,21.0877,1318.5100,-54.4761
91,16.8750,D#5,75,0.3030,PASS,PASS,,2.2546,2.8059,3,-10.4521,-27.1951,-1.1622,-1.1620,-0.6697,-1.1622,-29.0962,2.9078,-16.8159,-8.8289,622.2540,-61.4859
92,17.0833,E5,76,0.2780,FAIL,PASS,no onset in near-silent fundamental band 639.7-679.3 Hz (pre-onset floor -240.0 ,2.3056,3.0400,3,-24.0451,-42.3652,-16.2880,-16.2894,-18.4668,-16.2880,-45.0207,3.1699,-11.5764,-2.4596,659.2550,-77.4104
93,17.2917,D#5,75,0.4270,PASS,PASS,,1.9250,2.3957,3,-1.7988,-15.3136,17.0214,17.0214,16.5025,0.0000,-14.2356,2.4828,-2.7814,38.1665,622.2540,-46.6253
94,17.5000,E5,76,0.4620,PASS,PASS,,1.8227,2.4033,3,-1.8735,-15.4544,17.7688,17.7692,17.1866,0.0000,-13.6923,2.5060,-3.0929,30.1944,659.2550,-46.0820
95,17.7083,D#5,75,0.3030,PASS,PASS,,2.2546,2.8059,3,-10.4521,-27.1951,-1.1622,-1.1620,-0.6697,-1.1622,-29.0962,2.9078,-16.8159,-8.8289,622.2540,-61.4859
96,17.9167,E5,76,0.2780,FAIL,PASS,no onset in near-silent fundamental band 639.7-679.3 Hz (pre-onset floor -177.8 ,2.3056,3.0400,3,-24.0451,-42.3652,-16.2880,-16.2894,-18.4668,-16.2880,-45.0207,3.1699,-11.5764,-2.4596,659.2550,-77.4104
97,18.1250,D#5,75,0.4270,PASS,PASS,,1.9250,2.3957,3,-1.7988,-15.3136,17.0214,17.0214,16.5025,0.0000,-14.2356,2.4828,-2.7814,38.1665,622.2540,-46.6253
98,18.3333,E5,76,0.4620,PASS,PASS,,1.8227,2.4033,3,-1.8735,-15.4544,17.7688,17.7692,17.1866,0.0000,-13.6923,2.5060,-3.0929,30.1944,659.2550,-46.0820
99,18.5417,D#5,75,0.4270,PASS,PASS,,1.9250,2.3957,3,-1.7988,-15.3136,17.0214,17.0214,16.5025,0.0000,-14.2356,2.4828,-2.7814,38.1665,622.2540,-46.6253
100,18.7500,E5,76,0.4270,PASS,PASS,,1.8904,2.4925,3,-2.9091,-17.2501,39.5099,39.5010,44.8061,0.0000,-16.1723,2.5990,-4.5973,12.6867,659.2550,-48.5620
101,18.9583,D#5,75,0.4270,PASS,PASS,,1.9250,2.3957,3,-1.7988,-15.3136,17.0214,17.0214,16.5025,0.0000,-14.2356,2.4828,-2.7814,38.1665,622.2540,-46.6253
102,19.1667,E5,76,0.4620,PASS,PASS,,1.8227,2.4033,3,-1.8735,-15.4544,17.7688,17.7692,17.1866,0.0000,-13.6923,2.5060,-3.0929,30.1944,659.2550,-46.0820
103,19.3750,B4,71,0.4270,PASS,PASS,,2.0701,2.0448,3,-0.0215,-10.0729,8.7706,8.7704,8.7634,0.0000,-8.9951,2.0687,-0.0506,8.8204,493.8830,-41.3848
104,19.5833,D5,74,0.4270,PASS,PASS,,1.9603,2.3027,3,-1.0214,-13.6959,12.2853,12.2849,12.0760,0.0000,-12.6181,2.3718,-1.5744,15.3036,587.3300,-45.0077
105,19.7917,C5,72,0.4270,PASS,PASS,,2.0328,2.1274,3,-0.1750,-11.1199,9.1384,9.1386,9.0926,0.0000,-10.0422,2.1650,-0.2952,9.4868,523.2510,-42.4319
106,20.0000,A4,69,0.4620,PASS,PASS,,2.0721,1.8235,,0.0000,-7.6670,10.2748,10.2748,10.3591,0.0000,-5.9051,1.8235,0.0000,10.2748,440.0000,-38.2948
107,20.0000,A2,45,0.3380,UNVERIFIED,UNVERIFIED,f0 110.0 Hz < 167 Hz: band too narrow for +/-10 ms onset refinement (Re); pitch ,3.6557,0.8043,,0.0000,-1.3409,-0.8126,-0.8126,-0.8416,-0.8126,-11.9268,0.6999,0.0000,-1.9935,110.0000,-44.3165
108,20.2083,E3,52,0.3030,UNVERIFIED,UNVERIFIED,f0 164.8 Hz < 167 Hz: band too narrow for +/-10 ms onset refinement (Re); pitch ,3.3753,1.1126,,0.0000,-2.6192,4.6360,4.6360,4.5572,0.0000,-11.3565,1.0088,0.0000,2.3736,164.8140,-43.7461
109,20.4167,A3,57,0.2780,PASS,PASS,,3.2031,1.4093,,0.0000,-4.3226,18.3702,18.3702,17.9668,0.0000,-11.6260,1.3174,0.0000,11.8415,220.0000,-44.0157
110,20.6250,C4,60,0.4270,PASS,PASS,,2.5273,1.3224,,0.0000,-3.7709,12.1204,12.1204,11.9192,0.0000,-5.9660,1.2595,0.0000,9.2338,261.6260,-38.3557
111,20.8333,E4,64,0.4620,PASS,PASS,,2.2708,1.4971,,0.0000,-4.9274,47.5624,47.5633,43.0252,0.0000,-4.5130,1.4560,0.0000,25.1563,329.6280,-36.9026
112,21.0417,A4,69,0.4270,PASS,PASS,,2.1466,1.8890,,0.0000,-8.3260,9.4303,9.4303,9.4856,0.0000,-7.2482,1.8890,0.0000,9.4303,440.0000,-39.6379
113,21.2500,B4,71,0.4270,PASS,PASS,,2.0701,2.0448,3,-0.0215,-10.0729,8.7706,8.7704,8.7634,0.0000,-8.9951,2.0687,-0.0506,8.8204,493.8830,-41.3848
114,21.2500,E2,40,0.3030,UNVERIFIED,UNVERIFIED,f0 82.4 Hz < 167 Hz: band too narrow for +/-10 ms onset refinement (Re); pitch v,4.1767,0.6884,,0.0000,-0.9767,-2.1100,-2.1098,-2.1299,-2.1100,-14.3110,0.5825,0.0000,-3.0557,82.4070,-46.7007
115,21.4583,E3,52,0.3030,UNVERIFIED,UNVERIFIED,f0 164.8 Hz < 167 Hz: band too narrow for +/-10 ms onset refinement (Re); pitch ,3.3753,1.1126,,0.0000,-2.6192,4.6360,4.6360,4.5572,0.0000,-11.3565,1.0088,0.0000,2.3736,164.8140,-43.7461
116,21.6667,G#3,56,0.3130,PASS,PASS,,3.1006,1.2877,,0.0000,-3.5633,10.4086,10.4085,10.2437,0.0000,-10.2850,1.1963,0.0000,6.9818,207.6520,-42.6747
117,21.8750,E4,64,0.4270,PASS,PASS,,2.3505,1.5496,,0.0000,-5.3138,24.0487,24.0487,24.8077,0.0000,-5.5837,1.5070,0.0000,39.1721,329.6280,-37.9734
118,22.0833,G#4,68,0.4270,PASS,PASS,,2.1859,1.8157,,0.0000,-7.5911,10.4052,10.4054,10.4937,0.0000,-6.5134,1.8053,0.0000,10.5848,415.3050,-38.9031
119,22.2917,B4,71,0.4270,PASS,PASS,,2.0701,2.0448,3,-0.0215,-10.0729,8.7706,8.7704,8.7634,0.0000,-8.9951,2.0687,-0.0506,8.8204,493.8830,-41.3848
120,22.5000,C5,72,0.4620,PASS,PASS,,1.9613,2.0525,3,-0.0296,-10.1676,8.7913,8.7912,8.7812,0.0000,-8.4056,2.0889,-0.0849,8.9064,523.2510,-40.7953
121,22.5000,A2,45,0.3380,UNVERIFIED,UNVERIFIED,f0 110.0 Hz < 167 Hz: band too narrow for +/-10 ms onset refinement (Re); pitch ,3.6557,0.8043,,0.0000,-1.3409,-0.8126,-0.8126,-0.8416,-0.8126,-11.9268,0.6999,0.0000,-1.9935,110.0000,-44.3165
122,22.7083,E3,52,0.3030,UNVERIFIED,UNVERIFIED,f0 164.8 Hz < 167 Hz: band too narrow for +/-10 ms onset refinement (Re); pitch ,3.3753,1.1126,,0.0000,-2.6192,4.6360,4.6360,4.5572,0.0000,-11.3565,1.0088,0.0000,2.3736,164.8140,-43.7461
123,22.9167,A3,57,0.2780,PASS,PASS,,3.2031,1.4093,,0.0000,-4.3226,18.3702,18.3702,17.9668,0.0000,-11.6260,1.3174,0.0000,11.8415,220.0000,-44.0157
124,23.1250,E4,64,0.4270,PASS,PASS,,2.3505,1.5496,,0.0000,-5.3138,24.0487,24.0487,24.8077,0.0000,-5.5837,1.5070,0.0000,39.1721,329.6280,-37.9734
125,23.3333,E5,76,0.4620,PASS,PASS,,1.8227,2.4033,3,-1.8735,-15.4544,17.7688,17.7692,17.1866,0.0000,-13.6923,2.5060,-3.0929,30.1944,659.2550,-46.0820
126,23.5417,D#5,75,0.4270,PASS,PASS,,1.9250,2.3957,3,-1.7988,-15.3136,17.0214,17.0214,16.5025,0.0000,-14.2356,2.4828,-2.7814,38.1665,622.2540,-46.6253
127,23.7500,E5,76,0.4270,PASS,PASS,,1.8904,2.4925,3,-2.9091,-17.2501,39.5099,39.5010,44.8061,0.0000,-16.1723,2.5990,-4.5973,12.6867,659.2550,-48.5620
128,23.9583,D#5,75,0.4270,PASS,PASS,,1.9250,2.3957,3,-1.7988,-15.3136,17.0214,17.0214,16.5025,0.0000,-14.2356,2.4828,-2.7814,38.1665,622.2540,-46.6253
129,24.1667,E5,76,0.4620,PASS,PASS,,1.8227,2.4033,3,-1.8735,-15.4544,17.7688,17.7692,17.1866,0.0000,-13.6923,2.5060,-3.0929,30.1944,659.2550,-46.0820
130,24.3750,B4,71,0.4270,PASS,PASS,,2.0701,2.0448,3,-0.0215,-10.0729,8.7706,8.7704,8.7634,0.0000,-8.9951,2.0687,-0.0506,8.8204,493.8830,-41.3848
131,24.5833,D5,74,0.4270,PASS,PASS,,1.9603,2.3027,3,-1.0214,-13.6959,12.2853,12.2849,12.0760,0.0000,-12.6181,2.3718,-1.5744,15.3036,587.3300,-45.0077
132,24.7917,C5,72,0.4270,PASS,PASS,,2.0328,2.1274,3,-0.1750,-11.1199,9.1384,9.1386,9.0926,0.0000,-10.0422,2.1650,-0.2952,9.4868,523.2510,-42.4319
133,25.0000,A4,69,0.4620,PASS,PASS,,2.0721,1.8235,,0.0000,-7.6670,10.2748,10.2748,10.3591,0.0000,-5.9051,1.8235,0.0000,10.2748,440.0000,-38.2948
134,25.0000,A2,45,0.3380,UNVERIFIED,UNVERIFIED,f0 110.0 Hz < 167 Hz: band too narrow for +/-10 ms onset refinement (Re); pitch ,3.6557,0.8043,,0.0000,-1.3409,-0.8126,-0.8126,-0.8416,-0.8126,-11.9268,0.6999,0.0000,-1.9935,110.0000,-44.3165
135,25.2083,E3,52,0.3030,UNVERIFIED,UNVERIFIED,f0 164.8 Hz < 167 Hz: band too narrow for +/-10 ms onset refinement (Re); pitch ,3.3753,1.1126,,0.0000,-2.6192,4.6360,4.6360,4.5572,0.0000,-11.3565,1.0088,0.0000,2.3736,164.8140,-43.7461
136,25.4167,A3,57,0.2780,PASS,PASS,,3.2031,1.4093,,0.0000,-4.3226,18.3702,18.3702,17.9668,0.0000,-11.6260,1.3174,0.0000,11.8415,220.0000,-44.0157
137,25.6250,C4,60,0.4270,PASS,PASS,,2.5273,1.3224,,0.0000,-3.7709,12.1204,12.1204,11.9192,0.0000,-5.9660,1.2595,0.0000,9.2338,261.6260,-38.3557
138,25.8333,E4,64,0.4620,PASS,PASS,,2.2708,1.4971,,0.0000,-4.9274,47.5624,47.5633,43.0252,0.0000,-4.5130,1.4560,0.0000,25.1563,329.6280,-36.9026
139,26.0417,A4,69,0.4270,PASS,PASS,,2.1466,1.8890,,0.0000,-8.3260,9.4303,9.4303,9.4856,0.0000,-7.2482,1.8890,0.0000,9.4303,440.0000,-39.6379
140,26.2500,B4,71,0.4270,PASS,PASS,,2.0701,2.0448,3,-0.0215,-10.0729,8.7706,8.7704,8.7634,0.0000,-8.9951,2.0687,-0.0506,8.8204,493.8830,-41.3848
141,26.2500,E2,40,0.3030,UNVERIFIED,UNVERIFIED,f0 82.4 Hz < 167 Hz: band too narrow for +/-10 ms onset refinement (Re); pitch v,4.1767,0.6884,,0.0000,-0.9767,-2.1100,-2.1098,-2.1299,-2.1100,-14.3110,0.5825,0.0000,-3.0557,82.4070,-46.7007
142,26.4583,E3,52,0.3030,UNVERIFIED,UNVERIFIED,f0 164.8 Hz < 167 Hz: band too narrow for +/-10 ms onset refinement (Re); pitch ,3.3753,1.1126,,0.0000,-2.6192,4.6360,4.6360,4.5572,0.0000,-11.3565,1.0088,0.0000,2.3736,164.8140,-43.7461
143,26.6667,G#3,56,0.3130,PASS,PASS,,3.1006,1.2877,,0.0000,-3.5633,10.4086,10.4085,10.2437,0.0000,-10.2850,1.1963,0.0000,6.9818,207.6520,-42.6747
144,26.8750,E4,64,0.4270,PASS,PASS,,2.3505,1.5496,,0.0000,-5.3138,24.0487,24.0487,24.8077,0.0000,-5.5837,1.5070,0.0000,39.1721,329.6280,-37.9734
145,27.0833,C5,72,0.4270,PASS,PASS,,2.0328,2.1274,3,-0.1750,-11.1199,9.1384,9.1386,9.0926,0.0000,-10.0422,2.1650,-0.2952,9.4868,523.2510,-42.4319
146,27.2917,B4,71,0.4270,PASS,PASS,,2.0701,2.0448,3,-0.0215,-10.0729,8.7706,8.7704,8.7634,0.0000,-8.9951,2.0687,-0.0506,8.8204,493.8830,-41.3848
147,27.5000,A4,69,0.4620,PASS,PASS,,2.0721,1.8235,,0.0000,-7.6670,10.2748,10.2748,10.3591,0.0000,-5.9051,1.8235,0.0000,10.2748,440.0000,-38.2948
148,27.5000,A2,45,0.3380,UNVERIFIED,UNVERIFIED,f0 110.0 Hz < 167 Hz: band too narrow for +/-10 ms onset refinement (Re); pitch ,3.6557,0.8043,,0.0000,-1.3409,-0.8126,-0.8126,-0.8416,-0.8126,-11.9268,0.6999,0.0000,-1.9935,110.0000,-44.3165
149,27.7083,E3,52,0.3030,UNVERIFIED,UNVERIFIED,f0 164.8 Hz < 167 Hz: band too narrow for +/-10 ms onset refinement (Re); pitch ,3.3753,1.1126,,0.0000,-2.6192,4.6360,4.6360,4.5572,0.0000,-11.3565,1.0088,0.0000,2.3736,164.8140,-43.7461
150,27.9167,A3,57,0.2780,PASS,PASS,,3.2031,1.4093,,0.0000,-4.3226,18.3702,18.3702,17.9668,0.0000,-11.6260,1.3174,0.0000,11.8415,220.0000,-44.0157
151,28.1250,B4,71,0.4270,PASS,PASS,,2.0701,2.0448,3,-0.0215,-10.0729,8.7706,8.7704,8.7634,0.0000,-8.9951,2.0687,-0.0506,8.8204,493.8830,-41.3848
152,28.3333,C5,72,0.4620,PASS,PASS,,1.9613,2.0525,3,-0.0296,-10.1676,8.7913,8.7912,8.7812,0.0000,-8.4056,2.0889,-0.0849,8.9064,523.2510,-40.7953
153,28.5417,D5,74,0.4270,PASS,PASS,,1.9603,2.3027,3,-1.0214,-13.6959,12.2853,12.2849,12.0760,0.0000,-12.6181,2.3718,-1.5744,15.3036,587.3300,-45.0077
154,28.7500,A4,69,0.4270,PASS,PASS,,2.1466,1.8890,,0.0000,-8.3260,9.4303,9.4303,9.4856,0.0000,-7.2482,1.8890,0.0000,9.4303,440.0000,-39.6379
155,28.7500,A2,45,0.3030,UNVERIFIED,UNVERIFIED,f0 110.0 Hz < 167 Hz: band too narrow for +/-10 ms onset refinement (Re); pitch ,3.8222,0.8409,,0.0000,-1.4687,-0.3364,-0.3364,-0.3689,-0.3364,-13.0043,0.7318,0.0000,-1.6585,110.0000,-45.3939
156,28.9583,E3,52,0.3030,UNVERIFIED,UNVERIFIED,f0 164.8 Hz < 167 Hz: band too narrow for +/-10 ms onset refinement (Re); pitch ,3.3753,1.1126,,0.0000,-2.6192,4.6360,4.6360,4.5572,0.0000,-11.3565,1.0088,0.0000,2.3736,164.8140,-43.7461
157,29.1667,A3,57,0.3380,PASS,PASS,,2.9481,1.2972,,0.0000,-3.6192,10.8452,10.8450,10.6719,0.0000,-9.2252,1.2125,0.0000,7.5123,220.0000,-41.6149
158,29.3750,E4,64,0.4270,PASS,PASS,,2.3505,1.5496,,0.0000,-5.3138,24.0487,24.0487,24.8077,0.0000,-5.5837,1.5070,0.0000,39.1721,329.6280,-37.9734
159,29.3750,C5,72,0.4520,PASS,PASS,,1.9809,2.0731,3,-0.0573,-10.4212,8.8445,8.8444,8.8251,0.0000,-8.8492,2.1098,-0.1297,9.0177,523.2510,-41.2389
160,29.3750,A#3,58,0.3030,PASS,PASS,,3.0336,1.4142,,0.0000,-4.3546,18.8830,18.8831,18.4570,0.0000,-10.4558,1.3301,0.0000,12.5296,233.0820,-42.8455
161,29.3750,C4,60,0.3280,PASS,PASS,,2.8297,1.4807,,0.0000,-4.8105,32.5882,32.5898,30.7441,0.0000,-9.2969,1.4102,0.0000,18.4927,261.6260,-41.6866
162,29.5833,F4,65,0.4270,PASS,PASS,,2.3082,1.6122,,0.0000,-5.8002,17.5273,17.5278,17.8539,0.0000,-5.5731,1.5765,0.0000,20.5415,349.2280,-37.9628
163,29.5833,C5,72,0.4520,PASS,PASS,,1.9809,2.0731,3,-0.0573,-10.4212,8.8445,8.8444,8.8251,0.0000,-8.8492,2.1098,-0.1297,9.0177,523.2510,-41.2389
164,29.5833,A3,57,0.3030,PASS,PASS,,3.0881,1.3588,,0.0000,-3.9960,14.2578,14.2576,14.0022,0.0000,-10.5515,1.2701,0.0000,9.6534,220.0000,-42.9412
165,29.5833,C4,60,0.3280,PASS,PASS,,2.8297,1.4807,,0.0000,-4.8105,32.5882,32.5898,30.7441,0.0000,-9.2969,1.4102,0.0000,18.4927,261.6260,-41.6866
166,29.7917,E4,64,0.4270,PASS,PASS,,2.3505,1.5496,,0.0000,-5.3138,24.0487,24.0487,24.8077,0.0000,-5.5837,1.5070,0.0000,39.1721,329.6280,-37.9734
167,29.7917,G4,67,0.4270,PASS,PASS,,2.2260,1.7451,,0.0000,-6.9315,11.8928,11.8929,12.0243,0.0000,-5.8538,1.7254,0.0000,12.4352,391.9950,-38.2434
168,29.7917,C5,72,0.4270,PASS,PASS,,2.0328,2.1274,3,-0.1750,-11.1199,9.1384,9.1386,9.0926,0.0000,-10.0422,2.1650,-0.2952,9.4868,523.2510,-42.4319
169,29.7917,G3,55,0.3030,PASS,PASS,,3.1999,1.2544,,0.0000,-3.3704,9.0138,9.0141,8.8740,0.0000,-10.8166,1.1582,0.0000,5.8432,195.9980,-43.2063
170,29.7917,A#3,58,0.3030,PASS,PASS,,3.0336,1.4142,,0.0000,-4.3546,18.8830,18.8831,18.4570,0.0000,-10.4558,1.3301,0.0000,12.5296,233.0820,-42.8455
171,29.7917,C4,60,0.3030,PASS,PASS,,2.9275,1.5318,,0.0000,-5.1813,27.7805,27.7809,29.0017,0.0000,-10.3562,1.4590,0.0000,25.6695,261.6260,-42.7459
172,29.9045,F4,65,0.4270,PASS,PASS,,2.3082,1.6122,,0.0000,-5.8002,17.5273,17.5278,17.8539,0.0000,-5.5731,1.5765,0.0000,20.5415,349.2280,-37.9628
173,29.9522,A4,69,0.4270,PASS,PASS,,2.1466,1.8890,,0.0000,-8.3260,9.4303,9.4303,9.4856,0.0000,-7.2482,1.8890,0.0000,9.4303,440.0000,-39.6379
174,30.0000,C5,72,0.4620,PASS,PASS,,1.9613,2.0525,3,-0.0296,-10.1676,8.7913,8.7912,8.7812,0.0000,-8.4056,2.0889,-0.0849,8.9064,523.2510,-40.7953
175,30.0000,F3,53,0.3380,PASS,PASS,,3.1674,1.1061,,0.0000,-2.5876,4.4791,4.4791,4.4018,0.0000,-9.9510,1.0090,0.0000,2.3786,174.6140,-42.3407
176,30.2083,A3,57,0.3030,PASS,PASS,,3.0881,1.3588,,0.0000,-3.9960,14.2578,14.2576,14.0022,0.0000,-10.5515,1.2701,0.0000,9.6534,220.0000,-42.9412
177,30.4167,C4,60,0.3030,PASS,PASS,,2.9275,1.5318,,0.0000,-5.1813,27.7805,27.7809,29.0017,0.0000,-10.3562,1.4590,0.0000,25.6695,261.6260,-42.7459
178,30.6250,A3,57,0.3030,PASS,PASS,,3.0881,1.3588,,0.0000,-3.9960,14.2578,14.2576,14.0022,0.0000,-10.5515,1.2701,0.0000,9.6534,220.0000,-42.9412
179,30.8333,F5,77,0.4620,PASS,PASS,,1.7896,2.4999,3,-3.0096,-17.4123,33.0061,33.0171,40.3823,0.0000,-15.6501,2.6231,-5.0662,10.4916,698.4560,-48.0398
180,30.8333,C4,60,0.3380,PASS,PASS,,2.7936,1.4617,,0.0000,-4.6778,26.3060,26.3068,25.3529,0.0000,-8.9032,1.3922,0.0000,16.7980,261.6260,-41.2929
181,31.0417,A3,57,0.3030,PASS,PASS,,3.0881,1.3588,,0.0000,-3.9960,14.2578,14.2576,14.0022,0.0000,-10.5515,1.2701,0.0000,9.6534,220.0000,-42.9412
182,31.1458,E5,76,0.4520,PASS,PASS,,1.8413,2.4277,3,-2.1287,-15.9218,20.3644,20.3645,19.5152,0.0000,-14.3495,2.5315,-3.4620,21.9587,659.2550,-46.7392
183,31.2500,E5,76,0.4270,PASS,PASS,,1.8904,2.4925,3,-2.9091,-17.2501,39.5099,39.5010,44.8061,0.0000,-16.1723,2.5990,-4.5973,12.6867,659.2550,-48.5620
184,31.2500,F3,53,0.3030,PASS,PASS,,3.3158,1.1580,,0.0000,-2.8478,5.8340,5.8338,5.7406,0.0000,-11.1607,1.0563,0.0000,3.3391,174.6140,-43.5504
185,31.4583,A#3,58,0.3030,PASS,PASS,,3.0336,1.4142,,0.0000,-4.3546,18.8830,18.8831,18.4570,0.0000,-10.4558,1.3301,0.0000,12.5296,233.0820,-42.8455
186,31.6667,D5,74,0.4620,PASS,PASS,,1.8908,2.2210,3,-0.5343,-12.4284,10.3211,10.3208,10.2108,0.0000,-10.6663,2.2877,-0.9187,11.8276,587.3300,-43.0560
187,31.6667,D4,62,0.3380,PASS,PASS,,2.6969,1.5840,,0.0000,-5.5776,19.8476,19.8478,20.2932,0.0000,-8.8527,1.5242,0.0000,29.9234,293.6650,-41.2424
188,31.8750,A#3,58,0.3030,PASS,PASS,,3.0336,1.4142,,0.0000,-4.3546,18.8830,18.8831,18.4570,0.0000,-10.4558,1.3301,0.0000,12.5296,233.0820,-42.8455
189,32.0833,A#5,82,0.4270,PASS,PASS,,1.6951,3.1608,3,-12.0465,-31.1221,-2.7538,-2.7530,-3.4120,-2.7538,-30.0468,3.4243,-4.1773,20.4508,932.3280,-62.4365
190,32.0833,D4,62,0.3030,PASS,PASS,,2.8277,1.6608,,0.0000,-6.1975,14.8368,14.8368,15.0590,0.0000,-10.4221,1.5981,0.0000,18.6132,293.6650,-42.8118
191,32.2917,A#3,58,0.3030,PASS,PASS,,3.0336,1.4142,,0.0000,-4.3546,18.8830,18.8831,18.4570,0.0000,-10.4558,1.3301,0.0000,12.5296,233.0820,-42.8455
192,32.3958,A5,81,0.4520,FAIL,PASS,no onset in near-silent fundamental band 853.3-906.0 Hz (pre-onset floor -172.6 ,1.6804,2.9575,3,-23.5162,-41.2986,-15.7511,-15.7487,-14.1534,-15.7511,-39.7233,3.1833,-10.9353,-1.2826,880.0000,-72.1130
193,32.5000,A5,81,0.4620,PASS,PASS,,1.6631,2.9271,3,-18.8392,-36.4186,-10.9658,-10.9664,-9.9815,-10.9658,-34.6529,3.1505,-12.6056,-3.5614,880.0000,-67.0426
194,32.5000,F3,53,0.3380,PASS,PASS,,3.1674,1.1061,,0.0000,-2.5876,4.4791,4.4791,4.4018,0.0000,-9.9510,1.0090,0.0000,2.3786,174.6140,-42.3407
195,32.7083,G5,79,0.4270,PASS,FAIL,,1.7901,2.8068,3,-10.4929,-27.2426,-1.2918,-1.2914,-0.8041,-1.2918,-26.1639,2.9825,-31.2343,-23.5168,783.9910,-58.5536
196,32.7083,E4,64,0.3030,PASS,PASS,,2.7311,1.8005,,0.0000,-7.4455,10.6836,10.6835,10.7810,0.0000,-10.6949,1.7511,0.0000,11.7555,329.6280,-43.0846
197,32.9167,F5,77,0.4270,PASS,PASS,,1.8564,2.5932,3,-4.4887,-19.6434,13.1537,13.1526,13.9078,0.0000,-18.5654,2.7209,-7.4421,3.8577,698.4560,-50.9551
198,32.9167,F3,53,0.3030,PASS,PASS,,3.3158,1.1580,,0.0000,-2.8478,5.8340,5.8338,5.7406,0.0000,-11.1607,1.0563,0.0000,3.3391,174.6140,-43.5504
199,32.9167,G3,55,0.3030,PASS,PASS,,3.1999,1.2544,,0.0000,-3.3704,9.0138,9.0141,8.8740,0.0000,-10.8166,1.1582,0.0000,5.8432,195.9980,-43.2063
200,32.9167,A#3,58,0.3030,PASS,PASS,,3.0336,1.4142,,0.0000,-4.3546,18.8830,18.8831,18.4570,0.0000,-10.4558,1.3301,0.0000,12.5296,233.0820,-42.8455
201,33.1250,E5,76,0.4270,PASS,PASS,,1.8904,2.4925,3,-2.9091,-17.2501,39.5099,39.5010,44.8061,0.0000,-16.1723,2.5990,-4.5973,12.6867,659.2550,-48.5620
202,33.1250,E4,64,0.3030,PASS,PASS,,2.7311,1.8005,,0.0000,-7.4455,10.6836,10.6835,10.7810,0.0000,-10.6949,1.7511,0.0000,11.7555,329.6280,-43.0846
203,33.3333,D5,74,0.4620,PASS,PASS,,1.8908,2.2210,3,-0.5343,-12.4284,10.3211,10.3208,10.2108,0.0000,-10.6663,2.2877,-0.9187,11.8276,587.3300,-43.0560
204,33.3333,F3,53,0.3380,PASS,PASS,,3.1674,1.1061,,0.0000,-2.5876,4.4791,4.4791,4.4018,0.0000,-9.9510,1.0090,0.0000,2.3786,174.6140,-42.3407
205,33.3333,G3,55,0.3380,PASS,PASS,,3.0558,1.1979,,0.0000,-3.0579,7.0290,7.0290,6.9200,0.0000,-9.5544,1.1060,0.0000,4.4786,195.9980,-41.9441
206,33.3333,A#3,58,0.3380,PASS,PASS,,2.8957,1.3499,,0.0000,-3.9401,13.6902,13.6901,13.4505,0.0000,-9.0919,1.2696,0.0000,9.6374,233.0820,-41.4816
207,33.5417,C5,72,0.4270,PASS,PASS,,2.0328,2.1274,3,-0.1750,-11.1199,9.1384,9.1386,9.0926,0.0000,-10.0422,2.1650,-0.2952,9.4868,523.2510,-42.4319
208,33.5417,E4,64,0.3030,PASS,PASS,,2.7311,1.8005,,0.0000,-7.4455,10.6836,10.6835,10.7810,0.0000,-10.6949,1.7511,0.0000,11.7555,329.6280,-43.0846
209,33.7500,A#4,70,0.4270,PASS,PASS,,2.1080,1.9654,,0.0000,-9.1482,8.8878,8.8879,8.9127,0.0000,-8.0704,1.9768,0.0000,8.8430,466.1640,-40.4601
210,33.7500,F3,53,0.3030,PASS,PASS,,3.3158,1.1580,,0.0000,-2.8478,5.8340,5.8338,5.7406,0.0000,-11.1607,1.0563,0.0000,3.3391,174.6140,-43.5504
211,33.9583,A3,57,0.3030,PASS,PASS,,3.0881,1.3588,,0.0000,-3.9960,14.2578,14.2576,14.0022,0.0000,-10.5515,1.2701,0.0000,9.6534,220.0000,-42.9412
212,34.1667,A4,69,0.4620,PASS,PASS,,2.0721,1.8235,,0.0000,-7.6670,10.2748,10.2748,10.3591,0.0000,-5.9051,1.8235,0.0000,10.2748,440.0000,-38.2948
213,34.1667,C4,60,0.3380,PASS,PASS,,2.7936,1.4617,,0.0000,-4.6778,26.3060,26.3068,25.3529,0.0000,-8.9032,1.3922,0.0000,16.7980,261.6260,-41.2929
214,34.3750,A3,57,0.3030,PASS,PASS,,3.0881,1.3588,,0.0000,-3.9960,14.2578,14.2576,14.0022,0.0000,-10.5515,1.2701,0.0000,9.6534,220.0000,-42.9412
215,34.5594,A#4,70,0.4270,PASS,PASS,,2.1080,1.9654,,0.0000,-9.1482,8.8878,8.8879,8.9127,0.0000,-8.0704,1.9768,0.0000,8.8430,466.1640,-40.4601
216,34.5833,A4,69,0.4270,PASS,PASS,,2.1466,1.8890,,0.0000,-8.3260,9.4303,9.4303,9.4856,0.0000,-7.2482,1.8890,0.0000,9.4303,440.0000,-39.6379
217,34.5833,C4,60,0.3030,PASS,PASS,,2.9275,1.5318,,0.0000,-5.1813,27.7805,27.7809,29.0017,0.0000,-10.3562,1.4590,0.0000,25.6695,261.6260,-42.7459
218,34.6875,G4,67,0.4270,PASS,PASS,,2.2260,1.7451,,0.0000,-6.9315,11.8928,11.8929,12.0243,0.0000,-5.8538,1.7254,0.0000,12.4352,391.9950,-38.2434
219,34.7917,A4,69,0.4270,PASS,PASS,,2.1466,1.8890,,0.0000,-8.3260,9.4303,9.4303,9.4856,0.0000,-7.2482,1.8890,0.0000,9.4303,440.0000,-39.6379
220,34.7917,A3,57,0.3030,PASS,PASS,,3.0881,1.3588,,0.0000,-3.9960,14.2578,14.2576,14.0022,0.0000,-10.5515,1.2701,0.0000,9.6534,220.0000,-42.9412
221,34.8958,A#4,70,0.4270,PASS,PASS,,2.1080,1.9654,,0.0000,-9.1482,8.8878,8.8879,8.9127,0.0000,-8.0704,1.9768,0.0000,8.8430,466.1640,-40.4601
222,35.0000,C5,72,0.4620,PASS,PASS,,1.9613,2.0525,3,-0.0296,-10.1676,8.7913,8.7912,8.7812,0.0000,-8.4056,2.0889,-0.0849,8.9064,523.2510,-40.7953
223,35.0000,F3,53,0.3380,PASS,PASS,,3.1674,1.1061,,0.0000,-2.5876,4.4791,4.4791,4.4018,0.0000,-9.9510,1.0090,0.0000,2.3786,174.6140,-42.3407
224,35.2083,A3,57,0.3030,PASS,PASS,,3.0881,1.3588,,0.0000,-3.9960,14.2578,14.2576,14.0022,0.0000,-10.5515,1.2701,0.0000,9.6534,220.0000,-42.9412
225,35.4167,C4,60,0.3030,PASS,PASS,,2.9275,1.5318,,0.0000,-5.1813,27.7805,27.7809,29.0017,0.0000,-10.3562,1.4590,0.0000,25.6695,261.6260,-42.7459
226,35.6250,A3,57,0.3030,PASS,PASS,,3.0881,1.3588,,0.0000,-3.9960,14.2578,14.2576,14.0022,0.0000,-10.5515,1.2701,0.0000,9.6534,220.0000,-42.9412
227,35.8333,D5,74,0.4620,PASS,PASS,,1.8908,2.2210,3,-0.5343,-12.4284,10.3211,10.3208,10.2108,0.0000,-10.6663,2.2877,-0.9187,11.8276,587.3300,-43.0560
228,35.8333,C4,60,0.3380,PASS,PASS,,2.7936,1.4617,,0.0000,-4.6778,26.3060,26.3068,25.3529,0.0000,-8.9032,1.3922,0.0000,16.7980,261.6260,-41.2929
229,36.0417,D#5,75,0.4270,PASS,PASS,,1.9250,2.3957,3,-1.7988,-15.3136,17.0214,17.0214,16.5025,0.0000,-14.2356,2.4828,-2.7814,38.1665,622.2540,-46.6253
230,36.0417,A3,57,0.3030,PASS,PASS,,3.0881,1.3588,,0.0000,-3.9960,14.2578,14.2576,14.0022,0.0000,-10.5515,1.2701,0.0000,9.6534,220.0000,-42.9412
231,36.2500,E5,76,0.4270,PASS,PASS,,1.8904,2.4925,3,-2.9091,-17.2501,39.5099,39.5010,44.8061,0.0000,-16.1723,2.5990,-4.5973,12.6867,659.2550,-48.5620
232,36.2500,E3,52,0.3030,UNVERIFIED,UNVERIFIED,f0 164.8 Hz < 167 Hz: band too narrow for +/-10 ms onset refinement (Re); pitch ,3.3753,1.1126,,0.0000,-2.6192,4.6360,4.6360,4.5572,0.0000,-11.3565,1.0088,0.0000,2.3736,164.8140,-43.7461
233,36.4583,A3,57,0.3030,PASS,PASS,,3.0881,1.3588,,0.0000,-3.9960,14.2578,14.2576,14.0022,0.0000,-10.5515,1.2701,0.0000,9.6534,220.0000,-42.9412
234,36.6667,C4,60,0.3380,PASS,PASS,,2.7936,1.4617,,0.0000,-4.6778,26.3060,26.3068,25.3529,0.0000,-8.9032,1.3922,0.0000,16.7980,261.6260,-41.2929
235,36.8750,E5,76,0.4270,PASS,PASS,,1.8904,2.4925,3,-2.9091,-17.2501,39.5099,39.5010,44.8061,0.0000,-16.1723,2.5990,-4.5973,12.6867,659.2550,-48.5620
236,36.8750,A3,57,0.3030,PASS,PASS,,3.0881,1.3588,,0.0000,-3.9960,14.2578,14.2576,14.0022,0.0000,-10.5515,1.2701,0.0000,9.6534,220.0000,-42.9412
237,37.0833,F5,77,0.4270,PASS,PASS,,1.8564,2.5932,3,-4.4887,-19.6434,13.1537,13.1526,13.9078,0.0000,-18.5654,2.7209,-7.4421,3.8577,698.4560,-50.9551
238,37.0833,D3,50,0.3030,UNVERIFIED,UNVERIFIED,f0 146.8 Hz < 167 Hz: band too narrow for +/-10 ms onset refinement (Re); pitch ,3.4974,1.0271,,0.0000,-2.2176,2.7309,2.7310,2.6720,0.0000,-11.7855,0.9202,0.0000,0.8257,146.8320,-44.1752
239,37.0833,D4,62,0.3030,PASS,PASS,,2.8277,1.6608,,0.0000,-6.1975,14.8368,14.8368,15.0590,0.0000,-10.4221,1.5981,0.0000,18.6132,293.6650,-42.8118
240,37.2917,A4,69,0.4270,PASS,PASS,,2.1466,1.8890,,0.0000,-8.3260,9.4303,9.4303,9.4856,0.0000,-7.2482,1.8890,0.0000,9.4303,440.0000,-39.6379
241,37.2917,F3,53,0.3030,PASS,PASS,,3.3158,1.1580,,0.0000,-2.8478,5.8340,5.8338,5.7406,0.0000,-11.1607,1.0563,0.0000,3.3391,174.6140,-43.5504
242,37.5000,C5,72,0.4620,PASS,PASS,,1.9613,2.0525,3,-0.0296,-10.1676,8.7913,8.7912,8.7812,0.0000,-8.4056,2.0889,-0.0849,8.9064,523.2510,-40.7953
243,37.5000,G3,55,0.3380,PASS,PASS,,3.0558,1.1979,,0.0000,-3.0579,7.0290,7.0290,6.9200,0.0000,-9.5544,1.1060,0.0000,4.4786,195.9980,-41.9441
244,37.7083,E4,64,0.3030,PASS,PASS,,2.7311,1.8005,,0.0000,-7.4455,10.6836,10.6835,10.7810,0.0000,-10.6949,1.7511,0.0000,11.7555,329.6280,-43.0846
245,37.9167,G3,55,0.3030,PASS,PASS,,3.1999,1.2544,,0.0000,-3.3704,9.0138,9.0141,8.8740,0.0000,-10.8166,1.1582,0.0000,5.8432,195.9980,-43.2063
246,38.1250,E4,64,0.3030,PASS,PASS,,2.7311,1.8005,,0.0000,-7.4455,10.6836,10.6835,10.7810,0.0000,-10.6949,1.7511,0.0000,11.7555,329.6280,-43.0846
247,38.3333,D5,74,0.4620,PASS,PASS,,1.8908,2.2210,3,-0.5343,-12.4284,10.3211,10.3208,10.2108,0.0000,-10.6663,2.2877,-0.9187,11.8276,587.3300,-43.0560
248,38.3333,G3,55,0.3380,PASS,PASS,,3.0558,1.1979,,0.0000,-3.0579,7.0290,7.0290,6.9200,0.0000,-9.5544,1.1060,0.0000,4.4786,195.9980,-41.9441
249,38.5417,F4,65,0.3030,PASS,PASS,,2.6840,1.8747,,0.0000,-8.1780,9.5845,9.5845,9.6460,0.0000,-10.9306,1.8331,0.0000,10.1330,349.2280,-43.3203
250,38.6458,B4,71,0.4270,PASS,PASS,,2.0701,2.0448,3,-0.0215,-10.0729,8.7706,8.7704,8.7634,0.0000,-8.9951,2.0687,-0.0506,8.8204,493.8830,-41.3848
251,38.7500,C5,72,0.4270,PASS,PASS,,2.0328,2.1274,3,-0.1750,-11.1199,9.1384,9.1386,9.0926,0.0000,-10.0422,2.1650,-0.2952,9.4868,523.2510,-42.4319
252,38.7500,C4,60,0.3030,PASS,PASS,,2.9275,1.5318,,0.0000,-5.1813,27.7805,27.7809,29.0017,0.0000,-10.3562,1.4590,0.0000,25.6695,261.6260,-42.7459
253,38.7500,E4,64,0.3030,PASS,PASS,,2.7311,1.8005,,0.0000,-7.4455,10.6836,10.6835,10.7810,0.0000,-10.6949,1.7511,0.0000,11.7555,329.6280,-43.0846
254,38.8542,G5,79,0.4270,PASS,FAIL,,1.7901,2.8068,3,-10.4929,-27.2426,-1.2918,-1.2914,-0.8041,-1.2918,-26.1639,2.9825,-31.2343,-23.5168,783.9910,-58.5536
255,38.9583,G4,67,0.4270,PASS,PASS,,2.2260,1.7451,,0.0000,-6.9315,11.8928,11.8929,12.0243,0.0000,-5.8538,1.7254,0.0000,12.4352,391.9950,-38.2434
256,39.0625,G5,79,0.4270,PASS,FAIL,,1.7901,2.8068,3,-10.4929,-27.2426,-1.2918,-1.2914,-0.8041,-1.2918,-26.1639,2.9825,-31.2343,-23.5168,783.9910,-58.5536
257,39.1667,A4,69,0.4620,PASS,PASS,,2.0721,1.8235,,0.0000,-7.6670,10.2748,10.2748,10.3591,0.0000,-5.9051,1.8235,0.0000,10.2748,440.0000,-38.2948
258,39.2708,G5,79,0.4270,PASS,FAIL,,1.7901,2.8068,3,-10.4929,-27.2426,-1.2918,-1.2914,-0.8041,-1.2918,-26.1639,2.9825,-31.2343,-23.5168,783.9910,-58.5536
259,39.3750,B4,71,0.4270,PASS,PASS,,2.0701,2.0448,3,-0.0215,-10.0729,8.7706,8.7704,8.7634,0.0000,-8.9951,2.0687,-0.0506,8.8204,493.8830,-41.3848
260,39.3750,F4,65,0.3030,PASS,PASS,,2.6840,1.8747,,0.0000,-8.1780,9.5845,9.5845,9.6460,0.0000,-10.9306,1.8331,0.0000,10.1330,349.2280,-43.3203
261,39.3750,G4,67,0.3280,PASS,PASS,,2.5025,1.9620,,0.0000,-9.1104,8.8942,8.8943,8.9212,0.0000,-10.3238,1.9398,0.0000,9.0155,391.9950,-42.7135
262,39.4792,G5,79,0.4270,PASS,FAIL,,1.7901,2.8068,3,-10.4929,-27.2426,-1.2918,-1.2914,-0.8041,-1.2918,-26.1639,2.9825,-31.2343,-23.5168,783.9910,-58.5536
263,39.5833,C5,72,0.4270,PASS,PASS,,2.0328,2.1274,3,-0.1750,-11.1199,9.1384,9.1386,9.0926,0.0000,-10.0422,2.1650,-0.2952,9.4868,523.2510,-42.4319
264,39.5833,E4,64,0.3030,PASS,PASS,,2.7311,1.8005,,0.0000,-7.4455,10.6836,10.6835,10.7810,0.0000,-10.6949,1.7511,0.0000,11.7555,329.6280,-43.0846
265,39.5833,G4,67,0.3280,PASS,PASS,,2.5025,1.9620,,0.0000,-9.1104,8.8942,8.8943,8.9212,0.0000,-10.3238,1.9398,0.0000,9.0155,391.9950,-42.7135
266,39.6875,G5,79,0.4270,PASS,FAIL,,1.7901,2.8068,3,-10.4929,-27.2426,-1.2918,-1.2914,-0.8041,-1.2918,-26.1639,2.9825,-31.2343,-23.5168,783.9910,-58.5536
267,39.7917,D5,74,0.4270,PASS,PASS,,1.9603,2.3027,3,-1.0214,-13.6959,12.2853,12.2849,12.0760,0.0000,-12.6181,2.3718,-1.5744,15.3036,587.3300,-45.0077
268,39.7917,D4,62,0.3030,PASS,PASS,,2.8277,1.6608,,0.0000,-6.1975,14.8368,14.8368,15.0590,0.0000,-10.4221,1.5981,0.0000,18.6132,293.6650,-42.8118
269,39.7917,F4,65,0.3030,PASS,PASS,,2.6840,1.8747,,0.0000,-8.1780,9.5845,9.5845,9.6460,0.0000,-10.9306,1.8331,0.0000,10.1330,349.2280,-43.3203
270,39.7917,G4,67,0.3280,PASS,PASS,,2.5025,1.9620,,0.0000,-9.1104,8.8942,8.8943,8.9212,0.0000,-10.3238,1.9398,0.0000,9.0155,391.9950,-42.7135
271,39.8958,G5,79,0.4270,PASS,FAIL,,1.7901,2.8068,3,-10.4929,-27.2426,-1.2918,-1.2914,-0.8041,-1.2918,-26.1639,2.9825,-31.2343,-23.5168,783.9910,-58.5536
272,40.0000,E5,76,0.4620,PASS,PASS,,1.8227,2.4033,3,-1.8735,-15.4544,17.7688,17.7692,17.1866,0.0000,-13.6923,2.5060,-3.0929,30.1944,659.2550,-46.0820
273,40.0000,C4,60,0.3380,PASS,PASS,,2.7936,1.4617,,0.0000,-4.6778,26.3060,26.3068,25.3529,0.0000,-8.9032,1.3922,0.0000,16.7980,261.6260,-41.2929
274,40.0000,E4,64,0.3380,PASS,PASS,,2.6035,1.7164,,0.0000,-6.6750,12.7248,12.7250,12.8804,0.0000,-8.9751,1.6693,0.0000,14.4461,329.6280,-41.3648
275,40.0000,G4,67,0.3380,PASS,PASS,,2.4694,1.9360,,0.0000,-8.8244,9.0400,9.0401,9.0766,0.0000,-9.7769,1.9141,0.0000,9.2007,391.9950,-42.1666
276,40.1042,G5,79,0.4270,PASS,FAIL,,1.7901,2.8068,3,-10.4929,-27.2426,-1.2918,-1.2914,-0.8041,-1.2918,-26.1639,2.9825,-31.2343,-23.5168,783.9910,-58.5536
277,40.2083,C6,84,0.4270,PASS,PASS,,1.6346,3.4211,3,-4.2323,-24.8233,21.4129,21.4140,19.3189,0.0000,-23.7466,3.7555,-0.6570,8.7038,1046.5020,-56.1363
278,40.3125,B5,83,0.4270,PASS,PASS,,1.6645,3.2884,3,-7.1776,-27.0140,5.9387,5.9381,5.2701,0.0000,-25.9376,3.5860,-1.9831,14.0456,987.7670,-58.3273
279,40.4166,A5,81,0.4270,FAIL,PASS,no onset in near-silent fundamental band 854.0-906.8 Hz (pre-onset floor -240.0 ,1.7262,3.0381,3,-24.4658,-42.7738,-16.6016,-16.6019,-18.9007,-16.6016,-41.7028,3.2700,-7.7113,4.3629,880.0000,-74.0925
280,40.4166,F3,53,0.3030,PASS,PASS,,3.3158,1.1580,,0.0000,-2.8478,5.8340,5.8338,5.7406,0.0000,-11.1607,1.0563,0.0000,3.3391,174.6140,-43.5504
281,40.4166,A3,57,0.3030,PASS,PASS,,3.0881,1.3588,,0.0000,-3.9960,14.2578,14.2576,14.0022,0.0000,-10.5515,1.2701,0.0000,9.6534,220.0000,-42.9412
282,40.5208,G5,79,0.4270,PASS,FAIL,,1.7901,2.8068,3,-10.4929,-27.2426,-1.2918,-1.2914,-0.8041,-1.2918,-26.1639,2.9825,-31.2343,-23.5168,783.9910,-58.5536
283,40.6250,F5,77,0.4270,PASS,PASS,,1.8564,2.5932,3,-4.4887,-19.6434,13.1537,13.1526,13.9078,0.0000,-18.5654,2.7209,-7.4421,3.8577,698.4560,-50.9551
284,40.7291,E5,76,0.4270,PASS,PASS,,1.8904,2.4925,3,-2.9091,-17.2501,39.5099,39.5010,44.8061,0.0000,-16.1723,2.5990,-4.5973,12.6867,659.2550,-48.5620
285,40.8333,D5,74,0.4620,PASS,PASS,,1.8908,2.2210,3,-0.5343,-12.4284,10.3211,10.3208,10.2108,0.0000,-10.6663,2.2877,-0.9187,11.8276,587.3300,-43.0560
286,40.8333,G3,55,0.3380,PASS,PASS,,3.0558,1.1979,,0.0000,-3.0579,7.0290,7.0290,6.9200,0.0000,-9.5544,1.1060,0.0000,4.4786,195.9980,-41.9441
287,40.8333,B3,59,0.3380,PASS,PASS,,2.8442,1.4047,,0.0000,-4.2918,17.9272,17.9270,17.5436,0.0000,-8.9835,1.3295,0.0000,12.4990,246.9420,-41.3732
288,40.9375,G5,79,0.4270,PASS,FAIL,,1.7901,2.8068,3,-10.4929,-27.2426,-1.2918,-1.2914,-0.8041,-1.2918,-26.1639,2.9825,-31.2343,-23.5168,783.9910,-58.5536
289,41.0416,F5,77,0.4270,PASS,PASS,,1.8564,2.5932,3,-4.4887,-19.6434,13.1537,13.1526,13.9078,0.0000,-18.5654,2.7209,-7.4421,3.8577,698.4560,-50.9551
290,41.1458,D5,74,0.4270,PASS,PASS,,1.9603,2.3027,3,-1.0214,-13.6959,12.2853,12.2849,12.0760,0.0000,-12.6181,2.3718,-1.5744,15.3036,587.3300,-45.0077
291,41.2500,C5,72,0.4270,PASS,PASS,,2.0328,2.1274,3,-0.1750,-11.1199,9.1384,9.1386,9.0926,0.0000,-10.0422,2.1650,-0.2952,9.4868,523.2510,-42.4319
292,41.2500,C4,60,0.3030,PASS,PASS,,2.9275,1.5318,,0.0000,-5.1813,27.7805,27.7809,29.0017,0.0000,-10.3562,1.4590,0.0000,25.6695,261.6260,-42.7459
293,41.3541,G5,79,0.4270,PASS,FAIL,,1.7901,2.8068,3,-10.4929,-27.2426,-1.2918,-1.2914,-0.8041,-1.2918,-26.1639,2.9825,-31.2343,-23.5168,783.9910,-58.5536
294,41.4583,G4,67,0.4270,PASS,PASS,,2.2260,1.7451,,0.0000,-6.9315,11.8928,11.8929,12.0243,0.0000,-5.8538,1.7254,0.0000,12.4352,391.9950,-38.2434
295,41.5625,G5,79,0.4270,PASS,FAIL,,1.7901,2.8068,3,-10.4929,-27.2426,-1.2918,-1.2914,-0.8041,-1.2918,-26.1639,2.9825,-31.2343,-23.5168,783.9910,-58.5536
296,41.6666,A4,69,0.4620,PASS,PASS,,2.0721,1.8235,,0.0000,-7.6670,10.2748,10.2748,10.3591,0.0000,-5.9051,1.8235,0.0000,10.2748,440.0000,-38.2948
297,41.7708,G5,79,0.4270,PASS,FAIL,,1.7901,2.8068,3,-10.4929,-27.2426,-1.2918,-1.2914,-0.8041,-1.2918,-26.1639,2.9825,-31.2343,-23.5168,783.9910,-58.5536
298,41.8750,B4,71,0.4270,PASS,PASS,,2.0701,2.0448,3,-0.0215,-10.0729,8.7706,8.7704,8.7634,0.0000,-8.9951,2.0687,-0.0506,8.8204,493.8830,-41.3848
299,41.8750,F4,65,0.3030,PASS,PASS,,2.6840,1.8747,,0.0000,-8.1780,9.5845,9.5845,9.6460,0.0000,-10.9306,1.8331,0.0000,10.1330,349.2280,-43.3203
300,41.8750,G4,67,0.3280,PASS,PASS,,2.5025,1.9620,,0.0000,-9.1104,8.8942,8.8943,8.9212,0.0000,-10.3238,1.9398,0.0000,9.0155,391.9950,-42.7135
301,41.9791,G5,79,0.4270,PASS,FAIL,,1.7901,2.8068,3,-10.4929,-27.2426,-1.2918,-1.2914,-0.8041,-1.2918,-26.1639,2.9825,-31.2343,-23.5168,783.9910,-58.5536
302,42.0833,C5,72,0.4270,PASS,PASS,,2.0328,2.1274,3,-0.1750,-11.1199,9.1384,9.1386,9.0926,0.0000,-10.0422,2.1650,-0.2952,9.4868,523.2510,-42.4319
303,42.0833,E4,64,0.3030,PASS,PASS,,2.7311,1.8005,,0.0000,-7.4455,10.6836,10.6835,10.7810,0.0000,-10.6949,1.7511,0.0000,11.7555,329.6280,-43.0846
304,42.0833,G4,67,0.3280,PASS,PASS,,2.5025,1.9620,,0.0000,-9.1104,8.8942,8.8943,8.9212,0.0000,-10.3238,1.9398,0.0000,9.0155,391.9950,-42.7135
305,42.1875,G5,79,0.4270,PASS,FAIL,,1.7901,2.8068,3,-10.4929,-27.2426,-1.2918,-1.2914,-0.8041,-1.2918,-26.1639,2.9825,-31.2343,-23.5168,783.9910,-58.5536
306,42.2916,D5,74,0.4270,PASS,PASS,,1.9603,2.3027,3,-1.0214,-13.6959,12.2853,12.2849,12.0760,0.0000,-12.6181,2.3718,-1.5744,15.3036,587.3300,-45.0077
307,42.2916,D4,62,0.3030,PASS,PASS,,2.8277,1.6608,,0.0000,-6.1975,14.8368,14.8368,15.0590,0.0000,-10.4221,1.5981,0.0000,18.6132,293.6650,-42.8118
308,42.2916,F4,65,0.3030,PASS,PASS,,2.6840,1.8747,,0.0000,-8.1780,9.5845,9.5845,9.6460,0.0000,-10.9306,1.8331,0.0000,10.1330,349.2280,-43.3203
309,42.2916,G4,67,0.3280,PASS,PASS,,2.5025,1.9620,,0.0000,-9.1104,8.8942,8.8943,8.9212,0.0000,-10.3238,1.9398,0.0000,9.0155,391.9950,-42.7135
310,42.3958,G5,79,0.4270,PASS,FAIL,,1.7901,2.8068,3,-10.4929,-27.2426,-1.2918,-1.2914,-0.8041,-1.2918,-26.1639,2.9825,-31.2343,-23.5168,783.9910,-58.5536
311,42.5000,E5,76,0.4620,PASS,PASS,,1.8227,2.4033,3,-1.8735,-15.4544,17.7688,17.7692,17.1866,0.0000,-13.6923,2.5060,-3.0929,30.1944,659.2550,-46.0820
312,42.5000,C4,60,0.3380,PASS,PASS,,2.7936,1.4617,,0.0000,-4.6778,26.3060,26.3068,25.3529,0.0000,-8.9032,1.3922,0.0000,16.7980,261.6260,-41.2929
313,42.5000,E4,64,0.3380,PASS,PASS,,2.6035,1.7164,,0.0000,-6.6750,12.7248,12.7250,12.8804,0.0000,-8.9751,1.6693,0.0000,14.4461,329.6280,-41.3648
314,42.5000,G4,67,0.3380,PASS,PASS,,2.4694,1.9360,,0.0000,-8.8244,9.0400,9.0401,9.0766,0.0000,-9.7769,1.9141,0.0000,9.2007,391.9950,-42.1666
315,42.6041,G5,79,0.4270,PASS,FAIL,,1.7901,2.8068,3,-10.4929,-27.2426,-1.2918,-1.2914,-0.8041,-1.2918,-26.1639,2.9825,-31.2343,-23.5168,783.9910,-58.5536
316,42.7083,C6,84,0.4270,PASS,PASS,,1.6346,3.4211,3,-4.2323,-24.8233,21.4129,21.4140,19.3189,0.0000,-23.7466,3.7555,-0.6570,8.7038,1046.5020,-56.1363
317,42.8125,B5,83,0.4270,PASS,PASS,,1.6645,3.2884,3,-7.1776,-27.0140,5.9387,5.9381,5.2701,0.0000,-25.9376,3.5860,-1.9831,14.0456,987.7670,-58.3273
318,42.9166,A5,81,0.4270,FAIL,PASS,no onset in near-silent fundamental band 854.0-906.8 Hz (pre-onset floor -185.6 ,1.7262,3.0381,3,-24.4658,-42.7738,-16.6016,-16.6019,-18.9007,-16.6016,-41.7028,3.2700,-7.7113,4.3629,880.0000,-74.0925
319,42.9166,F3,53,0.3030,PASS,PASS,,3.3158,1.1580,,0.0000,-2.8478,5.8340,5.8338,5.7406,0.0000,-11.1607,1.0563,0.0000,3.3391,174.6140,-43.5504
320,42.9166,A3,57,0.3030,PASS,PASS,,3.0881,1.3588,,0.0000,-3.9960,14.2578,14.2576,14.0022,0.0000,-10.5515,1.2701,0.0000,9.6534,220.0000,-42.9412
321,43.0208,G5,79,0.4270,PASS,FAIL,,1.7901,2.8068,3,-10.4929,-27.2426,-1.2918,-1.2914,-0.8041,-1.2918,-26.1639,2.9825,-31.2343,-23.5168,783.9910,-58.5536
322,43.1250,F5,77,0.4270,PASS,PASS,,1.8564,2.5932,3,-4.4887,-19.6434,13.1537,13.1526,13.9078,0.0000,-18.5654,2.7209,-7.4421,3.8577,698.4560,-50.9551
323,43.2291,E5,76,0.4270,PASS,PASS,,1.8904,2.4925,3,-2.9091,-17.2501,39.5099,39.5010,44.8061,0.0000,-16.1723,2.5990,-4.5973,12.6867,659.2550,-48.5620
324,43.3333,D5,74,0.4620,PASS,PASS,,1.8908,2.2210,3,-0.5343,-12.4284,10.3211,10.3208,10.2108,0.0000,-10.6663,2.2877,-0.9187,11.8276,587.3300,-43.0560
325,43.3333,G3,55,0.3380,PASS,PASS,,3.0558,1.1979,,0.0000,-3.0579,7.0290,7.0290,6.9200,0.0000,-9.5544,1.1060,0.0000,4.4786,195.9980,-41.9441
326,43.3333,B3,59,0.3630,PASS,PASS,,2.7588,1.3625,,0.0000,-4.0196,14.5221,14.5220,14.2587,0.0000,-8.0914,1.2896,0.0000,10.5045,246.9420,-40.4811
327,43.4375,G5,79,0.4270,PASS,FAIL,,1.7901,2.8068,3,-10.4929,-27.2426,-1.2918,-1.2914,-0.8041,-1.2918,-26.1639,2.9825,-31.2343,-23.5168,783.9910,-58.5536
328,43.5416,F5,77,0.4270,PASS,PASS,,1.8564,2.5932,3,-4.4887,-19.6434,13.1537,13.1526,13.9078,0.0000,-18.5654,2.7209,-7.4421,3.8577,698.4560,-50.9551
329,43.6458,D5,74,0.4270,PASS,PASS,,1.9603,2.3027,3,-1.0214,-13.6959,12.2853,12.2849,12.0760,0.0000,-12.6181,2.3718,-1.5744,15.3036,587.3300,-45.0077
330,43.7500,E5,76,0.4270,PASS,PASS,,1.8904,2.4925,3,-2.9091,-17.2501,39.5099,39.5010,44.8061,0.0000,-16.1723,2.5990,-4.5973,12.6867,659.2550,-48.5620
331,43.7500,G#3,56,0.2780,PASS,PASS,,3.2602,1.3540,,0.0000,-3.9658,13.9392,13.9393,13.6925,0.0000,-11.7176,1.2578,0.0000,9.1533,207.6520,-44.1072
332,43.7500,B3,59,0.2780,PASS,PASS,,3.0918,1.5270,,0.0000,-5.1453,29.1724,29.1728,30.6307,0.0000,-11.5344,1.4452,0.0000,23.0127,246.9420,-43.9241
333,43.8541,F5,77,0.4270,PASS,PASS,,1.8564,2.5932,3,-4.4887,-19.6434,13.1537,13.1526,13.9078,0.0000,-18.5654,2.7209,-7.4421,3.8577,698.4560,-50.9551
334,43.9583,E5,76,0.4270,PASS,PASS,,1.8904,2.4925,3,-2.9091,-17.2501,39.5099,39.5010,44.8061,0.0000,-16.1723,2.5990,-4.5973,12.6867,659.2550,-48.5620
335,44.0625,D#5,75,0.4270,PASS,PASS,,1.9250,2.3957,3,-1.7988,-15.3136,17.0214,17.0214,16.5025,0.0000,-14.2356,2.4828,-2.7814,38.1665,622.2540,-46.6253
336,44.1666,E5,76,0.4620,PASS,PASS,,1.8227,2.4033,3,-1.8735,-15.4544,17.7688,17.7692,17.1866,0.0000,-13.6923,2.5060,-3.0929,30.1944,659.2550,-46.0820
337,44.2708,B4,71,0.4270,PASS,PASS,,2.0701,2.0448,3,-0.0215,-10.0729,8.7706,8.7704,8.7634,0.0000,-8.9951,2.0687,-0.0506,8.8204,493.8830,-41.3848
338,44.3750,E5,76,0.4270,PASS,PASS,,1.8904,2.4925,3,-2.9091,-17.2501,39.5099,39.5010,44.8061,0.0000,-16.1723,2.5990,-4.5973,12.6867,659.2550,-48.5620
339,44.4791,D#5,75,0.4270,PASS,PASS,,1.9250,2.3957,3,-1.7988,-15.3136,17.0214,17.0214,16.5025,0.0000,-14.2356,2.4828,-2.7814,38.1665,622.2540,-46.6253
340,44.5833,E5,76,0.4270,PASS,PASS,,1.8904,2.4925,3,-2.9091,-17.2501,39.5099,39.5010,44.8061,0.0000,-16.1723,2.5990,-4.5973,12.6867,659.2550,-48.5620
341,44.6875,B4,71,0.4270,PASS,PASS,,2.0701,2.0448,3,-0.0215,-10.0729,8.7706,8.7704,8.7634,0.0000,-8.9951,2.0687,-0.0506,8.8204,493.8830,-41.3848
342,44.7916,E5,76,0.4270,PASS,PASS,,1.8904,2.4925,3,-2.9091,-17.2501,39.5099,39.5010,44.8061,0.0000,-16.1723,2.5990,-4.5973,12.6867,659.2550,-48.5620
343,44.8958,D#5,75,0.4270,PASS,PASS,,1.9250,2.3957,3,-1.7988,-15.3136,17.0214,17.0214,16.5025,0.0000,-14.2356,2.4828,-2.7814,38.1665,622.2540,-46.6253
344,45.0000,E5,76,0.4620,PASS,PASS,,1.8227,2.4033,3,-1.8735,-15.4544,17.7688,17.7692,17.1866,0.0000,-13.6923,2.5060,-3.0929,30.1944,659.2550,-46.0820
345,45.6250,B4,71,0.4270,PASS,PASS,,2.0701,2.0448,3,-0.0215,-10.0729,8.7706,8.7704,8.7634,0.0000,-8.9951,2.0687,-0.0506,8.8204,493.8830,-41.3848
346,45.8333,E5,76,0.4620,PASS,PASS,,1.8227,2.4033,3,-1.8735,-15.4544,17.7688,17.7692,17.1866,0.0000,-13.6923,2.5060,-3.0929,30.1944,659.2550,-46.0820
347,46.0416,D#5,75,0.4270,PASS,PASS,,1.9250,2.3957,3,-1.7988,-15.3136,17.0214,17.0214,16.5025,0.0000,-14.2356,2.4828,-2.7814,38.1665,622.2540,-46.6253
348,46.2500,E5,76,0.4270,PASS,PASS,,1.8904,2.4925,3,-2.9091,-17.2501,39.5099,39.5010,44.8061,0.0000,-16.1723,2.5990,-4.5973,12.6867,659.2550,-48.5620
349,46.8750,B4,71,0.4270,PASS,PASS,,2.0701,2.0448,3,-0.0215,-10.0729,8.7706,8.7704,8.7634,0.0000,-8.9951,2.0687,-0.0506,8.8204,493.8830,-41.3848
350,47.0833,E5,76,0.4270,PASS,PASS,,1.8904,2.4925,3,-2.9091,-17.2501,39.5099,39.5010,44.8061,0.0000,-16.1723,2.5990,-4.5973,12.6867,659.2550,-48.5620
351,47.2916,D#5,75,0.4270,PASS,PASS,,1.9250,2.3957,3,-1.7988,-15.3136,17.0214,17.0214,16.5025,0.0000,-14.2356,2.4828,-2.7814,38.1665,622.2540,-46.6253
352,47.5000,E5,76,0.4620,PASS,PASS,,1.8227,2.4033,3,-1.8735,-15.4544,17.7688,17.7692,17.1866,0.0000,-13.6923,2.5060,-3.0929,30.1944,659.2550,-46.0820
353,47.7083,D#5,75,0.4270,PASS,PASS,,1.9250,2.3957,3,-1.7988,-15.3136,17.0214,17.0214,16.5025,0.0000,-14.2356,2.4828,-2.7814,38.1665,622.2540,-46.6253
354,47.9166,E5,76,0.4270,PASS,PASS,,1.8904,2.4925,3,-2.9091,-17.2501,39.5099,39.5010,44.8061,0.0000,-16.1723,2.5990,-4.5973,12.6867,659.2550,-48.5620
355,48.1250,D#5,75,0.4270,PASS,PASS,,1.9250,2.3957,3,-1.7988,-15.3136,17.0214,17.0214,16.5025,0.0000,-14.2356,2.4828,-2.7814,38.1665,622.2540,-46.6253
356,48.3333,E5,76,0.4620,PASS,PASS,,1.8227,2.4033,3,-1.8735,-15.4544,17.7688,17.7692,17.1866,0.0000,-13.6923,2.5060,-3.0929,30.1944,659.2550,-46.0820
357,48.5416,D#5,75,0.4270,PASS,PASS,,1.9250,2.3957,3,-1.7988,-15.3136,17.0214,17.0214,16.5025,0.0000,-14.2356,2.4828,-2.7814,38.1665,622.2540,-46.6253
358,48.7500,E5,76,0.4270,PASS,PASS,,1.8904,2.4925,3,-2.9091,-17.2501,39.5099,39.5010,44.8061,0.0000,-16.1723,2.5990,-4.5973,12.6867,659.2550,-48.5620
359,48.9583,D#5,75,0.4270,PASS,PASS,,1.9250,2.3957,3,-1.7988,-15.3136,17.0214,17.0214,16.5025,0.0000,-14.2356,2.4828,-2.7814,38.1665,622.2540,-46.6253
360,49.1666,E5,76,0.4620,PASS,PASS,,1.8227,2.4033,3,-1.8735,-15.4544,17.7688,17.7692,17.1866,0.0000,-13.6923,2.5060,-3.0929,30.1944,659.2550,-46.0820
361,49.3750,B4,71,0.4270,PASS,PASS,,2.0701,2.0448,3,-0.0215,-10.0729,8.7706,8.7704,8.7634,0.0000,-8.9951,2.0687,-0.0506,8.8204,493.8830,-41.3848
362,49.5833,D5,74,0.4270,PASS,PASS,,1.9603,2.3027,3,-1.0214,-13.6959,12.2853,12.2849,12.0760,0.0000,-12.6181,2.3718,-1.5744,15.3036,587.3300,-45.0077
363,49.7916,C5,72,0.4270,PASS,PASS,,2.0328,2.1274,3,-0.1750,-11.1199,9.1384,9.1386,9.0926,0.0000,-10.0422,2.1650,-0.2952,9.4868,523.2510,-42.4319
364,50.0000,A4,69,0.4620,PASS,PASS,,2.0721,1.8235,,0.0000,-7.6670,10.2748,10.2748,10.3591,0.0000,-5.9051,1.8235,0.0000,10.2748,440.0000,-38.2948
365,50.0000,A2,45,0.3380,UNVERIFIED,UNVERIFIED,f0 110.0 Hz < 167 Hz: band too narrow for +/-10 ms onset refinement (Re); pitch ,3.6557,0.8043,,0.0000,-1.3409,-0.8126,-0.8126,-0.8416,-0.8126,-11.9268,0.6999,0.0000,-1.9935,110.0000,-44.3165
366,50.2083,E3,52,0.3030,UNVERIFIED,UNVERIFIED,f0 164.8 Hz < 167 Hz: band too narrow for +/-10 ms onset refinement (Re); pitch ,3.3753,1.1126,,0.0000,-2.6192,4.6360,4.6360,4.5572,0.0000,-11.3565,1.0088,0.0000,2.3736,164.8140,-43.7461
367,50.4166,A3,57,0.2780,PASS,PASS,,3.2031,1.4093,,0.0000,-4.3226,18.3702,18.3702,17.9668,0.0000,-11.6260,1.3174,0.0000,11.8415,220.0000,-44.0157
368,50.6250,C4,60,0.4270,PASS,PASS,,2.5273,1.3224,,0.0000,-3.7709,12.1204,12.1204,11.9192,0.0000,-5.9660,1.2595,0.0000,9.2338,261.6260,-38.3557
369,50.8333,E4,64,0.4620,PASS,PASS,,2.2708,1.4971,,0.0000,-4.9274,47.5624,47.5633,43.0252,0.0000,-4.5130,1.4560,0.0000,25.1563,329.6280,-36.9026
370,51.0416,A4,69,0.4270,PASS,PASS,,2.1466,1.8890,,0.0000,-8.3260,9.4303,9.4303,9.4856,0.0000,-7.2482,1.8890,0.0000,9.4303,440.0000,-39.6379
371,51.2500,B4,71,0.4270,PASS,PASS,,2.0701,2.0448,3,-0.0215,-10.0729,8.7706,8.7704,8.7634,0.0000,-8.9951,2.0687,-0.0506,8.8204,493.8830,-41.3848
372,51.2500,E2,40,0.3030,UNVERIFIED,UNVERIFIED,f0 82.4 Hz < 167 Hz: band too narrow for +/-10 ms onset refinement (Re); pitch v,4.1767,0.6884,,0.0000,-0.9767,-2.1100,-2.1098,-2.1299,-2.1100,-14.3110,0.5825,0.0000,-3.0557,82.4070,-46.7007
373,51.4583,E3,52,0.3030,UNVERIFIED,UNVERIFIED,f0 164.8 Hz < 167 Hz: band too narrow for +/-10 ms onset refinement (Re); pitch ,3.3753,1.1126,,0.0000,-2.6192,4.6360,4.6360,4.5572,0.0000,-11.3565,1.0088,0.0000,2.3736,164.8140,-43.7461
374,51.6666,G#3,56,0.3130,PASS,PASS,,3.1006,1.2877,,0.0000,-3.5633,10.4086,10.4085,10.2437,0.0000,-10.2850,1.1963,0.0000,6.9818,207.6520,-42.6747
375,51.8750,E4,64,0.4270,PASS,PASS,,2.3505,1.5496,,0.0000,-5.3138,24.0487,24.0487,24.8077,0.0000,-5.5837,1.5070,0.0000,39.1721,329.6280,-37.9734
376,52.0833,G#4,68,0.4270,PASS,PASS,,2.1859,1.8157,,0.0000,-7.5911,10.4052,10.4054,10.4937,0.0000,-6.5134,1.8053,0.0000,10.5848,415.3050,-38.9031
377,52.2916,B4,71,0.4270,PASS,PASS,,2.0701,2.0448,3,-0.0215,-10.0729,8.7706,8.7704,8.7634,0.0000,-8.9951,2.0687,-0.0506,8.8204,493.8830,-41.3848
378,52.5000,C5,72,0.4620,PASS,PASS,,1.9613,2.0525,3,-0.0296,-10.1676,8.7913,8.7912,8.7812,0.0000,-8.4056,2.0889,-0.0849,8.9064,523.2510,-40.7953
379,52.5000,A2,45,0.3380,UNVERIFIED,UNVERIFIED,f0 110.0 Hz < 167 Hz: band too narrow for +/-10 ms onset refinement (Re); pitch ,3.6557,0.8043,,0.0000,-1.3409,-0.8126,-0.8126,-0.8416,-0.8126,-11.9268,0.6999,0.0000,-1.9935,110.0000,-44.3165
380,52.7083,E3,52,0.3030,UNVERIFIED,UNVERIFIED,f0 164.8 Hz < 167 Hz: band too narrow for +/-10 ms onset refinement (Re); pitch ,3.3753,1.1126,,0.0000,-2.6192,4.6360,4.6360,4.5572,0.0000,-11.3565,1.0088,0.0000,2.3736,164.8140,-43.7461
381,52.9166,A3,57,0.2780,PASS,PASS,,3.2031,1.4093,,0.0000,-4.3226,18.3702,18.3702,17.9668,0.0000,-11.6260,1.3174,0.0000,11.8415,220.0000,-44.0157
382,53.1250,E4,64,0.4270,PASS,PASS,,2.3505,1.5496,,0.0000,-5.3138,24.0487,24.0487,24.8077,0.0000,-5.5837,1.5070,0.0000,39.1721,329.6280,-37.9734
383,53.3333,E5,76,0.4620,PASS,PASS,,1.8227,2.4033,3,-1.8735,-15.4544,17.7688,17.7692,17.1866,0.0000,-13.6923,2.5060,-3.0929,30.1944,659.2550,-46.0820
384,53.5416,D#5,75,0.4270,PASS,PASS,,1.9250,2.3957,3,-1.7988,-15.3136,17.0214,17.0214,16.5025,0.0000,-14.2356,2.4828,-2.7814,38.1665,622.2540,-46.6253
385,53.7500,E5,76,0.4270,PASS,PASS,,1.8904,2.4925,3,-2.9091,-17.2501,39.5099,39.5010,44.8061,0.0000,-16.1723,2.5990,-4.5973,12.6867,659.2550,-48.5620
386,53.9583,D#5,75,0.4270,PASS,PASS,,1.9250,2.3957,3,-1.7988,-15.3136,17.0214,17.0214,16.5025,0.0000,-14.2356,2.4828,-2.7814,38.1665,622.2540,-46.6253
387,54.1666,E5,76,0.4620,PASS,PASS,,1.8227,2.4033,3,-1.8735,-15.4544,17.7688,17.7692,17.1866,0.0000,-13.6923,2.5060,-3.0929,30.1944,659.2550,-46.0820
388,54.3750,B4,71,0.4270,PASS,PASS,,2.0701,2.0448,3,-0.0215,-10.0729,8.7706,8.7704,8.7634,0.0000,-8.9951,2.0687,-0.0506,8.8204,493.8830,-41.3848
389,54.5833,D5,74,0.4270,PASS,PASS,,1.9603,2.3027,3,-1.0214,-13.6959,12.2853,12.2849,12.0760,0.0000,-12.6181,2.3718,-1.5744,15.3036,587.3300,-45.0077
390,54.7916,C5,72,0.4270,PASS,PASS,,2.0328,2.1274,3,-0.1750,-11.1199,9.1384,9.1386,9.0926,0.0000,-10.0422,2.1650,-0.2952,9.4868,523.2510,-42.4319
391,55.0000,A4,69,0.4620,PASS,PASS,,2.0721,1.8235,,0.0000,-7.6670,10.2748,10.2748,10.3591,0.0000,-5.9051,1.8235,0.0000,10.2748,440.0000,-38.2948
392,55.0000,A2,45,0.3380,UNVERIFIED,UNVERIFIED,f0 110.0 Hz < 167 Hz: band too narrow for +/-10 ms onset refinement (Re); pitch ,3.6557,0.8043,,0.0000,-1.3409,-0.8126,-0.8126,-0.8416,-0.8126,-11.9268,0.6999,0.0000,-1.9935,110.0000,-44.3165
393,55.2083,E3,52,0.3030,UNVERIFIED,UNVERIFIED,f0 164.8 Hz < 167 Hz: band too narrow for +/-10 ms onset refinement (Re); pitch ,3.3753,1.1126,,0.0000,-2.6192,4.6360,4.6360,4.5572,0.0000,-11.3565,1.0088,0.0000,2.3736,164.8140,-43.7461
394,55.4166,A3,57,0.2780,PASS,PASS,,3.2031,1.4093,,0.0000,-4.3226,18.3702,18.3702,17.9668,0.0000,-11.6260,1.3174,0.0000,11.8415,220.0000,-44.0157
395,55.6250,C4,60,0.4270,PASS,PASS,,2.5273,1.3224,,0.0000,-3.7709,12.1204,12.1204,11.9192,0.0000,-5.9660,1.2595,0.0000,9.2338,261.6260,-38.3557
396,55.8333,E4,64,0.4620,PASS,PASS,,2.2708,1.4971,,0.0000,-4.9274,47.5624,47.5633,43.0252,0.0000,-4.5130,1.4560,0.0000,25.1563,329.6280,-36.9026
397,56.0416,A4,69,0.4270,PASS,PASS,,2.1466,1.8890,,0.0000,-8.3260,9.4303,9.4303,9.4856,0.0000,-7.2482,1.8890,0.0000,9.4303,440.0000,-39.6379
398,56.2500,B4,71,0.4270,PASS,PASS,,2.0701,2.0448,3,-0.0215,-10.0729,8.7706,8.7704,8.7634,0.0000,-8.9951,2.0687,-0.0506,8.8204,493.8830,-41.3848
399,56.2500,E2,40,0.3030,UNVERIFIED,UNVERIFIED,f0 82.4 Hz < 167 Hz: band too narrow for +/-10 ms onset refinement (Re); pitch v,4.1767,0.6884,,0.0000,-0.9767,-2.1100,-2.1098,-2.1299,-2.1100,-14.3110,0.5825,0.0000,-3.0557,82.4070,-46.7007
400,56.4583,E3,52,0.3030,UNVERIFIED,UNVERIFIED,f0 164.8 Hz < 167 Hz: band too narrow for +/-10 ms onset refinement (Re); pitch ,3.3753,1.1126,,0.0000,-2.6192,4.6360,4.6360,4.5572,0.0000,-11.3565,1.0088,0.0000,2.3736,164.8140,-43.7461
401,56.6666,G#3,56,0.3130,PASS,PASS,,3.1006,1.2877,,0.0000,-3.5633,10.4086,10.4085,10.2437,0.0000,-10.2850,1.1963,0.0000,6.9818,207.6520,-42.6747
402,56.8750,E4,64,0.4270,PASS,PASS,,2.3505,1.5496,,0.0000,-5.3138,24.0487,24.0487,24.8077,0.0000,-5.5837,1.5070,0.0000,39.1721,329.6280,-37.9734
403,57.0833,C5,72,0.4270,PASS,PASS,,2.0328,2.1274,3,-0.1750,-11.1199,9.1384,9.1386,9.0926,0.0000,-10.0422,2.1650,-0.2952,9.4868,523.2510,-42.4319
404,57.2916,B4,71,0.4270,PASS,PASS,,2.0701,2.0448,3,-0.0215,-10.0729,8.7706,8.7704,8.7634,0.0000,-8.9951,2.0687,-0.0506,8.8204,493.8830,-41.3848
405,57.5000,A4,69,0.4620,PASS,PASS,,2.0721,1.8235,,0.0000,-7.6670,10.2748,10.2748,10.3591,0.0000,-5.9051,1.8235,0.0000,10.2748,440.0000,-38.2948
406,57.5000,A2,45,0.3380,UNVERIFIED,UNVERIFIED,f0 110.0 Hz < 167 Hz: band too narrow for +/-10 ms onset refinement (Re); pitch ,3.6557,0.8043,,0.0000,-1.3409,-0.8126,-0.8126,-0.8416,-0.8126,-11.9268,0.6999,0.0000,-1.9935,110.0000,-44.3165
407,57.7083,E3,52,0.3030,UNVERIFIED,UNVERIFIED,f0 164.8 Hz < 167 Hz: band too narrow for +/-10 ms onset refinement (Re); pitch ,3.3753,1.1126,,0.0000,-2.6192,4.6360,4.6360,4.5572,0.0000,-11.3565,1.0088,0.0000,2.3736,164.8140,-43.7461
408,57.9166,A3,57,0.2780,PASS,PASS,,3.2031,1.4093,,0.0000,-4.3226,18.3702,18.3702,17.9668,0.0000,-11.6260,1.3174,0.0000,11.8415,220.0000,-44.0157
409,58.1250,B4,71,0.4270,PASS,PASS,,2.0701,2.0448,3,-0.0215,-10.0729,8.7706,8.7704,8.7634,0.0000,-8.9951,2.0687,-0.0506,8.8204,493.8830,-41.3848
410,58.3333,C5,72,0.4620,PASS,PASS,,1.9613,2.0525,3,-0.0296,-10.1676,8.7913,8.7912,8.7812,0.0000,-8.4056,2.0889,-0.0849,8.9064,523.2510,-40.7953
411,58.5416,D5,74,0.4270,PASS,PASS,,1.9603,2.3027,3,-1.0214,-13.6959,12.2853,12.2849,12.0760,0.0000,-12.6181,2.3718,-1.5744,15.3036,587.3300,-45.0077
412,58.7500,E5,76,0.4270,PASS,PASS,,1.8904,2.4925,3,-2.9091,-17.2501,39.5099,39.5010,44.8061,0.0000,-16.1723,2.5990,-4.5973,12.6867,659.2550,-48.5620
413,58.7500,C3,48,0.3030,UNVERIFIED,UNVERIFIED,f0 130.8 Hz < 167 Hz: band too narrow for +/-10 ms onset refinement (Re); pitch ,3.6239,0.9481,,0.0000,-1.8795,1.2807,1.2807,1.2347,0.0000,-12.2535,0.8395,0.0000,-0.3540,130.8130,-44.6432
414,58.9583,G3,55,0.3030,PASS,PASS,,3.1999,1.2544,,0.0000,-3.3704,9.0138,9.0141,8.8740,0.0000,-10.8166,1.1582,0.0000,5.8432,195.9980,-43.2063
415,59.1666,C4,60,0.3130,PASS,PASS,,2.8871,1.5107,,0.0000,-5.0258,36.6024,36.6062,40.5839,0.0000,-9.9186,1.4388,0.0000,22.0147,261.6260,-42.3083
416,59.3750,G4,67,0.4270,PASS,PASS,,2.2260,1.7451,,0.0000,-6.9315,11.8928,11.8929,12.0243,0.0000,-5.8538,1.7254,0.0000,12.4352,391.9950,-38.2434
417,59.5833,F5,77,0.4270,PASS,PASS,,1.8564,2.5932,3,-4.4887,-19.6434,13.1537,13.1526,13.9078,0.0000,-18.5654,2.7209,-7.4421,3.8577,698.4560,-50.9551
418,59.7916,E5,76,0.4270,PASS,PASS,,1.8904,2.4925,3,-2.9091,-17.2501,39.5099,39.5010,44.8061,0.0000,-16.1723,2.5990,-4.5973,12.6867,659.2550,-48.5620
419,60.0000,D5,74,0.4620,PASS,PASS,,1.8908,2.2210,3,-0.5343,-12.4284,10.3211,10.3208,10.2108,0.0000,-10.6663,2.2877,-0.9187,11.8276,587.3300,-43.0560
420,60.0000,G2,43,0.3380,UNVERIFIED,UNVERIFIED,f0 98.0 Hz < 167 Hz: band too narrow for +/-10 ms onset refinement (Re); pitch v,3.7890,0.7426,,0.0000,-1.1396,-1.5396,-1.5396,-1.5633,-1.5396,-12.4665,0.6390,0.0000,-2.5768,97.9990,-44.8562
421,60.2083,G3,55,0.3030,PASS,PASS,,3.1999,1.2544,,0.0000,-3.3704,9.0138,9.0141,8.8740,0.0000,-10.8166,1.1582,0.0000,5.8432,195.9980,-43.2063
422,60.4166,B3,59,0.2780,PASS,PASS,,3.0918,1.5270,,0.0000,-5.1453,29.1724,29.1728,30.6307,0.0000,-11.5344,1.4452,0.0000,23.0127,246.9420,-43.9241
423,60.6250,F4,65,0.4270,PASS,PASS,,2.3082,1.6122,,0.0000,-5.8002,17.5273,17.5278,17.8539,0.0000,-5.5731,1.5765,0.0000,20.5415,349.2280,-37.9628
424,60.8333,E5,76,0.4620,PASS,PASS,,1.8227,2.4033,3,-1.8735,-15.4544,17.7688,17.7692,17.1866,0.0000,-13.6923,2.5060,-3.0929,30.1944,659.2550,-46.0820
425,61.0416,D5,74,0.4270,PASS,PASS,,1.9603,2.3027,3,-1.0214,-13.6959,12.2853,12.2849,12.0760,0.0000,-12.6181,2.3718,-1.5744,15.3036,587.3300,-45.0077
426,61.2500,C5,72,0.4270,PASS,PASS,,2.0328,2.1274,3,-0.1750,-11.1199,9.1384,9.1386,9.0926,0.0000,-10.0422,2.1650,-0.2952,9.4868,523.2510,-42.4319
427,61.2500,A2,45,0.3030,UNVERIFIED,UNVERIFIED,f0 110.0 Hz < 167 Hz: band too narrow for +/-10 ms onset refinement (Re); pitch ,3.8222,0.8409,,0.0000,-1.4687,-0.3364,-0.3364,-0.3689,-0.3364,-13.0043,0.7318,0.0000,-1.6585,110.0000,-45.3939
428,61.4583,E3,52,0.3030,UNVERIFIED,UNVERIFIED,f0 164.8 Hz < 167 Hz: band too narrow for +/-10 ms onset refinement (Re); pitch ,3.3753,1.1126,,0.0000,-2.6192,4.6360,4.6360,4.5572,0.0000,-11.3565,1.0088,0.0000,2.3736,164.8140,-43.7461
429,61.6666,A3,57,0.3130,PASS,PASS,,3.0458,1.3402,,0.0000,-3.8799,13.0973,13.0972,12.8733,0.0000,-10.1533,1.2527,0.0000,8.9567,220.0000,-42.5430
430,61.8750,E4,64,0.4270,PASS,PASS,,2.3505,1.5496,,0.0000,-5.3138,24.0487,24.0487,24.8077,0.0000,-5.5837,1.5070,0.0000,39.1721,329.6280,-37.9734
431,62.0833,D5,74,0.4270,PASS,PASS,,1.9603,2.3027,3,-1.0214,-13.6959,12.2853,12.2849,12.0760,0.0000,-12.6181,2.3718,-1.5744,15.3036,587.3300,-45.0077
432,62.2916,C5,72,0.4270,PASS,PASS,,2.0328,2.1274,3,-0.1750,-11.1199,9.1384,9.1386,9.0926,0.0000,-10.0422,2.1650,-0.2952,9.4868,523.2510,-42.4319
433,62.5000,B4,71,0.4620,PASS,PASS,,1.9976,1.9732,,0.0000,-9.2357,8.8603,8.8604,8.8822,0.0000,-7.4737,1.9962,0.0000,8.7925,493.8830,-39.8634
434,62.5000,E2,40,0.3380,UNVERIFIED,UNVERIFIED,f0 82.4 Hz < 167 Hz: band too narrow for +/-10 ms onset refinement (Re); pitch v,3.9980,0.6589,,0.0000,-0.8937,-2.3940,-2.3941,-2.4121,-2.3940,-13.2784,0.5576,0.0000,-3.2492,82.4070,-45.6681
435,62.7083,E3,52,0.3030,UNVERIFIED,UNVERIFIED,f0 164.8 Hz < 167 Hz: band too narrow for +/-10 ms onset refinement (Re); pitch ,3.3753,1.1126,,0.0000,-2.6192,4.6360,4.6360,4.5572,0.0000,-11.3565,1.0088,0.0000,2.3736,164.8140,-43.7461
436,62.9166,E4,64,0.2780,PASS,PASS,,2.8359,1.8696,,0.0000,-8.1264,9.6436,9.6434,9.7079,0.0000,-12.1239,1.8183,0.0000,10.3700,329.6280,-44.5136
437,63.1250,E4,64,0.4270,PASS,PASS,,2.3505,1.5496,,0.0000,-5.3138,24.0487,24.0487,24.8077,0.0000,-5.5837,1.5070,0.0000,39.1721,329.6280,-37.9734
438,63.3333,E5,76,0.4370,PASS,PASS,,1.8702,2.4659,3,-2.5697,-16.6884,28.3989,28.3996,26.1396,0.0000,-15.4097,2.5713,-4.1018,15.6397,659.2550,-47.7994
439,63.5416,E4,64,0.3030,PASS,PASS,,2.7311,1.8005,,0.0000,-7.4455,10.6836,10.6835,10.7810,0.0000,-10.6949,1.7511,0.0000,11.7555,329.6280,-43.0846
440,63.7500,E5,76,0.2780,FAIL,PASS,no onset in near-silent fundamental band 639.7-679.3 Hz (pre-onset floor -240.0 ,2.3056,3.0400,3,-24.0451,-42.3652,-16.2880,-16.2894,-18.4668,-16.2880,-45.0207,3.1699,-11.5764,-2.4596,659.2550,-77.4104
441,63.9583,E5,76,0.4270,PASS,PASS,,1.8904,2.4925,3,-2.9091,-17.2501,39.5099,39.5010,44.8061,0.0000,-16.1723,2.5990,-4.5973,12.6867,659.2550,-48.5620
442,64.1666,E6,88,0.4370,PASS,PASS,,1.5029,3.9631,3,-0.0146,-23.3644,7.5854,7.5846,7.5459,0.0000,-22.0864,4.4691,-2.6082,21.0877,1318.5100,-54.4761
443,64.3750,D#5,75,0.3030,PASS,PASS,,2.2546,2.8059,3,-10.4521,-27.1951,-1.1622,-1.1620,-0.6697,-1.1622,-29.0962,2.9078,-16.8159,-8.8289,622.2540,-61.4859
444,64.5833,E5,76,0.2780,FAIL,PASS,no onset in near-silent fundamental band 639.7-679.3 Hz (pre-onset floor -176.7 ,2.3056,3.0400,3,-24.0451,-42.3652,-16.2880,-16.2894,-18.4668,-16.2880,-45.0207,3.1699,-11.5764,-2.4596,659.2550,-77.4104
445,64.7916,D#5,75,0.4270,PASS,PASS,,1.9250,2.3957,3,-1.7988,-15.3136,17.0214,17.0214,16.5025,0.0000,-14.2356,2.4828,-2.7814,38.1665,622.2540,-46.6253
446,65.0000,E5,76,0.4370,PASS,PASS,,1.8702,2.4659,3,-2.5697,-16.6884,28.3989,28.3996,26.1396,0.0000,-15.4097,2.5713,-4.1018,15.6397,659.2550,-47.7994
447,65.2083,D#5,75,0.3030,PASS,PASS,,2.2546,2.8059,3,-10.4521,-27.1951,-1.1622,-1.1620,-0.6697,-1.1622,-29.0962,2.9078,-16.8159,-8.8289,622.2540,-61.4859
448,65.4166,E5,76,0.2780,FAIL,PASS,no onset in near-silent fundamental band 639.7-679.3 Hz (pre-onset floor -180.1 ,2.3056,3.0400,3,-24.0451,-42.3652,-16.2880,-16.2894,-18.4668,-16.2880,-45.0207,3.1699,-11.5764,-2.4596,659.2550,-77.4104
449,65.6250,D#5,75,0.4270,PASS,PASS,,1.9250,2.3957,3,-1.7988,-15.3136,17.0214,17.0214,16.5025,0.0000,-14.2356,2.4828,-2.7814,38.1665,622.2540,-46.6253
450,65.8333,E5,76,0.4620,PASS,PASS,,1.8227,2.4033,3,-1.8735,-15.4544,17.7688,17.7692,17.1866,0.0000,-13.6923,2.5060,-3.0929,30.1944,659.2550,-46.0820
451,66.0416,D#5,75,0.4270,PASS,PASS,,1.9250,2.3957,3,-1.7988,-15.3136,17.0214,17.0214,16.5025,0.0000,-14.2356,2.4828,-2.7814,38.1665,622.2540,-46.6253
452,66.2500,E5,76,0.4270,PASS,PASS,,1.8904,2.4925,3,-2.9091,-17.2501,39.5099,39.5010,44.8061,0.0000,-16.1723,2.5990,-4.5973,12.6867,659.2550,-48.5620
453,66.4583,D#5,75,0.4270,PASS,PASS,,1.9250,2.3957,3,-1.7988,-15.3136,17.0214,17.0214,16.5025,0.0000,-14.2356,2.4828,-2.7814,38.1665,622.2540,-46.6253
454,66.6666,E5,76,0.4620,PASS,PASS,,1.8227,2.4033,3,-1.8735,-15.4544,17.7688,17.7692,17.1866,0.0000,-13.6923,2.5060,-3.0929,30.1944,659.2550,-46.0820
455,66.8750,B4,71,0.4270,PASS,PASS,,2.0701,2.0448,3,-0.0215,-10.0729,8.7706,8.7704,8.7634,0.0000,-8.9951,2.0687,-0.0506,8.8204,493.8830,-41.3848
456,67.0833,D5,74,0.4270,PASS,PASS,,1.9603,2.3027,3,-1.0214,-13.6959,12.2853,12.2849,12.0760,0.0000,-12.6181,2.3718,-1.5744,15.3036,587.3300,-45.0077
457,67.2916,C5,72,0.4270,PASS,PASS,,2.0328,2.1274,3,-0.1750,-11.1199,9.1384,9.1386,9.0926,0.0000,-10.0422,2.1650,-0.2952,9.4868,523.2510,-42.4319
458,67.5000,A4,69,0.4620,PASS,PASS,,2.0721,1.8235,,0.0000,-7.6670,10.2748,10.2748,10.3591,0.0000,-5.9051,1.8235,0.0000,10.2748,440.0000,-38.2948
459,67.5000,A2,45,0.3380,UNVERIFIED,UNVERIFIED,f0 110.0 Hz < 167 Hz: band too narrow for +/-10 ms onset refinement (Re); pitch ,3.6557,0.8043,,0.0000,-1.3409,-0.8126,-0.8126,-0.8416,-0.8126,-11.9268,0.6999,0.0000,-1.9935,110.0000,-44.3165
460,67.7083,E3,52,0.3030,UNVERIFIED,UNVERIFIED,f0 164.8 Hz < 167 Hz: band too narrow for +/-10 ms onset refinement (Re); pitch ,3.3753,1.1126,,0.0000,-2.6192,4.6360,4.6360,4.5572,0.0000,-11.3565,1.0088,0.0000,2.3736,164.8140,-43.7461
461,67.9166,A3,57,0.2780,PASS,PASS,,3.2031,1.4093,,0.0000,-4.3226,18.3702,18.3702,17.9668,0.0000,-11.6260,1.3174,0.0000,11.8415,220.0000,-44.0157
462,68.1250,C4,60,0.4270,PASS,PASS,,2.5273,1.3224,,0.0000,-3.7709,12.1204,12.1204,11.9192,0.0000,-5.9660,1.2595,0.0000,9.2338,261.6260,-38.3557
463,68.3333,E4,64,0.4620,PASS,PASS,,2.2708,1.4971,,0.0000,-4.9274,47.5624,47.5633,43.0252,0.0000,-4.5130,1.4560,0.0000,25.1563,329.6280,-36.9026
464,68.5416,A4,69,0.4270,PASS,PASS,,2.1466,1.8890,,0.0000,-8.3260,9.4303,9.4303,9.4856,0.0000,-7.2482,1.8890,0.0000,9.4303,440.0000,-39.6379
465,68.7500,B4,71,0.4270,PASS,PASS,,2.0701,2.0448,3,-0.0215,-10.0729,8.7706,8.7704,8.7634,0.0000,-8.9951,2.0687,-0.0506,8.8204,493.8830,-41.3848
466,68.7500,E2,40,0.3030,UNVERIFIED,UNVERIFIED,f0 82.4 Hz < 167 Hz: band too narrow for +/-10 ms onset refinement (Re); pitch v,4.1767,0.6884,,0.0000,-0.9767,-2.1100,-2.1098,-2.1299,-2.1100,-14.3110,0.5825,0.0000,-3.0557,82.4070,-46.7007
467,68.9583,E3,52,0.3030,UNVERIFIED,UNVERIFIED,f0 164.8 Hz < 167 Hz: band too narrow for +/-10 ms onset refinement (Re); pitch ,3.3753,1.1126,,0.0000,-2.6192,4.6360,4.6360,4.5572,0.0000,-11.3565,1.0088,0.0000,2.3736,164.8140,-43.7461
468,69.1666,G#3,56,0.3130,PASS,PASS,,3.1006,1.2877,,0.0000,-3.5633,10.4086,10.4085,10.2437,0.0000,-10.2850,1.1963,0.0000,6.9818,207.6520,-42.6747
469,69.3750,E4,64,0.4270,PASS,PASS,,2.3505,1.5496,,0.0000,-5.3138,24.0487,24.0487,24.8077,0.0000,-5.5837,1.5070,0.0000,39.1721,329.6280,-37.9734
470,69.5833,G#4,68,0.4270,PASS,PASS,,2.1859,1.8157,,0.0000,-7.5911,10.4052,10.4054,10.4937,0.0000,-6.5134,1.8053,0.0000,10.5848,415.3050,-38.9031
471,69.7916,B4,71,0.4270,PASS,PASS,,2.0701,2.0448,3,-0.0215,-10.0729,8.7706,8.7704,8.7634,0.0000,-8.9951,2.0687,-0.0506,8.8204,493.8830,-41.3848
472,70.0000,C5,72,0.4620,PASS,PASS,,1.9613,2.0525,3,-0.0296,-10.1676,8.7913,8.7912,8.7812,0.0000,-8.4056,2.0889,-0.0849,8.9064,523.2510,-40.7953
473,70.0000,A2,45,0.3380,UNVERIFIED,UNVERIFIED,f0 110.0 Hz < 167 Hz: band too narrow for +/-10 ms onset refinement (Re); pitch ,3.6557,0.8043,,0.0000,-1.3409,-0.8126,-0.8126,-0.8416,-0.8126,-11.9268,0.6999,0.0000,-1.9935,110.0000,-44.3165
474,70.2083,E3,52,0.3030,UNVERIFIED,UNVERIFIED,f0 164.8 Hz < 167 Hz: band too narrow for +/-10 ms onset refinement (Re); pitch ,3.3753,1.1126,,0.0000,-2.6192,4.6360,4.6360,4.5572,0.0000,-11.3565,1.0088,0.0000,2.3736,164.8140,-43.7461
475,70.4166,A3,57,0.2780,PASS,PASS,,3.2031,1.4093,,0.0000,-4.3226,18.3702,18.3702,17.9668,0.0000,-11.6260,1.3174,0.0000,11.8415,220.0000,-44.0157
476,70.6250,E4,64,0.4270,PASS,PASS,,2.3505,1.5496,,0.0000,-5.3138,24.0487,24.0487,24.8077,0.0000,-5.5837,1.5070,0.0000,39.1721,329.6280,-37.9734
477,70.8333,E5,76,0.4620,PASS,PASS,,1.8227,2.4033,3,-1.8735,-15.4544,17.7688,17.7692,17.1866,0.0000,-13.6923,2.5060,-3.0929,30.1944,659.2550,-46.0820
478,71.0416,D#5,75,0.4270,PASS,PASS,,1.9250,2.3957,3,-1.7988,-15.3136,17.0214,17.0214,16.5025,0.0000,-14.2356,2.4828,-2.7814,38.1665,622.2540,-46.6253
479,71.2500,E5,76,0.4270,PASS,PASS,,1.8904,2.4925,3,-2.9091,-17.2501,39.5099,39.5010,44.8061,0.0000,-16.1723,2.5990,-4.5973,12.6867,659.2550,-48.5620
480,71.4583,D#5,75,0.4270,PASS,PASS,,1.9250,2.3957,3,-1.7988,-15.3136,17.0214,17.0214,16.5025,0.0000,-14.2356,2.4828,-2.7814,38.1665,622.2540,-46.6253
481,71.6666,E5,76,0.4620,PASS,PASS,,1.8227,2.4033,3,-1.8735,-15.4544,17.7688,17.7692,17.1866,0.0000,-13.6923,2.5060,-3.0929,30.1944,659.2550,-46.0820
482,71.8750,B4,71,0.4270,PASS,PASS,,2.0701,2.0448,3,-0.0215,-10.0729,8.7706,8.7704,8.7634,0.0000,-8.9951,2.0687,-0.0506,8.8204,493.8830,-41.3848
483,72.0833,D5,74,0.4270,PASS,PASS,,1.9603,2.3027,3,-1.0214,-13.6959,12.2853,12.2849,12.0760,0.0000,-12.6181,2.3718,-1.5744,15.3036,587.3300,-45.0077
484,72.2916,C5,72,0.4270,PASS,PASS,,2.0328,2.1274,3,-0.1750,-11.1199,9.1384,9.1386,9.0926,0.0000,-10.0422,2.1650,-0.2952,9.4868,523.2510,-42.4319
485,72.5000,A4,69,0.4620,PASS,PASS,,2.0721,1.8235,,0.0000,-7.6670,10.2748,10.2748,10.3591,0.0000,-5.9051,1.8235,0.0000,10.2748,440.0000,-38.2948
486,72.5000,A2,45,0.3380,UNVERIFIED,UNVERIFIED,f0 110.0 Hz < 167 Hz: band too narrow for +/-10 ms onset refinement (Re); pitch ,3.6557,0.8043,,0.0000,-1.3409,-0.8126,-0.8126,-0.8416,-0.8126,-11.9268,0.6999,0.0000,-1.9935,110.0000,-44.3165
487,72.7083,E3,52,0.3030,UNVERIFIED,UNVERIFIED,f0 164.8 Hz < 167 Hz: band too narrow for +/-10 ms onset refinement (Re); pitch ,3.3753,1.1126,,0.0000,-2.6192,4.6360,4.6360,4.5572,0.0000,-11.3565,1.0088,0.0000,2.3736,164.8140,-43.7461
488,72.9166,A3,57,0.2780,PASS,PASS,,3.2031,1.4093,,0.0000,-4.3226,18.3702,18.3702,17.9668,0.0000,-11.6260,1.3174,0.0000,11.8415,220.0000,-44.0157
489,73.1250,C4,60,0.4270,PASS,PASS,,2.5273,1.3224,,0.0000,-3.7709,12.1204,12.1204,11.9192,0.0000,-5.9660,1.2595,0.0000,9.2338,261.6260,-38.3557
490,73.3333,E4,64,0.4620,PASS,PASS,,2.2708,1.4971,,0.0000,-4.9274,47.5624,47.5633,43.0252,0.0000,-4.5130,1.4560,0.0000,25.1563,329.6280,-36.9026
491,73.5416,A4,69,0.4270,PASS,PASS,,2.1466,1.8890,,0.0000,-8.3260,9.4303,9.4303,9.4856,0.0000,-7.2482,1.8890,0.0000,9.4303,440.0000,-39.6379
492,73.7500,B4,71,0.4270,PASS,PASS,,2.0701,2.0448,3,-0.0215,-10.0729,8.7706,8.7704,8.7634,0.0000,-8.9951,2.0687,-0.0506,8.8204,493.8830,-41.3848
493,73.7500,E2,40,0.3030,UNVERIFIED,UNVERIFIED,f0 82.4 Hz < 167 Hz: band too narrow for +/-10 ms onset refinement (Re); pitch v,4.1767,0.6884,,0.0000,-0.9767,-2.1100,-2.1098,-2.1299,-2.1100,-14.3110,0.5825,0.0000,-3.0557,82.4070,-46.7007
494,73.9583,E3,52,0.3030,UNVERIFIED,UNVERIFIED,f0 164.8 Hz < 167 Hz: band too narrow for +/-10 ms onset refinement (Re); pitch ,3.3753,1.1126,,0.0000,-2.6192,4.6360,4.6360,4.5572,0.0000,-11.3565,1.0088,0.0000,2.3736,164.8140,-43.7461
495,74.1666,G#3,56,0.3130,PASS,PASS,,3.1006,1.2877,,0.0000,-3.5633,10.4086,10.4085,10.2437,0.0000,-10.2850,1.1963,0.0000,6.9818,207.6520,-42.6747
496,74.3750,E4,64,0.4270,PASS,PASS,,2.3505,1.5496,,0.0000,-5.3138,24.0487,24.0487,24.8077,0.0000,-5.5837,1.5070,0.0000,39.1721,329.6280,-37.9734
497,74.5833,C5,72,0.4270,PASS,PASS,,2.0328,2.1274,3,-0.1750,-11.1199,9.1384,9.1386,9.0926,0.0000,-10.0422,2.1650,-0.2952,9.4868,523.2510,-42.4319
498,74.7916,B4,71,0.4270,PASS,PASS,,2.0701,2.0448,3,-0.0215,-10.0729,8.7706,8.7704,8.7634,0.0000,-8.9951,2.0687,-0.0506,8.8204,493.8830,-41.3848
499,75.0000,A4,69,0.4370,PASS,PASS,,2.1245,1.8695,,0.0000,-8.1256,9.6418,9.6420,9.7050,0.0000,-6.8467,1.8695,0.0000,9.6420,440.0000,-39.2364
500,75.0000,A2,45,0.3630,UNVERIFIED,UNVERIFIED,f0 110.0 Hz < 167 Hz: band too narrow for +/-10 ms onset refinement (Re); pitch ,3.5510,0.7812,,0.0000,-1.2636,-1.0949,-1.0949,-1.1219,-1.0949,-11.2298,0.6798,0.0000,-2.1935,110.0000,-43.6195
501,75.2083,A2,45,0.3280,UNVERIFIED,UNVERIFIED,f0 110.0 Hz < 167 Hz: band too narrow for +/-10 ms onset refinement (Re); pitch ,3.7007,0.8142,,0.0000,-1.3748,-0.6873,-0.6873,-0.7172,-0.6873,-12.2217,0.7085,0.0000,-1.9050,110.0000,-44.6114
502,75.4166,A2,45,0.3280,UNVERIFIED,UNVERIFIED,f0 110.0 Hz < 167 Hz: band too narrow for +/-10 ms onset refinement (Re); pitch ,3.7007,0.8142,,0.0000,-1.3748,-0.6873,-0.6873,-0.7172,-0.6873,-12.2217,0.7085,0.0000,-1.9050,110.0000,-44.6114
503,75.6250,A2,45,0.3280,UNVERIFIED,UNVERIFIED,f0 110.0 Hz < 167 Hz: band too narrow for +/-10 ms onset refinement (Re); pitch ,3.7007,0.8142,,0.0000,-1.3748,-0.6873,-0.6873,-0.7172,-0.6873,-12.2217,0.7085,0.0000,-1.9050,110.0000,-44.6114
504,75.8333,A2,45,0.3630,UNVERIFIED,UNVERIFIED,f0 110.0 Hz < 167 Hz: band too narrow for +/-10 ms onset refinement (Re); pitch ,3.5510,0.7812,,0.0000,-1.2636,-1.0949,-1.0949,-1.1219,-1.0949,-11.2298,0.6798,0.0000,-2.1935,110.0000,-43.6195
505,76.0416,A2,45,0.3280,UNVERIFIED,UNVERIFIED,f0 110.0 Hz < 167 Hz: band too narrow for +/-10 ms onset refinement (Re); pitch ,3.7007,0.8142,,0.0000,-1.3748,-0.6873,-0.6873,-0.7172,-0.6873,-12.2217,0.7085,0.0000,-1.9050,110.0000,-44.6114
506,76.2500,E4,64,0.4270,PASS,PASS,,2.3505,1.5496,,0.0000,-5.3138,24.0487,24.0487,24.8077,0.0000,-5.5837,1.5070,0.0000,39.1721,329.6280,-37.9734
507,76.2500,G4,67,0.4270,PASS,PASS,,2.2260,1.7451,,0.0000,-6.9315,11.8928,11.8929,12.0243,0.0000,-5.8538,1.7254,0.0000,12.4352,391.9950,-38.2434
508,76.2500,A#4,70,0.4270,PASS,PASS,,2.1080,1.9654,,0.0000,-9.1482,8.8878,8.8879,8.9127,0.0000,-8.0704,1.9768,0.0000,8.8430,466.1640,-40.4601
509,76.2500,C#5,73,0.4270,PASS,PASS,,1.9963,2.2133,3,-0.4970,-12.3155,10.1631,10.1631,10.0606,0.0000,-11.2378,2.2660,-0.7814,11.2191,554.3650,-43.6275
510,76.2500,A2,45,0.3280,UNVERIFIED,UNVERIFIED,f0 110.0 Hz < 167 Hz: band too narrow for +/-10 ms onset refinement (Re); pitch ,3.7007,0.8142,,0.0000,-1.3748,-0.6873,-0.6873,-0.7172,-0.6873,-12.2217,0.7085,0.0000,-1.9050,110.0000,-44.6114
511,76.4583,A2,45,0.3280,UNVERIFIED,UNVERIFIED,f0 110.0 Hz < 167 Hz: band too narrow for +/-10 ms onset refinement (Re); pitch ,3.7007,0.8142,,0.0000,-1.3748,-0.6873,-0.6873,-0.7172,-0.6873,-12.2217,0.7085,0.0000,-1.9050,110.0000,-44.6114
512,76.6666,A2,45,0.3630,UNVERIFIED,UNVERIFIED,f0 110.0 Hz < 167 Hz: band too narrow for +/-10 ms onset refinement (Re); pitch ,3.5510,0.7812,,0.0000,-1.2636,-1.0949,-1.0949,-1.1219,-1.0949,-11.2298,0.6798,0.0000,-2.1935,110.0000,-43.6195
513,76.8750,A2,45,0.3280,UNVERIFIED,UNVERIFIED,f0 110.0 Hz < 167 Hz: band too narrow for +/-10 ms onset refinement (Re); pitch ,3.7007,0.8142,,0.0000,-1.3748,-0.6873,-0.6873,-0.7172,-0.6873,-12.2217,0.7085,0.0000,-1.9050,110.0000,-44.6114
514,77.0833,A2,45,0.3280,UNVERIFIED,UNVERIFIED,f0 110.0 Hz < 167 Hz: band too narrow for +/-10 ms onset refinement (Re); pitch ,3.7007,0.8142,,0.0000,-1.3748,-0.6873,-0.6873,-0.7172,-0.6873,-12.2217,0.7085,0.0000,-1.9050,110.0000,-44.6114
515,77.2916,A2,45,0.3280,UNVERIFIED,UNVERIFIED,f0 110.0 Hz < 167 Hz: band too narrow for +/-10 ms onset refinement (Re); pitch ,3.7007,0.8142,,0.0000,-1.3748,-0.6873,-0.6873,-0.7172,-0.6873,-12.2217,0.7085,0.0000,-1.9050,110.0000,-44.6114
516,77.5000,F4,65,0.4620,PASS,PASS,,2.2296,1.5573,,0.0000,-5.3724,22.8484,22.8481,23.5018,0.0000,-4.4611,1.5228,0.0000,30.2274,349.2280,-36.8508
517,77.5000,A4,69,0.4620,PASS,PASS,,2.0721,1.8235,,0.0000,-7.6670,10.2748,10.2748,10.3591,0.0000,-5.9051,1.8235,0.0000,10.2748,440.0000,-38.2948
518,77.5000,D5,74,0.4620,PASS,PASS,,1.8908,2.2210,3,-0.5343,-12.4284,10.3211,10.3208,10.2108,0.0000,-10.6663,2.2877,-0.9187,11.8276,587.3300,-43.0560
519,77.5000,A2,45,0.3630,UNVERIFIED,UNVERIFIED,f0 110.0 Hz < 167 Hz: band too narrow for +/-10 ms onset refinement (Re); pitch ,3.5510,0.7812,,0.0000,-1.2636,-1.0949,-1.0949,-1.1219,-1.0949,-11.2298,0.6798,0.0000,-2.1935,110.0000,-43.6195
520,77.7083,A2,45,0.3280,UNVERIFIED,UNVERIFIED,f0 110.0 Hz < 167 Hz: band too narrow for +/-10 ms onset refinement (Re); pitch ,3.7007,0.8142,,0.0000,-1.3748,-0.6873,-0.6873,-0.7172,-0.6873,-12.2217,0.7085,0.0000,-1.9050,110.0000,-44.6114
521,77.9166,A2,45,0.3280,UNVERIFIED,UNVERIFIED,f0 110.0 Hz < 167 Hz: band too narrow for +/-10 ms onset refinement (Re); pitch ,3.7007,0.8142,,0.0000,-1.3748,-0.6873,-0.6873,-0.7172,-0.6873,-12.2217,0.7085,0.0000,-1.9050,110.0000,-44.6114
522,78.1250,A2,45,0.3280,UNVERIFIED,UNVERIFIED,f0 110.0 Hz < 167 Hz: band too narrow for +/-10 ms onset refinement (Re); pitch ,3.7007,0.8142,,0.0000,-1.3748,-0.6873,-0.6873,-0.7172,-0.6873,-12.2217,0.7085,0.0000,-1.9050,110.0000,-44.6114
523,78.3333,C#5,73,0.4620,PASS,PASS,,1.9257,2.1351,3,-0.1971,-11.2229,9.2162,9.2161,9.1658,0.0000,-9.4608,2.1859,-0.3759,9.7593,554.3650,-41.8505
524,78.3333,E5,76,0.4620,PASS,PASS,,1.8227,2.4033,3,-1.8735,-15.4544,17.7688,17.7692,17.1866,0.0000,-13.6923,2.5060,-3.0929,30.1944,659.2550,-46.0820
525,78.3333,A2,45,0.3630,UNVERIFIED,UNVERIFIED,f0 110.0 Hz < 167 Hz: band too narrow for +/-10 ms onset refinement (Re); pitch ,3.5510,0.7812,,0.0000,-1.2636,-1.0949,-1.0949,-1.1219,-1.0949,-11.2298,0.6798,0.0000,-2.1935,110.0000,-43.6195
526,78.5416,D5,74,0.4520,PASS,PASS,,1.9098,2.2434,3,-0.6510,-12.7633,10.7471,10.7470,10.6162,0.0000,-11.1912,2.3107,-1.0786,12.5513,587.3300,-43.5809
527,78.5416,F5,77,0.4520,PASS,PASS,,1.8079,2.5255,3,-3.3725,-17.9852,23.0482,23.0461,24.9840,0.0000,-16.4129,2.6499,-5.6359,8.4510,698.4560,-48.8026
528,78.5416,A2,45,0.3280,UNVERIFIED,UNVERIFIED,f0 110.0 Hz < 167 Hz: band too narrow for +/-10 ms onset refinement (Re); pitch ,3.7007,0.8142,,0.0000,-1.3748,-0.6873,-0.6873,-0.7172,-0.6873,-12.2217,0.7085,0.0000,-1.9050,110.0000,-44.6114
529,78.7500,G#4,68,0.4270,PASS,PASS,,2.1859,1.8157,,0.0000,-7.5911,10.4052,10.4054,10.4937,0.0000,-6.5134,1.8053,0.0000,10.5848,415.3050,-38.9031
530,78.7500,D5,74,0.4270,PASS,PASS,,1.9603,2.3027,3,-1.0214,-13.6959,12.2853,12.2849,12.0760,0.0000,-12.6181,2.3718,-1.5744,15.3036,587.3300,-45.0077
531,78.7500,F5,77,0.4270,PASS,PASS,,1.8564,2.5932,3,-4.4887,-19.6434,13.1537,13.1526,13.9078,0.0000,-18.5654,2.7209,-7.4421,3.8577,698.4560,-50.9551
532,78.7500,A2,45,0.3280,UNVERIFIED,UNVERIFIED,f0 110.0 Hz < 167 Hz: band too narrow for +/-10 ms onset refinement (Re); pitch ,3.7007,0.8142,,0.0000,-1.3748,-0.6873,-0.6873,-0.7172,-0.6873,-12.2217,0.7085,0.0000,-1.9050,110.0000,-44.6114
533,78.9583,A2,45,0.3280,UNVERIFIED,UNVERIFIED,f0 110.0 Hz < 167 Hz: band too narrow for +/-10 ms onset refinement (Re); pitch ,3.7007,0.8142,,0.0000,-1.3748,-0.6873,-0.6873,-0.7172,-0.6873,-12.2217,0.7085,0.0000,-1.9050,110.0000,-44.6114
534,79.1666,A2,45,0.3630,UNVERIFIED,UNVERIFIED,f0 110.0 Hz < 167 Hz: band too narrow for +/-10 ms onset refinement (Re); pitch ,3.5510,0.7812,,0.0000,-1.2636,-1.0949,-1.0949,-1.1219,-1.0949,-11.2298,0.6798,0.0000,-2.1935,110.0000,-43.6195
535,79.3750,A2,45,0.3280,UNVERIFIED,UNVERIFIED,f0 110.0 Hz < 167 Hz: band too narrow for +/-10 ms onset refinement (Re); pitch ,3.7007,0.8142,,0.0000,-1.3748,-0.6873,-0.6873,-0.7172,-0.6873,-12.2217,0.7085,0.0000,-1.9050,110.0000,-44.6114
536,79.5833,G#4,68,0.4270,PASS,PASS,,2.1859,1.8157,,0.0000,-7.5911,10.4052,10.4054,10.4937,0.0000,-6.5134,1.8053,0.0000,10.5848,415.3050,-38.9031
537,79.5833,D5,74,0.4270,PASS,PASS,,1.9603,2.3027,3,-1.0214,-13.6959,12.2853,12.2849,12.0760,0.0000,-12.6181,2.3718,-1.5744,15.3036,587.3300,-45.0077
538,79.5833,F5,77,0.4270,PASS,PASS,,1.8564,2.5932,3,-4.4887,-19.6434,13.1537,13.1526,13.9078,0.0000,-18.5654,2.7209,-7.4421,3.8577,698.4560,-50.9551
539,79.5833,A2,45,0.3280,UNVERIFIED,UNVERIFIED,f0 110.0 Hz < 167 Hz: band too narrow for +/-10 ms onset refinement (Re); pitch ,3.7007,0.8142,,0.0000,-1.3748,-0.6873,-0.6873,-0.7172,-0.6873,-12.2217,0.7085,0.0000,-1.9050,110.0000,-44.6114
540,79.7916,A2,45,0.3280,UNVERIFIED,UNVERIFIED,f0 110.0 Hz < 167 Hz: band too narrow for +/-10 ms onset refinement (Re); pitch ,3.7007,0.8142,,0.0000,-1.3748,-0.6873,-0.6873,-0.7172,-0.6873,-12.2217,0.7085,0.0000,-1.9050,110.0000,-44.6114
541,80.0000,A4,69,0.4620,PASS,PASS,,2.0721,1.8235,,0.0000,-7.6670,10.2748,10.2748,10.3591,0.0000,-5.9051,1.8235,0.0000,10.2748,440.0000,-38.2948
542,80.0000,C5,72,0.4620,PASS,PASS,,1.9613,2.0525,3,-0.0296,-10.1676,8.7913,8.7912,8.7812,0.0000,-8.4056,2.0889,-0.0849,8.9064,523.2510,-40.7953
543,80.0000,E5,76,0.4620,PASS,PASS,,1.8227,2.4033,3,-1.8735,-15.4544,17.7688,17.7692,17.1866,0.0000,-13.6923,2.5060,-3.0929,30.1944,659.2550,-46.0820
544,80.0000,A2,45,0.3630,UNVERIFIED,UNVERIFIED,f0 110.0 Hz < 167 Hz: band too narrow for +/-10 ms onset refinement (Re); pitch ,3.5510,0.7812,,0.0000,-1.2636,-1.0949,-1.0949,-1.1219,-1.0949,-11.2298,0.6798,0.0000,-2.1935,110.0000,-43.6195
545,80.2083,A2,45,0.3280,UNVERIFIED,UNVERIFIED,f0 110.0 Hz < 167 Hz: band too narrow for +/-10 ms onset refinement (Re); pitch ,3.7007,0.8142,,0.0000,-1.3748,-0.6873,-0.6873,-0.7172,-0.6873,-12.2217,0.7085,0.0000,-1.9050,110.0000,-44.6114
546,80.4166,A2,45,0.3280,UNVERIFIED,UNVERIFIED,f0 110.0 Hz < 167 Hz: band too narrow for +/-10 ms onset refinement (Re); pitch ,3.7007,0.8142,,0.0000,-1.3748,-0.6873,-0.6873,-0.7172,-0.6873,-12.2217,0.7085,0.0000,-1.9050,110.0000,-44.6114
547,80.6250,A2,45,0.3280,UNVERIFIED,UNVERIFIED,f0 110.0 Hz < 167 Hz: band too narrow for +/-10 ms onset refinement (Re); pitch ,3.7007,0.8142,,0.0000,-1.3748,-0.6873,-0.6873,-0.7172,-0.6873,-12.2217,0.7085,0.0000,-1.9050,110.0000,-44.6114
548,80.8333,A2,45,0.3630,UNVERIFIED,UNVERIFIED,f0 110.0 Hz < 167 Hz: band too narrow for +/-10 ms onset refinement (Re); pitch ,3.5510,0.7812,,0.0000,-1.2636,-1.0949,-1.0949,-1.1219,-1.0949,-11.2298,0.6798,0.0000,-2.1935,110.0000,-43.6195
549,81.0416,A2,45,0.3280,UNVERIFIED,UNVERIFIED,f0 110.0 Hz < 167 Hz: band too narrow for +/-10 ms onset refinement (Re); pitch ,3.7007,0.8142,,0.0000,-1.3748,-0.6873,-0.6873,-0.7172,-0.6873,-12.2217,0.7085,0.0000,-1.9050,110.0000,-44.6114
550,81.2500,F4,65,0.4270,PASS,PASS,,2.3082,1.6122,,0.0000,-5.8002,17.5273,17.5278,17.8539,0.0000,-5.5731,1.5765,0.0000,20.5415,349.2280,-37.9628
551,81.2500,D5,74,0.4270,PASS,PASS,,1.9603,2.3027,3,-1.0214,-13.6959,12.2853,12.2849,12.0760,0.0000,-12.6181,2.3718,-1.5744,15.3036,587.3300,-45.0077
552,81.2500,D2,38,0.3280,UNVERIFIED,UNVERIFIED,f0 73.4 Hz < 167 Hz: band too narrow for +/-10 ms onset refinement (Re); pitch v,4.1934,0.6157,,0.0000,-0.7790,-2.7812,-2.7812,-2.7964,-2.7812,-14.0912,0.5154,0.0000,-3.5535,73.4160,-46.4809
553,81.2500,A2,45,0.3280,UNVERIFIED,UNVERIFIED,f0 110.0 Hz < 167 Hz: band too narrow for +/-10 ms onset refinement (Re); pitch ,3.7007,0.8142,,0.0000,-1.3748,-0.6873,-0.6873,-0.7172,-0.6873,-12.2217,0.7085,0.0000,-1.9050,110.0000,-44.6114
554,81.4583,D2,38,0.3280,UNVERIFIED,UNVERIFIED,f0 73.4 Hz < 167 Hz: band too narrow for +/-10 ms onset refinement (Re); pitch v,4.1934,0.6157,,0.0000,-0.7790,-2.7812,-2.7812,-2.7964,-2.7812,-14.0912,0.5154,0.0000,-3.5535,73.4160,-46.4809
555,81.4583,A2,45,0.3280,UNVERIFIED,UNVERIFIED,f0 110.0 Hz < 167 Hz: band too narrow for +/-10 ms onset refinement (Re); pitch ,3.7007,0.8142,,0.0000,-1.3748,-0.6873,-0.6873,-0.7172,-0.6873,-12.2217,0.7085,0.0000,-1.9050,110.0000,-44.6114
556,81.6666,D2,38,0.3630,UNVERIFIED,UNVERIFIED,f0 73.4 Hz < 167 Hz: band too narrow for +/-10 ms onset refinement (Re); pitch v,4.0280,0.5914,,0.0000,-0.7180,-2.9840,-2.9840,-2.9979,-2.9840,-13.1497,0.4951,0.0000,-3.6898,73.4160,-45.5394
557,81.6666,A2,45,0.3630,UNVERIFIED,UNVERIFIED,f0 110.0 Hz < 167 Hz: band too narrow for +/-10 ms onset refinement (Re); pitch ,3.5510,0.7812,,0.0000,-1.2636,-1.0949,-1.0949,-1.1219,-1.0949,-11.2298,0.6798,0.0000,-2.1935,110.0000,-43.6195
558,81.8750,D2,38,0.3280,UNVERIFIED,UNVERIFIED,f0 73.4 Hz < 167 Hz: band too narrow for +/-10 ms onset refinement (Re); pitch v,4.1934,0.6157,,0.0000,-0.7790,-2.7812,-2.7812,-2.7964,-2.7812,-14.0912,0.5154,0.0000,-3.5535,73.4160,-46.4809
559,81.8750,A2,45,0.3280,UNVERIFIED,UNVERIFIED,f0 110.0 Hz < 167 Hz: band too narrow for +/-10 ms onset refinement (Re); pitch ,3.7007,0.8142,,0.0000,-1.3748,-0.6873,-0.6873,-0.7172,-0.6873,-12.2217,0.7085,0.0000,-1.9050,110.0000,-44.6114
560,82.0833,E4,64,0.4270,PASS,PASS,,2.3505,1.5496,,0.0000,-5.3138,24.0487,24.0487,24.8077,0.0000,-5.5837,1.5070,0.0000,39.1721,329.6280,-37.9734
561,82.0833,C5,72,0.4270,PASS,PASS,,2.0328,2.1274,3,-0.1750,-11.1199,9.1384,9.1386,9.0926,0.0000,-10.0422,2.1650,-0.2952,9.4868,523.2510,-42.4319
562,82.0833,D2,38,0.3280,UNVERIFIED,UNVERIFIED,f0 73.4 Hz < 167 Hz: band too narrow for +/-10 ms onset refinement (Re); pitch v,4.1934,0.6157,,0.0000,-0.7790,-2.7812,-2.7812,-2.7964,-2.7812,-14.0912,0.5154,0.0000,-3.5535,73.4160,-46.4809
563,82.0833,A2,45,0.3280,UNVERIFIED,UNVERIFIED,f0 110.0 Hz < 167 Hz: band too narrow for +/-10 ms onset refinement (Re); pitch ,3.7007,0.8142,,0.0000,-1.3748,-0.6873,-0.6873,-0.7172,-0.6873,-12.2217,0.7085,0.0000,-1.9050,110.0000,-44.6114
564,82.2916,D4,62,0.4270,PASS,PASS,,2.4373,1.4315,,0.0000,-4.4706,21.0173,21.0171,20.4794,0.0000,-5.7154,1.3775,0.0000,15.6302,293.6650,-38.1051
565,82.2916,B4,71,0.4270,PASS,PASS,,2.0701,2.0448,3,-0.0215,-10.0729,8.7706,8.7704,8.7634,0.0000,-8.9951,2.0687,-0.0506,8.8204,493.8830,-41.3848
566,82.2916,D2,38,0.3030,UNVERIFIED,UNVERIFIED,f0 73.4 Hz < 167 Hz: band too narrow for +/-10 ms onset refinement (Re); pitch v,4.3275,0.6354,,0.0000,-0.8303,-2.6091,-2.6092,-2.6256,-2.6091,-14.8312,0.5319,0.0000,-3.4381,73.4160,-47.2209
567,82.2916,A2,45,0.3280,UNVERIFIED,UNVERIFIED,f0 110.0 Hz < 167 Hz: band too narrow for +/-10 ms onset refinement (Re); pitch ,3.7007,0.8142,,0.0000,-1.3748,-0.6873,-0.6873,-0.7172,-0.6873,-12.2217,0.7085,0.0000,-1.9050,110.0000,-44.6114
568,82.5000,C4,60,0.4620,PASS,PASS,,2.4434,1.2785,,0.0000,-3.5094,10.0206,10.0207,9.8629,0.0000,-5.0204,1.2177,0.0000,7.6958,261.6260,-37.4100
569,82.5000,F#4,66,0.4620,PASS,PASS,,2.1892,1.6200,,0.0000,-5.8626,16.9980,16.9976,17.3012,0.0000,-4.4473,1.5928,0.0000,18.9903,369.9940,-36.8370
570,82.5000,A4,69,0.4620,PASS,PASS,,2.0721,1.8235,,0.0000,-7.6670,10.2748,10.2748,10.3591,0.0000,-5.9051,1.8235,0.0000,10.2748,440.0000,-38.2948
571,82.5000,D#2,39,0.3630,UNVERIFIED,UNVERIFIED,f0 77.8 Hz < 167 Hz: band too narrow for +/-10 ms onset refinement (Re); pitch v,3.9561,0.6154,,0.0000,-0.7782,-2.7839,-2.7838,-2.7990,-2.7839,-12.8807,0.5179,0.0000,-3.5359,77.7820,-45.2703
572,82.5000,A2,45,0.3630,UNVERIFIED,UNVERIFIED,f0 110.0 Hz < 167 Hz: band too narrow for +/-10 ms onset refinement (Re); pitch ,3.5510,0.7812,,0.0000,-1.2636,-1.0949,-1.0949,-1.1219,-1.0949,-11.2298,0.6798,0.0000,-2.1935,110.0000,-43.6195
573,82.7083,D#2,39,0.3280,UNVERIFIED,UNVERIFIED,f0 77.8 Hz < 167 Hz: band too narrow for +/-10 ms onset refinement (Re); pitch v,4.1192,0.6408,,0.0000,-0.8446,-2.5608,-2.5608,-2.5776,-2.5608,-13.8275,0.5393,0.0000,-3.3847,77.7820,-46.2172
574,82.7083,A2,45,0.3280,UNVERIFIED,UNVERIFIED,f0 110.0 Hz < 167 Hz: band too narrow for +/-10 ms onset refinement (Re); pitch ,3.7007,0.8142,,0.0000,-1.3748,-0.6873,-0.6873,-0.7172,-0.6873,-12.2217,0.7085,0.0000,-1.9050,110.0000,-44.6114
575,82.9166,D#2,39,0.3280,UNVERIFIED,UNVERIFIED,f0 77.8 Hz < 167 Hz: band too narrow for +/-10 ms onset refinement (Re); pitch v,4.1192,0.6408,,0.0000,-0.8446,-2.5608,-2.5608,-2.5776,-2.5608,-13.8275,0.5393,0.0000,-3.3847,77.7820,-46.2172
576,82.9166,A2,45,0.3280,UNVERIFIED,UNVERIFIED,f0 110.0 Hz < 167 Hz: band too narrow for +/-10 ms onset refinement (Re); pitch ,3.7007,0.8142,,0.0000,-1.3748,-0.6873,-0.6873,-0.7172,-0.6873,-12.2217,0.7085,0.0000,-1.9050,110.0000,-44.6114
577,83.1250,D#2,39,0.3280,UNVERIFIED,UNVERIFIED,f0 77.8 Hz < 167 Hz: band too narrow for +/-10 ms onset refinement (Re); pitch v,4.1192,0.6408,,0.0000,-0.8446,-2.5608,-2.5608,-2.5776,-2.5608,-13.8275,0.5393,0.0000,-3.3847,77.7820,-46.2172
578,83.1250,A2,45,0.3280,UNVERIFIED,UNVERIFIED,f0 110.0 Hz < 167 Hz: band too narrow for +/-10 ms onset refinement (Re); pitch ,3.7007,0.8142,,0.0000,-1.3748,-0.6873,-0.6873,-0.7172,-0.6873,-12.2217,0.7085,0.0000,-1.9050,110.0000,-44.6114
579,83.3333,C4,60,0.4870,PASS,PASS,,2.3888,1.2499,,0.0000,-3.3454,8.8611,8.8610,8.7241,0.0000,-4.3985,1.1905,0.0000,6.8111,261.6260,-36.7882
580,83.3333,A4,69,0.4870,PASS,PASS,,2.0238,1.7809,,0.0000,-7.2606,11.0520,11.0520,11.1590,0.0000,-5.0408,1.7809,0.0000,11.0520,440.0000,-37.4305
581,83.3333,D#2,39,0.3630,UNVERIFIED,UNVERIFIED,f0 77.8 Hz < 167 Hz: band too narrow for +/-10 ms onset refinement (Re); pitch v,3.9561,0.6154,,0.0000,-0.7782,-2.7839,-2.7838,-2.7990,-2.7839,-12.8807,0.5179,0.0000,-3.5359,77.7820,-45.2703
582,83.3333,A2,45,0.3630,UNVERIFIED,UNVERIFIED,f0 110.0 Hz < 167 Hz: band too narrow for +/-10 ms onset refinement (Re); pitch ,3.5510,0.7812,,0.0000,-1.2636,-1.0949,-1.0949,-1.1219,-1.0949,-11.2298,0.6798,0.0000,-2.1935,110.0000,-43.6195
583,83.5416,D#2,39,0.3030,UNVERIFIED,UNVERIFIED,f0 77.8 Hz < 167 Hz: band too narrow for +/-10 ms onset refinement (Re); pitch v,4.2515,0.6614,,0.0000,-0.9005,-2.3711,-2.3713,-2.3889,-2.3711,-14.5719,0.5566,0.0000,-3.2567,77.7820,-46.9616
584,83.5416,A2,45,0.3280,UNVERIFIED,UNVERIFIED,f0 110.0 Hz < 167 Hz: band too narrow for +/-10 ms onset refinement (Re); pitch ,3.7007,0.8142,,0.0000,-1.3748,-0.6873,-0.6873,-0.7172,-0.6873,-12.2217,0.7085,0.0000,-1.9050,110.0000,-44.6114
585,83.7500,C4,60,0.4270,PASS,PASS,,2.5273,1.3224,,0.0000,-3.7709,12.1204,12.1204,11.9192,0.0000,-5.9660,1.2595,0.0000,9.2338,261.6260,-38.3557
586,83.7500,A4,69,0.4270,PASS,PASS,,2.1466,1.8890,,0.0000,-8.3260,9.4303,9.4303,9.4856,0.0000,-7.2482,1.8890,0.0000,9.4303,440.0000,-39.6379
587,83.7500,E2,40,0.3280,UNVERIFIED,UNVERIFIED,f0 82.4 Hz < 167 Hz: band too narrow for +/-10 ms onset refinement (Re); pitch v,4.0464,0.6669,,0.0000,-0.9158,-2.3190,-2.3189,-2.3371,-2.3190,-13.5614,0.5643,0.0000,-3.1979,82.4070,-45.9511
588,83.7500,A2,45,0.3280,UNVERIFIED,UNVERIFIED,f0 110.0 Hz < 167 Hz: band too narrow for +/-10 ms onset refinement (Re); pitch ,3.7007,0.8142,,0.0000,-1.3748,-0.6873,-0.6873,-0.7172,-0.6873,-12.2217,0.7085,0.0000,-1.9050,110.0000,-44.6114
589,83.9583,E2,40,0.3280,UNVERIFIED,UNVERIFIED,f0 82.4 Hz < 167 Hz: band too narrow for +/-10 ms onset refinement (Re); pitch v,4.0464,0.6669,,0.0000,-0.9158,-2.3190,-2.3189,-2.3371,-2.3190,-13.5614,0.5643,0.0000,-3.1979,82.4070,-45.9511
590,83.9583,A2,45,0.3280,UNVERIFIED,UNVERIFIED,f0 110.0 Hz < 167 Hz: band too narrow for +/-10 ms onset refinement (Re); pitch ,3.7007,0.8142,,0.0000,-1.3748,-0.6873,-0.6873,-0.7172,-0.6873,-12.2217,0.7085,0.0000,-1.9050,110.0000,-44.6114
591,84.1666,E4,64,0.4620,PASS,PASS,,2.2708,1.4971,,0.0000,-4.9274,47.5624,47.5633,43.0252,0.0000,-4.5130,1.4560,0.0000,25.1563,329.6280,-36.9026
592,84.1666,C5,72,0.4620,PASS,PASS,,1.9613,2.0525,3,-0.0296,-10.1676,8.7913,8.7912,8.7812,0.0000,-8.4056,2.0889,-0.0849,8.9064,523.2510,-40.7953
593,84.1666,E2,40,0.3630,UNVERIFIED,UNVERIFIED,f0 82.4 Hz < 167 Hz: band too narrow for +/-10 ms onset refinement (Re); pitch v,3.8855,0.6404,,0.0000,-0.8435,-2.5645,-2.5644,-2.5811,-2.5645,-12.6084,0.5419,0.0000,-3.3657,82.4070,-44.9981
594,84.1666,A2,45,0.3630,UNVERIFIED,UNVERIFIED,f0 110.0 Hz < 167 Hz: band too narrow for +/-10 ms onset refinement (Re); pitch ,3.5510,0.7812,,0.0000,-1.2636,-1.0949,-1.0949,-1.1219,-1.0949,-11.2298,0.6798,0.0000,-2.1935,110.0000,-43.6195
595,84.3750,E2,40,0.3280,UNVERIFIED,UNVERIFIED,f0 82.4 Hz < 167 Hz: band too narrow for +/-10 ms onset refinement (Re); pitch v,4.0464,0.6669,,0.0000,-0.9158,-2.3190,-2.3189,-2.3371,-2.3190,-13.5614,0.5643,0.0000,-3.1979,82.4070,-45.9511
596,84.3750,A2,45,0.3030,UNVERIFIED,UNVERIFIED,f0 110.0 Hz < 167 Hz: band too narrow for +/-10 ms onset refinement (Re); pitch ,3.8222,0.8409,,0.0000,-1.4687,-0.3364,-0.3364,-0.3689,-0.3364,-13.0043,0.7318,0.0000,-1.6585,110.0000,-45.3939
597,84.5833,D4,62,0.4270,PASS,PASS,,2.4373,1.4315,,0.0000,-4.4706,21.0173,21.0171,20.4794,0.0000,-5.7154,1.3775,0.0000,15.6302,293.6650,-38.1051
598,84.5833,B4,71,0.4270,PASS,PASS,,2.0701,2.0448,3,-0.0215,-10.0729,8.7706,8.7704,8.7634,0.0000,-8.9951,2.0687,-0.0506,8.8204,493.8830,-41.3848
599,84.5833,E2,40,0.3280,UNVERIFIED,UNVERIFIED,f0 82.4 Hz < 167 Hz: band too narrow for +/-10 ms onset refinement (Re); pitch v,4.0464,0.6669,,0.0000,-0.9158,-2.3190,-2.3189,-2.3371,-2.3190,-13.5614,0.5643,0.0000,-3.1979,82.4070,-45.9511
600,84.5833,G#2,44,0.3280,UNVERIFIED,UNVERIFIED,f0 103.8 Hz < 167 Hz: band too narrow for +/-10 ms onset refinement (Re); pitch ,3.7674,0.7823,,0.0000,-1.2672,-1.0819,-1.0818,-1.1089,-1.0819,-12.4880,0.6769,0.0000,-2.2219,103.8260,-44.8777
601,84.7916,E2,40,0.3030,UNVERIFIED,UNVERIFIED,f0 82.4 Hz < 167 Hz: band too narrow for +/-10 ms onset refinement (Re); pitch v,4.1767,0.6884,,0.0000,-0.9767,-2.1100,-2.1098,-2.1299,-2.1100,-14.3110,0.5825,0.0000,-3.0557,82.4070,-46.7007
602,84.7916,G#2,44,0.3030,UNVERIFIED,UNVERIFIED,f0 103.8 Hz < 167 Hz: band too narrow for +/-10 ms onset refinement (Re); pitch ,3.8906,0.8079,,0.0000,-1.3533,-0.7669,-0.7669,-0.7962,-0.7669,-13.2626,0.6991,0.0000,-2.0019,103.8260,-45.6523
603,85.0000,C4,60,0.4620,PASS,PASS,,2.4434,1.2785,,0.0000,-3.5094,10.0206,10.0207,9.8629,0.0000,-5.0204,1.2177,0.0000,7.6958,261.6260,-37.4100
604,85.0000,A4,69,0.4620,PASS,PASS,,2.0721,1.8235,,0.0000,-7.6670,10.2748,10.2748,10.3591,0.0000,-5.9051,1.8235,0.0000,10.2748,440.0000,-38.2948
605,85.0000,A1,33,0.3380,UNVERIFIED,UNVERIFIED,f0 55.0 Hz < 167 Hz: band too narrow for +/-10 ms onset refinement (Re); pitch v,4.5395,0.4993,,0.0000,-0.5102,-3.6618,-3.6617,-3.6712,-3.6618,-15.0767,0.3939,0.0000,-4.2753,55.0000,-47.4664
606,85.0000,A2,45,0.3630,UNVERIFIED,UNVERIFIED,f0 110.0 Hz < 167 Hz: band too narrow for +/-10 ms onset refinement (Re); pitch ,3.5510,0.7812,,0.0000,-1.2636,-1.0949,-1.0949,-1.1219,-1.0949,-11.2298,0.6798,0.0000,-2.1935,110.0000,-43.6195
607,85.2083,A2,45,0.3280,UNVERIFIED,UNVERIFIED,f0 110.0 Hz < 167 Hz: band too narrow for +/-10 ms onset refinement (Re); pitch ,3.7007,0.8142,,0.0000,-1.3748,-0.6873,-0.6873,-0.7172,-0.6873,-12.2217,0.7085,0.0000,-1.9050,110.0000,-44.6114
608,85.4166,A2,45,0.3280,UNVERIFIED,UNVERIFIED,f0 110.0 Hz < 167 Hz: band too narrow for +/-10 ms onset refinement (Re); pitch ,3.7007,0.8142,,0.0000,-1.3748,-0.6873,-0.6873,-0.7172,-0.6873,-12.2217,0.7085,0.0000,-1.9050,110.0000,-44.6114
609,85.6250,A2,45,0.3280,UNVERIFIED,UNVERIFIED,f0 110.0 Hz < 167 Hz: band too narrow for +/-10 ms onset refinement (Re); pitch ,3.7007,0.8142,,0.0000,-1.3748,-0.6873,-0.6873,-0.7172,-0.6873,-12.2217,0.7085,0.0000,-1.9050,110.0000,-44.6114
610,85.8333,A2,45,0.3630,UNVERIFIED,UNVERIFIED,f0 110.0 Hz < 167 Hz: band too narrow for +/-10 ms onset refinement (Re); pitch ,3.5510,0.7812,,0.0000,-1.2636,-1.0949,-1.0949,-1.1219,-1.0949,-11.2298,0.6798,0.0000,-2.1935,110.0000,-43.6195
611,86.0416,A2,45,0.3280,UNVERIFIED,UNVERIFIED,f0 110.0 Hz < 167 Hz: band too narrow for +/-10 ms onset refinement (Re); pitch ,3.7007,0.8142,,0.0000,-1.3748,-0.6873,-0.6873,-0.7172,-0.6873,-12.2217,0.7085,0.0000,-1.9050,110.0000,-44.6114
612,86.2500,E4,64,0.4270,PASS,PASS,,2.3505,1.5496,,0.0000,-5.3138,24.0487,24.0487,24.8077,0.0000,-5.5837,1.5070,0.0000,39.1721,329.6280,-37.9734
613,86.2500,G4,67,0.4270,PASS,PASS,,2.2260,1.7451,,0.0000,-6.9315,11.8928,11.8929,12.0243,0.0000,-5.8538,1.7254,0.0000,12.4352,391.9950,-38.2434
614,86.2500,A#4,70,0.4270,PASS,PASS,,2.1080,1.9654,,0.0000,-9.1482,8.8878,8.8879,8.9127,0.0000,-8.0704,1.9768,0.0000,8.8430,466.1640,-40.4601
615,86.2500,C#5,73,0.4270,PASS,PASS,,1.9963,2.2133,3,-0.4970,-12.3155,10.1631,10.1631,10.0606,0.0000,-11.2378,2.2660,-0.7814,11.2191,554.3650,-43.6275
616,86.2500,A2,45,0.3280,UNVERIFIED,UNVERIFIED,f0 110.0 Hz < 167 Hz: band too narrow for +/-10 ms onset refinement (Re); pitch ,3.7007,0.8142,,0.0000,-1.3748,-0.6873,-0.6873,-0.7172,-0.6873,-12.2217,0.7085,0.0000,-1.9050,110.0000,-44.6114
617,86.4583,A2,45,0.3280,UNVERIFIED,UNVERIFIED,f0 110.0 Hz < 167 Hz: band too narrow for +/-10 ms onset refinement (Re); pitch ,3.7007,0.8142,,0.0000,-1.3748,-0.6873,-0.6873,-0.7172,-0.6873,-12.2217,0.7085,0.0000,-1.9050,110.0000,-44.6114
618,86.6666,A2,45,0.3630,UNVERIFIED,UNVERIFIED,f0 110.0 Hz < 167 Hz: band too narrow for +/-10 ms onset refinement (Re); pitch ,3.5510,0.7812,,0.0000,-1.2636,-1.0949,-1.0949,-1.1219,-1.0949,-11.2298,0.6798,0.0000,-2.1935,110.0000,-43.6195
619,86.8750,A2,45,0.3280,UNVERIFIED,UNVERIFIED,f0 110.0 Hz < 167 Hz: band too narrow for +/-10 ms onset refinement (Re); pitch ,3.7007,0.8142,,0.0000,-1.3748,-0.6873,-0.6873,-0.7172,-0.6873,-12.2217,0.7085,0.0000,-1.9050,110.0000,-44.6114
620,87.0833,A2,45,0.3280,UNVERIFIED,UNVERIFIED,f0 110.0 Hz < 167 Hz: band too narrow for +/-10 ms onset refinement (Re); pitch ,3.7007,0.8142,,0.0000,-1.3748,-0.6873,-0.6873,-0.7172,-0.6873,-12.2217,0.7085,0.0000,-1.9050,110.0000,-44.6114
621,87.2916,A2,45,0.3280,UNVERIFIED,UNVERIFIED,f0 110.0 Hz < 167 Hz: band too narrow for +/-10 ms onset refinement (Re); pitch ,3.7007,0.8142,,0.0000,-1.3748,-0.6873,-0.6873,-0.7172,-0.6873,-12.2217,0.7085,0.0000,-1.9050,110.0000,-44.6114
622,87.5000,F4,65,0.4620,PASS,PASS,,2.2296,1.5573,,0.0000,-5.3724,22.8484,22.8481,23.5018,0.0000,-4.4611,1.5228,0.0000,30.2274,349.2280,-36.8508
623,87.5000,A4,69,0.4620,PASS,PASS,,2.0721,1.8235,,0.0000,-7.6670,10.2748,10.2748,10.3591,0.0000,-5.9051,1.8235,0.0000,10.2748,440.0000,-38.2948
624,87.5000,D5,74,0.4620,PASS,PASS,,1.8908,2.2210,3,-0.5343,-12.4284,10.3211,10.3208,10.2108,0.0000,-10.6663,2.2877,-0.9187,11.8276,587.3300,-43.0560
625,87.5000,A2,45,0.3630,UNVERIFIED,UNVERIFIED,f0 110.0 Hz < 167 Hz: band too narrow for +/-10 ms onset refinement (Re); pitch ,3.5510,0.7812,,0.0000,-1.2636,-1.0949,-1.0949,-1.1219,-1.0949,-11.2298,0.6798,0.0000,-2.1935,110.0000,-43.6195
626,87.7083,A2,45,0.3280,UNVERIFIED,UNVERIFIED,f0 110.0 Hz < 167 Hz: band too narrow for +/-10 ms onset refinement (Re); pitch ,3.7007,0.8142,,0.0000,-1.3748,-0.6873,-0.6873,-0.7172,-0.6873,-12.2217,0.7085,0.0000,-1.9050,110.0000,-44.6114
627,87.9166,A2,45,0.3280,UNVERIFIED,UNVERIFIED,f0 110.0 Hz < 167 Hz: band too narrow for +/-10 ms onset refinement (Re); pitch ,3.7007,0.8142,,0.0000,-1.3748,-0.6873,-0.6873,-0.7172,-0.6873,-12.2217,0.7085,0.0000,-1.9050,110.0000,-44.6114
628,88.1250,A2,45,0.3280,UNVERIFIED,UNVERIFIED,f0 110.0 Hz < 167 Hz: band too narrow for +/-10 ms onset refinement (Re); pitch ,3.7007,0.8142,,0.0000,-1.3748,-0.6873,-0.6873,-0.7172,-0.6873,-12.2217,0.7085,0.0000,-1.9050,110.0000,-44.6114
629,88.3333,C#5,73,0.4620,PASS,PASS,,1.9257,2.1351,3,-0.1971,-11.2229,9.2162,9.2161,9.1658,0.0000,-9.4608,2.1859,-0.3759,9.7593,554.3650,-41.8505
630,88.3333,E5,76,0.4620,PASS,PASS,,1.8227,2.4033,3,-1.8735,-15.4544,17.7688,17.7692,17.1866,0.0000,-13.6923,2.5060,-3.0929,30.1944,659.2550,-46.0820
631,88.3333,A2,45,0.3630,UNVERIFIED,UNVERIFIED,f0 110.0 Hz < 167 Hz: band too narrow for +/-10 ms onset refinement (Re); pitch ,3.5510,0.7812,,0.0000,-1.2636,-1.0949,-1.0949,-1.1219,-1.0949,-11.2298,0.6798,0.0000,-2.1935,110.0000,-43.6195
632,88.5416,D5,74,0.4520,PASS,PASS,,1.9098,2.2434,3,-0.6510,-12.7633,10.7471,10.7470,10.6162,0.0000,-11.1912,2.3107,-1.0786,12.5513,587.3300,-43.5809
633,88.5416,F5,77,0.4520,PASS,PASS,,1.8079,2.5255,3,-3.3725,-17.9852,23.0482,23.0461,24.9840,0.0000,-16.4129,2.6499,-5.6359,8.4510,698.4560,-48.8026
634,88.5416,A2,45,0.3280,UNVERIFIED,UNVERIFIED,f0 110.0 Hz < 167 Hz: band too narrow for +/-10 ms onset refinement (Re); pitch ,3.7007,0.8142,,0.0000,-1.3748,-0.6873,-0.6873,-0.7172,-0.6873,-12.2217,0.7085,0.0000,-1.9050,110.0000,-44.6114
635,88.7500,D5,74,0.4270,PASS,PASS,,1.9603,2.3027,3,-1.0214,-13.6959,12.2853,12.2849,12.0760,0.0000,-12.6181,2.3718,-1.5744,15.3036,587.3300,-45.0077
636,88.7500,F5,77,0.4270,PASS,PASS,,1.8564,2.5932,3,-4.4887,-19.6434,13.1537,13.1526,13.9078,0.0000,-18.5654,2.7209,-7.4421,3.8577,698.4560,-50.9551
637,88.7500,A2,45,0.3280,UNVERIFIED,UNVERIFIED,f0 110.0 Hz < 167 Hz: band too narrow for +/-10 ms onset refinement (Re); pitch ,3.7007,0.8142,,0.0000,-1.3748,-0.6873,-0.6873,-0.7172,-0.6873,-12.2217,0.7085,0.0000,-1.9050,110.0000,-44.6114
638,88.9583,A2,45,0.3280,UNVERIFIED,UNVERIFIED,f0 110.0 Hz < 167 Hz: band too narrow for +/-10 ms onset refinement (Re); pitch ,3.7007,0.8142,,0.0000,-1.3748,-0.6873,-0.6873,-0.7172,-0.6873,-12.2217,0.7085,0.0000,-1.9050,110.0000,-44.6114
639,89.1666,A2,45,0.3630,UNVERIFIED,UNVERIFIED,f0 110.0 Hz < 167 Hz: band too narrow for +/-10 ms onset refinement (Re); pitch ,3.5510,0.7812,,0.0000,-1.2636,-1.0949,-1.0949,-1.1219,-1.0949,-11.2298,0.6798,0.0000,-2.1935,110.0000,-43.6195
640,89.3750,A2,45,0.3280,UNVERIFIED,UNVERIFIED,f0 110.0 Hz < 167 Hz: band too narrow for +/-10 ms onset refinement (Re); pitch ,3.7007,0.8142,,0.0000,-1.3748,-0.6873,-0.6873,-0.7172,-0.6873,-12.2217,0.7085,0.0000,-1.9050,110.0000,-44.6114
641,89.5833,D5,74,0.4520,PASS,PASS,,1.9098,2.2434,3,-0.6510,-12.7633,10.7471,10.7470,10.6162,0.0000,-11.1912,2.3107,-1.0786,12.5513,587.3300,-43.5809
642,89.5833,F5,77,0.4520,PASS,PASS,,1.8079,2.5255,3,-3.3725,-17.9852,23.0482,23.0461,24.9840,0.0000,-16.4129,2.6499,-5.6359,8.4510,698.4560,-48.8026
643,89.5833,A2,45,0.3280,UNVERIFIED,UNVERIFIED,f0 110.0 Hz < 167 Hz: band too narrow for +/-10 ms onset refinement (Re); pitch ,3.7007,0.8142,,0.0000,-1.3748,-0.6873,-0.6873,-0.7172,-0.6873,-12.2217,0.7085,0.0000,-1.9050,110.0000,-44.6114
644,89.7916,A2,45,0.3030,UNVERIFIED,UNVERIFIED,f0 110.0 Hz < 167 Hz: band too narrow for +/-10 ms onset refinement (Re); pitch ,3.8222,0.8409,,0.0000,-1.4687,-0.3364,-0.3364,-0.3689,-0.3364,-13.0043,0.7318,0.0000,-1.6585,110.0000,-45.3939
645,90.0000,D5,74,0.4620,PASS,PASS,,1.8908,2.2210,3,-0.5343,-12.4284,10.3211,10.3208,10.2108,0.0000,-10.6663,2.2877,-0.9187,11.8276,587.3300,-43.0560
646,90.0000,F5,77,0.4620,PASS,PASS,,1.7896,2.4999,3,-3.0096,-17.4123,33.0061,33.0171,40.3823,0.0000,-15.6501,2.6231,-5.0662,10.4916,698.4560,-48.0398
647,90.0000,A#2,46,0.3630,UNVERIFIED,UNVERIFIED,f0 116.5 Hz < 167 Hz: band too narrow for +/-10 ms onset refinement (Re); pitch ,3.4875,0.8129,,0.0000,-1.3704,-0.7033,-0.7033,-0.7331,-0.7033,-10.9560,0.7115,0.0000,-1.8741,116.5410,-43.3457
648,90.2083,A#2,46,0.3280,UNVERIFIED,UNVERIFIED,f0 116.5 Hz < 167 Hz: band too narrow for +/-10 ms onset refinement (Re); pitch ,3.6352,0.8473,,0.0000,-1.4918,-0.2492,-0.2492,-0.2825,-0.2492,-11.9580,0.7416,0.0000,-1.5507,116.5410,-44.3477
649,90.4166,A#2,46,0.3280,UNVERIFIED,UNVERIFIED,f0 116.5 Hz < 167 Hz: band too narrow for +/-10 ms onset refinement (Re); pitch ,3.6352,0.8473,,0.0000,-1.4918,-0.2492,-0.2492,-0.2825,-0.2492,-11.9580,0.7416,0.0000,-1.5507,116.5410,-44.3477
650,90.6250,A#2,46,0.3280,UNVERIFIED,UNVERIFIED,f0 116.5 Hz < 167 Hz: band too narrow for +/-10 ms onset refinement (Re); pitch ,3.6352,0.8473,,0.0000,-1.4918,-0.2492,-0.2492,-0.2825,-0.2492,-11.9580,0.7416,0.0000,-1.5507,116.5410,-44.3477
651,90.8333,A#2,46,0.3630,UNVERIFIED,UNVERIFIED,f0 116.5 Hz < 167 Hz: band too narrow for +/-10 ms onset refinement (Re); pitch ,3.4875,0.8129,,0.0000,-1.3704,-0.7033,-0.7033,-0.7331,-0.7033,-10.9560,0.7115,0.0000,-1.8741,116.5410,-43.3457
652,91.0416,A#2,46,0.3280,UNVERIFIED,UNVERIFIED,f0 116.5 Hz < 167 Hz: band too narrow for +/-10 ms onset refinement (Re); pitch ,3.6352,0.8473,,0.0000,-1.4918,-0.2492,-0.2492,-0.2825,-0.2492,-11.9580,0.7416,0.0000,-1.5507,116.5410,-44.3477
653,91.2500,G4,67,0.4270,PASS,PASS,,2.2260,1.7451,,0.0000,-6.9315,11.8928,11.8929,12.0243,0.0000,-5.8538,1.7254,0.0000,12.4352,391.9950,-38.2434
654,91.2500,D#5,75,0.4270,PASS,PASS,,1.9250,2.3957,3,-1.7988,-15.3136,17.0214,17.0214,16.5025,0.0000,-14.2356,2.4828,-2.7814,38.1665,622.2540,-46.6253
655,91.2500,A#2,46,0.3280,UNVERIFIED,UNVERIFIED,f0 116.5 Hz < 167 Hz: band too narrow for +/-10 ms onset refinement (Re); pitch ,3.6352,0.8473,,0.0000,-1.4918,-0.2492,-0.2492,-0.2825,-0.2492,-11.9580,0.7416,0.0000,-1.5507,116.5410,-44.3477
656,91.4583,A#2,46,0.3280,UNVERIFIED,UNVERIFIED,f0 116.5 Hz < 167 Hz: band too narrow for +/-10 ms onset refinement (Re); pitch ,3.6352,0.8473,,0.0000,-1.4918,-0.2492,-0.2492,-0.2825,-0.2492,-11.9580,0.7416,0.0000,-1.5507,116.5410,-44.3477
657,91.6666,A#2,46,0.3630,UNVERIFIED,UNVERIFIED,f0 116.5 Hz < 167 Hz: band too narrow for +/-10 ms onset refinement (Re); pitch ,3.4875,0.8129,,0.0000,-1.3704,-0.7033,-0.7033,-0.7331,-0.7033,-10.9560,0.7115,0.0000,-1.8741,116.5410,-43.3457
658,91.8750,A#2,46,0.3280,UNVERIFIED,UNVERIFIED,f0 116.5 Hz < 167 Hz: band too narrow for +/-10 ms onset refinement (Re); pitch ,3.6352,0.8473,,0.0000,-1.4918,-0.2492,-0.2492,-0.2825,-0.2492,-11.9580,0.7416,0.0000,-1.5507,116.5410,-44.3477
659,92.0833,F4,65,0.4270,PASS,PASS,,2.3082,1.6122,,0.0000,-5.8002,17.5273,17.5278,17.8539,0.0000,-5.5731,1.5765,0.0000,20.5415,349.2280,-37.9628
660,92.0833,D5,74,0.4270,PASS,PASS,,1.9603,2.3027,3,-1.0214,-13.6959,12.2853,12.2849,12.0760,0.0000,-12.6181,2.3718,-1.5744,15.3036,587.3300,-45.0077
661,92.0833,A#2,46,0.3280,UNVERIFIED,UNVERIFIED,f0 116.5 Hz < 167 Hz: band too narrow for +/-10 ms onset refinement (Re); pitch ,3.6352,0.8473,,0.0000,-1.4918,-0.2492,-0.2492,-0.2825,-0.2492,-11.9580,0.7416,0.0000,-1.5507,116.5410,-44.3477
662,92.2916,D#4,63,0.4270,PASS,PASS,,2.3935,1.4894,,0.0000,-4.8722,38.6642,38.6652,35.2955,0.0000,-5.6327,1.4407,0.0000,22.3797,311.1270,-38.0224
663,92.2916,C5,72,0.4270,PASS,PASS,,2.0328,2.1274,3,-0.1750,-11.1199,9.1384,9.1386,9.0926,0.0000,-10.0422,2.1650,-0.2952,9.4868,523.2510,-42.4319
664,92.2916,A#2,46,0.3280,UNVERIFIED,UNVERIFIED,f0 116.5 Hz < 167 Hz: band too narrow for +/-10 ms onset refinement (Re); pitch ,3.6352,0.8473,,0.0000,-1.4918,-0.2492,-0.2492,-0.2825,-0.2492,-11.9580,0.7416,0.0000,-1.5507,116.5410,-44.3477
665,92.5000,D4,62,0.4620,PASS,PASS,,2.3555,1.3835,,0.0000,-4.1536,16.0976,16.0973,15.7841,0.0000,-4.7141,1.3313,0.0000,12.6215,293.6650,-37.1038
666,92.5000,F4,65,0.4620,PASS,PASS,,2.2296,1.5573,,0.0000,-5.3724,22.8484,22.8481,23.5018,0.0000,-4.4611,1.5228,0.0000,30.2274,349.2280,-36.8508
667,92.5000,A#4,70,0.4620,PASS,PASS,,2.0345,1.8968,,0.0000,-8.4074,9.3546,9.3547,9.4065,0.0000,-6.6454,1.9078,0.0000,9.2561,466.1640,-39.0350
668,92.5000,A#2,46,0.3630,UNVERIFIED,UNVERIFIED,f0 116.5 Hz < 167 Hz: band too narrow for +/-10 ms onset refinement (Re); pitch ,3.4875,0.8129,,0.0000,-1.3704,-0.7033,-0.7033,-0.7331,-0.7033,-10.9560,0.7115,0.0000,-1.8741,116.5410,-43.3457
669,92.7083,A#2,46,0.3280,UNVERIFIED,UNVERIFIED,f0 116.5 Hz < 167 Hz: band too narrow for +/-10 ms onset refinement (Re); pitch ,3.6352,0.8473,,0.0000,-1.4918,-0.2492,-0.2492,-0.2825,-0.2492,-11.9580,0.7416,0.0000,-1.5507,116.5410,-44.3477
670,92.9166,A#2,46,0.3280,UNVERIFIED,UNVERIFIED,f0 116.5 Hz < 167 Hz: band too narrow for +/-10 ms onset refinement (Re); pitch ,3.6352,0.8473,,0.0000,-1.4918,-0.2492,-0.2492,-0.2825,-0.2492,-11.9580,0.7416,0.0000,-1.5507,116.5410,-44.3477
671,93.1250,A#2,46,0.3280,UNVERIFIED,UNVERIFIED,f0 116.5 Hz < 167 Hz: band too narrow for +/-10 ms onset refinement (Re); pitch ,3.6352,0.8473,,0.0000,-1.4918,-0.2492,-0.2492,-0.2825,-0.2492,-11.9580,0.7416,0.0000,-1.5507,116.5410,-44.3477
672,93.3333,D4,62,0.4870,PASS,PASS,,2.3024,1.3523,,0.0000,-3.9551,13.8732,13.8734,13.6282,0.0000,-4.0581,1.3013,0.0000,11.0665,293.6650,-36.4477
673,93.3333,F4,65,0.4870,PASS,PASS,,2.1786,1.5216,,0.0000,-5.1059,30.6315,30.6340,32.3905,0.0000,-3.7367,1.4879,0.0000,37.7069,349.2280,-36.1264
674,93.3333,A4,69,0.4620,PASS,PASS,,2.0721,1.8235,,0.0000,-7.6670,10.2748,10.2748,10.3591,0.0000,-5.9051,1.8235,0.0000,10.2748,440.0000,-38.2948
675,93.3333,A#2,46,0.3630,UNVERIFIED,UNVERIFIED,f0 116.5 Hz < 167 Hz: band too narrow for +/-10 ms onset refinement (Re); pitch ,3.4875,0.8129,,0.0000,-1.3704,-0.7033,-0.7033,-0.7331,-0.7033,-10.9560,0.7115,0.0000,-1.8741,116.5410,-43.3457
676,93.5416,A#2,46,0.3030,UNVERIFIED,UNVERIFIED,f0 116.5 Hz < 167 Hz: band too narrow for +/-10 ms onset refinement (Re); pitch ,3.7549,0.8752,,0.0000,-1.5943,0.1430,0.1431,0.1068,0.0000,-12.7492,0.7660,0.0000,-1.2737,116.5410,-45.1388
677,93.7500,D4,62,0.4270,PASS,PASS,,2.4373,1.4315,,0.0000,-4.4706,21.0173,21.0171,20.4794,0.0000,-5.7154,1.3775,0.0000,15.6302,293.6650,-38.1051
678,93.7500,F4,65,0.4270,PASS,PASS,,2.3082,1.6122,,0.0000,-5.8002,17.5273,17.5278,17.8539,0.0000,-5.5731,1.5765,0.0000,20.5415,349.2280,-37.9628
679,93.7500,G#4,68,0.4270,PASS,PASS,,2.1859,1.8157,,0.0000,-7.5911,10.4052,10.4054,10.4937,0.0000,-6.5134,1.8053,0.0000,10.5848,415.3050,-38.9031
680,93.7500,B2,47,0.3280,UNVERIFIED,UNVERIFIED,f0 123.5 Hz < 167 Hz: band too narrow for +/-10 ms onset refinement (Re); pitch ,3.5708,0.8818,,0.0000,-1.6189,0.2389,0.2389,0.2019,0.0000,-11.6979,0.7762,0.0000,-1.1536,123.4710,-44.0876
681,93.9583,B2,47,0.3280,UNVERIFIED,UNVERIFIED,f0 123.5 Hz < 167 Hz: band too narrow for +/-10 ms onset refinement (Re); pitch ,3.5708,0.8818,,0.0000,-1.6189,0.2389,0.2389,0.2019,0.0000,-11.6979,0.7762,0.0000,-1.1536,123.4710,-44.0876
682,94.1666,B2,47,0.3630,UNVERIFIED,UNVERIFIED,f0 123.5 Hz < 167 Hz: band too narrow for +/-10 ms onset refinement (Re); pitch ,3.4253,0.8458,,0.0000,-1.4865,-0.2686,-0.2687,-0.3015,-0.2686,-10.6850,0.7446,0.0000,-1.5170,123.4710,-43.0747
683,94.3750,B2,47,0.3280,UNVERIFIED,UNVERIFIED,f0 123.5 Hz < 167 Hz: band too narrow for +/-10 ms onset refinement (Re); pitch ,3.5708,0.8818,,0.0000,-1.6189,0.2389,0.2389,0.2019,0.0000,-11.6979,0.7762,0.0000,-1.1536,123.4710,-44.0876
684,94.5833,D4,62,0.4270,PASS,PASS,,2.4373,1.4315,,0.0000,-4.4706,21.0173,21.0171,20.4794,0.0000,-5.7154,1.3775,0.0000,15.6302,293.6650,-38.1051
685,94.5833,F4,65,0.4270,PASS,PASS,,2.3082,1.6122,,0.0000,-5.8002,17.5273,17.5278,17.8539,0.0000,-5.5731,1.5765,0.0000,20.5415,349.2280,-37.9628
686,94.5833,G#4,68,0.4270,PASS,PASS,,2.1859,1.8157,,0.0000,-7.5911,10.4052,10.4054,10.4937,0.0000,-6.5134,1.8053,0.0000,10.5848,415.3050,-38.9031
687,94.5833,B2,47,0.3280,UNVERIFIED,UNVERIFIED,f0 123.5 Hz < 167 Hz: band too narrow for +/-10 ms onset refinement (Re); pitch ,3.5708,0.8818,,0.0000,-1.6189,0.2389,0.2389,0.2019,0.0000,-11.6979,0.7762,0.0000,-1.1536,123.4710,-44.0876
688,94.7916,B2,47,0.3030,UNVERIFIED,UNVERIFIED,f0 123.5 Hz < 167 Hz: band too narrow for +/-10 ms onset refinement (Re); pitch ,3.6888,0.9109,,0.0000,-1.7309,0.6790,0.6790,0.6383,0.0000,-12.4986,0.8019,0.0000,-0.8414,123.4710,-44.8883
689,95.0000,C4,60,0.4370,PASS,PASS,,2.5023,1.3093,,0.0000,-3.6919,11.4480,11.4482,11.2624,0.0000,-5.6861,1.2471,0.0000,8.7509,261.6260,-38.0758
690,95.0000,E4,64,0.4370,PASS,PASS,,2.3268,1.5339,,0.0000,-5.1969,27.1048,27.1051,28.2249,0.0000,-5.2657,1.4918,0.0000,41.6767,329.6280,-37.6553
691,95.0000,A4,69,0.4370,PASS,PASS,,2.1245,1.8695,,0.0000,-8.1256,9.6418,9.6420,9.7050,0.0000,-6.8467,1.8695,0.0000,9.6420,440.0000,-39.2364
692,95.0000,C3,48,0.3130,UNVERIFIED,UNVERIFIED,f0 130.8 Hz < 167 Hz: band too narrow for +/-10 ms onset refinement (Re); pitch ,3.5758,0.9355,,0.0000,-1.8284,1.0717,1.0717,1.0276,0.0000,-11.9204,0.8284,0.0000,-0.5023,130.8130,-44.3101
693,96.2500,E4,64,0.4020,PASS,PASS,,2.4133,1.5910,,0.0000,-5.6325,19.1789,19.1793,19.5861,0.0000,-6.4264,1.5473,0.0000,24.4212,329.6280,-38.8161
694,96.2500,B4,71,0.4020,PASS,PASS,,2.1274,2.1013,3,-0.1105,-10.7800,8.9567,8.9567,8.9244,0.0000,-10.2263,2.1259,-0.1711,9.1139,493.8830,-42.6159
695,96.2500,E3,52,0.2780,UNVERIFIED,UNVERIFIED,f0 164.8 Hz < 167 Hz: band too narrow for +/-10 ms onset refinement (Re); pitch ,3.4988,1.1533,,0.0000,-2.8239,5.7025,5.7024,5.6108,0.0000,-12.3091,1.0457,0.0000,3.1141,164.8140,-44.6988
696,96.2500,G#3,56,0.2780,PASS,PASS,,3.2602,1.3540,,0.0000,-3.9658,13.9392,13.9393,13.6925,0.0000,-11.7176,1.2578,0.0000,9.1533,207.6520,-44.1072
697,97.5000,A3,57,0.4620,PASS,PASS,,2.5818,1.1360,,0.0000,-2.7359,5.2428,5.2427,5.1569,0.0000,-5.6273,1.0619,0.0000,3.4662,220.0000,-38.0170
698,97.5000,A1,33,0.3130,UNVERIFIED,UNVERIFIED,f0 55.0 Hz < 167 Hz: band too narrow for +/-10 ms onset refinement (Re); pitch v,4.6790,0.5147,,0.0000,-0.5423,-3.5584,-3.5584,-3.5687,-3.5584,-15.7762,0.4060,0.0000,-4.2131,55.0000,-48.1659
699,97.6389,C4,60,0.4270,PASS,PASS,,2.5273,1.3224,,0.0000,-3.7709,12.1204,12.1204,11.9192,0.0000,-5.9660,1.2595,0.0000,9.2338,261.6260,-38.3557
700,97.7777,E4,64,0.4270,PASS,PASS,,2.3505,1.5496,,0.0000,-5.3138,24.0487,24.0487,24.8077,0.0000,-5.5837,1.5070,0.0000,39.1721,329.6280,-37.9734
701,97.9166,A4,69,0.4270,PASS,PASS,,2.1466,1.8890,,0.0000,-8.3260,9.4303,9.4303,9.4856,0.0000,-7.2482,1.8890,0.0000,9.4303,440.0000,-39.6379
702,98.0555,C5,72,0.4270,PASS,PASS,,2.0328,2.1274,3,-0.1750,-11.1199,9.1384,9.1386,9.0926,0.0000,-10.0422,2.1650,-0.2952,9.4868,523.2510,-42.4319
703,98.1944,E5,76,0.4270,PASS,PASS,,1.8904,2.4925,3,-2.9091,-17.2501,39.5099,39.5010,44.8061,0.0000,-16.1723,2.5990,-4.5973,12.6867,659.2550,-48.5620
704,98.3333,D5,74,0.4620,PASS,PASS,,1.8908,2.2210,3,-0.5343,-12.4284,10.3211,10.3208,10.2108,0.0000,-10.6663,2.2877,-0.9187,11.8276,587.3300,-43.0560
705,98.3333,A3,57,0.3630,PASS,PASS,,2.8601,1.2585,,0.0000,-3.3938,9.1805,9.1807,9.0381,0.0000,-8.3800,1.1764,0.0000,6.3727,220.0000,-40.7697
706,98.3333,C4,60,0.3630,PASS,PASS,,2.7094,1.4177,,0.0000,-4.3781,19.2941,19.2946,18.8484,0.0000,-7.9837,1.3503,0.0000,13.7298,261.6260,-40.3734
707,98.3333,E4,64,0.3630,PASS,PASS,,2.5235,1.6636,,0.0000,-6.2216,14.6921,14.6924,14.9087,0.0000,-7.9018,1.6180,0.0000,17.1532,329.6280,-40.2915
708,98.4722,C5,72,0.4270,PASS,PASS,,2.0328,2.1274,3,-0.1750,-11.1199,9.1384,9.1386,9.0926,0.0000,-10.0422,2.1650,-0.2952,9.4868,523.2510,-42.4319
709,98.6111,B4,71,0.4270,PASS,PASS,,2.0701,2.0448,3,-0.0215,-10.0729,8.7706,8.7704,8.7634,0.0000,-8.9951,2.0687,-0.0506,8.8204,493.8830,-41.3848
710,98.7500,A4,69,0.4270,PASS,PASS,,2.1466,1.8890,,0.0000,-8.3260,9.4303,9.4303,9.4856,0.0000,-7.2482,1.8890,0.0000,9.4303,440.0000,-39.6379
711,98.7500,A3,57,0.2780,PASS,PASS,,3.2031,1.4093,,0.0000,-4.3226,18.3702,18.3702,17.9668,0.0000,-11.6260,1.3174,0.0000,11.8415,220.0000,-44.0157
712,98.7500,C4,60,0.2780,PASS,PASS,,3.0376,1.5894,,0.0000,-5.6202,19.3716,19.3715,19.7890,0.0000,-11.5432,1.5138,0.0000,34.5625,261.6260,-43.9329
713,98.7500,E4,64,0.2780,PASS,PASS,,2.8359,1.8696,,0.0000,-8.1264,9.6436,9.6434,9.7079,0.0000,-12.1239,1.8183,0.0000,10.3700,329.6280,-44.5136
714,98.8888,C5,72,0.4270,PASS,PASS,,2.0328,2.1274,3,-0.1750,-11.1199,9.1384,9.1386,9.0926,0.0000,-10.0422,2.1650,-0.2952,9.4868,523.2510,-42.4319
715,99.0277,E5,76,0.4270,PASS,PASS,,1.8904,2.4925,3,-2.9091,-17.2501,39.5099,39.5010,44.8061,0.0000,-16.1723,2.5990,-4.5973,12.6867,659.2550,-48.5620
716,99.1666,A5,81,0.4620,PASS,PASS,,1.6631,2.9271,3,-18.8392,-36.4186,-10.9658,-10.9664,-9.9815,-10.9658,-34.6529,3.1505,-12.6056,-3.5614,880.0000,-67.0426
717,99.3055,C6,84,0.4270,PASS,PASS,,1.6346,3.4211,3,-4.2323,-24.8233,21.4129,21.4140,19.3189,0.0000,-23.7466,3.7555,-0.6570,8.7038,1046.5020,-56.1363
718,99.4444,E6,88,0.4270,PASS,PASS,,1.5198,4.0079,5,-0.0007,-23.5589,7.8134,7.8141,7.7380,0.0000,-22.4822,4.5196,-3.2863,14.3020,1318.5100,-54.8719
719,99.5833,D6,86,0.4270,PASS,PASS,,1.5762,3.7029,3,-0.9823,-23.0662,9.4234,9.4220,9.6426,0.0000,-21.9895,4.1195,-0.1540,8.7404,1174.6590,-54.3792
720,99.5833,A3,57,0.3280,PASS,PASS,,2.9859,1.3138,,0.0000,-3.7187,11.6567,11.6567,11.4664,0.0000,-9.5855,1.2281,0.0000,8.0463,220.0000,-41.9752
721,99.5833,C4,60,0.3280,PASS,PASS,,2.8297,1.4807,,0.0000,-4.8105,32.5882,32.5898,30.7441,0.0000,-9.2969,1.4102,0.0000,18.4927,261.6260,-41.6866
722,99.5833,E4,64,0.3280,PASS,PASS,,2.6380,1.7391,,0.0000,-6.8771,12.0665,12.0667,12.2027,0.0000,-9.4380,1.6914,0.0000,13.5713,329.6280,-41.8277
723,99.7222,C6,84,0.4270,PASS,PASS,,1.6346,3.4211,3,-4.2323,-24.8233,21.4129,21.4140,19.3189,0.0000,-23.7466,3.7555,-0.6570,8.7038,1046.5020,-56.1363
724,99.8611,B5,83,0.4270,PASS,PASS,,1.6645,3.2884,3,-7.1776,-27.0140,5.9387,5.9381,5.2701,0.0000,-25.9376,3.5860,-1.9831,14.0456,987.7670,-58.3273
725,100.0000,A5,81,0.4620,PASS,PASS,,1.6631,2.9271,3,-18.8392,-36.4186,-10.9658,-10.9664,-9.9815,-10.9658,-34.6529,3.1505,-12.6056,-3.5614,880.0000,-67.0426
726,100.0000,A3,57,0.3130,PASS,PASS,,3.0458,1.3402,,0.0000,-3.8799,13.0973,13.0972,12.8733,0.0000,-10.1533,1.2527,0.0000,8.9567,220.0000,-42.5430
727,100.0000,C4,60,0.3130,PASS,PASS,,2.8871,1.5107,,0.0000,-5.0258,36.6024,36.6062,40.5839,0.0000,-9.9186,1.4388,0.0000,22.0147,261.6260,-42.3083
728,100.0000,E4,64,0.3130,PASS,PASS,,2.6926,1.7751,,0.0000,-7.2063,11.1940,11.1942,11.3057,0.0000,-10.1738,1.7264,0.0000,12.4249,329.6280,-42.5635
729,100.1388,C6,84,0.4270,PASS,PASS,,1.6346,3.4211,3,-4.2323,-24.8233,21.4129,21.4140,19.3189,0.0000,-23.7466,3.7555,-0.6570,8.7038,1046.5020,-56.1363
730,100.2777,E6,88,0.4270,PASS,PASS,,1.5198,4.0079,5,-0.0007,-23.5589,7.8134,7.8141,7.7380,0.0000,-22.4822,4.5196,-3.2863,14.3020,1318.5100,-54.8719
731,100.4166,A6,93,0.4270,FAIL,PASS,no onset in near-silent fundamental band 1706.8-1812.4 Hz (pre-onset floor -240.,1.3877,4.8845,5,-14.8767,-42.0578,-7.1810,-7.1793,-6.2388,-7.1810,-40.9802,5.7022,-0.9874,7.1832,1760.0000,-73.3699
732,100.5555,C7,96,0.4270,PASS,PASS,,1.3139,5.5000,5,-3.0108,-32.3332,8.0296,8.0305,8.3078,0.0000,-31.2583,6.5582,-3.8815,4.8990,2093.0040,-63.6480
733,100.6944,E7,100,0.4270,PASS,PASS,,1.2203,6.4357,7,-2.2157,-34.3472,6.6387,6.6413,7.0898,0.0000,-33.2725,8.1456,-0.2290,12.5887,2637.0200,-65.6621
734,100.8333,D7,98,0.4620,PASS,FAIL,,1.2173,5.7196,5,-0.8710,-30.8961,7.1149,7.1171,6.9651,0.0000,-29.1356,7.0273,-27.3521,-8.3550,2349.3180,-61.5253
735,100.8333,A3,57,0.3630,PASS,PASS,,2.8601,1.2585,,0.0000,-3.3938,9.1805,9.1807,9.0381,0.0000,-8.3800,1.1764,0.0000,6.3727,220.0000,-40.7697
736,100.8333,C4,60,0.3630,PASS,PASS,,2.7094,1.4177,,0.0000,-4.3781,19.2941,19.2946,18.8484,0.0000,-7.9837,1.3503,0.0000,13.7298,261.6260,-40.3734
737,100.8333,E4,64,0.3630,PASS,PASS,,2.5235,1.6636,,0.0000,-6.2216,14.6921,14.6924,14.9087,0.0000,-7.9018,1.6180,0.0000,17.1532,329.6280,-40.2915
738,100.9722,C7,96,0.4270,PASS,PASS,,1.3139,5.5000,5,-3.0108,-32.3332,8.0296,8.0305,8.3078,0.0000,-31.2583,6.5582,-3.8815,4.8990,2093.0040,-63.6480
739,101.1111,B6,95,0.4270,PASS,PASS,,1.3380,5.2867,5,-7.2256,-35.8364,28.6009,28.6239,23.4205,0.0000,-34.7626,6.2592,-0.7410,33.9080,1975.5330,-67.1523
740,101.2500,A#6,94,0.4270,FAIL,PASS,no onset in near-silent fundamental band 1809.3-1921.2 Hz (pre-onset floor -179.,1.3626,5.0816,5,-17.8642,-45.7613,-6.9010,-6.8948,-9.0269,-6.9010,-44.6952,5.9741,-0.0072,9.1368,1864.6550,-77.0848
741,101.2500,A3,57,0.2780,PASS,PASS,,3.2031,1.4093,,0.0000,-4.3226,18.3702,18.3702,17.9668,0.0000,-11.6260,1.3174,0.0000,11.8415,220.0000,-44.0157
742,101.2500,C4,60,0.2780,PASS,PASS,,3.0376,1.5894,,0.0000,-5.6202,19.3716,19.3715,19.7890,0.0000,-11.5432,1.5138,0.0000,34.5625,261.6260,-43.9329
743,101.2500,E4,64,0.2780,PASS,PASS,,2.8359,1.8696,,0.0000,-8.1264,9.6436,9.6434,9.7079,0.0000,-12.1239,1.8183,0.0000,10.3700,329.6280,-44.5136
744,101.3888,A6,93,0.4270,FAIL,PASS,no onset in near-silent fundamental band 1706.8-1812.4 Hz (pre-onset floor -175.,1.3877,4.8845,5,-14.8767,-42.0578,-7.1810,-7.1793,-6.2388,-7.1810,-40.9802,5.7022,-0.9874,7.1832,1760.0000,-73.3699
745,101.5277,G#6,92,0.4270,PASS,PASS,,1.4131,4.6951,5,-6.7287,-33.1912,2.2157,2.2183,2.7983,0.0000,-32.1154,5.4428,-3.8659,14.2001,1661.2190,-64.5051
746,101.6666,G6,91,0.4620,PASS,FAIL,,1.3845,4.3417,5,-1.3161,-26.3490,22.5561,22.5569,20.6669,0.0000,-24.5874,4.9982,-50.8351,-27.6852,1567.9820,-56.9771
747,101.8055,F#6,90,0.4270,PASS,FAIL,,1.4655,4.3379,5,-1.2857,-26.3026,20.1868,20.1873,18.7444,0.0000,-25.2249,4.9594,-23.9091,-16.2145,1479.9780,-57.6146
748,101.9444,F6,89,0.4270,PASS,PASS,,1.4924,4.1696,5,-0.3121,-24.6014,10.3349,10.3351,10.0507,0.0000,-23.5245,4.7343,-7.8434,0.9233,1396.9130,-55.9142
749,102.0833,E6,88,0.4270,PASS,PASS,,1.5198,4.0079,5,-0.0007,-23.5589,7.8134,7.8141,7.7380,0.0000,-22.4822,4.5196,-3.2863,14.3020,1318.5100,-54.8719
750,102.2222,D#6,87,0.4270,PASS,PASS,,1.5478,3.8524,3,-0.2356,-23.0589,7.6256,7.6263,7.6788,0.0000,-21.9821,4.3148,-1.1085,15.2950,1244.5080,-54.3717
751,102.3611,D6,86,0.4270,PASS,PASS,,1.5762,3.7029,3,-0.9823,-23.0662,9.4234,9.4220,9.6426,0.0000,-21.9895,4.1195,-0.1540,8.7404,1174.6590,-54.3792
752,102.5000,C#6,85,0.4620,PASS,PASS,,1.5455,3.4271,3,-4.1283,-24.7526,24.2621,24.2613,21.5510,0.0000,-22.9918,3.7872,-0.4945,8.2214,1108.7310,-55.3815
753,102.6388,C6,84,0.4270,PASS,PASS,,1.6346,3.4211,3,-4.2323,-24.8233,21.4129,21.4140,19.3189,0.0000,-23.7466,3.7555,-0.6570,8.7038,1046.5020,-56.1363
754,102.7777,B5,83,0.4270,PASS,PASS,,1.6645,3.2884,3,-7.1776,-27.0140,5.9387,5.9381,5.2701,0.0000,-25.9376,3.5860,-1.9831,14.0456,987.7670,-58.3273
755,102.9166,A#5,82,0.4270,PASS,PASS,,1.6951,3.1608,3,-12.0465,-31.1221,-2.7538,-2.7530,-3.4120,-2.7538,-30.0468,3.4243,-4.1773,20.4508,932.3280,-62.4365
756,103.0555,A5,81,0.4270,FAIL,PASS,no onset in near-silent fundamental band 854.0-906.8 Hz (pre-onset floor -185.5 ,1.7262,3.0381,3,-24.4658,-42.7738,-16.6016,-16.6019,-18.9007,-16.6016,-41.7028,3.2700,-7.7113,4.3629,880.0000,-74.0925
757,103.1944,G#5,80,0.4270,PASS,PASS,,1.7579,2.9202,3,-18.0581,-35.5911,-10.1532,-10.1528,-9.2393,-10.1532,-34.5106,3.1229,-14.3411,-5.7613,830.6090,-66.9002
758,103.3333,G5,79,0.4620,PASS,PASS,,1.7252,2.7051,3,-6.9971,-23.0081,4.7229,4.7231,5.1973,0.0000,-21.2453,2.8744,-14.1561,-5.8847,783.9910,-53.6350
759,103.4722,F#5,78,0.4270,PASS,PASS,,1.8229,2.6979,3,-6.8028,-22.7601,5.2168,5.2160,5.7003,0.0000,-21.6816,2.8486,-12.5589,-3.9784,739.9890,-54.0713
760,103.6111,F5,77,0.4270,PASS,PASS,,1.8564,2.5932,3,-4.4887,-19.6434,13.1537,13.1526,13.9078,0.0000,-18.5654,2.7209,-7.4421,3.8577,698.4560,-50.9551
761,103.7500,E5,76,0.4270,PASS,PASS,,1.8904,2.4925,3,-2.9091,-17.2501,39.5099,39.5010,44.8061,0.0000,-16.1723,2.5990,-4.5973,12.6867,659.2550,-48.5620
762,103.9583,D#5,75,0.4270,PASS,PASS,,1.9250,2.3957,3,-1.7988,-15.3136,17.0214,17.0214,16.5025,0.0000,-14.2356,2.4828,-2.7814,38.1665,622.2540,-46.6253
763,104.1666,E5,76,0.4620,PASS,PASS,,1.8227,2.4033,3,-1.8735,-15.4544,17.7688,17.7692,17.1866,0.0000,-13.6923,2.5060,-3.0929,30.1944,659.2550,-46.0820
764,104.3750,B4,71,0.4270,PASS,PASS,,2.0701,2.0448,3,-0.0215,-10.0729,8.7706,8.7704,8.7634,0.0000,-8.9951,2.0687,-0.0506,8.8204,493.8830,-41.3848
765,104.5833,D5,74,0.4270,PASS,PASS,,1.9603,2.3027,3,-1.0214,-13.6959,12.2853,12.2849,12.0760,0.0000,-12.6181,2.3718,-1.5744,15.3036,587.3300,-45.0077
766,104.7916,C5,72,0.4270,PASS,PASS,,2.0328,2.1274,3,-0.1750,-11.1199,9.1384,9.1386,9.0926,0.0000,-10.0422,2.1650,-0.2952,9.4868,523.2510,-42.4319
767,105.0000,A4,69,0.4620,PASS,PASS,,2.0721,1.8235,,0.0000,-7.6670,10.2748,10.2748,10.3591,0.0000,-5.9051,1.8235,0.0000,10.2748,440.0000,-38.2948
768,105.0000,A2,45,0.3380,UNVERIFIED,UNVERIFIED,f0 110.0 Hz < 167 Hz: band too narrow for +/-10 ms onset refinement (Re); pitch ,3.6557,0.8043,,0.0000,-1.3409,-0.8126,-0.8126,-0.8416,-0.8126,-11.9268,0.6999,0.0000,-1.9935,110.0000,-44.3165
769,105.2083,E3,52,0.3030,UNVERIFIED,UNVERIFIED,f0 164.8 Hz < 167 Hz: band too narrow for +/-10 ms onset refinement (Re); pitch ,3.3753,1.1126,,0.0000,-2.6192,4.6360,4.6360,4.5572,0.0000,-11.3565,1.0088,0.0000,2.3736,164.8140,-43.7461
770,105.4166,A3,57,0.2780,PASS,PASS,,3.2031,1.4093,,0.0000,-4.3226,18.3702,18.3702,17.9668,0.0000,-11.6260,1.3174,0.0000,11.8415,220.0000,-44.0157
771,105.6250,C4,60,0.4270,PASS,PASS,,2.5273,1.3224,,0.0000,-3.7709,12.1204,12.1204,11.9192,0.0000,-5.9660,1.2595,0.0000,9.2338,261.6260,-38.3557
772,105.8333,E4,64,0.4620,PASS,PASS,,2.2708,1.4971,,0.0000,-4.9274,47.5624,47.5633,43.0252,0.0000,-4.5130,1.4560,0.0000,25.1563,329.6280,-36.9026
773,106.0416,A4,69,0.4270,PASS,PASS,,2.1466,1.8890,,0.0000,-8.3260,9.4303,9.4303,9.4856,0.0000,-7.2482,1.8890,0.0000,9.4303,440.0000,-39.6379
774,106.2500,B4,71,0.4270,PASS,PASS,,2.0701,2.0448,3,-0.0215,-10.0729,8.7706,8.7704,8.7634,0.0000,-8.9951,2.0687,-0.0506,8.8204,493.8830,-41.3848
775,106.2500,E2,40,0.3030,UNVERIFIED,UNVERIFIED,f0 82.4 Hz < 167 Hz: band too narrow for +/-10 ms onset refinement (Re); pitch v,4.1767,0.6884,,0.0000,-0.9767,-2.1100,-2.1098,-2.1299,-2.1100,-14.3110,0.5825,0.0000,-3.0557,82.4070,-46.7007
776,106.4583,E3,52,0.3030,UNVERIFIED,UNVERIFIED,f0 164.8 Hz < 167 Hz: band too narrow for +/-10 ms onset refinement (Re); pitch ,3.3753,1.1126,,0.0000,-2.6192,4.6360,4.6360,4.5572,0.0000,-11.3565,1.0088,0.0000,2.3736,164.8140,-43.7461
777,106.6666,G#3,56,0.3130,PASS,PASS,,3.1006,1.2877,,0.0000,-3.5633,10.4086,10.4085,10.2437,0.0000,-10.2850,1.1963,0.0000,6.9818,207.6520,-42.6747
778,106.8750,E4,64,0.4270,PASS,PASS,,2.3505,1.5496,,0.0000,-5.3138,24.0487,24.0487,24.8077,0.0000,-5.5837,1.5070,0.0000,39.1721,329.6280,-37.9734
779,107.0833,G#4,68,0.4270,PASS,PASS,,2.1859,1.8157,,0.0000,-7.5911,10.4052,10.4054,10.4937,0.0000,-6.5134,1.8053,0.0000,10.5848,415.3050,-38.9031
780,107.2916,B4,71,0.4270,PASS,PASS,,2.0701,2.0448,3,-0.0215,-10.0729,8.7706,8.7704,8.7634,0.0000,-8.9951,2.0687,-0.0506,8.8204,493.8830,-41.3848
781,107.5000,C5,72,0.4620,PASS,PASS,,1.9613,2.0525,3,-0.0296,-10.1676,8.7913,8.7912,8.7812,0.0000,-8.4056,2.0889,-0.0849,8.9064,523.2510,-40.7953
782,107.5000,A2,45,0.3380,UNVERIFIED,UNVERIFIED,f0 110.0 Hz < 167 Hz: band too narrow for +/-10 ms onset refinement (Re); pitch ,3.6557,0.8043,,0.0000,-1.3409,-0.8126,-0.8126,-0.8416,-0.8126,-11.9268,0.6999,0.0000,-1.9935,110.0000,-44.3165
783,107.7083,E3,52,0.3030,UNVERIFIED,UNVERIFIED,f0 164.8 Hz < 167 Hz: band too narrow for +/-10 ms onset refinement (Re); pitch ,3.3753,1.1126,,0.0000,-2.6192,4.6360,4.6360,4.5572,0.0000,-11.3565,1.0088,0.0000,2.3736,164.8140,-43.7461
784,107.9166,A3,57,0.2780,PASS,PASS,,3.2031,1.4093,,0.0000,-4.3226,18.3702,18.3702,17.9668,0.0000,-11.6260,1.3174,0.0000,11.8415,220.0000,-44.0157
785,108.1250,E4,64,0.4270,PASS,PASS,,2.3505,1.5496,,0.0000,-5.3138,24.0487,24.0487,24.8077,0.0000,-5.5837,1.5070,0.0000,39.1721,329.6280,-37.9734
786,108.3333,E5,76,0.4620,PASS,PASS,,1.8227,2.4033,3,-1.8735,-15.4544,17.7688,17.7692,17.1866,0.0000,-13.6923,2.5060,-3.0929,30.1944,659.2550,-46.0820
787,108.5416,D#5,75,0.4270,PASS,PASS,,1.9250,2.3957,3,-1.7988,-15.3136,17.0214,17.0214,16.5025,0.0000,-14.2356,2.4828,-2.7814,38.1665,622.2540,-46.6253
788,108.7500,E5,76,0.4270,PASS,PASS,,1.8904,2.4925,3,-2.9091,-17.2501,39.5099,39.5010,44.8061,0.0000,-16.1723,2.5990,-4.5973,12.6867,659.2550,-48.5620
789,108.9583,D#5,75,0.4270,PASS,PASS,,1.9250,2.3957,3,-1.7988,-15.3136,17.0214,17.0214,16.5025,0.0000,-14.2356,2.4828,-2.7814,38.1665,622.2540,-46.6253
790,109.1666,E5,76,0.4620,PASS,PASS,,1.8227,2.4033,3,-1.8735,-15.4544,17.7688,17.7692,17.1866,0.0000,-13.6923,2.5060,-3.0929,30.1944,659.2550,-46.0820
791,109.3750,B4,71,0.4270,PASS,PASS,,2.0701,2.0448,3,-0.0215,-10.0729,8.7706,8.7704,8.7634,0.0000,-8.9951,2.0687,-0.0506,8.8204,493.8830,-41.3848
792,109.5833,D5,74,0.4270,PASS,PASS,,1.9603,2.3027,3,-1.0214,-13.6959,12.2853,12.2849,12.0760,0.0000,-12.6181,2.3718,-1.5744,15.3036,587.3300,-45.0077
793,109.7916,C5,72,0.4270,PASS,PASS,,2.0328,2.1274,3,-0.1750,-11.1199,9.1384,9.1386,9.0926,0.0000,-10.0422,2.1650,-0.2952,9.4868,523.2510,-42.4319
794,110.0000,A4,69,0.4620,PASS,PASS,,2.0721,1.8235,,0.0000,-7.6670,10.2748,10.2748,10.3591,0.0000,-5.9051,1.8235,0.0000,10.2748,440.0000,-38.2948
795,110.0000,A2,45,0.3380,UNVERIFIED,UNVERIFIED,f0 110.0 Hz < 167 Hz: band too narrow for +/-10 ms onset refinement (Re); pitch ,3.6557,0.8043,,0.0000,-1.3409,-0.8126,-0.8126,-0.8416,-0.8126,-11.9268,0.6999,0.0000,-1.9935,110.0000,-44.3165
796,110.2083,E3,52,0.3030,UNVERIFIED,UNVERIFIED,f0 164.8 Hz < 167 Hz: band too narrow for +/-10 ms onset refinement (Re); pitch ,3.3753,1.1126,,0.0000,-2.6192,4.6360,4.6360,4.5572,0.0000,-11.3565,1.0088,0.0000,2.3736,164.8140,-43.7461
797,110.4166,A3,57,0.2780,PASS,PASS,,3.2031,1.4093,,0.0000,-4.3226,18.3702,18.3702,17.9668,0.0000,-11.6260,1.3174,0.0000,11.8415,220.0000,-44.0157
798,110.6250,C4,60,0.4270,PASS,PASS,,2.5273,1.3224,,0.0000,-3.7709,12.1204,12.1204,11.9192,0.0000,-5.9660,1.2595,0.0000,9.2338,261.6260,-38.3557
799,110.8333,E4,64,0.4620,PASS,PASS,,2.2708,1.4971,,0.0000,-4.9274,47.5624,47.5633,43.0252,0.0000,-4.5130,1.4560,0.0000,25.1563,329.6280,-36.9026
800,111.0416,A4,69,0.4270,PASS,PASS,,2.1466,1.8890,,0.0000,-8.3260,9.4303,9.4303,9.4856,0.0000,-7.2482,1.8890,0.0000,9.4303,440.0000,-39.6379
801,111.2500,B4,71,0.4270,PASS,PASS,,2.0701,2.0448,3,-0.0215,-10.0729,8.7706,8.7704,8.7634,0.0000,-8.9951,2.0687,-0.0506,8.8204,493.8830,-41.3848
802,111.2500,E2,40,0.3030,UNVERIFIED,UNVERIFIED,f0 82.4 Hz < 167 Hz: band too narrow for +/-10 ms onset refinement (Re); pitch v,4.1767,0.6884,,0.0000,-0.9767,-2.1100,-2.1098,-2.1299,-2.1100,-14.3110,0.5825,0.0000,-3.0557,82.4070,-46.7007
803,111.4583,E3,52,0.3030,UNVERIFIED,UNVERIFIED,f0 164.8 Hz < 167 Hz: band too narrow for +/-10 ms onset refinement (Re); pitch ,3.3753,1.1126,,0.0000,-2.6192,4.6360,4.6360,4.5572,0.0000,-11.3565,1.0088,0.0000,2.3736,164.8140,-43.7461
804,111.6666,G#3,56,0.3130,PASS,PASS,,3.1006,1.2877,,0.0000,-3.5633,10.4086,10.4085,10.2437,0.0000,-10.2850,1.1963,0.0000,6.9818,207.6520,-42.6747
805,111.8750,E4,64,0.4270,PASS,PASS,,2.3505,1.5496,,0.0000,-5.3138,24.0487,24.0487,24.8077,0.0000,-5.5837,1.5070,0.0000,39.1721,329.6280,-37.9734
806,112.0833,C5,72,0.4270,PASS,PASS,,2.0328,2.1274,3,-0.1750,-11.1199,9.1384,9.1386,9.0926,0.0000,-10.0422,2.1650,-0.2952,9.4868,523.2510,-42.4319
807,112.2916,B4,71,0.4270,PASS,PASS,,2.0701,2.0448,3,-0.0215,-10.0729,8.7706,8.7704,8.7634,0.0000,-8.9951,2.0687,-0.0506,8.8204,493.8830,-41.3848
808,112.5000,A4,69,0.4620,PASS,PASS,,2.0721,1.8235,,0.0000,-7.6670,10.2748,10.2748,10.3591,0.0000,-5.9051,1.8235,0.0000,10.2748,440.0000,-38.2948
809,112.5000,A2,45,0.3380,UNVERIFIED,UNVERIFIED,f0 110.0 Hz < 167 Hz: band too narrow for +/-10 ms onset refinement (Re); pitch ,3.6557,0.8043,,0.0000,-1.3409,-0.8126,-0.8126,-0.8416,-0.8126,-11.9268,0.6999,0.0000,-1.9935,110.0000,-44.3165
810,112.7083,E3,52,0.3030,UNVERIFIED,UNVERIFIED,f0 164.8 Hz < 167 Hz: band too narrow for +/-10 ms onset refinement (Re); pitch ,3.3753,1.1126,,0.0000,-2.6192,4.6360,4.6360,4.5572,0.0000,-11.3565,1.0088,0.0000,2.3736,164.8140,-43.7461
811,112.9166,A3,57,0.2780,PASS,PASS,,3.2031,1.4093,,0.0000,-4.3226,18.3702,18.3702,17.9668,0.0000,-11.6260,1.3174,0.0000,11.8415,220.0000,-44.0157
812,113.1250,B4,71,0.4270,PASS,PASS,,2.0701,2.0448,3,-0.0215,-10.0729,8.7706,8.7704,8.7634,0.0000,-8.9951,2.0687,-0.0506,8.8204,493.8830,-41.3848
813,113.3333,C5,72,0.4620,PASS,PASS,,1.9613,2.0525,3,-0.0296,-10.1676,8.7913,8.7912,8.7812,0.0000,-8.4056,2.0889,-0.0849,8.9064,523.2510,-40.7953
814,113.5416,D5,74,0.4270,PASS,PASS,,1.9603,2.3027,3,-1.0214,-13.6959,12.2853,12.2849,12.0760,0.0000,-12.6181,2.3718,-1.5744,15.3036,587.3300,-45.0077
815,113.7500,E5,76,0.4270,PASS,PASS,,1.8904,2.4925,3,-2.9091,-17.2501,39.5099,39.5010,44.8061,0.0000,-16.1723,2.5990,-4.5973,12.6867,659.2550,-48.5620
816,113.7500,C3,48,0.3030,UNVERIFIED,UNVERIFIED,f0 130.8 Hz < 167 Hz: band too narrow for +/-10 ms onset refinement (Re); pitch ,3.6239,0.9481,,0.0000,-1.8795,1.2807,1.2807,1.2347,0.0000,-12.2535,0.8395,0.0000,-0.3540,130.8130,-44.6432
817,113.9583,G3,55,0.3030,PASS,PASS,,3.1999,1.2544,,0.0000,-3.3704,9.0138,9.0141,8.8740,0.0000,-10.8166,1.1582,0.0000,5.8432,195.9980,-43.2063
818,114.1666,C4,60,0.3130,PASS,PASS,,2.8871,1.5107,,0.0000,-5.0258,36.6024,36.6062,40.5839,0.0000,-9.9186,1.4388,0.0000,22.0147,261.6260,-42.3083
819,114.3750,G4,67,0.4270,PASS,PASS,,2.2260,1.7451,,0.0000,-6.9315,11.8928,11.8929,12.0243,0.0000,-5.8538,1.7254,0.0000,12.4352,391.9950,-38.2434
820,114.5833,F5,77,0.4270,PASS,PASS,,1.8564,2.5932,3,-4.4887,-19.6434,13.1537,13.1526,13.9078,0.0000,-18.5654,2.7209,-7.4421,3.8577,698.4560,-50.9551
821,114.7916,E5,76,0.4270,PASS,PASS,,1.8904,2.4925,3,-2.9091,-17.2501,39.5099,39.5010,44.8061,0.0000,-16.1723,2.5990,-4.5973,12.6867,659.2550,-48.5620
822,115.0000,D5,74,0.4620,PASS,PASS,,1.8908,2.2210,3,-0.5343,-12.4284,10.3211,10.3208,10.2108,0.0000,-10.6663,2.2877,-0.9187,11.8276,587.3300,-43.0560
823,115.0000,G2,43,0.3380,UNVERIFIED,UNVERIFIED,f0 98.0 Hz < 167 Hz: band too narrow for +/-10 ms onset refinement (Re); pitch v,3.7890,0.7426,,0.0000,-1.1396,-1.5396,-1.5396,-1.5633,-1.5396,-12.4665,0.6390,0.0000,-2.5768,97.9990,-44.8562
824,115.2083,G3,55,0.3030,PASS,PASS,,3.1999,1.2544,,0.0000,-3.3704,9.0138,9.0141,8.8740,0.0000,-10.8166,1.1582,0.0000,5.8432,195.9980,-43.2063
825,115.4166,B3,59,0.2780,PASS,PASS,,3.0918,1.5270,,0.0000,-5.1453,29.1724,29.1728,30.6307,0.0000,-11.5344,1.4452,0.0000,23.0127,246.9420,-43.9241
826,115.6250,F4,65,0.4270,PASS,PASS,,2.3082,1.6122,,0.0000,-5.8002,17.5273,17.5278,17.8539,0.0000,-5.5731,1.5765,0.0000,20.5415,349.2280,-37.9628
827,115.8333,E5,76,0.4620,PASS,PASS,,1.8227,2.4033,3,-1.8735,-15.4544,17.7688,17.7692,17.1866,0.0000,-13.6923,2.5060,-3.0929,30.1944,659.2550,-46.0820
828,116.0416,D5,74,0.4270,PASS,PASS,,1.9603,2.3027,3,-1.0214,-13.6959,12.2853,12.2849,12.0760,0.0000,-12.6181,2.3718,-1.5744,15.3036,587.3300,-45.0077
829,116.2500,C5,72,0.4270,PASS,PASS,,2.0328,2.1274,3,-0.1750,-11.1199,9.1384,9.1386,9.0926,0.0000,-10.0422,2.1650,-0.2952,9.4868,523.2510,-42.4319
830,116.2500,A2,45,0.3030,UNVERIFIED,UNVERIFIED,f0 110.0 Hz < 167 Hz: band too narrow for +/-10 ms onset refinement (Re); pitch ,3.8222,0.8409,,0.0000,-1.4687,-0.3364,-0.3364,-0.3689,-0.3364,-13.0043,0.7318,0.0000,-1.6585,110.0000,-45.3939
831,116.4583,E3,52,0.3030,UNVERIFIED,UNVERIFIED,f0 164.8 Hz < 167 Hz: band too narrow for +/-10 ms onset refinement (Re); pitch ,3.3753,1.1126,,0.0000,-2.6192,4.6360,4.6360,4.5572,0.0000,-11.3565,1.0088,0.0000,2.3736,164.8140,-43.7461
832,116.6666,A3,57,0.3130,PASS,PASS,,3.0458,1.3402,,0.0000,-3.8799,13.0973,13.0972,12.8733,0.0000,-10.1533,1.2527,0.0000,8.9567,220.0000,-42.5430
833,116.8750,E4,64,0.4270,PASS,PASS,,2.3505,1.5496,,0.0000,-5.3138,24.0487,24.0487,24.8077,0.0000,-5.5837,1.5070,0.0000,39.1721,329.6280,-37.9734
834,117.0833,D5,74,0.4270,PASS,PASS,,1.9603,2.3027,3,-1.0214,-13.6959,12.2853,12.2849,12.0760,0.0000,-12.6181,2.3718,-1.5744,15.3036,587.3300,-45.0077
835,117.2916,C5,72,0.4270,PASS,PASS,,2.0328,2.1274,3,-0.1750,-11.1199,9.1384,9.1386,9.0926,0.0000,-10.0422,2.1650,-0.2952,9.4868,523.2510,-42.4319
836,117.5000,B4,71,0.4620,PASS,PASS,,1.9976,1.9732,,0.0000,-9.2357,8.8603,8.8604,8.8822,0.0000,-7.4737,1.9962,0.0000,8.7925,493.8830,-39.8634
837,117.5000,E2,40,0.3380,UNVERIFIED,UNVERIFIED,f0 82.4 Hz < 167 Hz: band too narrow for +/-10 ms onset refinement (Re); pitch v,3.9980,0.6589,,0.0000,-0.8937,-2.3940,-2.3941,-2.4121,-2.3940,-13.2784,0.5576,0.0000,-3.2492,82.4070,-45.6681
838,117.7083,E3,52,0.3030,UNVERIFIED,UNVERIFIED,f0 164.8 Hz < 167 Hz: band too narrow for +/-10 ms onset refinement (Re); pitch ,3.3753,1.1126,,0.0000,-2.6192,4.6360,4.6360,4.5572,0.0000,-11.3565,1.0088,0.0000,2.3736,164.8140,-43.7461
839,117.9166,E4,64,0.2780,PASS,PASS,,2.8359,1.8696,,0.0000,-8.1264,9.6436,9.6434,9.7079,0.0000,-12.1239,1.8183,0.0000,10.3700,329.6280,-44.5136
840,118.1250,E4,64,0.4270,PASS,PASS,,2.3505,1.5496,,0.0000,-5.3138,24.0487,24.0487,24.8077,0.0000,-5.5837,1.5070,0.0000,39.1721,329.6280,-37.9734
841,118.3333,E5,76,0.4370,PASS,PASS,,1.8702,2.4659,3,-2.5697,-16.6884,28.3989,28.3996,26.1396,0.0000,-15.4097,2.5713,-4.1018,15.6397,659.2550,-47.7994
842,118.5416,E4,64,0.3030,PASS,PASS,,2.7311,1.8005,,0.0000,-7.4455,10.6836,10.6835,10.7810,0.0000,-10.6949,1.7511,0.0000,11.7555,329.6280,-43.0846
843,118.7500,E5,76,0.2780,FAIL,PASS,no onset in near-silent fundamental band 639.7-679.3 Hz (pre-onset floor -180.7 ,2.3056,3.0400,3,-24.0451,-42.3652,-16.2880,-16.2894,-18.4668,-16.2880,-45.0207,3.1699,-11.5764,-2.4596,659.2550,-77.4104
844,118.9583,E5,76,0.4270,PASS,PASS,,1.8904,2.4925,3,-2.9091,-17.2501,39.5099,39.5010,44.8061,0.0000,-16.1723,2.5990,-4.5973,12.6867,659.2550,-48.5620
845,119.1666,E6,88,0.4370,PASS,PASS,,1.5029,3.9631,3,-0.0146,-23.3644,7.5854,7.5846,7.5459,0.0000,-22.0864,4.4691,-2.6082,21.0877,1318.5100,-54.4761
846,119.3750,D#5,75,0.3030,PASS,PASS,,2.2546,2.8059,3,-10.4521,-27.1951,-1.1622,-1.1620,-0.6697,-1.1622,-29.0962,2.9078,-16.8159,-8.8289,622.2540,-61.4859
847,119.5833,E5,76,0.2780,FAIL,PASS,no onset in near-silent fundamental band 639.7-679.3 Hz (pre-onset floor -187.5 ,2.3056,3.0400,3,-24.0451,-42.3652,-16.2880,-16.2894,-18.4668,-16.2880,-45.0207,3.1699,-11.5764,-2.4596,659.2550,-77.4104
848,119.7916,D#5,75,0.4270,PASS,PASS,,1.9250,2.3957,3,-1.7988,-15.3136,17.0214,17.0214,16.5025,0.0000,-14.2356,2.4828,-2.7814,38.1665,622.2540,-46.6253
849,120.0000,E5,76,0.4370,PASS,PASS,,1.8702,2.4659,3,-2.5697,-16.6884,28.3989,28.3996,26.1396,0.0000,-15.4097,2.5713,-4.1018,15.6397,659.2550,-47.7994
850,120.2083,D#5,75,0.3030,PASS,PASS,,2.2546,2.8059,3,-10.4521,-27.1951,-1.1622,-1.1620,-0.6697,-1.1622,-29.0962,2.9078,-16.8159,-8.8289,622.2540,-61.4859
851,120.4166,E5,76,0.2780,FAIL,PASS,no onset in near-silent fundamental band 639.7-679.3 Hz (pre-onset floor -236.4 ,2.3056,3.0400,3,-24.0451,-42.3652,-16.2880,-16.2894,-18.4668,-16.2880,-45.0207,3.1699,-11.5764,-2.4596,659.2550,-77.4104
852,120.6250,D#5,75,0.4270,PASS,PASS,,1.9250,2.3957,3,-1.7988,-15.3136,17.0214,17.0214,16.5025,0.0000,-14.2356,2.4828,-2.7814,38.1665,622.2540,-46.6253
853,120.8333,E5,76,0.4620,PASS,PASS,,1.8227,2.4033,3,-1.8735,-15.4544,17.7688,17.7692,17.1866,0.0000,-13.6923,2.5060,-3.0929,30.1944,659.2550,-46.0820
854,121.0416,D#5,75,0.4270,PASS,PASS,,1.9250,2.3957,3,-1.7988,-15.3136,17.0214,17.0214,16.5025,0.0000,-14.2356,2.4828,-2.7814,38.1665,622.2540,-46.6253
855,121.2500,E5,76,0.4270,PASS,PASS,,1.8904,2.4925,3,-2.9091,-17.2501,39.5099,39.5010,44.8061,0.0000,-16.1723,2.5990,-4.5973,12.6867,659.2550,-48.5620
856,121.4583,D#5,75,0.4270,PASS,PASS,,1.9250,2.3957,3,-1.7988,-15.3136,17.0214,17.0214,16.5025,0.0000,-14.2356,2.4828,-2.7814,38.1665,622.2540,-46.6253
857,121.6666,E5,76,0.4620,PASS,PASS,,1.8227,2.4033,3,-1.8735,-15.4544,17.7688,17.7692,17.1866,0.0000,-13.6923,2.5060,-3.0929,30.1944,659.2550,-46.0820
858,121.8750,B4,71,0.4270,PASS,PASS,,2.0701,2.0448,3,-0.0215,-10.0729,8.7706,8.7704,8.7634,0.0000,-8.9951,2.0687,-0.0506,8.8204,493.8830,-41.3848
859,122.0833,D5,74,0.4270,PASS,PASS,,1.9603,2.3027,3,-1.0214,-13.6959,12.2853,12.2849,12.0760,0.0000,-12.6181,2.3718,-1.5744,15.3036,587.3300,-45.0077
860,122.2916,C5,72,0.4270,PASS,PASS,,2.0328,2.1274,3,-0.1750,-11.1199,9.1384,9.1386,9.0926,0.0000,-10.0422,2.1650,-0.2952,9.4868,523.2510,-42.4319
861,122.5000,A4,69,0.4620,PASS,PASS,,2.0721,1.8235,,0.0000,-7.6670,10.2748,10.2748,10.3591,0.0000,-5.9051,1.8235,0.0000,10.2748,440.0000,-38.2948
862,122.5000,A2,45,0.3380,UNVERIFIED,UNVERIFIED,f0 110.0 Hz < 167 Hz: band too narrow for +/-10 ms onset refinement (Re); pitch ,3.6557,0.8043,,0.0000,-1.3409,-0.8126,-0.8126,-0.8416,-0.8126,-11.9268,0.6999,0.0000,-1.9935,110.0000,-44.3165
863,122.7083,E3,52,0.3030,UNVERIFIED,UNVERIFIED,f0 164.8 Hz < 167 Hz: band too narrow for +/-10 ms onset refinement (Re); pitch ,3.3753,1.1126,,0.0000,-2.6192,4.6360,4.6360,4.5572,0.0000,-11.3565,1.0088,0.0000,2.3736,164.8140,-43.7461
864,122.9166,A3,57,0.2780,PASS,PASS,,3.2031,1.4093,,0.0000,-4.3226,18.3702,18.3702,17.9668,0.0000,-11.6260,1.3174,0.0000,11.8415,220.0000,-44.0157
865,123.1250,C4,60,0.4270,PASS,PASS,,2.5273,1.3224,,0.0000,-3.7709,12.1204,12.1204,11.9192,0.0000,-5.9660,1.2595,0.0000,9.2338,261.6260,-38.3557
866,123.3333,E4,64,0.4620,PASS,PASS,,2.2708,1.4971,,0.0000,-4.9274,47.5624,47.5633,43.0252,0.0000,-4.5130,1.4560,0.0000,25.1563,329.6280,-36.9026
867,123.5416,A4,69,0.4270,PASS,PASS,,2.1466,1.8890,,0.0000,-8.3260,9.4303,9.4303,9.4856,0.0000,-7.2482,1.8890,0.0000,9.4303,440.0000,-39.6379
868,123.7499,B4,71,0.4270,PASS,PASS,,2.0701,2.0448,3,-0.0215,-10.0729,8.7706,8.7704,8.7634,0.0000,-8.9951,2.0687,-0.0506,8.8204,493.8830,-41.3848
869,123.7499,E2,40,0.3030,UNVERIFIED,UNVERIFIED,f0 82.4 Hz < 167 Hz: band too narrow for +/-10 ms onset refinement (Re); pitch v,4.1767,0.6884,,0.0000,-0.9767,-2.1100,-2.1098,-2.1299,-2.1100,-14.3110,0.5825,0.0000,-3.0557,82.4070,-46.7007
870,123.9583,E3,52,0.3030,UNVERIFIED,UNVERIFIED,f0 164.8 Hz < 167 Hz: band too narrow for +/-10 ms onset refinement (Re); pitch ,3.3753,1.1126,,0.0000,-2.6192,4.6360,4.6360,4.5572,0.0000,-11.3565,1.0088,0.0000,2.3736,164.8140,-43.7461
871,124.1666,G#3,56,0.3130,PASS,PASS,,3.1006,1.2877,,0.0000,-3.5633,10.4086,10.4085,10.2437,0.0000,-10.2850,1.1963,0.0000,6.9818,207.6520,-42.6747
872,124.3749,E4,64,0.4270,PASS,PASS,,2.3505,1.5496,,0.0000,-5.3138,24.0487,24.0487,24.8077,0.0000,-5.5837,1.5070,0.0000,39.1721,329.6280,-37.9734
873,124.5833,G#4,68,0.4270,PASS,PASS,,2.1859,1.8157,,0.0000,-7.5911,10.4052,10.4054,10.4937,0.0000,-6.5134,1.8053,0.0000,10.5848,415.3050,-38.9031
874,124.7916,B4,71,0.4270,PASS,PASS,,2.0701,2.0448,3,-0.0215,-10.0729,8.7706,8.7704,8.7634,0.0000,-8.9951,2.0687,-0.0506,8.8204,493.8830,-41.3848
875,124.9999,C5,72,0.4620,PASS,PASS,,1.9613,2.0525,3,-0.0296,-10.1676,8.7913,8.7912,8.7812,0.0000,-8.4056,2.0889,-0.0849,8.9064,523.2510,-40.7953
876,124.9999,A2,45,0.3380,UNVERIFIED,UNVERIFIED,f0 110.0 Hz < 167 Hz: band too narrow for +/-10 ms onset refinement (Re); pitch ,3.6557,0.8043,,0.0000,-1.3409,-0.8126,-0.8126,-0.8416,-0.8126,-11.9268,0.6999,0.0000,-1.9935,110.0000,-44.3165
877,125.2083,E3,52,0.3030,UNVERIFIED,UNVERIFIED,f0 164.8 Hz < 167 Hz: band too narrow for +/-10 ms onset refinement (Re); pitch ,3.3753,1.1126,,0.0000,-2.6192,4.6360,4.6360,4.5572,0.0000,-11.3565,1.0088,0.0000,2.3736,164.8140,-43.7461
878,125.4166,A3,57,0.2780,PASS,PASS,,3.2031,1.4093,,0.0000,-4.3226,18.3702,18.3702,17.9668,0.0000,-11.6260,1.3174,0.0000,11.8415,220.0000,-44.0157
879,125.6249,E4,64,0.4270,PASS,PASS,,2.3505,1.5496,,0.0000,-5.3138,24.0487,24.0487,24.8077,0.0000,-5.5837,1.5070,0.0000,39.1721,329.6280,-37.9734
880,125.8333,E5,76,0.4620,PASS,PASS,,1.8227,2.4033,3,-1.8735,-15.4544,17.7688,17.7692,17.1866,0.0000,-13.6923,2.5060,-3.0929,30.1944,659.2550,-46.0820
881,126.0416,D#5,75,0.4270,PASS,PASS,,1.9250,2.3957,3,-1.7988,-15.3136,17.0214,17.0214,16.5025,0.0000,-14.2356,2.4828,-2.7814,38.1665,622.2540,-46.6253
882,126.2499,E5,76,0.4270,PASS,PASS,,1.8904,2.4925,3,-2.9091,-17.2501,39.5099,39.5010,44.8061,0.0000,-16.1723,2.5990,-4.5973,12.6867,659.2550,-48.5620
883,126.4583,D#5,75,0.4270,PASS,PASS,,1.9250,2.3957,3,-1.7988,-15.3136,17.0214,17.0214,16.5025,0.0000,-14.2356,2.4828,-2.7814,38.1665,622.2540,-46.6253
884,126.6666,E5,76,0.4620,PASS,PASS,,1.8227,2.4033,3,-1.8735,-15.4544,17.7688,17.7692,17.1866,0.0000,-13.6923,2.5060,-3.0929,30.1944,659.2550,-46.0820
885,126.8749,B4,71,0.4270,PASS,PASS,,2.0701,2.0448,3,-0.0215,-10.0729,8.7706,8.7704,8.7634,0.0000,-8.9951,2.0687,-0.0506,8.8204,493.8830,-41.3848
886,127.0833,D5,74,0.4270,PASS,PASS,,1.9603,2.3027,3,-1.0214,-13.6959,12.2853,12.2849,12.0760,0.0000,-12.6181,2.3718,-1.5744,15.3036,587.3300,-45.0077
887,127.2916,C5,72,0.4270,PASS,PASS,,2.0328,2.1274,3,-0.1750,-11.1199,9.1384,9.1386,9.0926,0.0000,-10.0422,2.1650,-0.2952,9.4868,523.2510,-42.4319
888,127.4999,A4,69,0.4620,PASS,PASS,,2.0721,1.8235,,0.0000,-7.6670,10.2748,10.2748,10.3591,0.0000,-5.9051,1.8235,0.0000,10.2748,440.0000,-38.2948
889,127.4999,A2,45,0.3380,UNVERIFIED,UNVERIFIED,f0 110.0 Hz < 167 Hz: band too narrow for +/-10 ms onset refinement (Re); pitch ,3.6557,0.8043,,0.0000,-1.3409,-0.8126,-0.8126,-0.8416,-0.8126,-11.9268,0.6999,0.0000,-1.9935,110.0000,-44.3165
890,127.7083,E3,52,0.3030,UNVERIFIED,UNVERIFIED,f0 164.8 Hz < 167 Hz: band too narrow for +/-10 ms onset refinement (Re); pitch ,3.3753,1.1126,,0.0000,-2.6192,4.6360,4.6360,4.5572,0.0000,-11.3565,1.0088,0.0000,2.3736,164.8140,-43.7461
891,127.9166,A3,57,0.2780,PASS,PASS,,3.2031,1.4093,,0.0000,-4.3226,18.3702,18.3702,17.9668,0.0000,-11.6260,1.3174,0.0000,11.8415,220.0000,-44.0157
892,128.1249,C4,60,0.4270,PASS,PASS,,2.5273,1.3224,,0.0000,-3.7709,12.1204,12.1204,11.9192,0.0000,-5.9660,1.2595,0.0000,9.2338,261.6260,-38.3557
893,128.3333,E4,64,0.4620,PASS,PASS,,2.2708,1.4971,,0.0000,-4.9274,47.5624,47.5633,43.0252,0.0000,-4.5130,1.4560,0.0000,25.1563,329.6280,-36.9026
894,128.5416,A4,69,0.4270,PASS,PASS,,2.1466,1.8890,,0.0000,-8.3260,9.4303,9.4303,9.4856,0.0000,-7.2482,1.8890,0.0000,9.4303,440.0000,-39.6379
895,128.7499,B4,71,0.4270,PASS,PASS,,2.0701,2.0448,3,-0.0215,-10.0729,8.7706,8.7704,8.7634,0.0000,-8.9951,2.0687,-0.0506,8.8204,493.8830,-41.3848
896,128.7499,E2,40,0.3030,UNVERIFIED,UNVERIFIED,f0 82.4 Hz < 167 Hz: band too narrow for +/-10 ms onset refinement (Re); pitch v,4.1767,0.6884,,0.0000,-0.9767,-2.1100,-2.1098,-2.1299,-2.1100,-14.3110,0.5825,0.0000,-3.0557,82.4070,-46.7007
897,128.9583,E3,52,0.3030,UNVERIFIED,UNVERIFIED,f0 164.8 Hz < 167 Hz: band too narrow for +/-10 ms onset refinement (Re); pitch ,3.3753,1.1126,,0.0000,-2.6192,4.6360,4.6360,4.5572,0.0000,-11.3565,1.0088,0.0000,2.3736,164.8140,-43.7461
898,129.1666,G#3,56,0.3130,PASS,PASS,,3.1006,1.2877,,0.0000,-3.5633,10.4086,10.4085,10.2437,0.0000,-10.2850,1.1963,0.0000,6.9818,207.6520,-42.6747
899,129.3749,E4,64,0.4270,PASS,PASS,,2.3505,1.5496,,0.0000,-5.3138,24.0487,24.0487,24.8077,0.0000,-5.5837,1.5070,0.0000,39.1721,329.6280,-37.9734
900,129.5833,C5,72,0.4270,PASS,PASS,,2.0328,2.1274,3,-0.1750,-11.1199,9.1384,9.1386,9.0926,0.0000,-10.0422,2.1650,-0.2952,9.4868,523.2510,-42.4319
901,129.7916,B4,71,0.4270,PASS,PASS,,2.0701,2.0448,3,-0.0215,-10.0729,8.7706,8.7704,8.7634,0.0000,-8.9951,2.0687,-0.0506,8.8204,493.8830,-41.3848
902,129.9999,A4,69,0.4370,PASS,PASS,,2.1245,1.8695,,0.0000,-8.1256,9.6418,9.6420,9.7050,0.0000,-6.8467,1.8695,0.0000,9.6420,440.0000,-39.2364
903,129.9999,A1,33,0.3130,UNVERIFIED,UNVERIFIED,f0 55.0 Hz < 167 Hz: band too narrow for +/-10 ms onset refinement (Re); pitch v,4.6790,0.5147,,0.0000,-0.5423,-3.5584,-3.5584,-3.5687,-3.5584,-15.7762,0.4060,0.0000,-4.2131,55.0000,-48.1659
904,129.9999,A2,45,0.3130,UNVERIFIED,UNVERIFIED,f0 110.0 Hz < 167 Hz: band too narrow for +/-10 ms onset refinement (Re); pitch ,3.7720,0.8298,,0.0000,-1.4295,-0.4838,-0.4838,-0.5153,-0.4838,-12.6829,0.7222,0.0000,-1.7618,110.0000,-45.0726
