config,midi,note,velocity,grid_kind,exciter,hardness,strike,tau_ms,f1_hz,f2_hz,x1,x2,H1_db,H2_db,null_order,null_depth_db,n1n2_dump_db,n1n2_theory_db,n1n2_s0_db,n1_vs_max_db,L1_db,n1_course,n2_course,low_precision,n_strings
cimbalom_felt,21,A0,0.0500,regular,felt_mallet,Felt,0.2950,8.0000,27.5000,55.0000,0.4400,0.8800,-0.3954,-1.6123,,0.0000,-0.2842,-0.2842,-0.2916,-0.2842,-27.4021,0.8529,0.8813,0,3
cimbalom_felt,21,A0,0.0750,regular,felt_mallet,Felt,0.2950,8.0000,27.5000,55.0000,0.4400,0.8800,-0.3954,-1.6123,,0.0000,-0.2842,-0.2842,-0.2916,-0.2842,-23.8803,0.8529,0.8813,0,3
cimbalom_felt,21,A0,0.1000,regular,felt_mallet,Felt,0.2950,8.0000,27.5000,55.0000,0.4400,0.8800,-0.3954,-1.6123,,0.0000,-0.2842,-0.2842,-0.2916,-0.2842,-21.3815,0.8529,0.8813,0,3
cimbalom_felt,21,A0,0.1250,regular,felt_mallet,Felt,0.2950,8.0000,27.5000,55.0000,0.4400,0.8800,-0.3954,-1.6123,,0.0000,-0.2842,-0.2842,-0.2916,-0.2842,-19.4433,0.8529,0.8813,0,3
cimbalom_felt,21,A0,0.1500,regular,felt_mallet,Felt,0.2950,7.8042,27.5000,55.0000,0.4292,0.8585,-0.3762,-1.5324,,0.0000,-0.3449,-0.3449,-0.3518,-0.3449,-17.8405,0.8548,0.8895,0,3
cimbalom_felt,21,A0,0.1750,regular,felt_mallet,Felt,0.2950,7.3444,27.5000,55.0000,0.4039,0.8079,-0.3329,-1.3533,,0.0000,-0.4807,-0.4807,-0.4868,-0.4807,-16.4584,0.8591,0.9080,0,3
cimbalom_felt,21,A0,0.2000,regular,felt_mallet,Felt,0.2950,6.9681,27.5000,55.0000,0.3832,0.7665,-0.2995,-1.2155,,0.0000,-0.5851,-0.5851,-0.5906,-0.5851,-15.2651,0.8624,0.9225,0,3
cimbalom_felt,21,A0,0.2250,regular,felt_mallet,Felt,0.2950,6.6521,27.5000,55.0000,0.3659,0.7317,-0.2729,-1.1058,,0.0000,-0.6681,-0.6681,-0.6729,-0.6681,-14.2153,0.8651,0.9342,0,3
cimbalom_felt,21,A0,0.2500,regular,felt_mallet,Felt,0.2950,6.3817,27.5000,55.0000,0.3510,0.7020,-0.2511,-1.0163,,0.0000,-0.7358,-0.7358,-0.7402,-0.7358,-13.2784,0.8672,0.9439,0,3
cimbalom_felt,21,A0,0.2750,regular,felt_mallet,Felt,0.2950,6.1465,27.5000,55.0000,0.3381,0.6761,-0.2328,-0.9417,,0.0000,-0.7922,-0.7922,-0.7964,-0.7922,-12.4324,0.8691,0.9521,0,3
cimbalom_felt,21,A0,0.3000,regular,felt_mallet,Felt,0.2950,5.9394,27.5000,55.0000,0.3267,0.6533,-0.2173,-0.8784,,0.0000,-0.8399,-0.8400,-0.8438,-0.8399,-11.6610,0.8706,0.9590,0,3
cimbalom_felt,21,A0,0.3250,regular,felt_mallet,Felt,0.2950,5.7551,27.5000,55.0000,0.3165,0.6331,-0.2040,-0.8240,,0.0000,-0.8811,-0.8811,-0.8847,-0.8811,-10.9525,0.8720,0.9650,0,3
cimbalom_felt,21,A0,0.3500,regular,felt_mallet,Felt,0.2950,5.5895,27.5000,55.0000,0.3074,0.6148,-0.1924,-0.7767,,0.0000,-0.9168,-0.9168,-0.9202,-0.9168,-10.2972,0.8731,0.9703,0,3
cimbalom_felt,21,A0,0.3750,regular,felt_mallet,Felt,0.2950,5.4396,27.5000,55.0000,0.2992,0.5984,-0.1822,-0.7351,,0.0000,-0.9481,-0.9481,-0.9513,-0.9481,-9.6877,0.8741,0.9750,0,3
cimbalom_felt,21,A0,0.4000,regular,felt_mallet,Felt,0.2950,5.3030,27.5000,55.0000,0.2917,0.5833,-0.1731,-0.6983,,0.0000,-0.9759,-0.9759,-0.9789,-0.9759,-9.1180,0.8751,0.9791,0,3
cimbalom_felt,21,A0,0.4250,regular,felt_mallet,Felt,0.2950,5.1779,27.5000,55.0000,0.2848,0.5696,-0.1651,-0.6654,,0.0000,-1.0007,-1.0007,-1.0038,-1.0007,-8.5833,0.8759,0.9828,0,3
cimbalom_felt,21,A0,0.4500,regular,felt_mallet,Felt,0.2950,5.0626,27.5000,55.0000,0.2784,0.5569,-0.1578,-0.6358,,0.0000,-1.0232,-1.0231,-1.0260,-1.0232,-8.0797,0.8766,0.9862,0,3
cimbalom_felt,21,A0,0.4750,regular,felt_mallet,Felt,0.2950,4.9559,27.5000,55.0000,0.2726,0.5452,-0.1512,-0.6090,,0.0000,-1.0434,-1.0432,-1.0461,-1.0434,-7.6036,0.8773,0.9892,0,3
cimbalom_felt,21,A0,0.5000,regular,felt_mallet,Felt,0.2950,4.8568,27.5000,55.0000,0.2671,0.5342,-0.1452,-0.5847,,0.0000,-1.0616,-1.0616,-1.0643,-1.0616,-7.1519,0.8779,0.9920,0,3
cimbalom_felt,21,A0,0.5250,regular,felt_mallet,Felt,0.2950,4.7643,27.5000,55.0000,0.2620,0.5241,-0.1397,-0.5624,,0.0000,-1.0784,-1.0783,-1.0807,-1.0784,-6.7227,0.8784,0.9946,0,3
cimbalom_felt,21,A0,0.5500,regular,felt_mallet,Felt,0.2950,4.6778,27.5000,55.0000,0.2573,0.5146,-0.1346,-0.5420,,0.0000,-1.0938,-1.0937,-1.0961,-1.0938,-6.3136,0.8789,0.9969,0,3
cimbalom_felt,21,A0,0.5750,regular,felt_mallet,Felt,0.2950,4.5966,27.5000,55.0000,0.2528,0.5056,-0.1300,-0.5232,,0.0000,-1.1079,-1.1079,-1.1102,-1.1079,-5.9228,0.8794,0.9990,0,3
cimbalom_felt,21,A0,0.6000,regular,felt_mallet,Felt,0.2950,4.5202,27.5000,55.0000,0.2486,0.4972,-0.1257,-0.5058,,0.0000,-1.1209,-1.1210,-1.1232,-1.1209,-5.5488,0.8799,1.0010,0,3
cimbalom_felt,21,A0,0.6250,regular,felt_mallet,Felt,0.2950,4.4481,27.5000,55.0000,0.2446,0.4893,-0.1217,-0.4897,,0.0000,-1.1330,-1.1331,-1.1352,-1.1330,-5.1903,0.8802,1.0029,0,3
cimbalom_felt,21,A0,0.6500,regular,felt_mallet,Felt,0.2950,4.3799,27.5000,55.0000,0.2409,0.4818,-0.1180,-0.4747,,0.0000,-1.1444,-1.1444,-1.1464,-1.1444,-4.8459,0.8806,1.0047,0,3
cimbalom_felt,21,A0,0.6750,regular,felt_mallet,Felt,0.2950,4.3152,27.5000,55.0000,0.2373,0.4747,-0.1145,-0.4607,,0.0000,-1.1550,-1.1550,-1.1571,-1.1550,-4.5146,0.8810,1.0063,0,3
cimbalom_felt,21,A0,0.7000,regular,felt_mallet,Felt,0.2950,4.2539,27.5000,55.0000,0.2340,0.4679,-0.1113,-0.4476,,0.0000,-1.1648,-1.1648,-1.1668,-1.1648,-4.1955,0.8813,1.0078,0,3
cimbalom_felt,21,A0,0.7250,regular,felt_mallet,Felt,0.2950,4.1955,27.5000,55.0000,0.2308,0.4615,-0.1083,-0.4353,,0.0000,-1.1741,-1.1741,-1.1760,-1.1741,-3.8877,0.8816,1.0092,0,3
cimbalom_felt,21,A0,0.7500,regular,felt_mallet,Felt,0.2950,4.1398,27.5000,55.0000,0.2277,0.4554,-0.1054,-0.4237,,0.0000,-1.1828,-1.1828,-1.1847,-1.1828,-3.5903,0.8819,1.0106,0,3
cimbalom_felt,21,A0,0.7750,regular,felt_mallet,Felt,0.2950,4.0867,27.5000,55.0000,0.2248,0.4495,-0.1027,-0.4128,,0.0000,-1.1909,-1.1909,-1.1928,-1.1909,-3.3028,0.8822,1.0118,0,3
cimbalom_felt,21,A0,0.8000,regular,felt_mallet,Felt,0.2950,4.0359,27.5000,55.0000,0.2220,0.4439,-0.1002,-0.4026,,0.0000,-1.1985,-1.1987,-1.2002,-1.1985,-3.0244,0.8824,1.0130,0,3
cimbalom_felt,21,A0,0.8250,regular,felt_mallet,Felt,0.2950,3.9872,27.5000,55.0000,0.2193,0.4386,-0.0978,-0.3929,,0.0000,-1.2059,-1.2060,-1.2076,-1.2059,-2.7548,0.8827,1.0141,0,3
cimbalom_felt,21,A0,0.8500,regular,felt_mallet,Felt,0.2950,3.9406,27.5000,55.0000,0.2167,0.4335,-0.0955,-0.3837,,0.0000,-1.2130,-1.2129,-1.2148,-1.2130,-2.4933,0.8829,1.0152,0,3
cimbalom_felt,21,A0,0.8750,regular,felt_mallet,Felt,0.2950,3.8959,27.5000,55.0000,0.2143,0.4285,-0.0933,-0.3750,,0.0000,-1.2193,-1.2194,-1.2209,-1.2193,-2.2392,0.8831,1.0162,0,3
cimbalom_felt,21,A0,0.9000,regular,felt_mallet,Felt,0.2950,3.8529,27.5000,55.0000,0.2119,0.4238,-0.0913,-0.3667,,0.0000,-1.2256,-1.2257,-1.2270,-1.2256,-1.9925,0.8834,1.0172,0,3
cimbalom_felt,21,A0,0.9250,regular,felt_mallet,Felt,0.2950,3.8115,27.5000,55.0000,0.2096,0.4193,-0.0893,-0.3588,,0.0000,-1.2316,-1.2316,-1.2332,-1.2316,-1.7526,0.8835,1.0181,0,3
cimbalom_felt,21,A0,0.9500,regular,felt_mallet,Felt,0.2950,3.7717,27.5000,55.0000,0.2074,0.4149,-0.0875,-0.3513,,0.0000,-1.2372,-1.2372,-1.2388,-1.2372,-1.5191,0.8837,1.0190,0,3
cimbalom_felt,21,A0,0.9750,regular,felt_mallet,Felt,0.2950,3.7333,27.5000,55.0000,0.2053,0.4107,-0.0857,-0.3442,,0.0000,-1.2426,-1.2426,-1.2442,-1.2426,-1.2917,0.8839,1.0198,0,3
cimbalom_felt,21,A0,1.0000,regular,felt_mallet,Felt,0.2950,3.6962,27.5000,55.0000,0.2033,0.4066,-0.0840,-0.3373,,0.0000,-1.2478,-1.2477,-1.2493,-1.2478,-1.0702,0.8841,1.0207,0,3
cimbalom_felt,21,A0,0.4200,corpus,felt_mallet,Felt,0.2950,5.2021,27.5000,55.0000,0.2861,0.5722,-0.1666,-0.6717,,0.0000,-0.9959,-0.9960,-0.9989,-0.9959,-8.6877,0.8757,0.9821,0,3
cimbalom_felt,21,A0,0.4600,corpus,felt_mallet,Felt,0.2950,5.0190,27.5000,55.0000,0.2760,0.5521,-0.1550,-0.6248,,0.0000,-1.0315,-1.0314,-1.0341,-1.0315,-7.8861,0.8769,0.9874,0,3
cimbalom_felt,22,A#0,0.0500,regular,felt_mallet,Felt,0.2950,8.0000,29.1350,58.2710,0.4662,0.9323,-0.4442,-1.8156,,0.0000,-0.1296,-0.1296,-0.1376,-0.1296,-27.3084,0.8622,0.8752,0,3
cimbalom_felt,22,A#0,0.0750,regular,felt_mallet,Felt,0.2950,8.0000,29.1350,58.2710,0.4662,0.9323,-0.4442,-1.8156,,0.0000,-0.1296,-0.1296,-0.1376,-0.1296,-23.7866,0.8622,0.8752,0,3
cimbalom_felt,22,A#0,0.1000,regular,felt_mallet,Felt,0.2950,8.0000,29.1350,58.2710,0.4662,0.9323,-0.4442,-1.8156,,0.0000,-0.1296,-0.1296,-0.1376,-0.1296,-21.2878,0.8622,0.8752,0,3
cimbalom_felt,22,A#0,0.1250,regular,felt_mallet,Felt,0.2950,8.0000,29.1350,58.2710,0.4662,0.9323,-0.4442,-1.8156,,0.0000,-0.1296,-0.1296,-0.1376,-0.1296,-19.3496,0.8622,0.8752,0,3
cimbalom_felt,22,A#0,0.1500,regular,felt_mallet,Felt,0.2950,7.6613,29.1350,58.2710,0.4464,0.8929,-0.4071,-1.6610,,0.0000,-0.2471,-0.2471,-0.2547,-0.2471,-17.7289,0.8659,0.8909,0,3
cimbalom_felt,22,A#0,0.1750,regular,felt_mallet,Felt,0.2950,7.2099,29.1350,58.2710,0.4201,0.8403,-0.3603,-1.4665,,0.0000,-0.3949,-0.3948,-0.4014,-0.3949,-16.3432,0.8706,0.9111,0,3
cimbalom_felt,22,A#0,0.2000,regular,felt_mallet,Felt,0.2950,6.8405,29.1350,58.2710,0.3986,0.7972,-0.3241,-1.3169,,0.0000,-0.5083,-0.5083,-0.5143,-0.5083,-15.1472,0.8742,0.9269,0,3
cimbalom_felt,22,A#0,0.2250,regular,felt_mallet,Felt,0.2950,6.5303,29.1350,58.2710,0.3805,0.7611,-0.2953,-1.1980,,0.0000,-0.5983,-0.5984,-0.6035,-0.5983,-14.0953,0.8771,0.9397,0,3
cimbalom_felt,22,A#0,0.2500,regular,felt_mallet,Felt,0.2950,6.2648,29.1350,58.2710,0.3651,0.7301,-0.2717,-1.1008,,0.0000,-0.6719,-0.6719,-0.6768,-0.6719,-13.1565,0.8795,0.9502,0,3
cimbalom_felt,22,A#0,0.2750,regular,felt_mallet,Felt,0.2950,6.0340,29.1350,58.2710,0.3516,0.7032,-0.2519,-1.0199,,0.0000,-0.7332,-0.7331,-0.7377,-0.7332,-12.3090,0.8815,0.9591,0,3
cimbalom_felt,22,A#0,0.3000,regular,felt_mallet,Felt,0.2950,5.8306,29.1350,58.2710,0.3398,0.6795,-0.2352,-0.9513,,0.0000,-0.7849,-0.7849,-0.7890,-0.7849,-11.5364,0.8832,0.9667,0,3
cimbalom_felt,22,A#0,0.3250,regular,felt_mallet,Felt,0.2950,5.6497,29.1350,58.2710,0.3292,0.6584,-0.2207,-0.8923,,0.0000,-0.8295,-0.8295,-0.8334,-0.8295,-10.8268,0.8847,0.9733,0,3
cimbalom_felt,22,A#0,0.3500,regular,felt_mallet,Felt,0.2950,5.4871,29.1350,58.2710,0.3197,0.6395,-0.2082,-0.8410,,0.0000,-0.8681,-0.8682,-0.8717,-0.8681,-10.1705,0.8860,0.9791,0,3
cimbalom_felt,22,A#0,0.3750,regular,felt_mallet,Felt,0.2950,5.3400,29.1350,58.2710,0.3112,0.6223,-0.1971,-0.7960,,0.0000,-0.9022,-0.9022,-0.9057,-0.9022,-9.5602,0.8871,0.9842,0,3
cimbalom_felt,22,A#0,0.4000,regular,felt_mallet,Felt,0.2950,5.2059,29.1350,58.2710,0.3033,0.6067,-0.1873,-0.7560,,0.0000,-0.9323,-0.9324,-0.9358,-0.9323,-8.9898,0.8881,0.9887,0,3
cimbalom_felt,22,A#0,0.4250,regular,felt_mallet,Felt,0.2950,5.0831,29.1350,58.2710,0.2962,0.5924,-0.1786,-0.7204,,0.0000,-0.9593,-0.9593,-0.9625,-0.9593,-8.4545,0.8890,0.9928,0,3
cimbalom_felt,22,A#0,0.4500,regular,felt_mallet,Felt,0.2950,4.9699,29.1350,58.2710,0.2896,0.5792,-0.1707,-0.6883,,0.0000,-0.9835,-0.9834,-0.9863,-0.9835,-7.9501,0.8898,0.9965,0,3
cimbalom_felt,22,A#0,0.4750,regular,felt_mallet,Felt,0.2950,4.8652,29.1350,58.2710,0.2835,0.5670,-0.1636,-0.6593,,0.0000,-1.0053,-1.0053,-1.0082,-1.0053,-7.4734,0.8905,0.9998,0,3
cimbalom_felt,22,A#0,0.5000,regular,felt_mallet,Felt,0.2950,4.7678,29.1350,58.2710,0.2778,0.5557,-0.1571,-0.6329,,0.0000,-1.0252,-1.0252,-1.0281,-1.0252,-7.0213,0.8912,1.0028,0,3
cimbalom_felt,22,A#0,0.5250,regular,felt_mallet,Felt,0.2950,4.6771,29.1350,58.2710,0.2725,0.5451,-0.1511,-0.6088,,0.0000,-1.0434,-1.0434,-1.0461,-1.0434,-6.5917,0.8918,1.0056,0,3
cimbalom_felt,22,A#0,0.5500,regular,felt_mallet,Felt,0.2950,4.5921,29.1350,58.2710,0.2676,0.5352,-0.1457,-0.5867,,0.0000,-1.0600,-1.0600,-1.0625,-1.0600,-6.1820,0.8923,1.0082,0,3
cimbalom_felt,22,A#0,0.5750,regular,felt_mallet,Felt,0.2950,4.5124,29.1350,58.2710,0.2629,0.5259,-0.1406,-0.5663,,0.0000,-1.0754,-1.0754,-1.0777,-1.0754,-5.7910,0.8929,1.0105,0,3
cimbalom_felt,22,A#0,0.6000,regular,felt_mallet,Felt,0.2950,4.4374,29.1350,58.2710,0.2586,0.5171,-0.1360,-0.5475,,0.0000,-1.0895,-1.0896,-1.0918,-1.0895,-5.4166,0.8933,1.0127,0,3
cimbalom_felt,22,A#0,0.6250,regular,felt_mallet,Felt,0.2950,4.3666,29.1350,58.2710,0.2544,0.5089,-0.1317,-0.5300,,0.0000,-1.1028,-1.1027,-1.1052,-1.1028,-5.0578,0.8938,1.0148,0,3
cimbalom_felt,22,A#0,0.6500,regular,felt_mallet,Felt,0.2950,4.2997,29.1350,58.2710,0.2505,0.5011,-0.1277,-0.5138,,0.0000,-1.1149,-1.1150,-1.1173,-1.1149,-4.7130,0.8942,1.0167,0,3
cimbalom_felt,22,A#0,0.6750,regular,felt_mallet,Felt,0.2950,4.2362,29.1350,58.2710,0.2468,0.4937,-0.1239,-0.4986,,0.0000,-1.1264,-1.1264,-1.1286,-1.1264,-4.3815,0.8946,1.0185,0,3
cimbalom_felt,22,A#0,0.7000,regular,felt_mallet,Felt,0.2950,4.1760,29.1350,58.2710,0.2433,0.4867,-0.1204,-0.4844,,0.0000,-1.1371,-1.1371,-1.1392,-1.1371,-4.0622,0.8949,1.0201,0,3
cimbalom_felt,22,A#0,0.7250,regular,felt_mallet,Felt,0.2950,4.1186,29.1350,58.2710,0.2400,0.4800,-0.1171,-0.4711,,0.0000,-1.1471,-1.1471,-1.1492,-1.1471,-3.7541,0.8953,1.0217,0,3
cimbalom_felt,22,A#0,0.7500,regular,felt_mallet,Felt,0.2950,4.0640,29.1350,58.2710,0.2368,0.4736,-0.1140,-0.4586,,0.0000,-1.1566,-1.1565,-1.1585,-1.1566,-3.4565,0.8956,1.0232,0,3
cimbalom_felt,22,A#0,0.7750,regular,felt_mallet,Felt,0.2950,4.0118,29.1350,58.2710,0.2338,0.4675,-0.1111,-0.4468,,0.0000,-1.1654,-1.1654,-1.1673,-1.1654,-3.1688,0.8959,1.0245,0,3
cimbalom_felt,22,A#0,0.8000,regular,felt_mallet,Felt,0.2950,3.9620,29.1350,58.2710,0.2309,0.4617,-0.1084,-0.4357,,0.0000,-1.1737,-1.1737,-1.1756,-1.1737,-2.8902,0.8962,1.0258,0,3
cimbalom_felt,22,A#0,0.8250,regular,felt_mallet,Felt,0.2950,3.9142,29.1350,58.2710,0.2281,0.4562,-0.1058,-0.4252,,0.0000,-1.1816,-1.1816,-1.1834,-1.1816,-2.6203,0.8965,1.0271,0,3
cimbalom_felt,22,A#0,0.8500,regular,felt_mallet,Felt,0.2950,3.8685,29.1350,58.2710,0.2254,0.4508,-0.1033,-0.4153,,0.0000,-1.1892,-1.1891,-1.1910,-1.1892,-2.3587,0.8967,1.0283,0,3
cimbalom_felt,22,A#0,0.8750,regular,felt_mallet,Felt,0.2950,3.8245,29.1350,58.2710,0.2229,0.4457,-0.1010,-0.4058,,0.0000,-1.1963,-1.1962,-1.1980,-1.1963,-2.1046,0.8969,1.0294,0,3
cimbalom_felt,22,A#0,0.9000,regular,felt_mallet,Felt,0.2950,3.7823,29.1350,58.2710,0.2204,0.4408,-0.0988,-0.3969,,0.0000,-1.2029,-1.2030,-1.2046,-1.2029,-1.8576,0.8972,1.0304,0,3
cimbalom_felt,22,A#0,0.9250,regular,felt_mallet,Felt,0.2950,3.7417,29.1350,58.2710,0.2180,0.4361,-0.0966,-0.3883,,0.0000,-1.2094,-1.2094,-1.2111,-1.2094,-1.6175,0.8974,1.0315,0,3
cimbalom_felt,22,A#0,0.9500,regular,felt_mallet,Felt,0.2950,3.7026,29.1350,58.2710,0.2158,0.4315,-0.0946,-0.3802,,0.0000,-1.2156,-1.2155,-1.2172,-1.2156,-1.3839,0.8976,1.0324,0,3
cimbalom_felt,22,A#0,0.9750,regular,felt_mallet,Felt,0.2950,3.6649,29.1350,58.2710,0.2136,0.4271,-0.0927,-0.3725,,0.0000,-1.2213,-1.2213,-1.2229,-1.2213,-1.1562,0.8978,1.0333,0,3
cimbalom_felt,22,A#0,1.0000,regular,felt_mallet,Felt,0.2950,3.6286,29.1350,58.2710,0.2114,0.4229,-0.0909,-0.3651,,0.0000,-1.2269,-1.2269,-1.2285,-1.2269,-0.9346,0.8980,1.0342,0,3
cimbalom_felt,22,A#0,0.4200,corpus,felt_mallet,Felt,0.2950,5.1068,29.1350,58.2710,0.2976,0.5952,-0.1803,-0.7272,,0.0000,-0.9542,-0.9541,-0.9575,-0.9542,-8.5589,0.8888,0.9920,0,3
cimbalom_felt,22,A#0,0.4600,corpus,felt_mallet,Felt,0.2950,4.9270,29.1350,58.2710,0.2871,0.5742,-0.1678,-0.6764,,0.0000,-0.9926,-0.9924,-0.9954,-0.9926,-7.7563,0.8901,0.9978,0,3
cimbalom_felt,23,B0,0.0500,regular,felt_mallet,Felt,0.2950,8.0000,30.8680,61.7360,0.4939,0.9878,-0.4990,-2.0455,,0.0000,0.0455,0.0454,0.0360,0.0000,-27.2198,0.8710,0.8665,0,3
cimbalom_felt,23,B0,0.0750,regular,felt_mallet,Felt,0.2950,8.0000,30.8680,61.7360,0.4939,0.9878,-0.4990,-2.0455,,0.0000,0.0455,0.0454,0.0360,0.0000,-23.6980,0.8710,0.8665,0,3
cimbalom_felt,23,B0,0.1000,regular,felt_mallet,Felt,0.2950,8.0000,30.8680,61.7360,0.4939,0.9878,-0.4990,-2.0455,,0.0000,0.0455,0.0454,0.0360,0.0000,-21.1992,0.8710,0.8665,0,3
cimbalom_felt,23,B0,0.1250,regular,felt_mallet,Felt,0.2950,8.0000,30.8680,61.7360,0.4939,0.9878,-0.4990,-2.0455,,0.0000,0.0455,0.0454,0.0360,0.0000,-19.2610,0.8710,0.8665,0,3
cimbalom_felt,23,B0,0.1500,regular,felt_mallet,Felt,0.2950,7.5210,30.8680,61.7360,0.4643,0.9286,-0.4406,-1.8008,,0.0000,-0.1409,-0.1409,-0.1490,-0.1409,-17.6191,0.8769,0.8912,0,3
cimbalom_felt,23,B0,0.1750,regular,felt_mallet,Felt,0.2950,7.0779,30.8680,61.7360,0.4370,0.8739,-0.3899,-1.5895,,0.0000,-0.3016,-0.3015,-0.3087,-0.3016,-16.2295,0.8820,0.9132,0,3
cimbalom_felt,23,B0,0.2000,regular,felt_mallet,Felt,0.2950,6.7152,30.8680,61.7360,0.4146,0.8291,-0.3508,-1.4271,,0.0000,-0.4249,-0.4248,-0.4313,-0.4249,-15.0305,0.8860,0.9304,0,3
cimbalom_felt,23,B0,0.2250,regular,felt_mallet,Felt,0.2950,6.4107,30.8680,61.7360,0.3958,0.7915,-0.3195,-1.2979,,0.0000,-0.5227,-0.5227,-0.5285,-0.5227,-13.9762,0.8892,0.9444,0,3
cimbalom_felt,23,B0,0.2500,regular,felt_mallet,Felt,0.2950,6.1501,30.8680,61.7360,0.3797,0.7594,-0.2940,-1.1925,,0.0000,-0.6025,-0.6025,-0.6078,-0.6025,-13.0355,0.8918,0.9559,0,3
cimbalom_felt,23,B0,0.2750,regular,felt_mallet,Felt,0.2950,5.9235,30.8680,61.7360,0.3657,0.7314,-0.2726,-1.1047,,0.0000,-0.6689,-0.6689,-0.6737,-0.6689,-12.1862,0.8940,0.9656,0,3
cimbalom_felt,23,B0,0.3000,regular,felt_mallet,Felt,0.2950,5.7239,30.8680,61.7360,0.3534,0.7067,-0.2545,-1.0303,,0.0000,-0.7253,-0.7252,-0.7298,-0.7253,-11.4124,0.8959,0.9739,0,3
cimbalom_felt,23,B0,0.3250,regular,felt_mallet,Felt,0.2950,5.5462,30.8680,61.7360,0.3424,0.6848,-0.2389,-0.9664,,0.0000,-0.7736,-0.7735,-0.7778,-0.7736,-10.7015,0.8975,0.9811,0,3
cimbalom_felt,23,B0,0.3500,regular,felt_mallet,Felt,0.2950,5.3866,30.8680,61.7360,0.3325,0.6651,-0.2253,-0.9108,,0.0000,-0.8155,-0.8156,-0.8194,-0.8155,-10.0441,0.8989,0.9874,0,3
cimbalom_felt,23,B0,0.3750,regular,felt_mallet,Felt,0.2950,5.2422,30.8680,61.7360,0.3236,0.6473,-0.2133,-0.8619,,0.0000,-0.8525,-0.8524,-0.8562,-0.8525,-9.4330,0.9002,0.9930,0,3
cimbalom_felt,23,B0,0.4000,regular,felt_mallet,Felt,0.2950,5.1106,30.8680,61.7360,0.3155,0.6310,-0.2027,-0.8186,,0.0000,-0.8851,-0.8851,-0.8887,-0.8851,-8.8618,0.9013,0.9979,0,3
cimbalom_felt,23,B0,0.4250,regular,felt_mallet,Felt,0.2950,4.9900,30.8680,61.7360,0.3081,0.6161,-0.1932,-0.7800,,0.0000,-0.9143,-0.9143,-0.9177,-0.9143,-8.3257,0.9022,1.0024,0,3
cimbalom_felt,23,B0,0.4500,regular,felt_mallet,Felt,0.2950,4.8789,30.8680,61.7360,0.3012,0.6024,-0.1847,-0.7452,,0.0000,-0.9405,-0.9405,-0.9438,-0.9405,-7.8207,0.9031,1.0064,0,3
cimbalom_felt,23,B0,0.4750,regular,felt_mallet,Felt,0.2950,4.7761,30.8680,61.7360,0.2949,0.5897,-0.1770,-0.7138,,0.0000,-0.9642,-0.9642,-0.9673,-0.9642,-7.3433,0.9039,1.0101,0,3
cimbalom_felt,23,B0,0.5000,regular,felt_mallet,Felt,0.2950,4.6805,30.8680,61.7360,0.2890,0.5779,-0.1699,-0.6852,,0.0000,-0.9857,-0.9858,-0.9887,-0.9857,-6.8908,0.9047,1.0134,0,3
cimbalom_felt,23,B0,0.5250,regular,felt_mallet,Felt,0.2950,4.5914,30.8680,61.7360,0.2835,0.5669,-0.1635,-0.6591,,0.0000,-1.0053,-1.0055,-1.0083,-1.0053,-6.4606,0.9053,1.0164,0,3
cimbalom_felt,23,B0,0.5500,regular,felt_mallet,Felt,0.2950,4.5080,30.8680,61.7360,0.2783,0.5566,-0.1576,-0.6352,,0.0000,-1.0236,-1.0235,-1.0263,-1.0236,-6.0507,0.9060,1.0193,0,3
cimbalom_felt,23,B0,0.5750,regular,felt_mallet,Felt,0.2950,4.4298,30.8680,61.7360,0.2735,0.5470,-0.1522,-0.6131,,0.0000,-1.0402,-1.0402,-1.0428,-1.0402,-5.6592,0.9065,1.0218,0,3
cimbalom_felt,23,B0,0.6000,regular,felt_mallet,Felt,0.2950,4.3561,30.8680,61.7360,0.2689,0.5379,-0.1471,-0.5927,,0.0000,-1.0555,-1.0555,-1.0580,-1.0555,-5.2844,0.9070,1.0242,0,3
cimbalom_felt,23,B0,0.6250,regular,felt_mallet,Felt,0.2950,4.2866,30.8680,61.7360,0.2646,0.5293,-0.1425,-0.5737,,0.0000,-1.0698,-1.0698,-1.0722,-1.0698,-4.9252,0.9075,1.0265,0,3
cimbalom_felt,23,B0,0.6500,regular,felt_mallet,Felt,0.2950,4.2209,30.8680,61.7360,0.2606,0.5212,-0.1381,-0.5561,,0.0000,-1.0832,-1.0831,-1.0854,-1.0832,-4.5802,0.9080,1.0286,0,3
cimbalom_felt,23,B0,0.6750,regular,felt_mallet,Felt,0.2950,4.1586,30.8680,61.7360,0.2567,0.5135,-0.1341,-0.5397,,0.0000,-1.0954,-1.0954,-1.0978,-1.0954,-4.2483,0.9084,1.0305,0,3
cimbalom_felt,23,B0,0.7000,regular,felt_mallet,Felt,0.2950,4.0995,30.8680,61.7360,0.2531,0.5062,-0.1303,-0.5243,,0.0000,-1.1069,-1.1070,-1.1093,-1.1069,-3.9286,0.9088,1.0323,0,3
cimbalom_felt,23,B0,0.7250,regular,felt_mallet,Felt,0.2950,4.0432,30.8680,61.7360,0.2496,0.4992,-0.1267,-0.5099,,0.0000,-1.1178,-1.1179,-1.1199,-1.1178,-3.6202,0.9092,1.0340,0,3
cimbalom_felt,23,B0,0.7500,regular,felt_mallet,Felt,0.2950,3.9896,30.8680,61.7360,0.2463,0.4926,-0.1234,-0.4964,,0.0000,-1.1281,-1.1281,-1.1304,-1.1281,-3.3224,0.9095,1.0357,0,3
cimbalom_felt,23,B0,0.7750,regular,felt_mallet,Felt,0.2950,3.9383,30.8680,61.7360,0.2431,0.4863,-0.1202,-0.4836,,0.0000,-1.1377,-1.1377,-1.1398,-1.1377,-3.0345,0.9099,1.0372,0,3
cimbalom_felt,23,B0,0.8000,regular,felt_mallet,Felt,0.2950,3.8894,30.8680,61.7360,0.2401,0.4802,-0.1172,-0.4716,,0.0000,-1.1468,-1.1467,-1.1490,-1.1468,-2.7557,0.9102,1.0386,0,3
cimbalom_felt,23,B0,0.8250,regular,felt_mallet,Felt,0.2950,3.8425,30.8680,61.7360,0.2372,0.4744,-0.1144,-0.4602,,0.0000,-1.1553,-1.1553,-1.1574,-1.1553,-2.4856,0.9105,1.0400,0,3
cimbalom_felt,23,B0,0.8500,regular,felt_mallet,Felt,0.2950,3.7976,30.8680,61.7360,0.2344,0.4689,-0.1118,-0.4494,,0.0000,-1.1635,-1.1634,-1.1656,-1.1635,-2.2237,0.9107,1.0413,0,3
cimbalom_felt,23,B0,0.8750,regular,felt_mallet,Felt,0.2950,3.7545,30.8680,61.7360,0.2318,0.4636,-0.1092,-0.4392,,0.0000,-1.1711,-1.1711,-1.1730,-1.1711,-1.9694,0.9110,1.0425,0,3
cimbalom_felt,23,B0,0.9000,regular,felt_mallet,Felt,0.2950,3.7131,30.8680,61.7360,0.2292,0.4585,-0.1068,-0.4295,,0.0000,-1.1784,-1.1784,-1.1802,-1.1784,-1.7223,0.9113,1.0437,0,3
cimbalom_felt,23,B0,0.9250,regular,felt_mallet,Felt,0.2950,3.6732,30.8680,61.7360,0.2268,0.4535,-0.1046,-0.4203,,0.0000,-1.1854,-1.1853,-1.1871,-1.1854,-1.4820,0.9115,1.0448,0,3
cimbalom_felt,23,B0,0.9500,regular,felt_mallet,Felt,0.2950,3.6348,30.8680,61.7360,0.2244,0.4488,-0.1024,-0.4115,,0.0000,-1.1920,-1.1920,-1.1938,-1.1920,-1.2482,0.9117,1.0458,0,3
cimbalom_felt,23,B0,0.9750,regular,felt_mallet,Felt,0.2950,3.5978,30.8680,61.7360,0.2221,0.4442,-0.1003,-0.4031,,0.0000,-1.1984,-1.1983,-1.2000,-1.1984,-1.0206,0.9119,1.0469,0,3
cimbalom_felt,23,B0,1.0000,regular,felt_mallet,Felt,0.2950,3.5621,30.8680,61.7360,0.2199,0.4398,-0.0983,-0.3951,,0.0000,-1.2043,-1.2043,-1.2060,-1.2043,-0.7987,0.9122,1.0478,0,3
cimbalom_felt,23,B0,0.4200,corpus,felt_mallet,Felt,0.2950,5.0133,30.8680,61.7360,0.3095,0.6190,-0.1950,-0.7874,,0.0000,-0.9087,-0.9087,-0.9122,-0.9087,-8.4303,0.9021,1.0015,0,3
cimbalom_felt,23,B0,0.4600,corpus,felt_mallet,Felt,0.2950,4.8368,30.8680,61.7360,0.2986,0.5972,-0.1815,-0.7323,,0.0000,-0.9503,-0.9503,-0.9536,-0.9503,-7.6267,0.9035,1.0079,0,3
cimbalom_felt,24,C1,0.0500,regular,felt_mallet,Felt,0.2950,8.0000,32.7030,65.4070,0.5232,1.0465,-0.5606,-2.3056,,0.0000,0.2438,0.2439,0.2333,0.0000,-27.1373,0.8794,0.8550,0,3
cimbalom_felt,24,C1,0.0750,regular,felt_mallet,Felt,0.2950,8.0000,32.7030,65.4070,0.5232,1.0465,-0.5606,-2.3056,,0.0000,0.2438,0.2439,0.2333,0.0000,-23.6154,0.8794,0.8550,0,3
cimbalom_felt,24,C1,0.1000,regular,felt_mallet,Felt,0.2950,8.0000,32.7030,65.4070,0.5232,1.0465,-0.5606,-2.3056,,0.0000,0.2438,0.2439,0.2333,0.0000,-21.1167,0.8794,0.8550,0,3
cimbalom_felt,24,C1,0.1250,regular,felt_mallet,Felt,0.2950,7.9331,32.7030,65.4070,0.5189,1.0378,-0.5512,-2.2657,,0.0000,0.2135,0.2135,0.2033,0.0000,-19.1690,0.8803,0.8590,0,3
cimbalom_felt,24,C1,0.1500,regular,felt_mallet,Felt,0.2950,7.3833,32.7030,65.4070,0.4829,0.9658,-0.4769,-1.9527,,0.0000,-0.0251,-0.0253,-0.0340,-0.0251,-17.5110,0.8879,0.8905,0,3
cimbalom_felt,24,C1,0.1750,regular,felt_mallet,Felt,0.2950,6.9483,32.7030,65.4070,0.4545,0.9089,-0.4220,-1.7230,,0.0000,-0.2002,-0.2000,-0.2080,-0.2002,-16.1173,0.8935,0.9143,0,3
cimbalom_felt,24,C1,0.2000,regular,felt_mallet,Felt,0.2950,6.5922,32.7030,65.4070,0.4312,0.8624,-0.3796,-1.5466,,0.0000,-0.3340,-0.3341,-0.3411,-0.3340,-14.9149,0.8979,0.9331,0,3
cimbalom_felt,24,C1,0.2250,regular,felt_mallet,Felt,0.2950,6.2933,32.7030,65.4070,0.4116,0.8233,-0.3458,-1.4064,,0.0000,-0.4405,-0.4404,-0.4467,-0.4405,-13.8582,0.9014,0.9483,0,3
cimbalom_felt,24,C1,0.2500,regular,felt_mallet,Felt,0.2950,6.0375,32.7030,65.4070,0.3949,0.7898,-0.3181,-1.2920,,0.0000,-0.5271,-0.5271,-0.5327,-0.5271,-12.9152,0.9043,0.9608,0,3
cimbalom_felt,24,C1,0.2750,regular,felt_mallet,Felt,0.2950,5.8150,32.7030,65.4070,0.3803,0.7607,-0.2950,-1.1968,,0.0000,-0.5992,-0.5993,-0.6049,-0.5992,-12.0643,0.9067,0.9714,0,3
cimbalom_felt,24,C1,0.3000,regular,felt_mallet,Felt,0.2950,5.6190,32.7030,65.4070,0.3675,0.7350,-0.2754,-1.1160,,0.0000,-0.6604,-0.6604,-0.6654,-0.6604,-11.2890,0.9087,0.9805,0,3
cimbalom_felt,24,C1,0.3250,regular,felt_mallet,Felt,0.2950,5.4446,32.7030,65.4070,0.3561,0.7122,-0.2585,-1.0467,,0.0000,-0.7128,-0.7128,-0.7175,-0.7128,-10.5767,0.9105,0.9884,0,3
cimbalom_felt,24,C1,0.3500,regular,felt_mallet,Felt,0.2950,5.2880,32.7030,65.4070,0.3459,0.6917,-0.2437,-0.9864,,0.0000,-0.7585,-0.7584,-0.7628,-0.7585,-9.9185,0.9120,0.9952,0,3
cimbalom_felt,24,C1,0.3750,regular,felt_mallet,Felt,0.2950,5.1462,32.7030,65.4070,0.3366,0.6732,-0.2308,-0.9334,,0.0000,-0.7984,-0.7985,-0.8026,-0.7984,-9.3062,0.9134,1.0013,0,3
cimbalom_felt,24,C1,0.4000,regular,felt_mallet,Felt,0.2950,5.0170,32.7030,65.4070,0.3281,0.6563,-0.2193,-0.8865,,0.0000,-0.8340,-0.8339,-0.8379,-0.8340,-8.7342,0.9146,1.0068,0,3
cimbalom_felt,24,C1,0.4250,regular,felt_mallet,Felt,0.2950,4.8986,32.7030,65.4070,0.3204,0.6408,-0.2091,-0.8446,,0.0000,-0.8655,-0.8655,-0.8692,-0.8655,-8.1973,0.9157,1.0116,0,3
cimbalom_felt,24,C1,0.4500,regular,felt_mallet,Felt,0.2950,4.7895,32.7030,65.4070,0.3133,0.6265,-0.1998,-0.8069,,0.0000,-0.8940,-0.8940,-0.8973,-0.8940,-7.6916,0.9167,1.0160,0,3
cimbalom_felt,24,C1,0.4750,regular,felt_mallet,Felt,0.2950,4.6886,32.7030,65.4070,0.3067,0.6133,-0.1915,-0.7728,,0.0000,-0.9197,-0.9197,-0.9231,-0.9197,-7.2135,0.9176,1.0200,0,3
cimbalom_felt,24,C1,0.5000,regular,felt_mallet,Felt,0.2950,4.5948,32.7030,65.4070,0.3005,0.6011,-0.1839,-0.7419,,0.0000,-0.9430,-0.9430,-0.9463,-0.9430,-6.7604,0.9183,1.0237,0,3
cimbalom_felt,24,C1,0.5250,regular,felt_mallet,Felt,0.2950,4.5073,32.7030,65.4070,0.2948,0.5896,-0.1769,-0.7136,,0.0000,-0.9643,-0.9644,-0.9674,-0.9643,-6.3297,0.9191,1.0270,0,3
cimbalom_felt,24,C1,0.5500,regular,felt_mallet,Felt,0.2950,4.4255,32.7030,65.4070,0.2895,0.5789,-0.1705,-0.6876,,0.0000,-0.9839,-0.9840,-0.9870,-0.9839,-5.9193,0.9198,1.0301,0,3
cimbalom_felt,24,C1,0.5750,regular,felt_mallet,Felt,0.2950,4.3487,32.7030,65.4070,0.2844,0.5689,-0.1646,-0.6637,,0.0000,-1.0021,-1.0020,-1.0048,-1.0021,-5.5273,0.9204,1.0329,0,3
cimbalom_felt,24,C1,0.6000,regular,felt_mallet,Felt,0.2950,4.2764,32.7030,65.4070,0.2797,0.5594,-0.1592,-0.6416,,0.0000,-1.0187,-1.0187,-1.0214,-1.0187,-5.1522,0.9210,1.0356,0,3
cimbalom_felt,24,C1,0.6250,regular,felt_mallet,Felt,0.2950,4.2081,32.7030,65.4070,0.2752,0.5505,-0.1541,-0.6211,,0.0000,-1.0341,-1.0341,-1.0369,-1.0341,-4.7925,0.9215,1.0380,0,3
cimbalom_felt,24,C1,0.6500,regular,felt_mallet,Felt,0.2950,4.1436,32.7030,65.4070,0.2710,0.5420,-0.1494,-0.6020,,0.0000,-1.0485,-1.0485,-1.0511,-1.0485,-4.4472,0.9220,1.0403,0,3
cimbalom_felt,24,C1,0.6750,regular,felt_mallet,Felt,0.2950,4.0825,32.7030,65.4070,0.2670,0.5340,-0.1451,-0.5842,,0.0000,-1.0618,-1.0619,-1.0644,-1.0618,-4.1149,0.9225,1.0424,0,3
cimbalom_felt,24,C1,0.7000,regular,felt_mallet,Felt,0.2950,4.0244,32.7030,65.4070,0.2632,0.5264,-0.1409,-0.5676,,0.0000,-1.0745,-1.0745,-1.0769,-1.0745,-3.7950,0.9229,1.0444,0,3
cimbalom_felt,24,C1,0.7250,regular,felt_mallet,Felt,0.2950,3.9691,32.7030,65.4070,0.2596,0.5192,-0.1371,-0.5520,,0.0000,-1.0863,-1.0862,-1.0886,-1.0863,-3.4863,0.9233,1.0463,0,3
cimbalom_felt,24,C1,0.7500,regular,felt_mallet,Felt,0.2950,3.9165,32.7030,65.4070,0.2562,0.5123,-0.1335,-0.5373,,0.0000,-1.0973,-1.0973,-1.0997,-1.0973,-3.1882,0.9237,1.0481,0,3
cimbalom_felt,24,C1,0.7750,regular,felt_mallet,Felt,0.2950,3.8662,32.7030,65.4070,0.2529,0.5058,-0.1301,-0.5235,,0.0000,-1.1076,-1.1077,-1.1099,-1.1076,-2.9000,0.9241,1.0497,0,3
cimbalom_felt,24,C1,0.8000,regular,felt_mallet,Felt,0.2950,3.8182,32.7030,65.4070,0.2497,0.4995,-0.1268,-0.5104,,0.0000,-1.1175,-1.1175,-1.1197,-1.1175,-2.6210,0.9244,1.0513,0,3
cimbalom_felt,24,C1,0.8250,regular,felt_mallet,Felt,0.2950,3.7722,32.7030,65.4070,0.2467,0.4935,-0.1238,-0.4981,,0.0000,-1.1267,-1.1268,-1.1288,-1.1267,-2.3506,0.9247,1.0528,0,3
cimbalom_felt,24,C1,0.8500,regular,felt_mallet,Felt,0.2950,3.7281,32.7030,65.4070,0.2438,0.4877,-0.1209,-0.4864,,0.0000,-1.1355,-1.1355,-1.1376,-1.1355,-2.0885,0.9250,1.0542,0,3
cimbalom_felt,24,C1,0.8750,regular,felt_mallet,Felt,0.2950,3.6857,32.7030,65.4070,0.2411,0.4821,-0.1182,-0.4754,,0.0000,-1.1439,-1.1439,-1.1461,-1.1439,-1.8340,0.9253,1.0556,0,3
cimbalom_felt,24,C1,0.9000,regular,felt_mallet,Felt,0.2950,3.6451,32.7030,65.4070,0.2384,0.4768,-0.1156,-0.4649,,0.0000,-1.1517,-1.1518,-1.1537,-1.1517,-1.5867,0.9256,1.0568,0,3
cimbalom_felt,24,C1,0.9250,regular,felt_mallet,Felt,0.2950,3.6059,32.7030,65.4070,0.2358,0.4717,-0.1131,-0.4549,,0.0000,-1.1593,-1.1593,-1.1613,-1.1593,-1.3463,0.9259,1.0581,0,3
cimbalom_felt,24,C1,0.9500,regular,felt_mallet,Felt,0.2950,3.5682,32.7030,65.4070,0.2334,0.4668,-0.1108,-0.4453,,0.0000,-1.1665,-1.1665,-1.1683,-1.1665,-1.1123,0.9261,1.0592,0,3
cimbalom_felt,24,C1,0.9750,regular,felt_mallet,Felt,0.2950,3.5319,32.7030,65.4070,0.2310,0.4620,-0.1085,-0.4363,,0.0000,-1.1733,-1.1733,-1.1752,-1.1733,-0.8844,0.9264,1.0603,0,3
cimbalom_felt,24,C1,1.0000,regular,felt_mallet,Felt,0.2950,3.4969,32.7030,65.4070,0.2287,0.4574,-0.1064,-0.4276,,0.0000,-1.1799,-1.1798,-1.1818,-1.1799,-0.6623,0.9266,1.0614,0,3
cimbalom_felt,24,C1,0.4200,corpus,felt_mallet,Felt,0.2950,4.9215,32.7030,65.4070,0.3219,0.6438,-0.2110,-0.8526,,0.0000,-0.8596,-0.8595,-0.8635,-0.8596,-8.3020,0.9155,1.0107,0,3
cimbalom_felt,24,C1,0.4600,corpus,felt_mallet,Felt,0.2950,4.7482,32.7030,65.4070,0.3106,0.6211,-0.1964,-0.7929,,0.0000,-0.9045,-0.9046,-0.9080,-0.9045,-7.4971,0.9170,1.0177,0,3
cimbalom_felt,25,C#1,0.0500,regular,felt_mallet,Felt,0.2950,8.0000,34.6480,69.2960,0.5544,1.1087,-0.6300,-2.6003,,0.0000,0.4692,0.4693,0.4572,0.0000,-27.0612,0.8871,0.8404,0,3
cimbalom_felt,25,C#1,0.0750,regular,felt_mallet,Felt,0.2950,8.0000,34.6480,69.2960,0.5544,1.1087,-0.6300,-2.6003,,0.0000,0.4692,0.4693,0.4572,0.0000,-23.5394,0.8871,0.8404,0,3
cimbalom_felt,25,C#1,0.1000,regular,felt_mallet,Felt,0.2950,8.0000,34.6480,69.2960,0.5544,1.1087,-0.6300,-2.6003,,0.0000,0.4692,0.4693,0.4572,0.0000,-21.0406,0.8871,0.8404,0,3
cimbalom_felt,25,C#1,0.1250,regular,felt_mallet,Felt,0.2950,7.7878,34.6480,69.2960,0.5397,1.0793,-0.5967,-2.4585,,0.0000,0.3607,0.3608,0.3495,0.0000,-19.0692,0.8905,0.8543,0,3
cimbalom_felt,25,C#1,0.1500,regular,felt_mallet,Felt,0.2950,7.2480,34.6480,69.2960,0.5023,1.0045,-0.5162,-2.1179,,0.0000,0.1006,0.1006,0.0909,0.0000,-17.4050,0.8988,0.8884,0,3
cimbalom_felt,25,C#1,0.1750,regular,felt_mallet,Felt,0.2950,6.8210,34.6480,69.2960,0.4727,0.9453,-0.4567,-1.8682,,0.0000,-0.0896,-0.0896,-0.0979,-0.0896,-16.0067,0.9050,0.9143,0,3
cimbalom_felt,25,C#1,0.2000,regular,felt_mallet,Felt,0.2950,6.4715,34.6480,69.2960,0.4484,0.8969,-0.4108,-1.6765,,0.0000,-0.2354,-0.2354,-0.2428,-0.2354,-14.8009,0.9098,0.9347,0,3
cimbalom_felt,25,C#1,0.2250,regular,felt_mallet,Felt,0.2950,6.1781,34.6480,69.2960,0.4281,0.8562,-0.3742,-1.5242,,0.0000,-0.3510,-0.3511,-0.3578,-0.3510,-13.7412,0.9136,0.9513,0,3
cimbalom_felt,25,C#1,0.2500,regular,felt_mallet,Felt,0.2950,5.9269,34.6480,69.2960,0.4107,0.8214,-0.3442,-1.4000,,0.0000,-0.4452,-0.4453,-0.4515,-0.4452,-12.7960,0.9168,0.9650,0,3
cimbalom_felt,25,C#1,0.2750,regular,felt_mallet,Felt,0.2950,5.7085,34.6480,69.2960,0.3956,0.7911,-0.3192,-1.2966,,0.0000,-0.5237,-0.5237,-0.5296,-0.5237,-11.9433,0.9194,0.9765,0,3
cimbalom_felt,25,C#1,0.3000,regular,felt_mallet,Felt,0.2950,5.5161,34.6480,69.2960,0.3822,0.7645,-0.2980,-1.2090,,0.0000,-0.5899,-0.5900,-0.5953,-0.5899,-11.1662,0.9217,0.9864,0,3
cimbalom_felt,25,C#1,0.3250,regular,felt_mallet,Felt,0.2950,5.3449,34.6480,69.2960,0.3704,0.7408,-0.2797,-1.1338,,0.0000,-0.6470,-0.6470,-0.6522,-0.6470,-10.4527,0.9236,0.9950,0,3
cimbalom_felt,25,C#1,0.3500,regular,felt_mallet,Felt,0.2950,5.1911,34.6480,69.2960,0.3597,0.7194,-0.2637,-1.0684,,0.0000,-0.6964,-0.6964,-0.7010,-0.6964,-9.7930,0.9253,1.0025,0,3
cimbalom_felt,25,C#1,0.3750,regular,felt_mallet,Felt,0.2950,5.0519,34.6480,69.2960,0.3501,0.7002,-0.2497,-1.0109,,0.0000,-0.7399,-0.7399,-0.7444,-0.7399,-9.1797,0.9268,1.0092,0,3
cimbalom_felt,25,C#1,0.4000,regular,felt_mallet,Felt,0.2950,4.9251,34.6480,69.2960,0.3413,0.6826,-0.2373,-0.9600,,0.0000,-0.7783,-0.7783,-0.7825,-0.7783,-8.6068,0.9281,1.0151,0,3
cimbalom_felt,25,C#1,0.4250,regular,felt_mallet,Felt,0.2950,4.8089,34.6480,69.2960,0.3332,0.6665,-0.2262,-0.9146,,0.0000,-0.8127,-0.8127,-0.8169,-0.8127,-8.0691,0.9293,1.0205,0,3
cimbalom_felt,25,C#1,0.4500,regular,felt_mallet,Felt,0.2950,4.7018,34.6480,69.2960,0.3258,0.6516,-0.2162,-0.8738,,0.0000,-0.8435,-0.8435,-0.8473,-0.8435,-7.5626,0.9304,1.0252,0,3
cimbalom_felt,25,C#1,0.4750,regular,felt_mallet,Felt,0.2950,4.6027,34.6480,69.2960,0.3189,0.6379,-0.2072,-0.8368,,0.0000,-0.8714,-0.8714,-0.8751,-0.8714,-7.0840,0.9313,1.0296,0,3
cimbalom_felt,25,C#1,0.5000,regular,felt_mallet,Felt,0.2950,4.5106,34.6480,69.2960,0.3126,0.6251,-0.1989,-0.8033,,0.0000,-0.8968,-0.8967,-0.9003,-0.8968,-6.6302,0.9322,1.0336,0,3
cimbalom_felt,25,C#1,0.5250,regular,felt_mallet,Felt,0.2950,4.4248,34.6480,69.2960,0.3066,0.6132,-0.1914,-0.7726,,0.0000,-0.9198,-0.9199,-0.9232,-0.9198,-6.1989,0.9330,1.0373,0,3
cimbalom_felt,25,C#1,0.5500,regular,felt_mallet,Felt,0.2950,4.3444,34.6480,69.2960,0.3011,0.6021,-0.1845,-0.7445,,0.0000,-0.9410,-0.9411,-0.9443,-0.9410,-5.7879,0.9338,1.0406,0,3
cimbalom_felt,25,C#1,0.5750,regular,felt_mallet,Felt,0.2950,4.2690,34.6480,69.2960,0.2958,0.5917,-0.1781,-0.7186,,0.0000,-0.9605,-0.9606,-0.9639,-0.9605,-5.3954,0.9345,1.0437,0,3
cimbalom_felt,25,C#1,0.6000,regular,felt_mallet,Felt,0.2950,4.1980,34.6480,69.2960,0.2909,0.5818,-0.1722,-0.6946,,0.0000,-0.9787,-0.9787,-0.9819,-0.9787,-5.0199,0.9351,1.0466,0,3
cimbalom_felt,25,C#1,0.6250,regular,felt_mallet,Felt,0.2950,4.1311,34.6480,69.2960,0.2863,0.5725,-0.1668,-0.6724,,0.0000,-0.9955,-0.9955,-0.9985,-0.9955,-4.6599,0.9357,1.0493,0,3
cimbalom_felt,25,C#1,0.6500,regular,felt_mallet,Felt,0.2950,4.0677,34.6480,69.2960,0.2819,0.5638,-0.1617,-0.6517,,0.0000,-1.0110,-1.0110,-1.0138,-1.0110,-4.3141,0.9362,1.0518,0,3
cimbalom_felt,25,C#1,0.6750,regular,felt_mallet,Felt,0.2950,4.0077,34.6480,69.2960,0.2777,0.5554,-0.1569,-0.6324,,0.0000,-1.0256,-1.0256,-1.0284,-1.0256,-3.9815,0.9367,1.0541,0,3
cimbalom_felt,25,C#1,0.7000,regular,felt_mallet,Felt,0.2950,3.9507,34.6480,69.2960,0.2738,0.5475,-0.1525,-0.6144,,0.0000,-1.0392,-1.0392,-1.0419,-1.0392,-3.6611,0.9372,1.0563,0,3
cimbalom_felt,25,C#1,0.7250,regular,felt_mallet,Felt,0.2950,3.8965,34.6480,69.2960,0.2700,0.5400,-0.1483,-0.5975,,0.0000,-1.0519,-1.0519,-1.0545,-1.0519,-3.3521,0.9377,1.0584,0,3
cimbalom_felt,25,C#1,0.7500,regular,felt_mallet,Felt,0.2950,3.8448,34.6480,69.2960,0.2664,0.5329,-0.1444,-0.5816,,0.0000,-1.0638,-1.0639,-1.0664,-1.0638,-3.0538,0.9381,1.0603,0,3
cimbalom_felt,25,C#1,0.7750,regular,felt_mallet,Felt,0.2950,3.7954,34.6480,69.2960,0.2630,0.5260,-0.1407,-0.5666,,0.0000,-1.0752,-1.0752,-1.0777,-1.0752,-2.7654,0.9385,1.0622,0,3
cimbalom_felt,25,C#1,0.8000,regular,felt_mallet,Felt,0.2950,3.7482,34.6480,69.2960,0.2597,0.5195,-0.1372,-0.5525,,0.0000,-1.0858,-1.0858,-1.0884,-1.0858,-2.4861,0.9389,1.0639,0,3
cimbalom_felt,25,C#1,0.8250,regular,felt_mallet,Felt,0.2950,3.7031,34.6480,69.2960,0.2566,0.5132,-0.1339,-0.5392,,0.0000,-1.0958,-1.0959,-1.0982,-1.0958,-2.2155,0.9392,1.0655,0,3
cimbalom_felt,25,C#1,0.8500,regular,felt_mallet,Felt,0.2950,3.6598,34.6480,69.2960,0.2536,0.5072,-0.1308,-0.5265,,0.0000,-1.1054,-1.1054,-1.1079,-1.1054,-1.9531,0.9396,1.0671,0,3
cimbalom_felt,25,C#1,0.8750,regular,felt_mallet,Felt,0.2950,3.6182,34.6480,69.2960,0.2507,0.5015,-0.1279,-0.5145,,0.0000,-1.1144,-1.1144,-1.1166,-1.1144,-1.6984,0.9399,1.0685,0,3
cimbalom_felt,25,C#1,0.9000,regular,felt_mallet,Felt,0.2950,3.5783,34.6480,69.2960,0.2480,0.4959,-0.1251,-0.5032,,0.0000,-1.1230,-1.1230,-1.1252,-1.1230,-1.4508,0.9402,1.0699,0,3
cimbalom_felt,25,C#1,0.9250,regular,felt_mallet,Felt,0.2950,3.5399,34.6480,69.2960,0.2453,0.4906,-0.1224,-0.4923,,0.0000,-1.1311,-1.1311,-1.1332,-1.1311,-1.2102,0.9405,1.0713,0,3
cimbalom_felt,25,C#1,0.9500,regular,felt_mallet,Felt,0.2950,3.5029,34.6480,69.2960,0.2427,0.4855,-0.1198,-0.4820,,0.0000,-1.1389,-1.1389,-1.1409,-1.1389,-0.9760,0.9407,1.0726,0,3
cimbalom_felt,25,C#1,0.9750,regular,felt_mallet,Felt,0.2950,3.4672,34.6480,69.2960,0.2403,0.4805,-0.1174,-0.4722,,0.0000,-1.1462,-1.1463,-1.1483,-1.1462,-0.7479,0.9410,1.0738,0,3
cimbalom_felt,25,C#1,1.0000,regular,felt_mallet,Felt,0.2950,3.4328,34.6480,69.2960,0.2379,0.4758,-0.1151,-0.4628,,0.0000,-1.1533,-1.1534,-1.1553,-1.1533,-0.5257,0.9413,1.0749,0,3
cimbalom_felt,25,C#1,0.4200,corpus,felt_mallet,Felt,0.2950,4.8313,34.6480,69.2960,0.3348,0.6696,-0.2283,-0.9233,,0.0000,-0.8062,-0.8061,-0.8101,-0.8062,-8.1740,0.9291,1.0194,0,3
cimbalom_felt,25,C#1,0.4600,corpus,felt_mallet,Felt,0.2950,4.6613,34.6480,69.2960,0.3230,0.6460,-0.2125,-0.8586,,0.0000,-0.8550,-0.8550,-0.8588,-0.8550,-7.3680,0.9308,1.0271,0,3
cimbalom_felt,26,D1,0.0500,regular,felt_mallet,Felt,0.2950,8.0000,36.7080,73.4170,0.5873,1.1747,-0.7080,-2.9347,,0.0000,0.7255,0.7257,0.7118,0.0000,-26.9930,0.8941,0.8224,0,3
cimbalom_felt,26,D1,0.0750,regular,felt_mallet,Felt,0.2950,8.0000,36.7080,73.4170,0.5873,1.1747,-0.7080,-2.9347,,0.0000,0.7255,0.7257,0.7118,0.0000,-23.4711,0.8941,0.8224,0,3
cimbalom_felt,26,D1,0.1000,regular,felt_mallet,Felt,0.2950,8.0000,36.7080,73.4170,0.5873,1.1747,-0.7080,-2.9347,,0.0000,0.7255,0.7257,0.7118,0.0000,-20.9724,0.8941,0.8224,0,3
cimbalom_felt,26,D1,0.1250,regular,felt_mallet,Felt,0.2950,7.6452,36.7080,73.4170,0.5613,1.1226,-0.6459,-2.6686,,0.0000,0.5215,0.5216,0.5092,0.0000,-18.9720,0.9005,0.8480,0,3
cimbalom_felt,26,D1,0.1500,regular,felt_mallet,Felt,0.2950,7.1153,36.7080,73.4170,0.5224,1.0448,-0.5587,-2.2976,,0.0000,0.2378,0.2378,0.2272,0.0000,-17.3013,0.9096,0.8850,0,3
cimbalom_felt,26,D1,0.1750,regular,felt_mallet,Felt,0.2950,6.6961,36.7080,73.4170,0.4916,0.9832,-0.4943,-2.0260,,0.0000,0.0305,0.0306,0.0213,0.0000,-15.8980,0.9163,0.9131,0,3
cimbalom_felt,26,D1,0.2000,regular,felt_mallet,Felt,0.2950,6.3529,36.7080,73.4170,0.4664,0.9328,-0.4446,-1.8176,,0.0000,-0.1280,-0.1281,-0.1363,-0.1280,-14.6883,0.9216,0.9353,0,3
cimbalom_felt,26,D1,0.2250,regular,felt_mallet,Felt,0.2950,6.0649,36.7080,73.4170,0.4453,0.8905,-0.4050,-1.6521,,0.0000,-0.2540,-0.2539,-0.2614,-0.2540,-13.6256,0.9258,0.9533,0,3
cimbalom_felt,26,D1,0.2500,regular,felt_mallet,Felt,0.2950,5.8183,36.7080,73.4170,0.4272,0.8543,-0.3725,-1.5173,,0.0000,-0.3564,-0.3563,-0.3632,-0.3564,-12.6781,0.9293,0.9682,0,3
cimbalom_felt,26,D1,0.2750,regular,felt_mallet,Felt,0.2950,5.6039,36.7080,73.4170,0.4114,0.8228,-0.3454,-1.4050,,0.0000,-0.4415,-0.4415,-0.4477,-0.4415,-11.8231,0.9322,0.9808,0,3
cimbalom_felt,26,D1,0.3000,regular,felt_mallet,Felt,0.2950,5.4151,36.7080,73.4170,0.3976,0.7951,-0.3224,-1.3099,,0.0000,-0.5136,-0.5136,-0.5193,-0.5136,-11.0443,0.9347,0.9916,0,3
cimbalom_felt,26,D1,0.3250,regular,felt_mallet,Felt,0.2950,5.2470,36.7080,73.4170,0.3852,0.7704,-0.3026,-1.2283,,0.0000,-0.5755,-0.5754,-0.5811,-0.5755,-10.3293,0.9368,1.0010,0,3
cimbalom_felt,26,D1,0.3500,regular,felt_mallet,Felt,0.2950,5.0960,36.7080,73.4170,0.3741,0.7483,-0.2854,-1.1573,,0.0000,-0.6292,-0.6291,-0.6343,-0.6292,-9.6684,0.9387,1.0092,0,3
cimbalom_felt,26,D1,0.3750,regular,felt_mallet,Felt,0.2950,4.9594,36.7080,73.4170,0.3641,0.7282,-0.2702,-1.0950,,0.0000,-0.6764,-0.6763,-0.6813,-0.6764,-9.0540,0.9403,1.0165,0,3
cimbalom_felt,26,D1,0.4000,regular,felt_mallet,Felt,0.2950,4.8349,36.7080,73.4170,0.3550,0.7099,-0.2568,-1.0398,,0.0000,-0.7181,-0.7180,-0.7226,-0.7181,-8.4799,0.9418,1.0229,0,3
cimbalom_felt,26,D1,0.4250,regular,felt_mallet,Felt,0.2950,4.7208,36.7080,73.4170,0.3466,0.6932,-0.2448,-0.9905,,0.0000,-0.7553,-0.7553,-0.7598,-0.7553,-7.9413,0.9431,1.0288,0,3
cimbalom_felt,26,D1,0.4500,regular,felt_mallet,Felt,0.2950,4.6157,36.7080,73.4170,0.3389,0.6777,-0.2339,-0.9463,,0.0000,-0.7888,-0.7887,-0.7929,-0.7888,-7.4340,0.9443,1.0340,0,3
cimbalom_felt,26,D1,0.4750,regular,felt_mallet,Felt,0.2950,4.5184,36.7080,73.4170,0.3317,0.6635,-0.2241,-0.9062,,0.0000,-0.8189,-0.8190,-0.8230,-0.8189,-6.9546,0.9453,1.0388,0,3
cimbalom_felt,26,D1,0.5000,regular,felt_mallet,Felt,0.2950,4.4280,36.7080,73.4170,0.3251,0.6502,-0.2152,-0.8698,,0.0000,-0.8465,-0.8465,-0.8504,-0.8465,-6.5002,0.9463,1.0432,0,3
cimbalom_felt,26,D1,0.5250,regular,felt_mallet,Felt,0.2950,4.3437,36.7080,73.4170,0.3189,0.6378,-0.2071,-0.8366,,0.0000,-0.8716,-0.8716,-0.8753,-0.8716,-6.0683,0.9472,1.0472,0,3
cimbalom_felt,26,D1,0.5500,regular,felt_mallet,Felt,0.2950,4.2649,36.7080,73.4170,0.3131,0.6262,-0.1996,-0.8061,,0.0000,-0.8947,-0.8946,-0.8982,-0.8947,-5.6567,0.9480,1.0508,0,3
cimbalom_felt,26,D1,0.5750,regular,felt_mallet,Felt,0.2950,4.1908,36.7080,73.4170,0.3077,0.6154,-0.1927,-0.7780,,0.0000,-0.9158,-0.9158,-0.9193,-0.9158,-5.2636,0.9487,1.0542,0,3
cimbalom_felt,26,D1,0.6000,regular,felt_mallet,Felt,0.2950,4.1212,36.7080,73.4170,0.3026,0.6051,-0.1864,-0.7521,,0.0000,-0.9353,-0.9354,-0.9386,-0.9353,-4.8876,0.9494,1.0574,0,3
cimbalom_felt,26,D1,0.6250,regular,felt_mallet,Felt,0.2950,4.0554,36.7080,73.4170,0.2977,0.5955,-0.1804,-0.7280,,0.0000,-0.9535,-0.9535,-0.9567,-0.9535,-4.5272,0.9501,1.0603,0,3
cimbalom_felt,26,D1,0.6500,regular,felt_mallet,Felt,0.2950,3.9932,36.7080,73.4170,0.2932,0.5863,-0.1749,-0.7056,,0.0000,-0.9704,-0.9704,-0.9735,-0.9704,-4.1810,0.9507,1.0631,0,3
cimbalom_felt,26,D1,0.6750,regular,felt_mallet,Felt,0.2950,3.9343,36.7080,73.4170,0.2888,0.5777,-0.1698,-0.6847,,0.0000,-0.9862,-0.9862,-0.9891,-0.9862,-3.8480,0.9512,1.0656,0,3
cimbalom_felt,26,D1,0.7000,regular,felt_mallet,Felt,0.2950,3.8783,36.7080,73.4170,0.2847,0.5695,-0.1650,-0.6651,,0.0000,-1.0010,-1.0009,-1.0040,-1.0010,-3.5274,0.9518,1.0680,0,3
cimbalom_felt,26,D1,0.7250,regular,felt_mallet,Felt,0.2950,3.8251,36.7080,73.4170,0.2808,0.5617,-0.1605,-0.6468,,0.0000,-1.0147,-1.0147,-1.0174,-1.0147,-3.2180,0.9523,1.0703,0,3
cimbalom_felt,26,D1,0.7500,regular,felt_mallet,Felt,0.2950,3.7743,36.7080,73.4170,0.2771,0.5542,-0.1562,-0.6296,,0.0000,-1.0277,-1.0277,-1.0306,-1.0277,-2.9193,0.9527,1.0724,0,3
cimbalom_felt,26,D1,0.7750,regular,felt_mallet,Felt,0.2950,3.7259,36.7080,73.4170,0.2735,0.5471,-0.1522,-0.6134,,0.0000,-1.0400,-1.0399,-1.0425,-1.0400,-2.6306,0.9532,1.0744,0,3
cimbalom_felt,26,D1,0.8000,regular,felt_mallet,Felt,0.2950,3.6796,36.7080,73.4170,0.2701,0.5403,-0.1485,-0.5981,,0.0000,-1.0515,-1.0514,-1.0542,-1.0515,-2.3511,0.9536,1.0763,0,3
cimbalom_felt,26,D1,0.8250,regular,felt_mallet,Felt,0.2950,3.6353,36.7080,73.4170,0.2669,0.5338,-0.1449,-0.5836,,0.0000,-1.0624,-1.0623,-1.0651,-1.0624,-2.0802,0.9540,1.0781,0,3
cimbalom_felt,26,D1,0.8500,regular,felt_mallet,Felt,0.2950,3.5928,36.7080,73.4170,0.2638,0.5275,-0.1415,-0.5699,,0.0000,-1.0725,-1.0727,-1.0751,-1.0725,-1.8174,0.9544,1.0798,0,3
cimbalom_felt,26,D1,0.8750,regular,felt_mallet,Felt,0.2950,3.5520,36.7080,73.4170,0.2608,0.5215,-0.1383,-0.5570,,0.0000,-1.0825,-1.0824,-1.0849,-1.0825,-1.5626,0.9547,1.0814,0,3
cimbalom_felt,26,D1,0.9000,regular,felt_mallet,Felt,0.2950,3.5128,36.7080,73.4170,0.2579,0.5158,-0.1353,-0.5446,,0.0000,-1.0917,-1.0917,-1.0941,-1.0917,-1.3147,0.9550,1.0829,0,3
cimbalom_felt,26,D1,0.9250,regular,felt_mallet,Felt,0.2950,3.4751,36.7080,73.4170,0.2551,0.5103,-0.1324,-0.5329,,0.0000,-1.1006,-1.1006,-1.1029,-1.1006,-1.0739,0.9553,1.0844,0,3
cimbalom_felt,26,D1,0.9500,regular,felt_mallet,Felt,0.2950,3.4387,36.7080,73.4170,0.2525,0.5049,-0.1296,-0.5217,,0.0000,-1.1089,-1.1090,-1.1112,-1.1089,-0.8395,0.9557,1.0858,0,3
cimbalom_felt,26,D1,0.9750,regular,felt_mallet,Felt,0.2950,3.4037,36.7080,73.4170,0.2499,0.4998,-0.1270,-0.5111,,0.0000,-1.1169,-1.1170,-1.1191,-1.1169,-0.6112,0.9560,1.0871,0,3
cimbalom_felt,26,D1,1.0000,regular,felt_mallet,Felt,0.2950,3.3700,36.7080,73.4170,0.2474,0.4948,-0.1245,-0.5009,,0.0000,-1.1246,-1.1247,-1.1269,-1.1246,-0.3888,0.9562,1.0884,0,3
cimbalom_felt,26,D1,0.4200,corpus,felt_mallet,Felt,0.2950,4.7429,36.7080,73.4170,0.3482,0.6964,-0.2471,-1.0000,,0.0000,-0.7482,-0.7481,-0.7526,-0.7482,-8.0463,0.9428,1.0276,0,3
cimbalom_felt,26,D1,0.4600,corpus,felt_mallet,Felt,0.2950,4.5759,36.7080,73.4170,0.3359,0.6719,-0.2299,-0.9298,,0.0000,-0.8012,-0.8012,-0.8054,-0.8012,-7.2391,0.9447,1.0360,0,3
cimbalom_felt,27,D#1,0.0500,regular,felt_mallet,Felt,0.2950,8.0000,38.8910,77.7820,0.6223,1.2445,-0.7958,-3.3147,,0.0000,1.0179,1.0178,1.0022,0.0000,-26.9332,0.9003,0.8007,0,3
cimbalom_felt,27,D#1,0.0750,regular,felt_mallet,Felt,0.2950,8.0000,38.8910,77.7820,0.6223,1.2445,-0.7958,-3.3147,,0.0000,1.0179,1.0178,1.0022,0.0000,-23.4114,0.9003,0.8007,0,3
cimbalom_felt,27,D#1,0.1000,regular,felt_mallet,Felt,0.2950,8.0000,38.8910,77.7820,0.6223,1.2445,-0.7958,-3.3147,,0.0000,1.0179,1.0178,1.0022,0.0000,-20.9126,0.9003,0.8007,0,3
cimbalom_felt,27,D#1,0.1250,regular,felt_mallet,Felt,0.2950,7.5051,38.8910,77.7820,0.5838,1.1675,-0.6993,-2.8974,,0.0000,0.6971,0.6970,0.6837,0.0000,-18.8780,0.9103,0.8401,0,3
cimbalom_felt,27,D#1,0.1500,regular,felt_mallet,Felt,0.2950,6.9850,38.8910,77.7820,0.5433,1.0866,-0.6049,-2.4933,,0.0000,0.3874,0.3874,0.3760,0.0000,-17.1999,0.9203,0.8801,0,3
cimbalom_felt,27,D#1,0.1750,regular,felt_mallet,Felt,0.2950,6.5734,38.8910,77.7820,0.5113,1.0226,-0.5351,-2.1976,,0.0000,0.1615,0.1614,0.1515,0.0000,-15.7912,0.9277,0.9106,0,3
cimbalom_felt,27,D#1,0.2000,regular,felt_mallet,Felt,0.2950,6.2366,38.8910,77.7820,0.4851,0.9702,-0.4813,-1.9709,,0.0000,-0.0114,-0.0114,-0.0203,-0.0114,-14.5776,0.9335,0.9347,0,3
cimbalom_felt,27,D#1,0.2250,regular,felt_mallet,Felt,0.2950,5.9538,38.8910,77.7820,0.4631,0.9262,-0.4383,-1.7911,,0.0000,-0.1484,-0.1483,-0.1563,-0.1484,-13.5116,0.9381,0.9542,0,3
cimbalom_felt,27,D#1,0.2500,regular,felt_mallet,Felt,0.2950,5.7118,38.8910,77.7820,0.4443,0.8885,-0.4032,-1.6446,,0.0000,-0.2595,-0.2597,-0.2669,-0.2595,-12.5612,0.9419,0.9705,0,3
cimbalom_felt,27,D#1,0.2750,regular,felt_mallet,Felt,0.2950,5.5013,38.8910,77.7820,0.4279,0.8558,-0.3738,-1.5226,,0.0000,-0.3523,-0.3523,-0.3591,-0.3523,-11.7042,0.9451,0.9842,0,3
cimbalom_felt,27,D#1,0.3000,regular,felt_mallet,Felt,0.2950,5.3159,38.8910,77.7820,0.4135,0.8270,-0.3489,-1.4194,,0.0000,-0.4305,-0.4306,-0.4369,-0.4305,-10.9234,0.9478,0.9959,0,3
cimbalom_felt,27,D#1,0.3250,regular,felt_mallet,Felt,0.2950,5.1509,38.8910,77.7820,0.4006,0.8013,-0.3275,-1.3308,,0.0000,-0.4977,-0.4978,-0.5036,-0.4977,-10.2067,0.9501,1.0062,0,3
cimbalom_felt,27,D#1,0.3500,regular,felt_mallet,Felt,0.2950,5.0027,38.8910,77.7820,0.3891,0.7782,-0.3088,-1.2538,,0.0000,-0.5561,-0.5561,-0.5615,-0.5561,-9.5443,0.9522,1.0151,0,3
cimbalom_felt,27,D#1,0.3750,regular,felt_mallet,Felt,0.2950,4.8686,38.8910,77.7820,0.3787,0.7574,-0.2924,-1.1862,,0.0000,-0.6072,-0.6073,-0.6126,-0.6072,-8.9287,0.9540,1.0231,0,3
cimbalom_felt,27,D#1,0.4000,regular,felt_mallet,Felt,0.2950,4.7464,38.8910,77.7820,0.3692,0.7384,-0.2779,-1.1263,,0.0000,-0.6528,-0.6526,-0.6577,-0.6528,-8.3536,0.9556,1.0301,0,3
cimbalom_felt,27,D#1,0.4250,regular,felt_mallet,Felt,0.2950,4.6343,38.8910,77.7820,0.3605,0.7209,-0.2648,-1.0729,,0.0000,-0.6931,-0.6930,-0.6978,-0.6931,-7.8139,0.9570,1.0365,0,3
cimbalom_felt,27,D#1,0.4500,regular,felt_mallet,Felt,0.2950,4.5312,38.8910,77.7820,0.3524,0.7049,-0.2531,-1.0249,,0.0000,-0.7292,-0.7293,-0.7337,-0.7292,-7.3057,0.9583,1.0422,0,3
cimbalom_felt,27,D#1,0.4750,regular,felt_mallet,Felt,0.2950,4.4357,38.8910,77.7820,0.3450,0.6900,-0.2425,-0.9814,,0.0000,-0.7621,-0.7622,-0.7665,-0.7621,-6.8256,0.9595,1.0474,0,3
cimbalom_felt,27,D#1,0.5000,regular,felt_mallet,Felt,0.2950,4.3469,38.8910,77.7820,0.3381,0.6762,-0.2329,-0.9420,,0.0000,-0.7919,-0.7920,-0.7962,-0.7919,-6.3703,0.9605,1.0522,0,3
cimbalom_felt,27,D#1,0.5250,regular,felt_mallet,Felt,0.2950,4.2642,38.8910,77.7820,0.3317,0.6634,-0.2241,-0.9059,,0.0000,-0.8193,-0.8192,-0.8233,-0.8193,-5.9378,0.9615,1.0566,0,3
cimbalom_felt,27,D#1,0.5500,regular,felt_mallet,Felt,0.2950,4.1868,38.8910,77.7820,0.3257,0.6513,-0.2160,-0.8729,,0.0000,-0.8442,-0.8442,-0.8479,-0.8442,-5.5256,0.9624,1.0606,0,3
cimbalom_felt,27,D#1,0.5750,regular,felt_mallet,Felt,0.2950,4.1141,38.8910,77.7820,0.3200,0.6400,-0.2085,-0.8424,,0.0000,-0.8672,-0.8672,-0.8710,-0.8672,-5.1320,0.9632,1.0644,0,3
cimbalom_felt,27,D#1,0.6000,regular,felt_mallet,Felt,0.2950,4.0457,38.8910,77.7820,0.3147,0.6294,-0.2016,-0.8143,,0.0000,-0.8884,-0.8884,-0.8921,-0.8884,-4.7555,0.9640,1.0678,0,3
cimbalom_felt,27,D#1,0.6250,regular,felt_mallet,Felt,0.2950,3.9811,38.8910,77.7820,0.3097,0.6193,-0.1952,-0.7882,,0.0000,-0.9081,-0.9081,-0.9116,-0.9081,-4.3945,0.9647,1.0710,0,3
cimbalom_felt,27,D#1,0.6500,regular,felt_mallet,Felt,0.2950,3.9201,38.8910,77.7820,0.3049,0.6098,-0.1893,-0.7639,,0.0000,-0.9264,-0.9264,-0.9297,-0.9264,-4.0479,0.9654,1.0740,0,3
cimbalom_felt,27,D#1,0.6750,regular,felt_mallet,Felt,0.2950,3.8622,38.8910,77.7820,0.3004,0.6008,-0.1837,-0.7413,,0.0000,-0.9434,-0.9435,-0.9469,-0.9434,-3.7145,0.9660,1.0768,0,3
cimbalom_felt,27,D#1,0.7000,regular,felt_mallet,Felt,0.2950,3.8073,38.8910,77.7820,0.2961,0.5923,-0.1785,-0.7201,,0.0000,-0.9594,-0.9595,-0.9625,-0.9594,-3.3934,0.9666,1.0795,0,3
cimbalom_felt,27,D#1,0.7250,regular,felt_mallet,Felt,0.2950,3.7550,38.8910,77.7820,0.2921,0.5841,-0.1736,-0.7003,,0.0000,-0.9744,-0.9744,-0.9774,-0.9744,-3.0837,0.9671,1.0819,0,3
cimbalom_felt,27,D#1,0.7500,regular,felt_mallet,Felt,0.2950,3.7052,38.8910,77.7820,0.2882,0.5764,-0.1690,-0.6816,,0.0000,-0.9885,-0.9885,-0.9913,-0.9885,-2.7847,0.9676,1.0842,0,3
cimbalom_felt,27,D#1,0.7750,regular,felt_mallet,Felt,0.2950,3.6577,38.8910,77.7820,0.2845,0.5690,-0.1647,-0.6640,,0.0000,-1.0018,-1.0018,-1.0046,-1.0018,-2.4956,0.9681,1.0865,0,3
cimbalom_felt,27,D#1,0.8000,regular,felt_mallet,Felt,0.2950,3.6122,38.8910,77.7820,0.2810,0.5619,-0.1606,-0.6475,,0.0000,-1.0142,-1.0142,-1.0170,-1.0142,-2.2157,0.9686,1.0885,0,3
cimbalom_felt,27,D#1,0.8250,regular,felt_mallet,Felt,0.2950,3.5687,38.8910,77.7820,0.2776,0.5552,-0.1568,-0.6318,,0.0000,-1.0260,-1.0260,-1.0288,-1.0260,-1.9445,0.9690,1.0905,0,3
cimbalom_felt,27,D#1,0.8500,regular,felt_mallet,Felt,0.2950,3.5270,38.8910,77.7820,0.2743,0.5487,-0.1531,-0.6170,,0.0000,-1.0373,-1.0372,-1.0401,-1.0373,-1.6817,0.9694,1.0924,0,3
cimbalom_felt,27,D#1,0.8750,regular,felt_mallet,Felt,0.2950,3.4869,38.8910,77.7820,0.2712,0.5424,-0.1497,-0.6029,,0.0000,-1.0478,-1.0478,-1.0504,-1.0478,-1.4264,0.9698,1.0941,0,3
cimbalom_felt,27,D#1,0.9000,regular,felt_mallet,Felt,0.2950,3.4484,38.8910,77.7820,0.2682,0.5365,-0.1464,-0.5895,,0.0000,-1.0579,-1.0579,-1.0605,-1.0579,-1.1785,0.9701,1.0958,0,3
cimbalom_felt,27,D#1,0.9250,regular,felt_mallet,Felt,0.2950,3.4114,38.8910,77.7820,0.2653,0.5307,-0.1432,-0.5768,,0.0000,-1.0674,-1.0675,-1.0699,-1.0674,-0.9373,0.9705,1.0974,0,3
cimbalom_felt,27,D#1,0.9500,regular,felt_mallet,Felt,0.2950,3.3758,38.8910,77.7820,0.2626,0.5251,-0.1403,-0.5647,,0.0000,-1.0765,-1.0766,-1.0791,-1.0765,-0.7027,0.9708,1.0989,0,3
cimbalom_felt,27,D#1,0.9750,regular,felt_mallet,Felt,0.2950,3.3414,38.8910,77.7820,0.2599,0.5198,-0.1374,-0.5532,,0.0000,-1.0852,-1.0853,-1.0877,-1.0852,-0.4741,0.9712,1.1004,0,3
cimbalom_felt,27,D#1,1.0000,regular,felt_mallet,Felt,0.2950,3.3082,38.8910,77.7820,0.2573,0.5146,-0.1347,-0.5422,,0.0000,-1.0935,-1.0936,-1.0959,-1.0935,-0.2515,0.9715,1.1018,0,3
cimbalom_felt,27,D#1,0.4200,corpus,felt_mallet,Felt,0.2950,4.6560,38.8910,77.7820,0.3622,0.7243,-0.2673,-1.0831,,0.0000,-0.6853,-0.6853,-0.6899,-0.6853,-7.9192,0.9567,1.0353,0,3
cimbalom_felt,27,D#1,0.4600,corpus,felt_mallet,Felt,0.2950,4.4921,38.8910,77.7820,0.3494,0.6988,-0.2488,-1.0070,,0.0000,-0.7428,-0.7429,-0.7471,-0.7428,-7.1105,0.9588,1.0444,0,3
cimbalom_felt,28,E1,0.0500,regular,felt_mallet,Felt,0.2950,8.0000,41.2030,82.4070,0.6592,1.3185,-0.8946,-3.7472,,0.0000,1.3516,1.3516,1.3339,0.0000,-26.8835,0.9054,0.7750,0,3
cimbalom_felt,28,E1,0.0750,regular,felt_mallet,Felt,0.2950,8.0000,41.2030,82.4070,0.6592,1.3185,-0.8946,-3.7472,,0.0000,1.3516,1.3516,1.3339,0.0000,-23.3617,0.9054,0.7750,0,3
cimbalom_felt,28,E1,0.1000,regular,felt_mallet,Felt,0.2950,8.0000,41.2030,82.4070,0.6592,1.3185,-0.8946,-3.7472,,0.0000,1.3516,1.3516,1.3339,0.0000,-20.8629,0.9054,0.7750,0,3
cimbalom_felt,28,E1,0.1250,regular,felt_mallet,Felt,0.2950,7.3677,41.2030,82.4070,0.6071,1.2143,-0.7571,-3.1470,,0.0000,0.8888,0.8888,0.8741,0.0000,-18.7873,0.9199,0.8304,0,3
cimbalom_felt,28,E1,0.1500,regular,felt_mallet,Felt,0.2950,6.8571,41.2030,82.4070,0.5651,1.1301,-0.6548,-2.7064,,0.0000,0.5505,0.5505,0.5382,0.0000,-17.1012,0.9308,0.8736,0,3
cimbalom_felt,28,E1,0.1750,regular,felt_mallet,Felt,0.2950,6.4531,41.2030,82.4070,0.5318,1.0636,-0.5792,-2.3844,,0.0000,0.3042,0.3041,0.2931,0.0000,-15.6868,0.9389,0.9066,0,3
cimbalom_felt,28,E1,0.2000,regular,felt_mallet,Felt,0.2950,6.1224,41.2030,82.4070,0.5045,1.0091,-0.5209,-2.1377,,0.0000,0.1157,0.1158,0.1059,0.0000,-14.4686,0.9452,0.9327,0,3
cimbalom_felt,28,E1,0.2250,regular,felt_mallet,Felt,0.2950,5.8448,41.2030,82.4070,0.4816,0.9633,-0.4744,-1.9422,,0.0000,-0.0333,-0.0333,-0.0421,-0.0333,-13.3990,0.9503,0.9540,0,3
cimbalom_felt,28,E1,0.2500,regular,felt_mallet,Felt,0.2950,5.6072,41.2030,82.4070,0.4621,0.9241,-0.4363,-1.7829,,0.0000,-0.1545,-0.1545,-0.1628,-0.1545,-12.4459,0.9545,0.9716,0,3
cimbalom_felt,28,E1,0.2750,regular,felt_mallet,Felt,0.2950,5.4005,41.2030,82.4070,0.4450,0.8901,-0.4046,-1.6504,,0.0000,-0.2553,-0.2552,-0.2628,-0.2553,-11.5862,0.9580,0.9866,0,3
cimbalom_felt,28,E1,0.3000,regular,felt_mallet,Felt,0.2950,5.2186,41.2030,82.4070,0.4300,0.8601,-0.3776,-1.5383,,0.0000,-0.3403,-0.3403,-0.3473,-0.3403,-10.8035,0.9610,0.9994,0,3
cimbalom_felt,28,E1,0.3250,regular,felt_mallet,Felt,0.2950,5.0566,41.2030,82.4070,0.4167,0.8334,-0.3544,-1.4421,,0.0000,-0.4133,-0.4134,-0.4199,-0.4133,-10.0850,0.9635,1.0105,0,3
cimbalom_felt,28,E1,0.3500,regular,felt_mallet,Felt,0.2950,4.9111,41.2030,82.4070,0.4047,0.8094,-0.3342,-1.3585,,0.0000,-0.4767,-0.4767,-0.4827,-0.4767,-9.4212,0.9658,1.0203,0,3
cimbalom_felt,28,E1,0.3750,regular,felt_mallet,Felt,0.2950,4.7794,41.2030,82.4070,0.3939,0.7877,-0.3164,-1.2851,,0.0000,-0.5323,-0.5323,-0.5381,-0.5323,-8.8041,0.9677,1.0289,0,3
cimbalom_felt,28,E1,0.4000,regular,felt_mallet,Felt,0.2950,4.6594,41.2030,82.4070,0.3840,0.7679,-0.3007,-1.2202,,0.0000,-0.5815,-0.5816,-0.5870,-0.5815,-8.2278,0.9695,1.0366,0,3
cimbalom_felt,28,E1,0.4250,regular,felt_mallet,Felt,0.2950,4.5495,41.2030,82.4070,0.3749,0.7498,-0.2866,-1.1622,,0.0000,-0.6255,-0.6254,-0.6306,-0.6255,-7.6871,0.9711,1.0436,0,3
cimbalom_felt,28,E1,0.4500,regular,felt_mallet,Felt,0.2950,4.4482,41.2030,82.4070,0.3666,0.7331,-0.2739,-1.1101,,0.0000,-0.6648,-0.6649,-0.6698,-0.6648,-7.1779,0.9725,1.0499,0,3
cimbalom_felt,28,E1,0.4750,regular,felt_mallet,Felt,0.2950,4.3544,41.2030,82.4070,0.3588,0.7177,-0.2624,-1.0630,,0.0000,-0.7004,-0.7005,-0.7053,-0.7004,-6.6968,0.9738,1.0556,0,3
cimbalom_felt,28,E1,0.5000,regular,felt_mallet,Felt,0.2950,4.2673,41.2030,82.4070,0.3517,0.7033,-0.2520,-1.0202,,0.0000,-0.7329,-0.7328,-0.7374,-0.7329,-6.2409,0.9750,1.0608,0,3
cimbalom_felt,28,E1,0.5250,regular,felt_mallet,Felt,0.2950,4.1861,41.2030,82.4070,0.3450,0.6899,-0.2425,-0.9811,,0.0000,-0.7623,-0.7624,-0.7665,-0.7623,-5.8076,0.9760,1.0656,0,3
cimbalom_felt,28,E1,0.5500,regular,felt_mallet,Felt,0.2950,4.1101,41.2030,82.4070,0.3387,0.6774,-0.2337,-0.9453,,0.0000,-0.7895,-0.7895,-0.7938,-0.7895,-5.3948,0.9770,1.0700,0,3
cimbalom_felt,28,E1,0.5750,regular,felt_mallet,Felt,0.2950,4.0387,41.2030,82.4070,0.3328,0.6656,-0.2256,-0.9123,,0.0000,-0.8146,-0.8144,-0.8186,-0.8146,-5.0007,0.9779,1.0741,0,3
cimbalom_felt,28,E1,0.6000,regular,felt_mallet,Felt,0.2950,3.9716,41.2030,82.4070,0.3273,0.6546,-0.2182,-0.8818,,0.0000,-0.8375,-0.8374,-0.8414,-0.8375,-4.6235,0.9788,1.0778,0,3
cimbalom_felt,28,E1,0.6250,regular,felt_mallet,Felt,0.2950,3.9082,41.2030,82.4070,0.3221,0.6441,-0.2112,-0.8535,,0.0000,-0.8589,-0.8588,-0.8627,-0.8589,-4.2620,0.9795,1.0814,0,3
cimbalom_felt,28,E1,0.6500,regular,felt_mallet,Felt,0.2950,3.8483,41.2030,82.4070,0.3171,0.6343,-0.2048,-0.8272,,0.0000,-0.8786,-0.8787,-0.8823,-0.8786,-3.9148,0.9803,1.0846,0,3
cimbalom_felt,28,E1,0.6750,regular,felt_mallet,Felt,0.2950,3.7915,41.2030,82.4070,0.3124,0.6249,-0.1988,-0.8026,,0.0000,-0.8972,-0.8972,-0.9006,-0.8972,-3.5810,0.9809,1.0877,0,3
cimbalom_felt,28,E1,0.7000,regular,felt_mallet,Felt,0.2950,3.7376,41.2030,82.4070,0.3080,0.6160,-0.1931,-0.7797,,0.0000,-0.9144,-0.9145,-0.9178,-0.9144,-3.2594,0.9816,1.0906,0,3
cimbalom_felt,28,E1,0.7250,regular,felt_mallet,Felt,0.2950,3.6863,41.2030,82.4070,0.3038,0.6075,-0.1879,-0.7582,,0.0000,-0.9308,-0.9308,-0.9339,-0.9308,-2.9494,0.9822,1.0933,0,3
cimbalom_felt,28,E1,0.7500,regular,felt_mallet,Felt,0.2950,3.6374,41.2030,82.4070,0.2997,0.5995,-0.1829,-0.7380,,0.0000,-0.9461,-0.9460,-0.9494,-0.9461,-2.6500,0.9827,1.0958,0,3
cimbalom_felt,28,E1,0.7750,regular,felt_mallet,Felt,0.2950,3.5907,41.2030,82.4070,0.2959,0.5918,-0.1782,-0.7189,,0.0000,-0.9603,-0.9604,-0.9634,-0.9603,-2.3604,0.9833,1.0982,0,3
cimbalom_felt,28,E1,0.8000,regular,felt_mallet,Felt,0.2950,3.5461,41.2030,82.4070,0.2922,0.5844,-0.1738,-0.7010,,0.0000,-0.9738,-0.9739,-0.9771,-0.9738,-2.0802,0.9838,1.1005,0,3
cimbalom_felt,28,E1,0.8250,regular,felt_mallet,Felt,0.2950,3.5033,41.2030,82.4070,0.2887,0.5774,-0.1696,-0.6840,,0.0000,-0.9866,-0.9867,-0.9897,-0.9866,-1.8088,0.9843,1.1026,0,3
cimbalom_felt,28,E1,0.8500,regular,felt_mallet,Felt,0.2950,3.4624,41.2030,82.4070,0.2853,0.5706,-0.1657,-0.6679,,0.0000,-0.9988,-0.9988,-1.0018,-0.9988,-1.5455,0.9847,1.1047,0,3
cimbalom_felt,28,E1,0.8750,regular,felt_mallet,Felt,0.2950,3.4231,41.2030,82.4070,0.2821,0.5642,-0.1619,-0.6527,,0.0000,-1.0103,-1.0103,-1.0131,-1.0103,-1.2901,0.9851,1.1066,0,3
cimbalom_felt,28,E1,0.9000,regular,felt_mallet,Felt,0.2950,3.3853,41.2030,82.4070,0.2790,0.5579,-0.1584,-0.6382,,0.0000,-1.0212,-1.0212,-1.0240,-1.0212,-1.0418,0.9855,1.1085,0,3
cimbalom_felt,28,E1,0.9250,regular,felt_mallet,Felt,0.2950,3.3489,41.2030,82.4070,0.2760,0.5520,-0.1550,-0.6244,,0.0000,-1.0315,-1.0316,-1.0342,-1.0315,-0.8004,0.9859,1.1102,0,3
cimbalom_felt,28,E1,0.9500,regular,felt_mallet,Felt,0.2950,3.3139,41.2030,82.4070,0.2731,0.5462,-0.1517,-0.6113,,0.0000,-1.0415,-1.0415,-1.0442,-1.0415,-0.5655,0.9863,1.1119,0,3
cimbalom_felt,28,E1,0.9750,regular,felt_mallet,Felt,0.2950,3.2802,41.2030,82.4070,0.2703,0.5406,-0.1487,-0.5988,,0.0000,-1.0508,-1.0509,-1.0534,-1.0508,-0.3368,0.9866,1.1135,0,3
cimbalom_felt,28,E1,1.0000,regular,felt_mallet,Felt,0.2950,3.2476,41.2030,82.4070,0.2676,0.5353,-0.1457,-0.5869,,0.0000,-1.0599,-1.0599,-1.0624,-1.0599,-0.1140,0.9870,1.1151,0,3
cimbalom_felt,28,E1,0.4200,corpus,felt_mallet,Felt,0.2950,4.5707,41.2030,82.4070,0.3767,0.7533,-0.2893,-1.1733,,0.0000,-0.6170,-0.6171,-0.6221,-0.6170,-7.7926,0.9708,1.0423,0,3
cimbalom_felt,28,E1,0.4600,corpus,felt_mallet,Felt,0.2950,4.4098,41.2030,82.4070,0.3634,0.7268,-0.2692,-1.0907,,0.0000,-0.6796,-0.6795,-0.6845,-0.6796,-6.9823,0.9730,1.0522,0,3
cimbalom_felt,29,F1,0.0500,regular,felt_mallet,Felt,0.2950,8.0000,43.6540,87.3080,0.6985,1.3969,-1.0060,-4.2409,,0.0000,1.7339,1.7339,1.7134,0.0000,-26.8450,0.9094,0.7449,0,3
cimbalom_felt,29,F1,0.0750,regular,felt_mallet,Felt,0.2950,8.0000,43.6540,87.3080,0.6985,1.3969,-1.0060,-4.2409,,0.0000,1.7339,1.7339,1.7134,0.0000,-23.3232,0.9094,0.7449,0,3
cimbalom_felt,29,F1,0.1000,regular,felt_mallet,Felt,0.2950,7.8973,43.6540,87.3080,0.6895,1.3790,-0.9799,-4.1248,,0.0000,1.6437,1.6438,1.6238,0.0000,-20.7984,0.9122,0.7549,0,3
cimbalom_felt,29,F1,0.1250,regular,felt_mallet,Felt,0.2950,7.2328,43.6540,87.3080,0.6315,1.2630,-0.8199,-3.4195,,0.0000,1.0986,1.0986,1.0825,0.0000,-18.7001,0.9291,0.8188,0,3
cimbalom_felt,29,F1,0.1500,regular,felt_mallet,Felt,0.2950,6.7315,43.6540,87.3080,0.5877,1.1754,-0.7089,-2.9387,,0.0000,0.7289,0.7287,0.7153,0.0000,-17.0055,0.9411,0.8654,0,3
cimbalom_felt,29,F1,0.1750,regular,felt_mallet,Felt,0.2950,6.3349,43.6540,87.3080,0.5531,1.1062,-0.6270,-2.5878,,0.0000,0.4596,0.4597,0.4478,0.0000,-15.5848,0.9500,0.9010,0,3
cimbalom_felt,29,F1,0.2000,regular,felt_mallet,Felt,0.2950,6.0103,43.6540,87.3080,0.5247,1.0495,-0.5639,-2.3193,,0.0000,0.2543,0.2543,0.2437,0.0000,-14.3617,0.9569,0.9293,0,3
cimbalom_felt,29,F1,0.2250,regular,felt_mallet,Felt,0.2950,5.7378,43.6540,87.3080,0.5010,1.0019,-0.5135,-2.1065,,0.0000,0.0920,0.0919,0.0827,0.0000,-13.2882,0.9625,0.9524,0,3
cimbalom_felt,29,F1,0.2500,regular,felt_mallet,Felt,0.2950,5.5045,43.6540,87.3080,0.4806,0.9612,-0.4723,-1.9333,,0.0000,-0.0401,-0.0401,-0.0489,-0.0401,-12.3320,0.9671,0.9716,0,3
cimbalom_felt,29,F1,0.2750,regular,felt_mallet,Felt,0.2950,5.3016,43.6540,87.3080,0.4629,0.9258,-0.4379,-1.7893,,0.0000,-0.1496,-0.1496,-0.1579,-0.1496,-11.4697,0.9709,0.9878,0,3
cimbalom_felt,29,F1,0.3000,regular,felt_mallet,Felt,0.2950,5.1230,43.6540,87.3080,0.4473,0.8946,-0.4087,-1.6675,,0.0000,-0.2421,-0.2422,-0.2496,-0.2421,-10.6847,0.9742,1.0017,0,3
cimbalom_felt,29,F1,0.3250,regular,felt_mallet,Felt,0.2950,4.9640,43.6540,87.3080,0.4334,0.8668,-0.3836,-1.5630,,0.0000,-0.3218,-0.3216,-0.3289,-0.3218,-9.9644,0.9770,1.0139,0,3
cimbalom_felt,29,F1,0.3500,regular,felt_mallet,Felt,0.2950,4.8211,43.6540,87.3080,0.4209,0.8418,-0.3617,-1.4722,,0.0000,-0.3906,-0.3905,-0.3972,-0.3906,-9.2988,0.9795,1.0245,0,3
cimbalom_felt,29,F1,0.3750,regular,felt_mallet,Felt,0.2950,4.6919,43.6540,87.3080,0.4096,0.8193,-0.3424,-1.3926,,0.0000,-0.4509,-0.4509,-0.4572,-0.4509,-8.6802,0.9817,1.0340,0,3
cimbalom_felt,29,F1,0.4000,regular,felt_mallet,Felt,0.2950,4.5741,43.6540,87.3080,0.3994,0.7987,-0.3254,-1.3220,,0.0000,-0.5043,-0.5044,-0.5102,-0.5043,-8.1026,0.9836,1.0424,0,3
cimbalom_felt,29,F1,0.4250,regular,felt_mallet,Felt,0.2950,4.4662,43.6540,87.3080,0.3899,0.7799,-0.3101,-1.2591,,0.0000,-0.5521,-0.5521,-0.5578,-0.5521,-7.5608,0.9853,1.0500,0,3
cimbalom_felt,29,F1,0.4500,regular,felt_mallet,Felt,0.2950,4.3667,43.6540,87.3080,0.3812,0.7625,-0.2964,-1.2026,,0.0000,-0.5949,-0.5949,-0.6002,-0.5949,-7.0506,0.9869,1.0568,0,3
cimbalom_felt,29,F1,0.4750,regular,felt_mallet,Felt,0.2950,4.2747,43.6540,87.3080,0.3732,0.7464,-0.2840,-1.1515,,0.0000,-0.6335,-0.6335,-0.6387,-0.6335,-6.5685,0.9883,1.0631,0,3
cimbalom_felt,29,F1,0.5000,regular,felt_mallet,Felt,0.2950,4.1892,43.6540,87.3080,0.3657,0.7315,-0.2727,-1.1051,,0.0000,-0.6688,-0.6687,-0.6738,-0.6688,-6.1118,0.9895,1.0688,0,3
cimbalom_felt,29,F1,0.5250,regular,felt_mallet,Felt,0.2950,4.1094,43.6540,87.3080,0.3588,0.7176,-0.2624,-1.0627,,0.0000,-0.7006,-0.7007,-0.7056,-0.7006,-5.6776,0.9907,1.0740,0,3
cimbalom_felt,29,F1,0.5500,regular,felt_mallet,Felt,0.2950,4.0348,43.6540,87.3080,0.3523,0.7045,-0.2529,-1.0238,,0.0000,-0.7302,-0.7301,-0.7348,-0.7302,-5.2641,0.9918,1.0788,0,3
cimbalom_felt,29,F1,0.5750,regular,felt_mallet,Felt,0.2950,3.9648,43.6540,87.3080,0.3462,0.6923,-0.2442,-0.9880,,0.0000,-0.7571,-0.7572,-0.7615,-0.7571,-4.8692,0.9928,1.0832,0,3
cimbalom_felt,29,F1,0.6000,regular,felt_mallet,Felt,0.2950,3.8988,43.6540,87.3080,0.3404,0.6808,-0.2361,-0.9550,,0.0000,-0.7821,-0.7822,-0.7863,-0.7821,-4.4914,0.9937,1.0874,0,3
cimbalom_felt,29,F1,0.6250,regular,felt_mallet,Felt,0.2950,3.8366,43.6540,87.3080,0.3350,0.6699,-0.2286,-0.9243,,0.0000,-0.8054,-0.8053,-0.8095,-0.8054,-4.1295,0.9946,1.0912,0,3
cimbalom_felt,29,F1,0.6500,regular,felt_mallet,Felt,0.2950,3.7778,43.6540,87.3080,0.3298,0.6597,-0.2216,-0.8958,,0.0000,-0.8269,-0.8269,-0.8308,-0.8269,-3.7818,0.9954,1.0948,0,3
cimbalom_felt,29,F1,0.6750,regular,felt_mallet,Felt,0.2950,3.7221,43.6540,87.3080,0.3250,0.6499,-0.2151,-0.8692,,0.0000,-0.8469,-0.8470,-0.8506,-0.8469,-3.4474,0.9962,1.0982,0,3
cimbalom_felt,29,F1,0.7000,regular,felt_mallet,Felt,0.2950,3.6691,43.6540,87.3080,0.3203,0.6407,-0.2090,-0.8443,,0.0000,-0.8658,-0.8658,-0.8695,-0.8658,-3.1254,0.9969,1.1013,0,3
cimbalom_felt,29,F1,0.7250,regular,felt_mallet,Felt,0.2950,3.6188,43.6540,87.3080,0.3159,0.6319,-0.2033,-0.8210,,0.0000,-0.8833,-0.8834,-0.8869,-0.8833,-2.8149,0.9975,1.1043,0,3
cimbalom_felt,29,F1,0.7500,regular,felt_mallet,Felt,0.2950,3.5707,43.6540,87.3080,0.3118,0.6235,-0.1979,-0.7990,,0.0000,-0.8999,-0.8999,-0.9033,-0.8999,-2.5151,0.9981,1.1071,0,3
cimbalom_felt,29,F1,0.7750,regular,felt_mallet,Felt,0.2950,3.5249,43.6540,87.3080,0.3078,0.6155,-0.1928,-0.7784,,0.0000,-0.9155,-0.9155,-0.9191,-0.9155,-2.2253,0.9987,1.1097,0,3
cimbalom_felt,29,F1,0.8000,regular,felt_mallet,Felt,0.2950,3.4811,43.6540,87.3080,0.3039,0.6079,-0.1881,-0.7589,,0.0000,-0.9301,-0.9302,-0.9333,-0.9301,-1.9447,0.9992,1.1122,0,3
cimbalom_felt,29,F1,0.8250,regular,felt_mallet,Felt,0.2950,3.4392,43.6540,87.3080,0.3003,0.6005,-0.1835,-0.7406,,0.0000,-0.9439,-0.9440,-0.9471,-0.9439,-1.6728,0.9998,1.1145,0,3
cimbalom_felt,29,F1,0.8500,regular,felt_mallet,Felt,0.2950,3.3990,43.6540,87.3080,0.2968,0.5935,-0.1793,-0.7231,,0.0000,-0.9573,-0.9572,-0.9605,-0.9573,-1.4094,1.0003,1.1168,0,3
cimbalom_felt,29,F1,0.8750,regular,felt_mallet,Felt,0.2950,3.3604,43.6540,87.3080,0.2934,0.5868,-0.1752,-0.7066,,0.0000,-0.9696,-0.9696,-0.9726,-0.9696,-1.1534,1.0007,1.1189,0,3
cimbalom_felt,29,F1,0.9000,regular,felt_mallet,Felt,0.2950,3.3233,43.6540,87.3080,0.2901,0.5803,-0.1713,-0.6910,,0.0000,-0.9814,-0.9815,-0.9846,-0.9814,-0.9049,1.0012,1.1209,0,3
cimbalom_felt,29,F1,0.9250,regular,felt_mallet,Felt,0.2950,3.2876,43.6540,87.3080,0.2870,0.5741,-0.1677,-0.6760,,0.0000,-0.9927,-0.9927,-0.9958,-0.9927,-0.6633,1.0016,1.1229,0,3
cimbalom_felt,29,F1,0.9500,regular,felt_mallet,Felt,0.2950,3.2532,43.6540,87.3080,0.2840,0.5681,-0.1642,-0.6618,,0.0000,-1.0034,-1.0034,-1.0063,-1.0034,-0.4282,1.0020,1.1247,0,3
cimbalom_felt,29,F1,0.9750,regular,felt_mallet,Felt,0.2950,3.2201,43.6540,87.3080,0.2811,0.5623,-0.1608,-0.6483,,0.0000,-1.0137,-1.0136,-1.0166,-1.0137,-0.1993,1.0024,1.1265,0,3
cimbalom_felt,29,F1,1.0000,regular,felt_mallet,Felt,0.2950,3.1882,43.6540,87.3080,0.2784,0.5567,-0.1577,-0.6354,,0.0000,-1.0234,-1.0234,-1.0261,-1.0234,0.0239,1.0028,1.1281,0,3
cimbalom_felt,29,F1,0.4200,corpus,felt_mallet,Felt,0.2950,4.4870,43.6540,87.3080,0.3918,0.7835,-0.3130,-1.2712,,0.0000,-0.5428,-0.5430,-0.5486,-0.5428,-7.6665,0.9850,1.0485,0,3
cimbalom_felt,29,F1,0.4600,corpus,felt_mallet,Felt,0.2950,4.3291,43.6540,87.3080,0.3780,0.7559,-0.2913,-1.1816,,0.0000,-0.6108,-0.6108,-0.6161,-0.6108,-6.8546,0.9874,1.0594,0,3
cimbalom_felt,30,F#1,0.0500,regular,felt_mallet,Felt,0.2950,8.0000,46.2490,92.4990,0.7400,1.4800,-1.1314,-4.8057,,0.0000,2.1733,2.1733,2.1496,0.0000,-26.8193,0.9122,0.7102,0,3
cimbalom_felt,30,F#1,0.0750,regular,felt_mallet,Felt,0.2950,8.0000,46.2490,92.4990,0.7400,1.4800,-1.1314,-4.8057,,0.0000,2.1733,2.1733,2.1496,0.0000,-23.2974,0.9122,0.7102,0,3
cimbalom_felt,30,F#1,0.1000,regular,felt_mallet,Felt,0.2950,7.7527,46.2490,92.4990,0.7171,1.4342,-1.0613,-4.4891,,0.0000,1.9268,1.9268,1.9051,0.0000,-20.7287,0.9195,0.7366,0,3
cimbalom_felt,30,F#1,0.1250,regular,felt_mallet,Felt,0.2950,7.1003,46.2490,92.4990,0.6568,1.3135,-0.8878,-3.7172,,0.0000,1.3284,1.3284,1.3106,0.0000,-18.6169,0.9381,0.8051,0,3
cimbalom_felt,30,F#1,0.1500,regular,felt_mallet,Felt,0.2950,6.6082,46.2490,92.4990,0.6112,1.2225,-0.7675,-3.1920,,0.0000,0.9234,0.9235,0.9084,0.0000,-16.9130,0.9512,0.8552,0,3
cimbalom_felt,30,F#1,0.1750,regular,felt_mallet,Felt,0.2950,6.2189,46.2490,92.4990,0.5752,1.1505,-0.6788,-2.8093,,0.0000,0.6295,0.6295,0.6166,0.0000,-15.4854,0.9609,0.8938,0,3
cimbalom_felt,30,F#1,0.2000,regular,felt_mallet,Felt,0.2950,5.9002,46.2490,92.4990,0.5458,1.0915,-0.6104,-2.5168,,0.0000,0.4053,0.4054,0.3939,0.0000,-14.2571,0.9685,0.9244,0,3
cimbalom_felt,30,F#1,0.2250,regular,felt_mallet,Felt,0.2950,5.6327,46.2490,92.4990,0.5210,1.0420,-0.5558,-2.2852,,0.0000,0.2284,0.2283,0.2179,0.0000,-13.1795,0.9746,0.9494,0,3
cimbalom_felt,30,F#1,0.2500,regular,felt_mallet,Felt,0.2950,5.4037,46.2490,92.4990,0.4998,0.9997,-0.5112,-2.0968,,0.0000,0.0850,0.0845,0.0750,0.0000,-12.2198,0.9797,0.9701,0,3
cimbalom_felt,30,F#1,0.2750,regular,felt_mallet,Felt,0.2950,5.2045,46.2490,92.4990,0.4814,0.9628,-0.4739,-1.9402,,0.0000,-0.0347,-0.0348,-0.0436,-0.0347,-11.3546,0.9839,0.9878,0,3
cimbalom_felt,30,F#1,0.3000,regular,felt_mallet,Felt,0.2950,5.0292,46.2490,92.4990,0.4652,0.9304,-0.4423,-1.8078,,0.0000,-0.1355,-0.1355,-0.1436,-0.1355,-10.5672,0.9875,1.0030,0,3
cimbalom_felt,30,F#1,0.3250,regular,felt_mallet,Felt,0.2950,4.8731,46.2490,92.4990,0.4507,0.9015,-0.4151,-1.6942,,0.0000,-0.2219,-0.2219,-0.2294,-0.2219,-9.8447,0.9906,1.0162,0,3
cimbalom_felt,30,F#1,0.3500,regular,felt_mallet,Felt,0.2950,4.7329,46.2490,92.4990,0.4378,0.8756,-0.3914,-1.5956,,0.0000,-0.2968,-0.2968,-0.3041,-0.2968,-9.1774,0.9933,1.0278,0,3
cimbalom_felt,30,F#1,0.3750,regular,felt_mallet,Felt,0.2950,4.6060,46.2490,92.4990,0.4260,0.8521,-0.3706,-1.5091,,0.0000,-0.3626,-0.3625,-0.3693,-0.3626,-8.5573,0.9956,1.0381,0,3
cimbalom_felt,30,F#1,0.4000,regular,felt_mallet,Felt,0.2950,4.4903,46.2490,92.4990,0.4153,0.8307,-0.3521,-1.4326,,0.0000,-0.4206,-0.4206,-0.4269,-0.4206,-7.9782,0.9978,1.0473,0,3
cimbalom_felt,30,F#1,0.4250,regular,felt_mallet,Felt,0.2950,4.3844,46.2490,92.4990,0.4055,0.8111,-0.3356,-1.3643,,0.0000,-0.4724,-0.4724,-0.4783,-0.4724,-7.4351,0.9997,1.0555,0,3
cimbalom_felt,30,F#1,0.4500,regular,felt_mallet,Felt,0.2950,4.2867,46.2490,92.4990,0.3965,0.7930,-0.3207,-1.3029,,0.0000,-0.5189,-0.5189,-0.5247,-0.5189,-6.9239,1.0014,1.0630,0,3
cimbalom_felt,30,F#1,0.4750,regular,felt_mallet,Felt,0.2950,4.1964,46.2490,92.4990,0.3882,0.7763,-0.3073,-1.2475,,0.0000,-0.5609,-0.5609,-0.5664,-0.5609,-6.4407,1.0029,1.0698,0,3
cimbalom_felt,30,F#1,0.5000,regular,felt_mallet,Felt,0.2950,4.1125,46.2490,92.4990,0.3804,0.7608,-0.2951,-1.1971,,0.0000,-0.5990,-0.5990,-0.6042,-0.5990,-5.9830,1.0043,1.0760,0,3
cimbalom_felt,30,F#1,0.5250,regular,felt_mallet,Felt,0.2950,4.0342,46.2490,92.4990,0.3732,0.7463,-0.2839,-1.1512,,0.0000,-0.6339,-0.6338,-0.6391,-0.6339,-5.5480,1.0056,1.0818,0,3
cimbalom_felt,30,F#1,0.5500,regular,felt_mallet,Felt,0.2950,3.9609,46.2490,92.4990,0.3664,0.7328,-0.2736,-1.1090,,0.0000,-0.6656,-0.6657,-0.6705,-0.6656,-5.1336,1.0068,1.0870,0,3
cimbalom_felt,30,F#1,0.5750,regular,felt_mallet,Felt,0.2950,3.8922,46.2490,92.4990,0.3600,0.7200,-0.2642,-1.0702,,0.0000,-0.6951,-0.6951,-0.7000,-0.6951,-4.7382,1.0079,1.0919,0,3
cimbalom_felt,30,F#1,0.6000,regular,felt_mallet,Felt,0.2950,3.8274,46.2490,92.4990,0.3540,0.7081,-0.2554,-1.0343,,0.0000,-0.7222,-0.7222,-0.7266,-0.7222,-4.3598,1.0089,1.0964,0,3
cimbalom_felt,30,F#1,0.6250,regular,felt_mallet,Felt,0.2950,3.7664,46.2490,92.4990,0.3484,0.6968,-0.2473,-1.0010,,0.0000,-0.7473,-0.7473,-0.7518,-0.7473,-3.9970,1.0099,1.1006,0,3
cimbalom_felt,30,F#1,0.6500,regular,felt_mallet,Felt,0.2950,3.7086,46.2490,92.4990,0.3430,0.6861,-0.2398,-0.9701,,0.0000,-0.7708,-0.7707,-0.7750,-0.7708,-3.6489,1.0108,1.1045,0,3
cimbalom_felt,30,F#1,0.6750,regular,felt_mallet,Felt,0.2950,3.6539,46.2490,92.4990,0.3380,0.6760,-0.2327,-0.9412,,0.0000,-0.7926,-0.7925,-0.7968,-0.7926,-3.3140,1.0116,1.1082,0,3
cimbalom_felt,30,F#1,0.7000,regular,felt_mallet,Felt,0.2950,3.6019,46.2490,92.4990,0.3332,0.6664,-0.2261,-0.9143,,0.0000,-0.8128,-0.8129,-0.8169,-0.8128,-2.9914,1.0124,1.1117,0,3
cimbalom_felt,30,F#1,0.7250,regular,felt_mallet,Felt,0.2950,3.5525,46.2490,92.4990,0.3286,0.6572,-0.2199,-0.8890,,0.0000,-0.8320,-0.8320,-0.8359,-0.8320,-2.6805,1.0131,1.1149,0,3
cimbalom_felt,30,F#1,0.7500,regular,felt_mallet,Felt,0.2950,3.5054,46.2490,92.4990,0.3242,0.6485,-0.2141,-0.8652,,0.0000,-0.8499,-0.8499,-0.8538,-0.8499,-2.3802,1.0137,1.1179,0,3
cimbalom_felt,30,F#1,0.7750,regular,felt_mallet,Felt,0.2950,3.4604,46.2490,92.4990,0.3201,0.6402,-0.2086,-0.8429,,0.0000,-0.8669,-0.8668,-0.8708,-0.8669,-2.0900,1.0144,1.1208,0,3
cimbalom_felt,30,F#1,0.8000,regular,felt_mallet,Felt,0.2950,3.4174,46.2490,92.4990,0.3161,0.6322,-0.2035,-0.8218,,0.0000,-0.8828,-0.8827,-0.8865,-0.8828,-1.8091,1.0150,1.1236,0,3
cimbalom_felt,30,F#1,0.8250,regular,felt_mallet,Felt,0.2950,3.3762,46.2490,92.4990,0.3123,0.6246,-0.1986,-0.8018,,0.0000,-0.8978,-0.8978,-0.9013,-0.8978,-1.5369,1.0155,1.1261,0,3
cimbalom_felt,30,F#1,0.8500,regular,felt_mallet,Felt,0.2950,3.3367,46.2490,92.4990,0.3086,0.6173,-0.1939,-0.7830,,0.0000,-0.9121,-0.9120,-0.9157,-0.9121,-1.2729,1.0161,1.1286,0,3
cimbalom_felt,30,F#1,0.8750,regular,felt_mallet,Felt,0.2950,3.2988,46.2490,92.4990,0.3051,0.6103,-0.1896,-0.7651,,0.0000,-0.9256,-0.9255,-0.9291,-0.9256,-1.0168,1.0166,1.1309,0,3
cimbalom_felt,30,F#1,0.9000,regular,felt_mallet,Felt,0.2950,3.2624,46.2490,92.4990,0.3018,0.6035,-0.1854,-0.7481,,0.0000,-0.9383,-0.9384,-0.9415,-0.9383,-0.7679,1.0171,1.1331,0,3
cimbalom_felt,30,F#1,0.9250,regular,felt_mallet,Felt,0.2950,3.2274,46.2490,92.4990,0.2985,0.5971,-0.1814,-0.7319,,0.0000,-0.9505,-0.9506,-0.9537,-0.9505,-0.5259,1.0176,1.1353,0,3
cimbalom_felt,30,F#1,0.9500,regular,felt_mallet,Felt,0.2950,3.1937,46.2490,92.4990,0.2954,0.5908,-0.1776,-0.7165,,0.0000,-0.9621,-0.9622,-0.9652,-0.9621,-0.2904,1.0180,1.1373,0,3
cimbalom_felt,30,F#1,0.9750,regular,felt_mallet,Felt,0.2950,3.1612,46.2490,92.4990,0.2924,0.5848,-0.1740,-0.7019,,0.0000,-0.9732,-0.9732,-0.9763,-0.9732,-0.0612,1.0184,1.1392,0,3
cimbalom_felt,30,F#1,1.0000,regular,felt_mallet,Felt,0.2950,3.1298,46.2490,92.4990,0.2895,0.5790,-0.1706,-0.6878,,0.0000,-0.9839,-0.9838,-0.9869,-0.9839,0.1620,1.0188,1.1410,0,3
cimbalom_felt,30,F#1,0.4200,corpus,felt_mallet,Felt,0.2950,4.4048,46.2490,92.4990,0.4074,0.8149,-0.3388,-1.3773,,0.0000,-0.4625,-0.4625,-0.4684,-0.4625,-7.5411,0.9993,1.0539,0,3
cimbalom_felt,30,F#1,0.4600,corpus,felt_mallet,Felt,0.2950,4.2498,46.2490,92.4990,0.3931,0.7862,-0.3152,-1.2801,,0.0000,-0.5362,-0.5362,-0.5420,-0.5362,-6.7275,1.0020,1.0658,0,3
cimbalom_felt,31,G1,0.0500,regular,felt_mallet,Felt,0.2950,8.0000,48.9990,98.0000,0.7840,1.5680,-1.2727,-5.4541,,0.0000,2.6803,2.6803,2.6531,0.0000,-26.8081,0.9133,0.6708,0,3
cimbalom_felt,31,G1,0.0750,regular,felt_mallet,Felt,0.2950,8.0000,48.9990,98.0000,0.7840,1.5680,-1.2727,-5.4541,,0.0000,2.6803,2.6803,2.6531,0.0000,-23.2863,0.9133,0.6708,0,3
cimbalom_felt,31,G1,0.1000,regular,felt_mallet,Felt,0.2950,7.6107,48.9990,98.0000,0.7458,1.4917,-1.1497,-4.8890,,0.0000,2.2381,2.2382,2.2140,0.0000,-20.6646,0.9263,0.7159,0,3
cimbalom_felt,31,G1,0.1250,regular,felt_mallet,Felt,0.2950,6.9703,48.9990,98.0000,0.6831,1.3662,-0.9614,-4.0428,,0.0000,1.5802,1.5803,1.5607,0.0000,-18.5381,0.9466,0.7892,0,3
cimbalom_felt,31,G1,0.1500,regular,felt_mallet,Felt,0.2950,6.4872,48.9990,98.0000,0.6357,1.2715,-0.8311,-3.4687,,0.0000,1.1365,1.1365,1.1202,0.0000,-16.8241,0.9610,0.8431,0,3
cimbalom_felt,31,G1,0.1750,regular,felt_mallet,Felt,0.2950,6.1050,48.9990,98.0000,0.5983,1.1966,-0.7349,-3.0510,,0.0000,0.8150,0.8150,0.8008,0.0000,-15.3889,0.9717,0.8846,0,3
cimbalom_felt,31,G1,0.2000,regular,felt_mallet,Felt,0.2950,5.7921,48.9990,98.0000,0.5676,1.1353,-0.6608,-2.7320,,0.0000,0.5701,0.5702,0.5576,0.0000,-14.1550,0.9800,0.9177,0,3
cimbalom_felt,31,G1,0.2250,regular,felt_mallet,Felt,0.2950,5.5295,48.9990,98.0000,0.5419,1.0838,-0.6017,-2.4797,,0.0000,0.3771,0.3770,0.3658,0.0000,-13.0728,0.9867,0.9448,0,3
cimbalom_felt,31,G1,0.2500,regular,felt_mallet,Felt,0.2950,5.3047,48.9990,98.0000,0.5199,1.0397,-0.5533,-2.2747,,0.0000,0.2203,0.2203,0.2099,0.0000,-12.1093,0.9922,0.9673,0,3
cimbalom_felt,31,G1,0.2750,regular,felt_mallet,Felt,0.2950,5.1092,48.9990,98.0000,0.5007,1.0014,-0.5130,-2.1043,,0.0000,0.0901,0.0903,0.0806,0.0000,-11.2411,0.9968,0.9865,0,3
cimbalom_felt,31,G1,0.3000,regular,felt_mallet,Felt,0.2950,4.9371,48.9990,98.0000,0.4838,0.9677,-0.4787,-1.9604,,0.0000,-0.0194,-0.0194,-0.0283,-0.0194,-10.4511,1.0008,1.0030,0,3
cimbalom_felt,31,G1,0.3250,regular,felt_mallet,Felt,0.2950,4.7838,48.9990,98.0000,0.4688,0.9376,-0.4493,-1.8369,,0.0000,-0.1133,-0.1134,-0.1216,-0.1133,-9.7263,1.0042,1.0173,0,3
cimbalom_felt,31,G1,0.3500,regular,felt_mallet,Felt,0.2950,4.6462,48.9990,98.0000,0.4553,0.9107,-0.4236,-1.7298,,0.0000,-0.1950,-0.1949,-0.2027,-0.1950,-9.0570,1.0071,1.0300,0,3
cimbalom_felt,31,G1,0.3750,regular,felt_mallet,Felt,0.2950,4.5216,48.9990,98.0000,0.4431,0.8862,-0.4010,-1.6358,,0.0000,-0.2663,-0.2663,-0.2738,-0.2663,-8.4352,1.0097,1.0412,0,3
cimbalom_felt,31,G1,0.4000,regular,felt_mallet,Felt,0.2950,4.4081,48.9990,98.0000,0.4320,0.8640,-0.3810,-1.5526,,0.0000,-0.3296,-0.3295,-0.3365,-0.3296,-7.8547,1.0121,1.0512,0,3
cimbalom_felt,31,G1,0.4250,regular,felt_mallet,Felt,0.2950,4.3041,48.9990,98.0000,0.4218,0.8436,-0.3632,-1.4785,,0.0000,-0.3858,-0.3858,-0.3925,-0.3858,-7.3102,1.0141,1.0602,0,3
cimbalom_felt,31,G1,0.4500,regular,felt_mallet,Felt,0.2950,4.2082,48.9990,98.0000,0.4124,0.8248,-0.3471,-1.4119,,0.0000,-0.4362,-0.4363,-0.4426,-0.4362,-6.7976,1.0160,1.0684,0,3
cimbalom_felt,31,G1,0.4750,regular,felt_mallet,Felt,0.2950,4.1195,48.9990,98.0000,0.4037,0.8074,-0.3325,-1.3517,,0.0000,-0.4820,-0.4819,-0.4880,-0.4820,-6.3135,1.0177,1.0758,0,3
cimbalom_felt,31,G1,0.5000,regular,felt_mallet,Felt,0.2950,4.0371,48.9990,98.0000,0.3956,0.7913,-0.3193,-1.2970,,0.0000,-0.5233,-0.5233,-0.5292,-0.5233,-5.8547,1.0193,1.0826,0,3
cimbalom_felt,31,G1,0.5250,regular,felt_mallet,Felt,0.2950,3.9603,48.9990,98.0000,0.3881,0.7762,-0.3072,-1.2471,,0.0000,-0.5611,-0.5611,-0.5669,-0.5611,-5.4188,1.0207,1.0888,0,3
cimbalom_felt,31,G1,0.5500,regular,felt_mallet,Felt,0.2950,3.8884,48.9990,98.0000,0.3811,0.7621,-0.2961,-1.2014,,0.0000,-0.5958,-0.5958,-0.6010,-0.5958,-5.0036,1.0220,1.0946,0,3
cimbalom_felt,31,G1,0.5750,regular,felt_mallet,Felt,0.2950,3.8209,48.9990,98.0000,0.3744,0.7489,-0.2859,-1.1593,,0.0000,-0.6276,-0.6277,-0.6328,-0.6276,-4.6073,1.0232,1.0999,0,3
cimbalom_felt,31,G1,0.6000,regular,felt_mallet,Felt,0.2950,3.7573,48.9990,98.0000,0.3682,0.7364,-0.2764,-1.1204,,0.0000,-0.6572,-0.6571,-0.6621,-0.6572,-4.2282,1.0243,1.1048,0,3
cimbalom_felt,31,G1,0.6250,regular,felt_mallet,Felt,0.2950,3.6974,48.9990,98.0000,0.3623,0.7247,-0.2676,-1.0843,,0.0000,-0.6844,-0.6844,-0.6892,-0.6844,-3.8648,1.0254,1.1094,0,3
cimbalom_felt,31,G1,0.6500,regular,felt_mallet,Felt,0.2950,3.6407,48.9990,98.0000,0.3568,0.7136,-0.2594,-1.0507,,0.0000,-0.7099,-0.7098,-0.7146,-0.7099,-3.5160,1.0263,1.1137,0,3
cimbalom_felt,31,G1,0.6750,regular,felt_mallet,Felt,0.2950,3.5870,48.9990,98.0000,0.3515,0.7030,-0.2518,-1.0194,,0.0000,-0.7335,-0.7334,-0.7380,-0.7335,-3.1806,1.0272,1.1177,0,3
cimbalom_felt,31,G1,0.7000,regular,felt_mallet,Felt,0.2950,3.5360,48.9990,98.0000,0.3465,0.6930,-0.2447,-0.9902,,0.0000,-0.7556,-0.7555,-0.7600,-0.7556,-2.8575,1.0281,1.1215,0,3
cimbalom_felt,31,G1,0.7250,regular,felt_mallet,Felt,0.2950,3.4874,48.9990,98.0000,0.3418,0.6835,-0.2380,-0.9628,,0.0000,-0.7763,-0.7763,-0.7805,-0.7763,-2.5460,1.0289,1.1251,0,3
cimbalom_felt,31,G1,0.7500,regular,felt_mallet,Felt,0.2950,3.4412,48.9990,98.0000,0.3372,0.6745,-0.2317,-0.9370,,0.0000,-0.7957,-0.7957,-0.7998,-0.7957,-2.2452,1.0296,1.1284,0,3
cimbalom_felt,31,G1,0.7750,regular,felt_mallet,Felt,0.2950,3.3970,48.9990,98.0000,0.3329,0.6658,-0.2257,-0.9128,,0.0000,-0.8141,-0.8140,-0.8182,-0.8141,-1.9545,1.0303,1.1316,0,3
cimbalom_felt,31,G1,0.8000,regular,felt_mallet,Felt,0.2950,3.3548,48.9990,98.0000,0.3288,0.6575,-0.2201,-0.8899,,0.0000,-0.8314,-0.8313,-0.8354,-0.8314,-1.6732,1.0310,1.1345,0,3
cimbalom_felt,31,G1,0.8250,regular,felt_mallet,Felt,0.2950,3.3143,48.9990,98.0000,0.3248,0.6496,-0.2149,-0.8683,,0.0000,-0.8476,-0.8476,-0.8514,-0.8476,-1.4006,1.0316,1.1374,0,3
cimbalom_felt,31,G1,0.8500,regular,felt_mallet,Felt,0.2950,3.2756,48.9990,98.0000,0.3210,0.6420,-0.2098,-0.8478,,0.0000,-0.8631,-0.8631,-0.8667,-0.8631,-1.1363,1.0322,1.1401,0,3
cimbalom_felt,31,G1,0.8750,regular,felt_mallet,Felt,0.2950,3.2384,48.9990,98.0000,0.3174,0.6347,-0.2051,-0.8284,,0.0000,-0.8777,-0.8777,-0.8813,-0.8777,-0.8797,1.0328,1.1426,0,3
cimbalom_felt,31,G1,0.9000,regular,felt_mallet,Felt,0.2950,3.2027,48.9990,98.0000,0.3139,0.6277,-0.2006,-0.8100,,0.0000,-0.8916,-0.8916,-0.8953,-0.8916,-0.6305,1.0333,1.1450,0,3
cimbalom_felt,31,G1,0.9250,regular,felt_mallet,Felt,0.2950,3.1683,48.9990,98.0000,0.3105,0.6210,-0.1963,-0.7925,,0.0000,-0.9049,-0.9049,-0.9085,-0.9049,-0.3883,1.0338,1.1473,0,3
cimbalom_felt,31,G1,0.9500,regular,felt_mallet,Felt,0.2950,3.1352,48.9990,98.0000,0.3072,0.6145,-0.1922,-0.7758,,0.0000,-0.9175,-0.9174,-0.9210,-0.9175,-0.1525,1.0343,1.1495,0,3
cimbalom_felt,31,G1,0.9750,regular,felt_mallet,Felt,0.2950,3.1033,48.9990,98.0000,0.3041,0.6082,-0.1883,-0.7599,,0.0000,-0.9294,-0.9294,-0.9328,-0.9294,0.0771,1.0348,1.1517,0,3
cimbalom_felt,31,G1,1.0000,regular,felt_mallet,Felt,0.2950,3.0725,48.9990,98.0000,0.3011,0.6022,-0.1846,-0.7447,,0.0000,-0.9409,-0.9409,-0.9442,-0.9409,0.3007,1.0352,1.1537,0,3
cimbalom_felt,31,G1,0.4200,corpus,felt_mallet,Felt,0.2950,4.3242,48.9990,98.0000,0.4238,0.8475,-0.3666,-1.4927,,0.0000,-0.3750,-0.3750,-0.3816,-0.3750,-7.4164,1.0137,1.0585,0,3
cimbalom_felt,31,G1,0.4600,corpus,felt_mallet,Felt,0.2950,4.1720,48.9990,98.0000,0.4088,0.8177,-0.3411,-1.3871,,0.0000,-0.4551,-0.4551,-0.4613,-0.4551,-6.6007,1.0167,1.0714,0,3
cimbalom_felt,32,G#1,0.0500,regular,felt_mallet,Felt,0.2950,8.0000,51.9130,103.8270,0.8306,1.6612,-1.4322,-6.2014,,0.0000,3.2681,3.2681,3.2366,0.0000,-26.8136,0.9127,0.6265,0,3
cimbalom_felt,32,G#1,0.0750,regular,felt_mallet,Felt,0.2950,8.0000,51.9130,103.8270,0.8306,1.6612,-1.4322,-6.2014,,0.0000,3.2681,3.2681,3.2366,0.0000,-23.2917,0.9127,0.6265,0,3
cimbalom_felt,32,G#1,0.1000,regular,felt_mallet,Felt,0.2950,7.4713,51.9130,103.8270,0.7757,1.5515,-1.2455,-5.3281,,0.0000,2.5817,2.5816,2.5552,0.0000,-20.6063,0.9326,0.6928,0,3
cimbalom_felt,32,G#1,0.1250,regular,felt_mallet,Felt,0.2950,6.8426,51.9130,103.8270,0.7104,1.4209,-1.0413,-4.3994,,0.0000,1.8570,1.8570,1.8356,0.0000,-18.4638,0.9548,0.7710,0,3
cimbalom_felt,32,G#1,0.1500,regular,felt_mallet,Felt,0.2950,6.3684,51.9130,103.8270,0.6612,1.3224,-0.9000,-3.7710,,0.0000,1.3699,1.3699,1.3518,0.0000,-16.7389,0.9704,0.8288,0,3
cimbalom_felt,32,G#1,0.1750,regular,felt_mallet,Felt,0.2950,5.9932,51.9130,103.8270,0.6222,1.2445,-0.7958,-3.3146,,0.0000,1.0179,1.0178,1.0023,0.0000,-15.2957,0.9822,0.8735,0,3
cimbalom_felt,32,G#1,0.2000,regular,felt_mallet,Felt,0.2950,5.6860,51.9130,103.8270,0.5904,1.1807,-0.7154,-2.9666,,0.0000,0.7503,0.7502,0.7363,0.0000,-14.0555,0.9913,0.9093,0,3
cimbalom_felt,32,G#1,0.2250,regular,felt_mallet,Felt,0.2950,5.4282,51.9130,103.8270,0.5636,1.1272,-0.6513,-2.6916,,0.0000,0.5392,0.5392,0.5269,0.0000,-12.9684,0.9986,0.9385,0,3
cimbalom_felt,32,G#1,0.2500,regular,felt_mallet,Felt,0.2950,5.2076,51.9130,103.8270,0.5407,1.0814,-0.5990,-2.4682,,0.0000,0.3683,0.3682,0.3570,0.0000,-12.0009,1.0047,0.9629,0,3
cimbalom_felt,32,G#1,0.2750,regular,felt_mallet,Felt,0.2950,5.0157,51.9130,103.8270,0.5208,1.0415,-0.5553,-2.2828,,0.0000,0.2265,0.2265,0.2160,0.0000,-11.1293,1.0097,0.9837,0,3
cimbalom_felt,32,G#1,0.3000,regular,felt_mallet,Felt,0.2950,4.8466,51.9130,103.8270,0.5032,1.0064,-0.5182,-2.1262,,0.0000,0.1070,0.1070,0.0974,0.0000,-10.3365,1.0140,1.0016,0,3
cimbalom_felt,32,G#1,0.3250,regular,felt_mallet,Felt,0.2950,4.6962,51.9130,103.8270,0.4876,0.9752,-0.4863,-1.9920,,0.0000,0.0047,0.0047,-0.0043,0.0000,-9.6093,1.0178,1.0172,0,3
cimbalom_felt,32,G#1,0.3500,regular,felt_mallet,Felt,0.2950,4.5611,51.9130,103.8270,0.4736,0.9471,-0.4585,-1.8755,,0.0000,-0.0840,-0.0840,-0.0924,-0.0840,-8.9379,1.0210,1.0310,0,3
cimbalom_felt,32,G#1,0.3750,regular,felt_mallet,Felt,0.2950,4.4388,51.9130,103.8270,0.4609,0.9217,-0.4341,-1.7734,,0.0000,-0.1619,-0.1618,-0.1698,-0.1619,-8.3142,1.0239,1.0432,0,3
cimbalom_felt,32,G#1,0.4000,regular,felt_mallet,Felt,0.2950,4.3274,51.9130,103.8270,0.4493,0.8986,-0.4124,-1.6830,,0.0000,-0.2304,-0.2304,-0.2381,-0.2304,-7.7319,1.0265,1.0541,0,3
cimbalom_felt,32,G#1,0.4250,regular,felt_mallet,Felt,0.2950,4.2252,51.9130,103.8270,0.4387,0.8774,-0.3930,-1.6024,,0.0000,-0.2917,-0.2916,-0.2989,-0.2917,-7.1859,1.0288,1.0639,0,3
cimbalom_felt,32,G#1,0.4500,regular,felt_mallet,Felt,0.2950,4.1312,51.9130,103.8270,0.4289,0.8579,-0.3756,-1.5301,,0.0000,-0.3466,-0.3466,-0.3536,-0.3466,-6.6721,1.0308,1.0728,0,3
cimbalom_felt,32,G#1,0.4750,regular,felt_mallet,Felt,0.2950,4.0441,51.9130,103.8270,0.4199,0.8398,-0.3599,-1.4648,,0.0000,-0.3961,-0.3961,-0.4027,-0.3961,-6.1867,1.0327,1.0809,0,3
cimbalom_felt,32,G#1,0.5000,regular,felt_mallet,Felt,0.2950,3.9632,51.9130,103.8270,0.4115,0.8230,-0.3455,-1.4054,,0.0000,-0.4411,-0.4412,-0.4474,-0.4411,-5.7268,1.0344,1.0883,0,3
cimbalom_felt,32,G#1,0.5250,regular,felt_mallet,Felt,0.2950,3.8878,51.9130,103.8270,0.4037,0.8073,-0.3324,-1.3513,,0.0000,-0.4822,-0.4822,-0.4882,-0.4822,-5.2900,1.0360,1.0951,0,3
cimbalom_felt,32,G#1,0.5500,regular,felt_mallet,Felt,0.2950,3.8172,51.9130,103.8270,0.3963,0.7926,-0.3204,-1.3016,,0.0000,-0.5199,-0.5199,-0.5257,-0.5199,-4.8739,1.0374,1.1014,0,3
cimbalom_felt,32,G#1,0.5750,regular,felt_mallet,Felt,0.2950,3.7509,51.9130,103.8270,0.3894,0.7789,-0.3093,-1.2559,,0.0000,-0.5545,-0.5545,-0.5602,-0.5545,-4.4767,1.0387,1.1072,0,3
cimbalom_felt,32,G#1,0.6000,regular,felt_mallet,Felt,0.2950,3.6885,51.9130,103.8270,0.3830,0.7659,-0.2991,-1.2137,,0.0000,-0.5865,-0.5865,-0.5919,-0.5865,-4.0967,1.0399,1.1126,0,3
cimbalom_felt,32,G#1,0.6250,regular,felt_mallet,Felt,0.2950,3.6297,51.9130,103.8270,0.3769,0.7537,-0.2896,-1.1745,,0.0000,-0.6161,-0.6161,-0.6214,-0.6161,-3.7327,1.0411,1.1176,0,3
cimbalom_felt,32,G#1,0.6500,regular,felt_mallet,Felt,0.2950,3.5740,51.9130,103.8270,0.3711,0.7422,-0.2807,-1.1382,,0.0000,-0.6436,-0.6436,-0.6486,-0.6436,-3.3831,1.0421,1.1223,0,3
cimbalom_felt,32,G#1,0.6750,regular,felt_mallet,Felt,0.2950,3.5213,51.9130,103.8270,0.3656,0.7312,-0.2725,-1.1042,,0.0000,-0.6694,-0.6693,-0.6744,-0.6694,-3.0472,1.0431,1.1267,0,3
cimbalom_felt,32,G#1,0.7000,regular,felt_mallet,Felt,0.2950,3.4712,51.9130,103.8270,0.3604,0.7208,-0.2647,-1.0725,,0.0000,-0.6934,-0.6933,-0.6981,-0.6934,-2.7235,1.0441,1.1308,0,3
cimbalom_felt,32,G#1,0.7250,regular,felt_mallet,Felt,0.2950,3.4236,51.9130,103.8270,0.3555,0.7109,-0.2575,-1.0428,,0.0000,-0.7158,-0.7158,-0.7205,-0.7158,-2.4115,1.0449,1.1347,0,3
cimbalom_felt,32,G#1,0.7500,regular,felt_mallet,Felt,0.2950,3.3781,51.9130,103.8270,0.3507,0.7015,-0.2507,-1.0148,,0.0000,-0.7370,-0.7369,-0.7415,-0.7370,-2.1102,1.0457,1.1383,0,3
cimbalom_felt,32,G#1,0.7750,regular,felt_mallet,Felt,0.2950,3.3348,51.9130,103.8270,0.3462,0.6925,-0.2443,-0.9885,,0.0000,-0.7568,-0.7568,-0.7611,-0.7568,-1.8189,1.0465,1.1418,0,3
cimbalom_felt,32,G#1,0.8000,regular,felt_mallet,Felt,0.2950,3.2933,51.9130,103.8270,0.3419,0.6839,-0.2382,-0.9637,,0.0000,-0.7756,-0.7755,-0.7799,-0.7756,-1.5371,1.0473,1.1451,0,3
cimbalom_felt,32,G#1,0.8250,regular,felt_mallet,Felt,0.2950,3.2536,51.9130,103.8270,0.3378,0.6756,-0.2325,-0.9403,,0.0000,-0.7932,-0.7932,-0.7974,-0.7932,-1.2641,1.0480,1.1482,0,3
cimbalom_felt,32,G#1,0.8500,regular,felt_mallet,Felt,0.2950,3.2156,51.9130,103.8270,0.3339,0.6677,-0.2271,-0.9181,,0.0000,-0.8101,-0.8100,-0.8141,-0.8101,-0.9994,1.0486,1.1511,0,3
cimbalom_felt,32,G#1,0.8750,regular,felt_mallet,Felt,0.2950,3.1791,51.9130,103.8270,0.3301,0.6602,-0.2219,-0.8971,,0.0000,-0.8259,-0.8259,-0.8299,-0.8259,-0.7425,1.0492,1.1539,0,3
cimbalom_felt,32,G#1,0.9000,regular,felt_mallet,Felt,0.2950,3.1440,51.9130,103.8270,0.3264,0.6529,-0.2170,-0.8771,,0.0000,-0.8408,-0.8410,-0.8448,-0.8408,-0.4929,1.0498,1.1565,0,3
cimbalom_felt,32,G#1,0.9250,regular,felt_mallet,Felt,0.2950,3.1103,51.9130,103.8270,0.3229,0.6459,-0.2124,-0.8581,,0.0000,-0.8552,-0.8553,-0.8590,-0.8552,-0.2502,1.0504,1.1591,0,3
cimbalom_felt,32,G#1,0.9500,regular,felt_mallet,Felt,0.2950,3.0778,51.9130,103.8270,0.3196,0.6391,-0.2079,-0.8401,,0.0000,-0.8689,-0.8689,-0.8727,-0.8689,-0.0142,1.0509,1.1615,0,3
cimbalom_felt,32,G#1,0.9750,regular,felt_mallet,Felt,0.2950,3.0464,51.9130,103.8270,0.3163,0.6326,-0.2037,-0.8228,,0.0000,-0.8820,-0.8820,-0.8857,-0.8820,0.2156,1.0514,1.1638,0,3
cimbalom_felt,32,G#1,1.0000,regular,felt_mallet,Felt,0.2950,3.0162,51.9130,103.8270,0.3132,0.6263,-0.1997,-0.8064,,0.0000,-0.8945,-0.8944,-0.8981,-0.8945,0.4396,1.0519,1.1660,0,3
cimbalom_felt,32,G#1,0.4200,corpus,felt_mallet,Felt,0.2950,4.2450,51.9130,103.8270,0.4407,0.8815,-0.3967,-1.6179,,0.0000,-0.2800,-0.2799,-0.2873,-0.2800,-7.2925,1.0283,1.0620,0,3
cimbalom_felt,32,G#1,0.4600,corpus,felt_mallet,Felt,0.2950,4.0955,51.9130,103.8270,0.4252,0.8505,-0.3691,-1.5032,,0.0000,-0.3670,-0.3670,-0.3737,-0.3670,-6.4747,1.0316,1.0761,0,3
cimbalom_felt,33,A1,0.0500,regular,felt_mallet,Felt,0.2950,8.0000,55.0000,110.0010,0.8800,1.7600,-1.6123,-7.0670,,0.0000,3.9537,3.9537,3.9166,0.0000,-26.8379,0.9102,0.5774,0,3
cimbalom_felt,33,A1,0.0750,regular,felt_mallet,Felt,0.2950,8.0000,55.0000,110.0010,0.8800,1.7600,-1.6123,-7.0670,,0.0000,3.9537,3.9537,3.9166,0.0000,-23.3160,0.9102,0.5774,0,3
cimbalom_felt,33,A1,0.1000,regular,felt_mallet,Felt,0.2950,7.3345,55.0000,110.0010,0.8068,1.6136,-1.3495,-5.8116,,0.0000,2.9610,2.9610,2.9316,0.0000,-20.5546,0.9382,0.6672,0,3
cimbalom_felt,33,A1,0.1250,regular,felt_mallet,Felt,0.2950,6.7173,55.0000,110.0010,0.7389,1.4778,-1.1280,-4.7904,,0.0000,2.1614,2.1613,2.1381,0.0000,-18.3948,0.9624,0.7504,0,3
cimbalom_felt,33,A1,0.1500,regular,felt_mallet,Felt,0.2950,6.2517,55.0000,110.0010,0.6877,1.3754,-0.9747,-4.1017,,0.0000,1.6259,1.6259,1.6062,0.0000,-16.6579,0.9795,0.8123,0,3
cimbalom_felt,33,A1,0.1750,regular,felt_mallet,Felt,0.2950,5.8834,55.0000,110.0010,0.6472,1.2944,-0.8617,-3.6026,,0.0000,1.2399,1.2398,1.2230,0.0000,-15.2059,0.9924,0.8603,0,3
cimbalom_felt,33,A1,0.2000,regular,felt_mallet,Felt,0.2950,5.5819,55.0000,110.0010,0.6140,1.2280,-0.7746,-3.2226,,0.0000,0.9469,0.9469,0.9319,0.0000,-13.9590,1.0023,0.8988,0,3
cimbalom_felt,33,A1,0.2250,regular,felt_mallet,Felt,0.2950,5.3288,55.0000,110.0010,0.5862,1.1724,-0.7052,-2.9226,,0.0000,0.7164,0.7164,0.7028,0.0000,-12.8665,1.0104,0.9304,0,3
cimbalom_felt,33,A1,0.2500,regular,felt_mallet,Felt,0.2950,5.1122,55.0000,110.0010,0.5623,1.1247,-0.6484,-2.6791,,0.0000,0.5296,0.5297,0.5171,0.0000,-11.8946,1.0170,0.9569,0,3
cimbalom_felt,33,A1,0.2750,regular,felt_mallet,Felt,0.2950,4.9238,55.0000,110.0010,0.5416,1.0832,-0.6011,-2.4772,,0.0000,0.3752,0.3751,0.3639,0.0000,-11.0194,1.0226,0.9794,0,3
cimbalom_felt,33,A1,0.3000,regular,felt_mallet,Felt,0.2950,4.7579,55.0000,110.0010,0.5234,1.0467,-0.5609,-2.3067,,0.0000,0.2447,0.2447,0.2341,0.0000,-10.2235,1.0273,0.9988,0,3
cimbalom_felt,33,A1,0.3250,regular,felt_mallet,Felt,0.2950,4.6102,55.0000,110.0010,0.5071,1.0143,-0.5263,-2.1606,,0.0000,0.1333,0.1332,0.1236,0.0000,-9.4936,1.0314,1.0157,0,3
cimbalom_felt,33,A1,0.3500,regular,felt_mallet,Felt,0.2950,4.4776,55.0000,110.0010,0.4925,0.9851,-0.4962,-2.0339,,0.0000,0.0366,0.0366,0.0272,0.0000,-8.8199,1.0350,1.0306,0,3
cimbalom_felt,33,A1,0.3750,regular,felt_mallet,Felt,0.2950,4.3575,55.0000,110.0010,0.4793,0.9587,-0.4698,-1.9229,,0.0000,-0.0480,-0.0480,-0.0565,-0.0480,-8.1942,1.0382,1.0439,0,3
cimbalom_felt,33,A1,0.4000,regular,felt_mallet,Felt,0.2950,4.2481,55.0000,110.0010,0.4673,0.9346,-0.4463,-1.8247,,0.0000,-0.1226,-0.1227,-0.1309,-0.1226,-7.6101,1.0410,1.0558,0,3
cimbalom_felt,33,A1,0.4250,regular,felt_mallet,Felt,0.2950,4.1479,55.0000,110.0010,0.4563,0.9125,-0.4254,-1.7371,,0.0000,-0.1894,-0.1893,-0.1972,-0.1894,-7.0627,1.0435,1.0665,0,3
cimbalom_felt,33,A1,0.4500,regular,felt_mallet,Felt,0.2950,4.0555,55.0000,110.0010,0.4461,0.8922,-0.4065,-1.6586,,0.0000,-0.2491,-0.2490,-0.2565,-0.2491,-6.5474,1.0457,1.0761,0,3
cimbalom_felt,33,A1,0.4750,regular,felt_mallet,Felt,0.2950,3.9700,55.0000,110.0010,0.4367,0.8734,-0.3895,-1.5876,,0.0000,-0.3029,-0.3029,-0.3099,-0.3029,-6.0606,1.0478,1.0850,0,3
cimbalom_felt,33,A1,0.5000,regular,felt_mallet,Felt,0.2950,3.8906,55.0000,110.0010,0.4280,0.8559,-0.3740,-1.5232,,0.0000,-0.3518,-0.3519,-0.3586,-0.3518,-5.5995,1.0497,1.0931,0,3
cimbalom_felt,33,A1,0.5250,regular,felt_mallet,Felt,0.2950,3.8166,55.0000,110.0010,0.4198,0.8396,-0.3598,-1.4643,,0.0000,-0.3964,-0.3965,-0.4028,-0.3964,-5.1615,1.0514,1.1005,0,3
cimbalom_felt,33,A1,0.5500,regular,felt_mallet,Felt,0.2950,3.7472,55.0000,110.0010,0.4122,0.8244,-0.3468,-1.4104,,0.0000,-0.4373,-0.4374,-0.4437,-0.4373,-4.7444,1.0530,1.1073,0,3
cimbalom_felt,33,A1,0.5750,regular,felt_mallet,Felt,0.2950,3.6822,55.0000,110.0010,0.4050,0.8101,-0.3348,-1.3608,,0.0000,-0.4750,-0.4750,-0.4811,-0.4750,-4.3465,1.0544,1.1137,0,3
cimbalom_felt,33,A1,0.6000,regular,felt_mallet,Felt,0.2950,3.6210,55.0000,110.0010,0.3983,0.7966,-0.3237,-1.3150,,0.0000,-0.5096,-0.5097,-0.5154,-0.5096,-3.9656,1.0558,1.1196,0,3
cimbalom_felt,33,A1,0.6250,regular,felt_mallet,Felt,0.2950,3.5632,55.0000,110.0010,0.3920,0.7839,-0.3134,-1.2725,,0.0000,-0.5419,-0.5419,-0.5475,-0.5419,-3.6008,1.0570,1.1251,0,3
cimbalom_felt,33,A1,0.6500,regular,felt_mallet,Felt,0.2950,3.5086,55.0000,110.0010,0.3859,0.7719,-0.3038,-1.2330,,0.0000,-0.5717,-0.5718,-0.5772,-0.5717,-3.2505,1.0582,1.1302,0,3
cimbalom_felt,33,A1,0.6750,regular,felt_mallet,Felt,0.2950,3.4568,55.0000,110.0010,0.3802,0.7605,-0.2948,-1.1962,,0.0000,-0.5997,-0.5997,-0.6051,-0.5997,-2.9138,1.0593,1.1350,0,3
cimbalom_felt,33,A1,0.7000,regular,felt_mallet,Felt,0.2950,3.4076,55.0000,110.0010,0.3748,0.7497,-0.2865,-1.1618,,0.0000,-0.6257,-0.6258,-0.6309,-0.6257,-2.5895,1.0603,1.1395,0,3
cimbalom_felt,33,A1,0.7250,regular,felt_mallet,Felt,0.2950,3.3609,55.0000,110.0010,0.3697,0.7394,-0.2786,-1.1295,,0.0000,-0.6502,-0.6502,-0.6552,-0.6502,-2.2769,1.0613,1.1437,0,3
cimbalom_felt,33,A1,0.7500,regular,felt_mallet,Felt,0.2950,3.3163,55.0000,110.0010,0.3648,0.7296,-0.2713,-1.0992,,0.0000,-0.6731,-0.6731,-0.6780,-0.6731,-1.9751,1.0621,1.1477,0,3
cimbalom_felt,33,A1,0.7750,regular,felt_mallet,Felt,0.2950,3.2737,55.0000,110.0010,0.3601,0.7202,-0.2643,-1.0707,,0.0000,-0.6947,-0.6947,-0.6992,-0.6947,-1.6833,1.0630,1.1515,0,3
cimbalom_felt,33,A1,0.8000,regular,felt_mallet,Felt,0.2950,3.2330,55.0000,110.0010,0.3556,0.7113,-0.2578,-1.0438,,0.0000,-0.7150,-0.7150,-0.7197,-0.7150,-1.4010,1.0638,1.1551,0,3
cimbalom_felt,33,A1,0.8250,regular,felt_mallet,Felt,0.2950,3.1941,55.0000,110.0010,0.3513,0.7027,-0.2516,-1.0184,,0.0000,-0.7343,-0.7342,-0.7388,-0.7343,-1.1275,1.0646,1.1585,0,3
cimbalom_felt,33,A1,0.8500,regular,felt_mallet,Felt,0.2950,3.1567,55.0000,110.0010,0.3472,0.6945,-0.2457,-0.9944,,0.0000,-0.7525,-0.7524,-0.7570,-0.7525,-0.8623,1.0653,1.1617,0,3
cimbalom_felt,33,A1,0.8750,regular,felt_mallet,Felt,0.2950,3.1209,55.0000,110.0010,0.3433,0.6866,-0.2401,-0.9716,,0.0000,-0.7696,-0.7696,-0.7740,-0.7696,-0.6049,1.0660,1.1647,0,3
cimbalom_felt,33,A1,0.9000,regular,felt_mallet,Felt,0.2950,3.0864,55.0000,110.0010,0.3395,0.6790,-0.2348,-0.9499,,0.0000,-0.7860,-0.7860,-0.7903,-0.7860,-0.3550,1.0666,1.1676,0,3
cimbalom_felt,33,A1,0.9250,regular,felt_mallet,Felt,0.2950,3.0533,55.0000,110.0010,0.3359,0.6717,-0.2298,-0.9293,,0.0000,-0.8015,-0.8015,-0.8056,-0.8015,-0.1119,1.0672,1.1704,0,3
cimbalom_felt,33,A1,0.9500,regular,felt_mallet,Felt,0.2950,3.0214,55.0000,110.0010,0.3324,0.6647,-0.2250,-0.9097,,0.0000,-0.8164,-0.8164,-0.8206,-0.8164,0.1244,1.0678,1.1731,0,3
cimbalom_felt,33,A1,0.9750,regular,felt_mallet,Felt,0.2950,2.9906,55.0000,110.0010,0.3290,0.6579,-0.2204,-0.8910,,0.0000,-0.8304,-0.8305,-0.8343,-0.8304,0.3547,1.0684,1.1756,0,3
cimbalom_felt,33,A1,1.0000,regular,felt_mallet,Felt,0.2950,2.9610,55.0000,110.0010,0.3257,0.6514,-0.2161,-0.8732,,0.0000,-0.8439,-0.8439,-0.8479,-0.8439,0.5790,1.0689,1.1780,0,3
cimbalom_felt,33,A1,0.4200,corpus,felt_mallet,Felt,0.2950,4.1672,55.0000,110.0010,0.4584,0.9168,-0.4294,-1.7539,,0.0000,-0.1767,-0.1766,-0.1846,-0.1767,-7.1695,1.0430,1.0644,0,3
cimbalom_felt,33,A1,0.4600,corpus,felt_mallet,Felt,0.2950,4.0205,55.0000,110.0010,0.4423,0.8845,-0.3995,-1.6293,,0.0000,-0.2713,-0.2712,-0.2787,-0.2713,-6.3494,1.0466,1.0798,0,3
cimbalom_felt,34,A#1,0.0500,regular,felt_mallet,Felt,0.2950,8.0000,58.2700,116.5420,0.9323,1.8647,-1.8156,-8.0763,,0.0000,4.7597,4.7597,4.7163,0.0000,-26.8837,0.9054,0.5234,0,3
cimbalom_felt,34,A#1,0.0750,regular,felt_mallet,Felt,0.2950,8.0000,58.2700,116.5420,0.9323,1.8647,-1.8156,-8.0763,,0.0000,4.7597,4.7597,4.7163,0.0000,-23.3619,0.9054,0.5234,0,3
cimbalom_felt,34,A#1,0.1000,regular,felt_mallet,Felt,0.2950,7.2002,58.2700,116.5420,0.8391,1.6782,-1.4624,-6.3448,,0.0000,3.3813,3.3814,3.3488,0.0000,-20.5100,0.9430,0.6389,0,3
cimbalom_felt,34,A#1,0.1250,regular,felt_mallet,Felt,0.2950,6.5943,58.2700,116.5420,0.7685,1.5370,-1.2220,-5.2198,,0.0000,2.4968,2.4968,2.4711,0.0000,-18.3313,0.9694,0.7272,0,3
cimbalom_felt,34,A#1,0.1500,regular,felt_mallet,Felt,0.2950,6.1373,58.2700,116.5420,0.7152,1.4305,-1.0557,-4.4639,,0.0000,1.9072,1.9071,1.8855,0.0000,-16.5814,0.9882,0.7934,0,3
cimbalom_felt,34,A#1,0.1750,regular,felt_mallet,Felt,0.2950,5.7757,58.2700,116.5420,0.6731,1.3462,-0.9331,-3.9174,,0.0000,1.4832,1.4832,1.4646,0.0000,-15.1198,1.0022,0.8449,0,3
cimbalom_felt,34,A#1,0.2000,regular,felt_mallet,Felt,0.2950,5.4797,58.2700,116.5420,0.6386,1.2772,-0.8387,-3.5020,,0.0000,1.1623,1.1622,1.1457,0.0000,-13.8656,1.0132,0.8863,0,3
cimbalom_felt,34,A#1,0.2250,regular,felt_mallet,Felt,0.2950,5.2312,58.2700,116.5420,0.6096,1.2193,-0.7635,-3.1745,,0.0000,0.9100,0.9100,0.8950,0.0000,-12.7673,1.0220,0.9204,0,3
cimbalom_felt,34,A#1,0.2500,regular,felt_mallet,Felt,0.2950,5.0186,58.2700,116.5420,0.5849,1.1697,-0.7020,-2.9089,,0.0000,0.7060,0.7059,0.6924,0.0000,-11.7906,1.0293,0.9489,0,3
cimbalom_felt,34,A#1,0.2750,regular,felt_mallet,Felt,0.2950,4.8336,58.2700,116.5420,0.5633,1.1266,-0.6507,-2.6888,,0.0000,0.5371,0.5371,0.5247,0.0000,-10.9115,1.0354,0.9733,0,3
cimbalom_felt,34,A#1,0.3000,regular,felt_mallet,Felt,0.2950,4.6707,58.2700,116.5420,0.5443,1.0887,-0.6072,-2.5031,,0.0000,0.3949,0.3949,0.3836,0.0000,-10.1122,1.0406,0.9943,0,3
cimbalom_felt,34,A#1,0.3250,regular,felt_mallet,Felt,0.2950,4.5258,58.2700,116.5420,0.5274,1.0549,-0.5697,-2.3441,,0.0000,0.2734,0.2733,0.2626,0.0000,-9.3795,1.0451,1.0127,0,3
cimbalom_felt,34,A#1,0.3500,regular,felt_mallet,Felt,0.2950,4.3956,58.2700,116.5420,0.5123,1.0245,-0.5371,-2.2062,,0.0000,0.1681,0.1681,0.1581,0.0000,-8.7032,1.0490,1.0289,0,3
cimbalom_felt,34,A#1,0.3750,regular,felt_mallet,Felt,0.2950,4.2777,58.2700,116.5420,0.4985,0.9971,-0.5085,-2.0855,,0.0000,0.0793,0.0759,0.0666,0.0000,-8.0753,1.0525,1.0429,0,3
cimbalom_felt,34,A#1,0.4000,regular,felt_mallet,Felt,0.2950,4.1703,58.2700,116.5420,0.4860,0.9720,-0.4831,-1.9787,,0.0000,-0.0055,-0.0055,-0.0143,-0.0055,-7.4894,1.0555,1.0562,0,3
cimbalom_felt,34,A#1,0.4250,regular,felt_mallet,Felt,0.2950,4.0719,58.2700,116.5420,0.4745,0.9491,-0.4604,-1.8835,,0.0000,-0.0778,-0.0779,-0.0865,-0.0778,-6.9400,1.0583,1.0678,0,3
cimbalom_felt,34,A#1,0.4500,regular,felt_mallet,Felt,0.2950,3.9812,58.2700,116.5420,0.4640,0.9280,-0.4400,-1.7981,,0.0000,-0.1428,-0.1429,-0.1509,-0.1428,-6.4232,1.0608,1.0784,0,3
cimbalom_felt,34,A#1,0.4750,regular,felt_mallet,Felt,0.2950,3.8973,58.2700,116.5420,0.4542,0.9084,-0.4215,-1.7210,,0.0000,-0.2015,-0.2016,-0.2092,-0.2015,-5.9351,1.0631,1.0880,0,3
cimbalom_felt,34,A#1,0.5000,regular,felt_mallet,Felt,0.2950,3.8194,58.2700,116.5420,0.4451,0.8902,-0.4047,-1.6510,,0.0000,-0.2547,-0.2548,-0.2621,-0.2547,-5.4728,1.0651,1.0968,0,3
cimbalom_felt,34,A#1,0.5250,regular,felt_mallet,Felt,0.2950,3.7467,58.2700,116.5420,0.4366,0.8733,-0.3893,-1.5871,,0.0000,-0.3033,-0.3033,-0.3106,-0.3033,-5.0337,1.0670,1.1049,0,3
cimbalom_felt,34,A#1,0.5500,regular,felt_mallet,Felt,0.2950,3.6786,58.2700,116.5420,0.4287,0.8574,-0.3753,-1.5286,,0.0000,-0.3477,-0.3477,-0.3546,-0.3477,-4.6155,1.0687,1.1124,0,3
cimbalom_felt,34,A#1,0.5750,regular,felt_mallet,Felt,0.2950,3.6148,58.2700,116.5420,0.4213,0.8425,-0.3623,-1.4747,,0.0000,-0.3886,-0.3886,-0.3952,-0.3886,-4.2164,1.0703,1.1193,0,3
cimbalom_felt,34,A#1,0.6000,regular,felt_mallet,Felt,0.2950,3.5547,58.2700,116.5420,0.4143,0.8285,-0.3503,-1.4249,,0.0000,-0.4263,-0.4264,-0.4326,-0.4263,-3.8347,1.0718,1.1257,0,3
cimbalom_felt,34,A#1,0.6250,regular,felt_mallet,Felt,0.2950,3.4980,58.2700,116.5420,0.4077,0.8153,-0.3391,-1.3788,,0.0000,-0.4613,-0.4613,-0.4674,-0.4613,-3.4689,1.0732,1.1317,0,3
cimbalom_felt,34,A#1,0.6500,regular,felt_mallet,Felt,0.2950,3.4443,58.2700,116.5420,0.4014,0.8028,-0.3287,-1.3360,,0.0000,-0.4939,-0.4938,-0.4999,-0.4939,-3.1180,1.0745,1.1373,0,3
cimbalom_felt,34,A#1,0.6750,regular,felt_mallet,Felt,0.2950,3.3935,58.2700,116.5420,0.3955,0.7910,-0.3191,-1.2960,,0.0000,-0.5241,-0.5241,-0.5299,-0.5241,-2.7804,1.0757,1.1426,0,3
cimbalom_felt,34,A#1,0.7000,regular,felt_mallet,Felt,0.2950,3.3452,58.2700,116.5420,0.3899,0.7797,-0.3100,-1.2587,,0.0000,-0.5524,-0.5524,-0.5580,-0.5524,-2.4555,1.0768,1.1475,0,3
cimbalom_felt,34,A#1,0.7250,regular,felt_mallet,Felt,0.2950,3.2993,58.2700,116.5420,0.3845,0.7690,-0.3015,-1.2237,,0.0000,-0.5789,-0.5789,-0.5844,-0.5789,-2.1422,1.0778,1.1521,0,3
cimbalom_felt,34,A#1,0.7500,regular,felt_mallet,Felt,0.2950,3.2555,58.2700,116.5420,0.3794,0.7588,-0.2935,-1.1908,,0.0000,-0.6038,-0.6038,-0.6091,-0.6038,-1.8397,1.0788,1.1565,0,3
cimbalom_felt,34,A#1,0.7750,regular,felt_mallet,Felt,0.2950,3.2138,58.2700,116.5420,0.3745,0.7491,-0.2860,-1.1598,,0.0000,-0.6272,-0.6272,-0.6322,-0.6272,-1.5474,1.0798,1.1606,0,3
cimbalom_felt,34,A#1,0.8000,regular,felt_mallet,Felt,0.2950,3.1738,58.2700,116.5420,0.3699,0.7398,-0.2789,-1.1307,,0.0000,-0.6492,-0.6493,-0.6543,-0.6492,-1.2646,1.0806,1.1645,0,3
cimbalom_felt,34,A#1,0.8250,regular,felt_mallet,Felt,0.2950,3.1356,58.2700,116.5420,0.3654,0.7309,-0.2722,-1.1031,,0.0000,-0.6701,-0.6702,-0.6751,-0.6701,-0.9906,1.0815,1.1682,0,3
cimbalom_felt,34,A#1,0.8500,regular,felt_mallet,Felt,0.2950,3.0989,58.2700,116.5420,0.3611,0.7223,-0.2658,-1.0770,,0.0000,-0.6898,-0.6899,-0.6946,-0.6898,-0.7249,1.0823,1.1717,0,3
cimbalom_felt,34,A#1,0.8750,regular,felt_mallet,Felt,0.2950,3.0637,58.2700,116.5420,0.3570,0.7141,-0.2598,-1.0523,,0.0000,-0.7085,-0.7086,-0.7132,-0.7085,-0.4671,1.0830,1.1751,0,3
cimbalom_felt,34,A#1,0.9000,regular,felt_mallet,Felt,0.2950,3.0299,58.2700,116.5420,0.3531,0.7062,-0.2541,-1.0288,,0.0000,-0.7264,-0.7263,-0.7309,-0.7264,-0.2168,1.0837,1.1783,0,3
cimbalom_felt,34,A#1,0.9250,regular,felt_mallet,Felt,0.2950,2.9974,58.2700,116.5420,0.3493,0.6986,-0.2486,-1.0065,,0.0000,-0.7432,-0.7432,-0.7477,-0.7432,0.0267,1.0844,1.1813,0,3
cimbalom_felt,34,A#1,0.9500,regular,felt_mallet,Felt,0.2950,2.9661,58.2700,116.5420,0.3457,0.6913,-0.2435,-0.9852,,0.0000,-0.7593,-0.7593,-0.7638,-0.7593,0.2635,1.0851,1.1842,0,3
cimbalom_felt,34,A#1,0.9750,regular,felt_mallet,Felt,0.2950,2.9359,58.2700,116.5420,0.3421,0.6843,-0.2385,-0.9650,,0.0000,-0.7747,-0.7746,-0.7790,-0.7747,0.4940,1.0857,1.1869,0,3
cimbalom_felt,34,A#1,1.0000,regular,felt_mallet,Felt,0.2950,2.9067,58.2700,116.5420,0.3387,0.6775,-0.2338,-0.9456,,0.0000,-0.7892,-0.7892,-0.7932,-0.7892,0.7188,1.0863,1.1896,0,3
cimbalom_felt,34,A#1,0.4200,corpus,felt_mallet,Felt,0.2950,4.0909,58.2700,116.5420,0.4768,0.9535,-0.4647,-1.9017,,0.0000,-0.0640,-0.0641,-0.0726,-0.0640,-7.0472,1.0578,1.0656,0,3
cimbalom_felt,34,A#1,0.4600,corpus,felt_mallet,Felt,0.2950,3.9469,58.2700,116.5420,0.4600,0.9200,-0.4324,-1.7663,,0.0000,-0.1671,-0.1671,-0.1749,-0.1671,-6.2247,1.0617,1.0823,0,3
cimbalom_felt,35,B1,0.0500,regular,felt_mallet,Felt,0.2950,8.0000,61.7350,123.4730,0.9878,1.9756,-2.0454,-9.2629,,0.0000,5.7164,5.7164,5.6644,0.0000,-26.9540,0.8981,0.4651,0,3
cimbalom_felt,35,B1,0.0750,regular,felt_mallet,Felt,0.2950,7.9165,61.7350,123.4730,0.9775,1.9550,-2.0015,-9.0324,,0.0000,5.5296,5.5297,5.4791,0.0000,-23.3883,0.9027,0.4776,0,3
cimbalom_felt,35,B1,0.1000,regular,felt_mallet,Felt,0.2950,7.0683,61.7350,123.4730,0.8727,1.7455,-1.5850,-6.9347,,0.0000,3.8486,3.8486,3.8125,0.0000,-20.4729,0.9470,0.6080,0,3
cimbalom_felt,35,B1,0.1250,regular,felt_mallet,Felt,0.2950,6.4735,61.7350,123.4730,0.7993,1.5986,-1.3240,-5.6923,,0.0000,2.8673,2.8673,2.8387,0.0000,-18.2737,0.9759,0.7015,0,3
cimbalom_felt,35,B1,0.1500,regular,felt_mallet,Felt,0.2950,6.0249,61.7350,123.4730,0.7439,1.4878,-1.1435,-4.8612,,0.0000,2.2166,2.2166,2.1926,0.0000,-16.5097,0.9964,0.7720,0,3
cimbalom_felt,35,B1,0.1750,regular,felt_mallet,Felt,0.2950,5.6699,61.7350,123.4730,0.7001,1.4002,-1.0106,-4.2621,,0.0000,1.7503,1.7503,1.7298,0.0000,-15.0378,1.0117,0.8271,0,3
cimbalom_felt,35,B1,0.2000,regular,felt_mallet,Felt,0.2950,5.3793,61.7350,123.4730,0.6642,1.3284,-0.9083,-3.8075,,0.0000,1.3982,1.3981,1.3800,0.0000,-13.7755,1.0237,0.8715,0,3
cimbalom_felt,35,B1,0.2250,regular,felt_mallet,Felt,0.2950,5.1354,61.7350,123.4730,0.6341,1.2682,-0.8267,-3.4496,,0.0000,1.1218,1.1218,1.1055,0.0000,-12.6710,1.0334,0.9082,0,3
cimbalom_felt,35,B1,0.2500,regular,felt_mallet,Felt,0.2950,4.9266,61.7350,123.4730,0.6083,1.2166,-0.7601,-3.1597,,0.0000,0.8985,0.8985,0.8838,0.0000,-11.6892,1.0414,0.9390,0,3
cimbalom_felt,35,B1,0.2750,regular,felt_mallet,Felt,0.2950,4.7451,61.7350,123.4730,0.5859,1.1718,-0.7045,-2.9196,,0.0000,0.7140,0.7141,0.7005,0.0000,-10.8058,1.0480,0.9653,0,3
cimbalom_felt,35,B1,0.3000,regular,felt_mallet,Felt,0.2950,4.5852,61.7350,123.4730,0.5661,1.1323,-0.6573,-2.7172,,0.0000,0.5587,0.5588,0.5463,0.0000,-10.0028,1.0537,0.9881,0,3
cimbalom_felt,35,B1,0.3250,regular,felt_mallet,Felt,0.2950,4.4429,61.7350,123.4730,0.5486,1.0972,-0.6167,-2.5439,,0.0000,0.4261,0.4261,0.4145,0.0000,-9.2670,1.0587,1.0080,0,3
cimbalom_felt,35,B1,0.3500,regular,felt_mallet,Felt,0.2950,4.3151,61.7350,123.4730,0.5328,1.0656,-0.5814,-2.3938,,0.0000,0.3113,0.3113,0.3004,0.0000,-8.5881,1.0630,1.0256,0,3
cimbalom_felt,35,B1,0.3750,regular,felt_mallet,Felt,0.2950,4.1994,61.7350,123.4730,0.5185,1.0370,-0.5504,-2.2624,,0.0000,0.2109,0.2109,0.2006,0.0000,-7.9577,1.0668,1.0412,0,3
cimbalom_felt,35,B1,0.4000,regular,felt_mallet,Felt,0.2950,4.0939,61.7350,123.4730,0.5055,1.0110,-0.5229,-2.1462,,0.0000,0.1223,0.1222,0.1124,0.0000,-7.3697,1.0702,1.0552,0,3
cimbalom_felt,35,B1,0.4250,regular,felt_mallet,Felt,0.2950,3.9973,61.7350,123.4730,0.4935,0.9871,-0.4983,-2.0427,,0.0000,0.0433,0.0433,0.0340,0.0000,-6.8184,1.0732,1.0679,0,3
cimbalom_felt,35,B1,0.4500,regular,felt_mallet,Felt,0.2950,3.9083,61.7350,123.4730,0.4826,0.9651,-0.4762,-1.9498,,0.0000,-0.0275,-0.0274,-0.0365,-0.0275,-6.2999,1.0760,1.0794,0,3
cimbalom_felt,35,B1,0.4750,regular,felt_mallet,Felt,0.2950,3.8260,61.7350,123.4730,0.4724,0.9448,-0.4562,-1.8660,,0.0000,-0.0913,-0.0913,-0.0997,-0.0913,-5.8102,1.0784,1.0898,0,3
cimbalom_felt,35,B1,0.5000,regular,felt_mallet,Felt,0.2950,3.7494,61.7350,123.4730,0.4629,0.9259,-0.4380,-1.7899,,0.0000,-0.1491,-0.1492,-0.1572,-0.1491,-5.3465,1.0807,1.0994,0,3
cimbalom_felt,35,B1,0.5250,regular,felt_mallet,Felt,0.2950,3.6780,61.7350,123.4730,0.4541,0.9083,-0.4214,-1.7205,,0.0000,-0.2020,-0.2019,-0.2099,-0.2020,-4.9062,1.0828,1.1082,0,3
cimbalom_felt,35,B1,0.5500,regular,felt_mallet,Felt,0.2950,3.6113,61.7350,123.4730,0.4459,0.8918,-0.4061,-1.6569,,0.0000,-0.2503,-0.2503,-0.2579,-0.2503,-4.4868,1.0847,1.1164,0,3
cimbalom_felt,35,B1,0.5750,regular,felt_mallet,Felt,0.2950,3.5486,61.7350,123.4730,0.4381,0.8763,-0.3921,-1.5984,,0.0000,-0.2947,-0.2947,-0.3019,-0.2947,-4.0866,1.0864,1.1239,0,3
cimbalom_felt,35,B1,0.6000,regular,felt_mallet,Felt,0.2950,3.4896,61.7350,123.4730,0.4309,0.8617,-0.3790,-1.5443,,0.0000,-0.3358,-0.3358,-0.3427,-0.3358,-3.7040,1.0880,1.1309,0,3
cimbalom_felt,35,B1,0.6250,regular,felt_mallet,Felt,0.2950,3.4339,61.7350,123.4730,0.4240,0.8480,-0.3670,-1.4943,,0.0000,-0.3737,-0.3738,-0.3803,-0.3737,-3.3373,1.0896,1.1375,0,3
cimbalom_felt,35,B1,0.6500,regular,felt_mallet,Felt,0.2950,3.3812,61.7350,123.4730,0.4175,0.8350,-0.3558,-1.4477,,0.0000,-0.4091,-0.4091,-0.4154,-0.4091,-2.9854,1.0910,1.1436,0,3
cimbalom_felt,35,B1,0.6750,regular,felt_mallet,Felt,0.2950,3.3313,61.7350,123.4730,0.4113,0.8227,-0.3453,-1.4044,,0.0000,-0.4421,-0.4420,-0.4483,-0.4421,-2.6472,1.0923,1.1493,0,3
cimbalom_felt,35,B1,0.7000,regular,felt_mallet,Felt,0.2950,3.2840,61.7350,123.4730,0.4055,0.8110,-0.3355,-1.3638,,0.0000,-0.4727,-0.4727,-0.4788,-0.4727,-2.3214,1.0935,1.1547,0,3
cimbalom_felt,35,B1,0.7250,regular,felt_mallet,Felt,0.2950,3.2389,61.7350,123.4730,0.3999,0.7998,-0.3263,-1.3258,,0.0000,-0.5015,-0.5015,-0.5075,-0.5015,-2.0074,1.0947,1.1598,0,3
cimbalom_felt,35,B1,0.7500,regular,felt_mallet,Felt,0.2950,3.1959,61.7350,123.4730,0.3946,0.7892,-0.3176,-1.2901,,0.0000,-0.5286,-0.5286,-0.5343,-0.5286,-1.7043,1.0958,1.1645,0,3
cimbalom_felt,35,B1,0.7750,regular,felt_mallet,Felt,0.2950,3.1549,61.7350,123.4730,0.3895,0.7791,-0.3095,-1.2566,,0.0000,-0.5540,-0.5540,-0.5595,-0.5540,-1.4114,1.0968,1.1690,0,3
cimbalom_felt,35,B1,0.8000,regular,felt_mallet,Felt,0.2950,3.1157,61.7350,123.4730,0.3847,0.7694,-0.3018,-1.2249,,0.0000,-0.5780,-0.5780,-0.5835,-0.5780,-1.1280,1.0978,1.1733,0,3
cimbalom_felt,35,B1,0.8250,regular,felt_mallet,Felt,0.2950,3.0781,61.7350,123.4730,0.3801,0.7601,-0.2945,-1.1950,,0.0000,-0.6006,-0.6006,-0.6060,-0.6006,-0.8534,1.0987,1.1774,0,3
cimbalom_felt,35,B1,0.8500,regular,felt_mallet,Felt,0.2950,3.0422,61.7350,123.4730,0.3756,0.7512,-0.2877,-1.1667,,0.0000,-0.6220,-0.6220,-0.6272,-0.6220,-0.5872,1.0996,1.1812,0,3
cimbalom_felt,35,B1,0.8750,regular,felt_mallet,Felt,0.2950,3.0076,61.7350,123.4730,0.3713,0.7427,-0.2811,-1.1399,,0.0000,-0.6423,-0.6423,-0.6474,-0.6423,-0.3289,1.1004,1.1848,0,3
cimbalom_felt,35,B1,0.9000,regular,felt_mallet,Felt,0.2950,2.9744,61.7350,123.4730,0.3673,0.7345,-0.2749,-1.1144,,0.0000,-0.6617,-0.6616,-0.6667,-0.6617,-0.0781,1.1012,1.1883,0,3
cimbalom_felt,35,B1,0.9250,regular,felt_mallet,Felt,0.2950,2.9425,61.7350,123.4730,0.3633,0.7266,-0.2691,-1.0902,,0.0000,-0.6800,-0.6799,-0.6849,-0.6800,0.1658,1.1019,1.1917,0,3
cimbalom_felt,35,B1,0.9500,regular,felt_mallet,Felt,0.2950,2.9117,61.7350,123.4730,0.3595,0.7190,-0.2634,-1.0671,,0.0000,-0.6974,-0.6974,-0.7021,-0.6974,0.4031,1.1026,1.1948,0,3
cimbalom_felt,35,B1,0.9750,regular,felt_mallet,Felt,0.2950,2.8821,61.7350,123.4730,0.3559,0.7117,-0.2581,-1.0452,,0.0000,-0.7140,-0.7140,-0.7187,-0.7140,0.6340,1.1033,1.1978,0,3
cimbalom_felt,35,B1,1.0000,regular,felt_mallet,Felt,0.2950,2.8535,61.7350,123.4730,0.3523,0.7047,-0.2530,-1.0242,,0.0000,-0.7298,-0.7298,-0.7343,-0.7298,0.8591,1.1040,1.2007,0,3
cimbalom_felt,35,B1,0.4200,corpus,felt_mallet,Felt,0.2950,4.0160,61.7350,123.4730,0.4959,0.9917,-0.5030,-2.0625,,0.0000,0.0585,0.0584,0.0492,0.0000,-6.9259,1.0726,1.0654,0,3
cimbalom_felt,35,B1,0.4600,corpus,felt_mallet,Felt,0.2950,3.8746,61.7350,123.4730,0.4784,0.9568,-0.4680,-1.9153,,0.0000,-0.0537,-0.0537,-0.0624,-0.0537,-6.1008,1.0770,1.0837,0,3
cimbalom_felt,36,C2,0.0500,regular,felt_mallet,Felt,0.2950,8.0000,65.4060,130.8150,1.0465,2.0930,-2.3055,-10.6735,,0.0000,6.8669,6.8668,6.8040,0.0000,-27.0523,0.8880,0.4028,0,3
cimbalom_felt,36,C2,0.0750,regular,felt_mallet,Felt,0.2950,7.7715,65.4060,130.8150,1.0166,2.0333,-2.1710,-9.9343,,0.0000,6.2622,6.2621,6.2052,0.0000,-23.3960,0.9019,0.4386,0,3
cimbalom_felt,36,C2,0.1000,regular,felt_mallet,Felt,0.2950,6.9389,65.4060,130.8150,0.9077,1.8154,-1.7182,-7.5888,,0.0000,4.3695,4.3694,4.3293,0.0000,-20.4444,0.9501,0.5745,0,3
cimbalom_felt,36,C2,0.1250,regular,felt_mallet,Felt,0.2950,6.3549,65.4060,130.8150,0.8313,1.6626,-1.4347,-6.2132,,0.0000,3.2774,3.2774,3.2456,0.0000,-18.2227,0.9817,0.6731,0,3
cimbalom_felt,36,C2,0.1500,regular,felt_mallet,Felt,0.2950,5.9145,65.4060,130.8150,0.7737,1.5474,-1.2389,-5.2977,,0.0000,2.5577,2.5577,2.5313,0.0000,-16.4432,1.0040,0.7479,0,3
cimbalom_felt,36,C2,0.1750,regular,felt_mallet,Felt,0.2950,5.5660,65.4060,130.8150,0.7281,1.4562,-1.0947,-4.6397,,0.0000,2.0439,2.0439,2.0213,0.0000,-14.9601,1.0208,0.8068,0,3
cimbalom_felt,36,C2,0.2000,regular,felt_mallet,Felt,0.2950,5.2808,65.4060,130.8150,0.6908,1.3816,-0.9836,-4.1416,,0.0000,1.6570,1.6569,1.6372,0.0000,-13.6892,1.0340,0.8544,0,3
cimbalom_felt,36,C2,0.2250,regular,felt_mallet,Felt,0.2950,5.0414,65.4060,130.8150,0.6595,1.3190,-0.8952,-3.7501,,0.0000,1.3537,1.3537,1.3357,0.0000,-12.5778,1.0445,0.8938,0,3
cimbalom_felt,36,C2,0.2500,regular,felt_mallet,Felt,0.2950,4.8364,65.4060,130.8150,0.6327,1.2654,-0.8230,-3.4333,,0.0000,1.1093,1.1092,1.0931,0.0000,-11.5903,1.0533,0.9270,0,3
cimbalom_felt,36,C2,0.2750,regular,felt_mallet,Felt,0.2950,4.6582,65.4060,130.8150,0.6093,1.2187,-0.7627,-3.1712,,0.0000,0.9074,0.9074,0.8928,0.0000,-10.7022,1.0606,0.9554,0,3
cimbalom_felt,36,C2,0.3000,regular,felt_mallet,Felt,0.2950,4.5012,65.4060,130.8150,0.5888,1.1777,-0.7116,-2.9504,,0.0000,0.7376,0.7377,0.7239,0.0000,-9.8954,1.0669,0.9800,0,3
cimbalom_felt,36,C2,0.3250,regular,felt_mallet,Felt,0.2950,4.3615,65.4060,130.8150,0.5705,1.1411,-0.6677,-2.7616,,0.0000,0.5930,0.5928,0.5800,0.0000,-9.1561,1.0723,1.0015,0,3
cimbalom_felt,36,C2,0.3500,regular,felt_mallet,Felt,0.2950,4.2360,65.4060,130.8150,0.5541,1.1083,-0.6294,-2.5980,,0.0000,0.4675,0.4675,0.4555,0.0000,-8.4743,1.0770,1.0206,0,3
cimbalom_felt,36,C2,0.3750,regular,felt_mallet,Felt,0.2950,4.1224,65.4060,130.8150,0.5393,1.0786,-0.5958,-2.4549,,0.0000,0.3581,0.3580,0.3468,0.0000,-7.8413,1.0812,1.0375,0,3
cimbalom_felt,36,C2,0.4000,regular,felt_mallet,Felt,0.2950,4.0190,65.4060,130.8150,0.5257,1.0515,-0.5660,-2.3284,,0.0000,0.2613,0.2613,0.2506,0.0000,-7.2510,1.0849,1.0528,0,3
cimbalom_felt,36,C2,0.4250,regular,felt_mallet,Felt,0.2950,3.9241,65.4060,130.8150,0.5133,1.0267,-0.5394,-2.2158,,0.0000,0.1753,0.1753,0.1653,0.0000,-6.6978,1.0882,1.0665,0,3
cimbalom_felt,36,C2,0.4500,regular,felt_mallet,Felt,0.2950,3.8367,65.4060,130.8150,0.5019,1.0038,-0.5154,-2.1148,,0.0000,0.0981,0.0983,0.0881,0.0000,-6.1773,1.0912,1.0790,0,3
cimbalom_felt,36,C2,0.4750,regular,felt_mallet,Felt,0.2950,3.7559,65.4060,130.8150,0.4913,0.9827,-0.4938,-2.0236,,0.0000,0.0287,0.0288,0.0195,0.0000,-5.6862,1.0939,1.0903,0,3
cimbalom_felt,36,C2,0.5000,regular,felt_mallet,Felt,0.2950,3.6808,65.4060,130.8150,0.4815,0.9630,-0.4741,-1.9409,,0.0000,-0.0342,-0.0343,-0.0429,-0.0342,-5.2208,1.0964,1.1008,0,3
cimbalom_felt,36,C2,0.5250,regular,felt_mallet,Felt,0.2950,3.6107,65.4060,130.8150,0.4723,0.9447,-0.4561,-1.8654,,0.0000,-0.0917,-0.0917,-0.1002,-0.0917,-4.7791,1.0987,1.1104,0,3
cimbalom_felt,36,C2,0.5500,regular,felt_mallet,Felt,0.2950,3.5451,65.4060,130.8150,0.4637,0.9275,-0.4395,-1.7963,,0.0000,-0.1443,-0.1443,-0.1522,-0.1443,-4.3584,1.1008,1.1193,0,3
cimbalom_felt,36,C2,0.5750,regular,felt_mallet,Felt,0.2950,3.4836,65.4060,130.8150,0.4557,0.9114,-0.4243,-1.7327,,0.0000,-0.1926,-0.1927,-0.2004,-0.1926,-3.9571,1.1027,1.1275,0,3
cimbalom_felt,36,C2,0.6000,regular,felt_mallet,Felt,0.2950,3.4257,65.4060,130.8150,0.4481,0.8963,-0.4102,-1.6740,,0.0000,-0.2373,-0.2373,-0.2449,-0.2373,-3.5733,1.1045,1.1351,0,3
cimbalom_felt,36,C2,0.6250,regular,felt_mallet,Felt,0.2950,3.3710,65.4060,130.8150,0.4410,0.8820,-0.3972,-1.6196,,0.0000,-0.2786,-0.2786,-0.2858,-0.2786,-3.2058,1.1062,1.1422,0,3
cimbalom_felt,36,C2,0.6500,regular,felt_mallet,Felt,0.2950,3.3193,65.4060,130.8150,0.4342,0.8684,-0.3850,-1.5691,,0.0000,-0.3170,-0.3170,-0.3241,-0.3170,-2.8530,1.1077,1.1489,0,3
cimbalom_felt,36,C2,0.6750,regular,felt_mallet,Felt,0.2950,3.2703,65.4060,130.8150,0.4278,0.8556,-0.3737,-1.5220,,0.0000,-0.3529,-0.3528,-0.3598,-0.3529,-2.5138,1.1092,1.1552,0,3
cimbalom_felt,36,C2,0.7000,regular,felt_mallet,Felt,0.2950,3.2238,65.4060,130.8150,0.4217,0.8434,-0.3630,-1.4779,,0.0000,-0.3862,-0.3862,-0.3928,-0.3862,-2.1874,1.1105,1.1610,0,3
cimbalom_felt,36,C2,0.7250,regular,felt_mallet,Felt,0.2950,3.1796,65.4060,130.8150,0.4159,0.8319,-0.3531,-1.4367,,0.0000,-0.4174,-0.4175,-0.4239,-0.4174,-1.8725,1.1118,1.1666,0,3
cimbalom_felt,36,C2,0.7500,regular,felt_mallet,Felt,0.2950,3.1374,65.4060,130.8150,0.4104,0.8208,-0.3437,-1.3980,,0.0000,-0.4468,-0.4468,-0.4531,-0.4468,-1.5687,1.1130,1.1718,0,3
cimbalom_felt,36,C2,0.7750,regular,felt_mallet,Felt,0.2950,3.0971,65.4060,130.8150,0.4051,0.8103,-0.3349,-1.3615,,0.0000,-0.4745,-0.4745,-0.4805,-0.4745,-1.2751,1.1141,1.1767,0,3
cimbalom_felt,36,C2,0.8000,regular,felt_mallet,Felt,0.2950,3.0586,65.4060,130.8150,0.4001,0.8002,-0.3266,-1.3272,,0.0000,-0.5004,-0.5005,-0.5064,-0.5004,-0.9910,1.1152,1.1814,0,3
cimbalom_felt,36,C2,0.8250,regular,felt_mallet,Felt,0.2950,3.0218,65.4060,130.8150,0.3953,0.7906,-0.3187,-1.2947,,0.0000,-0.5250,-0.5251,-0.5308,-0.5250,-0.7158,1.1162,1.1858,0,3
cimbalom_felt,36,C2,0.8500,regular,felt_mallet,Felt,0.2950,2.9864,65.4060,130.8150,0.3907,0.7813,-0.3113,-1.2640,,0.0000,-0.5483,-0.5484,-0.5540,-0.5483,-0.4491,1.1172,1.1900,0,3
cimbalom_felt,36,C2,0.8750,regular,felt_mallet,Felt,0.2950,2.9525,65.4060,130.8150,0.3862,0.7725,-0.3042,-1.2349,,0.0000,-0.5705,-0.5704,-0.5760,-0.5705,-0.1903,1.1181,1.1940,0,3
cimbalom_felt,36,C2,0.9000,regular,felt_mallet,Felt,0.2950,2.9199,65.4060,130.8150,0.3820,0.7639,-0.2975,-1.2073,,0.0000,-0.5913,-0.5913,-0.5967,-0.5913,0.0611,1.1190,1.1978,0,3
cimbalom_felt,36,C2,0.9250,regular,felt_mallet,Felt,0.2950,2.8886,65.4060,130.8150,0.3779,0.7557,-0.2911,-1.1810,,0.0000,-0.6112,-0.6112,-0.6165,-0.6112,0.3055,1.1198,1.2014,0,3
cimbalom_felt,36,C2,0.9500,regular,felt_mallet,Felt,0.2950,2.8584,65.4060,130.8150,0.3739,0.7478,-0.2851,-1.1560,,0.0000,-0.6302,-0.6302,-0.6353,-0.6302,0.5432,1.1206,1.2049,0,3
cimbalom_felt,36,C2,0.9750,regular,felt_mallet,Felt,0.2950,2.8293,65.4060,130.8150,0.3701,0.7402,-0.2793,-1.1321,,0.0000,-0.6482,-0.6482,-0.6532,-0.6482,0.7746,1.1213,1.2082,0,3
cimbalom_felt,36,C2,1.0000,regular,felt_mallet,Felt,0.2950,2.8012,65.4060,130.8150,0.3664,0.7329,-0.2737,-1.1094,,0.0000,-0.6654,-0.6654,-0.6703,-0.6654,1.0001,1.1220,1.2114,0,3
cimbalom_felt,36,C2,0.4200,corpus,felt_mallet,Felt,0.2950,3.9424,65.4060,130.8150,0.5157,1.0315,-0.5445,-2.2373,,0.0000,0.1917,0.1918,0.1815,0.0000,-6.8057,1.0876,1.0638,0,3
cimbalom_felt,36,C2,0.4600,corpus,felt_mallet,Felt,0.2950,3.8037,65.4060,130.8150,0.4976,0.9952,-0.5065,-2.0772,,0.0000,0.0697,0.0696,0.0601,0.0000,-5.9775,1.0924,1.0836,0,3
cimbalom_felt,37,C#2,0.0500,regular,felt_mallet,Felt,0.2950,8.0000,69.2960,138.5940,1.1087,2.2175,-2.6003,-12.3769,,0.0000,8.2754,8.2755,8.1972,0.0000,-27.1828,0.8748,0.3374,0,3
cimbalom_felt,37,C#2,0.0750,regular,felt_mallet,Felt,0.2950,7.6513,69.2960,138.5940,1.0604,2.1209,-2.3697,-11.0339,,0.0000,7.1633,7.1631,7.0971,0.0000,-23.4304,0.8983,0.3938,0,3
cimbalom_felt,37,C#2,0.1000,regular,felt_mallet,Felt,0.2950,6.8285,69.2960,138.5940,0.9464,1.8928,-1.8724,-8.3651,,0.0000,4.9914,4.9916,4.9458,0.0000,-20.4344,0.9512,0.5354,0,3
cimbalom_felt,37,C#2,0.1250,regular,felt_mallet,Felt,0.2950,6.2518,69.2960,138.5940,0.8664,1.7329,-1.5617,-6.8215,,0.0000,3.7587,3.7588,3.7235,0.0000,-18.1855,0.9859,0.6396,0,3
cimbalom_felt,37,C#2,0.1500,regular,felt_mallet,Felt,0.2950,5.8169,69.2960,138.5940,0.8062,1.6124,-1.3474,-5.8017,,0.0000,2.9532,2.9532,2.9242,0.0000,-16.3875,1.0105,0.7192,0,3
cimbalom_felt,37,C#2,0.1750,regular,felt_mallet,Felt,0.2950,5.4729,69.2960,138.5940,0.7585,1.5170,-1.1898,-5.0720,,0.0000,2.3811,2.3812,2.3560,0.0000,-14.8910,1.0290,0.7823,0,3
cimbalom_felt,37,C#2,0.2000,regular,felt_mallet,Felt,0.2950,5.1914,69.2960,138.5940,0.7195,1.4390,-1.0685,-4.5213,,0.0000,1.9517,1.9518,1.9297,0.0000,-13.6099,1.0435,0.8335,0,3
cimbalom_felt,37,C#2,0.2250,regular,felt_mallet,Felt,0.2950,4.9551,69.2960,138.5940,0.6867,1.3735,-0.9719,-4.0895,,0.0000,1.6164,1.6165,1.5968,0.0000,-12.4902,1.0551,0.8760,0,3
cimbalom_felt,37,C#2,0.2500,regular,felt_mallet,Felt,0.2950,4.7529,69.2960,138.5940,0.6587,1.3174,-0.8931,-3.7407,,0.0000,1.3466,1.3466,1.3289,0.0000,-11.4962,1.0648,0.9118,0,3
cimbalom_felt,37,C#2,0.2750,regular,felt_mallet,Felt,0.2950,4.5771,69.2960,138.5940,0.6343,1.2687,-0.8274,-3.4526,,0.0000,1.1242,1.1242,1.1079,0.0000,-10.6027,1.0728,0.9426,0,3
cimbalom_felt,37,C#2,0.3000,regular,felt_mallet,Felt,0.2950,4.4222,69.2960,138.5940,0.6129,1.2258,-0.7717,-3.2102,,0.0000,0.9374,0.9374,0.9224,0.0000,-9.7913,1.0797,0.9693,0,3
cimbalom_felt,37,C#2,0.3250,regular,felt_mallet,Felt,0.2950,4.2845,69.2960,138.5940,0.5938,1.1876,-0.7238,-3.0030,,0.0000,0.7782,0.7782,0.7643,0.0000,-9.0481,1.0857,0.9927,0,3
cimbalom_felt,37,C#2,0.3500,regular,felt_mallet,Felt,0.2950,4.1607,69.2960,138.5940,0.5766,1.1533,-0.6822,-2.8238,,0.0000,0.6406,0.6406,0.6276,0.0000,-8.3628,1.0909,1.0134,0,3
cimbalom_felt,37,C#2,0.3750,regular,felt_mallet,Felt,0.2950,4.0487,69.2960,138.5940,0.5611,1.1223,-0.6456,-2.6670,,0.0000,0.5204,0.5204,0.5079,0.0000,-7.7269,1.0955,1.0318,0,3
cimbalom_felt,37,C#2,0.4000,regular,felt_mallet,Felt,0.2950,3.9467,69.2960,138.5940,0.5470,1.0940,-0.6131,-2.5286,,0.0000,0.4143,0.4144,0.4026,0.0000,-7.1339,1.0996,1.0484,0,3
cimbalom_felt,37,C#2,0.4250,regular,felt_mallet,Felt,0.2950,3.8532,69.2960,138.5940,0.5340,1.0681,-0.5842,-2.4054,,0.0000,0.3201,0.3202,0.3090,0.0000,-6.5783,1.1033,1.0634,0,3
cimbalom_felt,37,C#2,0.4500,regular,felt_mallet,Felt,0.2950,3.7671,69.2960,138.5940,0.5221,1.0442,-0.5581,-2.2950,,0.0000,0.2358,0.2358,0.2253,0.0000,-6.0559,1.1066,1.0770,0,3
cimbalom_felt,37,C#2,0.4750,regular,felt_mallet,Felt,0.2950,3.6874,69.2960,138.5940,0.5110,1.0221,-0.5346,-2.1954,,0.0000,0.1598,0.1598,0.1499,0.0000,-5.5626,1.1096,1.0894,0,3
cimbalom_felt,37,C#2,0.5000,regular,felt_mallet,Felt,0.2950,3.6133,69.2960,138.5940,0.5008,1.0016,-0.5131,-2.1050,,0.0000,0.0909,0.0909,0.0814,0.0000,-5.0957,1.1124,1.1008,0,3
cimbalom_felt,37,C#2,0.5250,regular,felt_mallet,Felt,0.2950,3.5443,69.2960,138.5940,0.4912,0.9824,-0.4936,-2.0227,,0.0000,0.0281,0.0281,0.0189,0.0000,-4.6523,1.1149,1.1113,0,3
cimbalom_felt,37,C#2,0.5500,regular,felt_mallet,Felt,0.2950,3.4797,69.2960,138.5940,0.4823,0.9645,-0.4756,-1.9473,,0.0000,-0.0295,-0.0294,-0.0382,-0.0295,-4.2304,1.1172,1.1210,0,3
cimbalom_felt,37,C#2,0.5750,regular,felt_mallet,Felt,0.2950,3.4190,69.2960,138.5940,0.4739,0.9477,-0.4590,-1.8779,,0.0000,-0.0823,-0.0822,-0.0908,-0.0823,-3.8276,1.1193,1.1300,0,3
cimbalom_felt,37,C#2,0.6000,regular,felt_mallet,Felt,0.2950,3.3620,69.2960,138.5940,0.4659,0.9319,-0.4437,-1.8139,,0.0000,-0.1310,-0.1309,-0.1392,-0.1310,-3.4427,1.1213,1.1383,0,3
cimbalom_felt,37,C#2,0.6250,regular,felt_mallet,Felt,0.2950,3.3081,69.2960,138.5940,0.4585,0.9170,-0.4296,-1.7546,,0.0000,-0.1761,-0.1760,-0.1838,-0.1761,-3.0740,1.1231,1.1461,0,3
cimbalom_felt,37,C#2,0.6500,regular,felt_mallet,Felt,0.2950,3.2572,69.2960,138.5940,0.4514,0.9029,-0.4163,-1.6995,,0.0000,-0.2179,-0.2179,-0.2254,-0.2179,-2.7200,1.1248,1.1534,0,3
cimbalom_felt,37,C#2,0.6750,regular,felt_mallet,Felt,0.2950,3.2090,69.2960,138.5940,0.4447,0.8895,-0.4040,-1.6482,,0.0000,-0.2570,-0.2569,-0.2644,-0.2570,-2.3800,1.1264,1.1602,0,3
cimbalom_felt,37,C#2,0.7000,regular,felt_mallet,Felt,0.2950,3.1632,69.2960,138.5940,0.4384,0.8768,-0.3925,-1.6002,,0.0000,-0.2934,-0.2934,-0.3005,-0.2934,-2.0526,1.1279,1.1667,0,3
cimbalom_felt,37,C#2,0.7250,regular,felt_mallet,Felt,0.2950,3.1196,69.2960,138.5940,0.4323,0.8647,-0.3817,-1.5553,,0.0000,-0.3275,-0.3275,-0.3344,-0.3275,-1.7369,1.1293,1.1727,0,3
cimbalom_felt,37,C#2,0.7500,regular,felt_mallet,Felt,0.2950,3.0780,69.2960,138.5940,0.4266,0.8532,-0.3715,-1.5131,,0.0000,-0.3595,-0.3595,-0.3664,-0.3595,-1.4323,1.1306,1.1784,0,3
cimbalom_felt,37,C#2,0.7750,regular,felt_mallet,Felt,0.2950,3.0384,69.2960,138.5940,0.4211,0.8422,-0.3620,-1.4735,,0.0000,-0.3896,-0.3896,-0.3961,-0.3896,-1.1379,1.1319,1.1838,0,3
cimbalom_felt,37,C#2,0.8000,regular,felt_mallet,Felt,0.2950,3.0005,69.2960,138.5940,0.4158,0.8317,-0.3529,-1.4361,,0.0000,-0.4179,-0.4179,-0.4242,-0.4179,-0.8531,1.1331,1.1889,0,3
cimbalom_felt,37,C#2,0.8250,regular,felt_mallet,Felt,0.2950,2.9642,69.2960,138.5940,0.4108,0.8216,-0.3444,-1.4007,,0.0000,-0.4447,-0.4447,-0.4509,-0.4447,-0.5773,1.1342,1.1938,0,3
cimbalom_felt,37,C#2,0.8500,regular,felt_mallet,Felt,0.2950,2.9294,69.2960,138.5940,0.4060,0.8120,-0.3363,-1.3673,,0.0000,-0.4700,-0.4701,-0.4762,-0.4700,-0.3099,1.1352,1.1984,0,3
cimbalom_felt,37,C#2,0.8750,regular,felt_mallet,Felt,0.2950,2.8960,69.2960,138.5940,0.4014,0.8027,-0.3287,-1.3357,,0.0000,-0.4940,-0.4941,-0.5001,-0.4940,-0.0504,1.1362,1.2027,0,3
cimbalom_felt,37,C#2,0.9000,regular,felt_mallet,Felt,0.2950,2.8639,69.2960,138.5940,0.3969,0.7938,-0.3214,-1.3056,,0.0000,-0.5169,-0.5168,-0.5228,-0.5169,0.2014,1.1372,1.2069,0,3
cimbalom_felt,37,C#2,0.9250,regular,felt_mallet,Felt,0.2950,2.8330,69.2960,138.5940,0.3926,0.7853,-0.3145,-1.2770,,0.0000,-0.5385,-0.5385,-0.5443,-0.5385,0.4464,1.1381,1.2109,0,3
cimbalom_felt,37,C#2,0.9500,regular,felt_mallet,Felt,0.2950,2.8033,69.2960,138.5940,0.3885,0.7770,-0.3079,-1.2499,,0.0000,-0.5591,-0.5591,-0.5647,-0.5591,0.6846,1.1389,1.2147,0,3
cimbalom_felt,37,C#2,0.9750,regular,felt_mallet,Felt,0.2950,2.7747,69.2960,138.5940,0.3845,0.7691,-0.3016,-1.2239,,0.0000,-0.5787,-0.5787,-0.5843,-0.5787,0.9165,1.1398,1.2183,0,3
cimbalom_felt,37,C#2,1.0000,regular,felt_mallet,Felt,0.2950,2.7470,69.2960,138.5940,0.3807,0.7614,-0.2956,-1.1992,,0.0000,-0.5973,-0.5974,-0.6026,-0.5973,1.1425,1.1406,1.2218,0,3
cimbalom_felt,37,C#2,0.4200,corpus,felt_mallet,Felt,0.2950,3.8713,69.2960,138.5940,0.5365,1.0731,-0.5897,-2.4290,,0.0000,0.3382,0.3382,0.3271,0.0000,-6.6867,1.1026,1.0605,0,3
cimbalom_felt,37,C#2,0.4600,corpus,felt_mallet,Felt,0.2950,3.7345,69.2960,138.5940,0.5176,1.0352,-0.5484,-2.2540,,0.0000,0.2045,0.2045,0.1943,0.0000,-5.8552,1.1079,1.0821,0,3
cimbalom_felt,38,D2,0.0500,regular,felt_mallet,Felt,0.2950,8.0000,73.4160,146.8350,1.1747,2.3494,-2.9346,-14.4811,,0.0000,10.0452,10.0454,9.9459,0.0000,-27.3500,0.8581,0.2699,0,3
cimbalom_felt,38,D2,0.0750,regular,felt_mallet,Felt,0.2950,7.5329,73.4160,146.8350,1.1061,2.2122,-2.5873,-12.2990,,0.0000,8.2106,8.2106,8.1333,0.0000,-23.4809,0.8931,0.3470,0,3
cimbalom_felt,38,D2,0.1000,regular,felt_mallet,Felt,0.2950,6.7199,73.4160,146.8350,0.9867,1.9734,-2.0409,-9.2388,,0.0000,5.6970,5.6969,5.6450,0.0000,-20.4357,0.9511,0.4936,0,3
cimbalom_felt,38,D2,0.1250,regular,felt_mallet,Felt,0.2950,6.1502,73.4160,146.8350,0.9030,1.8061,-1.7002,-7.4994,,0.0000,4.2982,4.2982,4.2583,0.0000,-18.1568,0.9891,0.6030,0,3
cimbalom_felt,38,D2,0.1500,regular,felt_mallet,Felt,0.2950,5.7208,73.4160,146.8350,0.8400,1.6800,-1.4656,-6.3600,,0.0000,3.3932,3.3934,3.3607,0.0000,-16.3386,1.0162,0.6876,0,3
cimbalom_felt,38,D2,0.1750,regular,felt_mallet,Felt,0.2950,5.3812,73.4160,146.8350,0.7901,1.5803,-1.2932,-5.5490,,0.0000,2.7548,2.7548,2.7272,0.0000,-14.8273,1.0366,0.7549,0,3
cimbalom_felt,38,D2,0.2000,regular,felt_mallet,Felt,0.2950,5.1034,73.4160,146.8350,0.7493,1.4987,-1.1607,-4.9392,,0.0000,2.2775,2.2775,2.2533,0.0000,-13.5349,1.0525,0.8097,0,3
cimbalom_felt,38,D2,0.2250,regular,felt_mallet,Felt,0.2950,4.8702,73.4160,146.8350,0.7151,1.4302,-1.0553,-4.4622,,0.0000,1.9058,1.9058,1.8842,0.0000,-12.4065,1.0654,0.8555,0,3
cimbalom_felt,38,D2,0.2500,regular,felt_mallet,Felt,0.2950,4.6707,73.4160,146.8350,0.6858,1.3717,-0.9693,-4.0778,,0.0000,1.6074,1.6074,1.5878,0.0000,-11.4053,1.0760,0.8942,0,3
cimbalom_felt,38,D2,0.2750,regular,felt_mallet,Felt,0.2950,4.4973,73.4160,146.8350,0.6604,1.3207,-0.8976,-3.7607,,0.0000,1.3619,1.3620,1.3442,0.0000,-10.5059,1.0849,0.9274,0,3
cimbalom_felt,38,D2,0.3000,regular,felt_mallet,Felt,0.2950,4.3446,73.4160,146.8350,0.6379,1.2759,-0.8369,-3.4942,,0.0000,1.1561,1.1562,1.1396,0.0000,-9.6894,1.0925,0.9563,0,3
cimbalom_felt,38,D2,0.3250,regular,felt_mallet,Felt,0.2950,4.2087,73.4160,146.8350,0.6180,1.2360,-0.7847,-3.2668,,0.0000,0.9809,0.9810,0.9657,0.0000,-8.9419,1.0991,0.9817,0,3
cimbalom_felt,38,D2,0.3500,regular,felt_mallet,Felt,0.2950,4.0867,73.4160,146.8350,0.6001,1.2001,-0.7394,-3.0702,,0.0000,0.8298,0.8298,0.8155,0.0000,-8.2528,1.1048,1.0042,0,3
cimbalom_felt,38,D2,0.3750,regular,felt_mallet,Felt,0.2950,3.9763,73.4160,146.8350,0.5838,1.1677,-0.6995,-2.8984,,0.0000,0.6978,0.6978,0.6843,0.0000,-7.6137,1.1099,1.0242,0,3
cimbalom_felt,38,D2,0.4000,regular,felt_mallet,Felt,0.2950,3.8757,73.4160,146.8350,0.5691,1.1382,-0.6642,-2.7468,,0.0000,0.5815,0.5816,0.5689,0.0000,-7.0178,1.1144,1.0423,0,3
cimbalom_felt,38,D2,0.4250,regular,felt_mallet,Felt,0.2950,3.7836,73.4160,146.8350,0.5555,1.1111,-0.6327,-2.6120,,0.0000,0.4782,0.4783,0.4662,0.0000,-6.4598,1.1185,1.0586,0,3
cimbalom_felt,38,D2,0.4500,regular,felt_mallet,Felt,0.2950,3.6987,73.4160,146.8350,0.5431,1.0862,-0.6044,-2.4912,,0.0000,0.3858,0.3858,0.3742,0.0000,-5.9350,1.1221,1.0734,0,3
cimbalom_felt,38,D2,0.4750,regular,felt_mallet,Felt,0.2950,3.6201,73.4160,146.8350,0.5316,1.0631,-0.5787,-2.3824,,0.0000,0.3026,0.3026,0.2916,0.0000,-5.4397,1.1254,1.0869,0,3
cimbalom_felt,38,D2,0.5000,regular,felt_mallet,Felt,0.2950,3.5472,73.4160,146.8350,0.5208,1.0417,-0.5554,-2.2836,,0.0000,0.2270,0.2272,0.2167,0.0000,-4.9710,1.1284,1.0993,0,3
cimbalom_felt,38,D2,0.5250,regular,felt_mallet,Felt,0.2950,3.4791,73.4160,146.8350,0.5108,1.0217,-0.5341,-2.1937,,0.0000,0.1585,0.1585,0.1484,0.0000,-4.5258,1.1312,1.1108,0,3
cimbalom_felt,38,D2,0.5500,regular,felt_mallet,Felt,0.2950,3.4155,73.4160,146.8350,0.5015,1.0030,-0.5146,-2.1113,,0.0000,0.0946,0.0957,0.0831,0.0000,-4.1021,1.1338,1.1215,0,3
cimbalom_felt,38,D2,0.5750,regular,felt_mallet,Felt,0.2950,3.3557,73.4160,146.8350,0.4927,0.9855,-0.4966,-2.0356,,0.0000,0.0379,0.0380,0.0287,0.0000,-3.6981,1.1361,1.1312,0,3
cimbalom_felt,38,D2,0.6000,regular,felt_mallet,Felt,0.2950,3.2995,73.4160,146.8350,0.4845,0.9690,-0.4800,-1.9658,,0.0000,-0.0152,-0.0153,-0.0240,-0.0152,-3.3118,1.1383,1.1403,0,3
cimbalom_felt,38,D2,0.6250,regular,felt_mallet,Felt,0.2950,3.2465,73.4160,146.8350,0.4767,0.9534,-0.4646,-1.9011,,0.0000,-0.0644,-0.0645,-0.0730,-0.0644,-2.9418,1.1403,1.1488,0,3
cimbalom_felt,38,D2,0.6500,regular,felt_mallet,Felt,0.2950,3.1963,73.4160,146.8350,0.4693,0.9387,-0.4502,-1.8411,,0.0000,-0.1102,-0.1102,-0.1187,-0.1102,-2.5868,1.1422,1.1568,0,3
cimbalom_felt,38,D2,0.6750,regular,felt_mallet,Felt,0.2950,3.1488,73.4160,146.8350,0.4623,0.9247,-0.4369,-1.7851,,0.0000,-0.1529,-0.1528,-0.1609,-0.1529,-2.2456,1.1440,1.1643,0,3
cimbalom_felt,38,D2,0.7000,regular,felt_mallet,Felt,0.2950,3.1036,73.4160,146.8350,0.4557,0.9114,-0.4243,-1.7329,,0.0000,-0.1926,-0.1925,-0.2005,-0.1926,-1.9172,1.1456,1.1713,0,3
cimbalom_felt,38,D2,0.7250,regular,felt_mallet,Felt,0.2950,3.0607,73.4160,146.8350,0.4494,0.8988,-0.4126,-1.6839,,0.0000,-0.2297,-0.2297,-0.2372,-0.2297,-1.6006,1.1472,1.1779,0,3
cimbalom_felt,38,D2,0.7500,regular,felt_mallet,Felt,0.2950,3.0198,73.4160,146.8350,0.4434,0.8868,-0.4016,-1.6380,,0.0000,-0.2646,-0.2646,-0.2719,-0.2646,-1.2952,1.1486,1.1842,0,3
cimbalom_felt,38,D2,0.7750,regular,felt_mallet,Felt,0.2950,2.9807,73.4160,146.8350,0.4377,0.8754,-0.3912,-1.5948,,0.0000,-0.2976,-0.2974,-0.3047,-0.2976,-1.0001,1.1500,1.1901,0,3
cimbalom_felt,38,D2,0.8000,regular,felt_mallet,Felt,0.2950,2.9434,73.4160,146.8350,0.4322,0.8644,-0.3814,-1.5541,,0.0000,-0.3283,-0.3283,-0.3353,-0.3283,-0.7144,1.1513,1.1957,0,3
cimbalom_felt,38,D2,0.8250,regular,felt_mallet,Felt,0.2950,2.9077,73.4160,146.8350,0.4269,0.8539,-0.3721,-1.5157,,0.0000,-0.3575,-0.3575,-0.3643,-0.3575,-0.4379,1.1525,1.2010,0,3
cimbalom_felt,38,D2,0.8500,regular,felt_mallet,Felt,0.2950,2.8734,73.4160,146.8350,0.4219,0.8438,-0.3634,-1.4793,,0.0000,-0.3851,-0.3851,-0.3916,-0.3851,-0.1698,1.1537,1.2060,0,3
cimbalom_felt,38,D2,0.8750,regular,felt_mallet,Felt,0.2950,2.8405,73.4160,146.8350,0.4171,0.8342,-0.3551,-1.4449,,0.0000,-0.4113,-0.4112,-0.4177,-0.4113,0.0902,1.1548,1.2108,0,3
cimbalom_felt,38,D2,0.9000,regular,felt_mallet,Felt,0.2950,2.8089,73.4160,146.8350,0.4124,0.8249,-0.3472,-1.4122,,0.0000,-0.4361,-0.4360,-0.4425,-0.4361,0.3428,1.1558,1.2154,0,3
cimbalom_felt,38,D2,0.9250,regular,felt_mallet,Felt,0.2950,2.7786,73.4160,146.8350,0.4080,0.8160,-0.3397,-1.3811,,0.0000,-0.4596,-0.4596,-0.4658,-0.4596,0.5884,1.1568,1.2197,0,3
cimbalom_felt,38,D2,0.9500,regular,felt_mallet,Felt,0.2950,2.7493,73.4160,146.8350,0.4037,0.8074,-0.3325,-1.3515,,0.0000,-0.4820,-0.4820,-0.4880,-0.4820,0.8271,1.1578,1.2239,0,3
cimbalom_felt,38,D2,0.9750,regular,felt_mallet,Felt,0.2950,2.7211,73.4160,146.8350,0.3995,0.7991,-0.3257,-1.3234,,0.0000,-0.5033,-0.5034,-0.5093,-0.5033,1.0596,1.1587,1.2278,0,3
cimbalom_felt,38,D2,1.0000,regular,felt_mallet,Felt,0.2950,2.6939,73.4160,146.8350,0.3955,0.7911,-0.3192,-1.2965,,0.0000,-0.5237,-0.5238,-0.5295,-0.5237,1.2860,1.1596,1.2317,0,3
cimbalom_felt,38,D2,0.4200,corpus,felt_mallet,Felt,0.2950,3.8014,73.4160,146.8350,0.5582,1.1164,-0.6387,-2.6378,,0.0000,0.4978,0.4980,0.4857,0.0000,-6.5687,1.1177,1.0554,0,3
cimbalom_felt,38,D2,0.4600,corpus,felt_mallet,Felt,0.2950,3.6665,73.4160,146.8350,0.5384,1.0768,-0.5938,-2.4464,,0.0000,0.3517,0.3515,0.3404,0.0000,-5.7334,1.1235,1.0789,0,3
cimbalom_felt,39,D#2,0.0500,regular,felt_mallet,Felt,0.2950,8.0000,77.7820,155.5670,1.2445,2.4891,-3.3147,-17.1762,,0.0000,12.3604,12.3603,12.2275,0.0000,-27.5597,0.8376,0.2019,0,3
cimbalom_felt,39,D#2,0.0750,regular,felt_mallet,Felt,0.2950,7.4162,77.7820,155.5670,1.1537,2.3074,-2.8258,-13.7727,,0.0000,9.4459,9.4458,9.3543,0.0000,-23.5490,0.8861,0.2987,0,3
cimbalom_felt,39,D#2,0.1000,regular,felt_mallet,Felt,0.2950,6.6129,77.7820,155.5670,1.0287,2.0575,-2.2250,-10.2283,,0.0000,6.5021,6.5022,6.4431,0.0000,-20.4495,0.9496,0.4492,0,3
cimbalom_felt,39,D#2,0.1250,regular,felt_mallet,Felt,0.2950,6.0502,77.7820,155.5670,0.9412,1.8824,-1.8514,-8.2578,,0.0000,4.9055,4.9054,4.8604,0.0000,-18.1375,0.9913,0.5636,0,3
cimbalom_felt,39,D#2,0.1500,regular,felt_mallet,Felt,0.2950,5.6263,77.7820,155.5670,0.8752,1.7505,-1.5944,-6.9803,,0.0000,3.8848,3.8848,3.8485,0.0000,-16.2970,1.0211,0.6529,0,3
cimbalom_felt,39,D#2,0.1750,regular,felt_mallet,Felt,0.2950,5.2910,77.7820,155.5670,0.8231,1.6462,-1.4059,-6.0767,,0.0000,3.1696,3.1697,3.1388,0.0000,-14.7696,1.0435,0.7244,0,3
cimbalom_felt,39,D#2,0.2000,regular,felt_mallet,Felt,0.2950,5.0169,77.7820,155.5670,0.7804,1.5609,-1.2610,-5.3999,,0.0000,2.6378,2.6378,2.6109,0.0000,-13.4648,1.0610,0.7831,0,3
cimbalom_felt,39,D#2,0.2250,regular,felt_mallet,Felt,0.2950,4.7868,77.7820,155.5670,0.7447,1.4893,-1.1460,-4.8721,,0.0000,2.2250,2.2251,2.2011,0.0000,-12.3268,1.0752,0.8322,0,3
cimbalom_felt,39,D#2,0.2500,regular,felt_mallet,Felt,0.2950,4.5900,77.7820,155.5670,0.7140,1.4281,-1.0521,-4.4478,,0.0000,1.8945,1.8946,1.8729,0.0000,-11.3177,1.0869,0.8739,0,3
cimbalom_felt,39,D#2,0.2750,regular,felt_mallet,Felt,0.2950,4.4189,77.7820,155.5670,0.6874,1.3749,-0.9739,-4.0984,,0.0000,1.6233,1.6234,1.6037,0.0000,-10.4117,1.0967,0.9097,0,3
cimbalom_felt,39,D#2,0.3000,regular,felt_mallet,Felt,0.2950,4.2683,77.7820,155.5670,0.6640,1.3280,-0.9077,-3.8052,,0.0000,1.3963,1.3964,1.3782,0.0000,-9.5898,1.1051,0.9410,0,3
cimbalom_felt,39,D#2,0.3250,regular,felt_mallet,Felt,0.2950,4.1344,77.7820,155.5670,0.6432,1.2863,-0.8509,-3.5553,,0.0000,1.2033,1.2033,1.1865,0.0000,-8.8377,1.1123,0.9684,0,3
cimbalom_felt,39,D#2,0.3500,regular,felt_mallet,Felt,0.2950,4.0140,77.7820,155.5670,0.6244,1.2489,-0.8015,-3.3395,,0.0000,1.0369,1.0370,1.0211,0.0000,-8.1446,1.1187,0.9928,0,3
cimbalom_felt,39,D#2,0.3750,regular,felt_mallet,Felt,0.2950,3.9052,77.7820,155.5670,0.6075,1.2150,-0.7581,-3.1510,,0.0000,0.8918,0.8919,0.8770,0.0000,-7.5019,1.1243,1.0146,0,3
cimbalom_felt,39,D#2,0.4000,regular,felt_mallet,Felt,0.2950,3.8060,77.7820,155.5670,0.5921,1.1842,-0.7196,-2.9849,,0.0000,0.7642,0.7642,0.7504,0.0000,-6.9028,1.1293,1.0342,0,3
cimbalom_felt,39,D#2,0.4250,regular,felt_mallet,Felt,0.2950,3.7152,77.7820,155.5670,0.5779,1.1559,-0.6853,-2.8373,,0.0000,0.6509,0.6509,0.6378,0.0000,-6.3420,1.1337,1.0519,0,3
cimbalom_felt,39,D#2,0.4500,regular,felt_mallet,Felt,0.2950,3.6315,77.7820,155.5670,0.5649,1.1299,-0.6545,-2.7051,,0.0000,0.5496,0.5496,0.5371,0.0000,-5.8147,1.1378,1.0680,0,3
cimbalom_felt,39,D#2,0.4750,regular,felt_mallet,Felt,0.2950,3.5541,77.7820,155.5670,0.5529,1.1058,-0.6266,-2.5860,,0.0000,0.4584,0.4583,0.4464,0.0000,-5.3171,1.1414,1.0828,0,3
cimbalom_felt,39,D#2,0.5000,regular,felt_mallet,Felt,0.2950,3.4822,77.7820,155.5670,0.5417,1.0834,-0.6013,-2.4781,,0.0000,0.3758,0.3758,0.3643,0.0000,-4.8463,1.1448,1.0963,0,3
cimbalom_felt,39,D#2,0.5250,regular,felt_mallet,Felt,0.2950,3.4152,77.7820,155.5670,0.5313,1.0626,-0.5781,-2.3798,,0.0000,0.3006,0.3006,0.2896,0.0000,-4.3993,1.1478,1.1088,0,3
cimbalom_felt,39,D#2,0.5500,regular,felt_mallet,Felt,0.2950,3.3524,77.7820,155.5670,0.5215,1.0431,-0.5569,-2.2898,,0.0000,0.2318,0.2319,0.2213,0.0000,-3.9741,1.1506,1.1203,0,3
cimbalom_felt,39,D#2,0.5750,regular,felt_mallet,Felt,0.2950,3.2936,77.7820,155.5670,0.5124,1.0247,-0.5373,-2.2072,,0.0000,0.1688,0.1688,0.1587,0.0000,-3.5684,1.1532,1.1310,0,3
cimbalom_felt,39,D#2,0.6000,regular,felt_mallet,Felt,0.2950,3.2382,77.7820,155.5670,0.5037,1.0075,-0.5193,-2.1309,,0.0000,0.1106,0.1106,0.1009,0.0000,-3.1807,1.1556,1.1410,0,3
cimbalom_felt,39,D#2,0.6250,regular,felt_mallet,Felt,0.2950,3.1859,77.7820,155.5670,0.4956,0.9912,-0.5025,-2.0604,,0.0000,0.0568,0.0568,0.0474,0.0000,-2.8094,1.1579,1.1503,0,3
cimbalom_felt,39,D#2,0.6500,regular,felt_mallet,Felt,0.2950,3.1365,77.7820,155.5670,0.4879,0.9759,-0.4869,-1.9949,,0.0000,0.0068,0.0069,-0.0022,0.0000,-2.4531,1.1599,1.1590,0,3
cimbalom_felt,39,D#2,0.6750,regular,felt_mallet,Felt,0.2950,3.0897,77.7820,155.5670,0.4806,0.9613,-0.4724,-1.9339,,0.0000,-0.0396,-0.0396,-0.0485,-0.0396,-2.1108,1.1619,1.1672,0,3
cimbalom_felt,39,D#2,0.7000,regular,felt_mallet,Felt,0.2950,3.0452,77.7820,155.5670,0.4737,0.9475,-0.4588,-1.8769,,0.0000,-0.0828,-0.0829,-0.0913,-0.0828,-1.7812,1.1637,1.1749,0,3
cimbalom_felt,39,D#2,0.7250,regular,felt_mallet,Felt,0.2950,3.0030,77.7820,155.5670,0.4672,0.9343,-0.4461,-1.8236,,0.0000,-0.1235,-0.1235,-0.1318,-0.1235,-1.4637,1.1654,1.1821,0,3
cimbalom_felt,39,D#2,0.7500,regular,felt_mallet,Felt,0.2950,2.9627,77.7820,155.5670,0.4609,0.9218,-0.4341,-1.7736,,0.0000,-0.1616,-0.1616,-0.1695,-0.1616,-1.1573,1.1670,1.1889,0,3
cimbalom_felt,39,D#2,0.7750,regular,felt_mallet,Felt,0.2950,2.9242,77.7820,155.5670,0.4549,0.9098,-0.4228,-1.7265,,0.0000,-0.1973,-0.1974,-0.2051,-0.1973,-0.8612,1.1685,1.1954,0,3
cimbalom_felt,39,D#2,0.8000,regular,felt_mallet,Felt,0.2950,2.8874,77.7820,155.5670,0.4492,0.8984,-0.4122,-1.6822,,0.0000,-0.2311,-0.2311,-0.2387,-0.2311,-0.5748,1.1700,1.2015,0,3
cimbalom_felt,39,D#2,0.8250,regular,felt_mallet,Felt,0.2950,2.8522,77.7820,155.5670,0.4437,0.8874,-0.4021,-1.6403,,0.0000,-0.2628,-0.2629,-0.2702,-0.2628,-0.2975,1.1713,1.2073,0,3
cimbalom_felt,39,D#2,0.8500,regular,felt_mallet,Felt,0.2950,2.8185,77.7820,155.5670,0.4385,0.8769,-0.3926,-1.6008,,0.0000,-0.2929,-0.2929,-0.3000,-0.2929,-0.0287,1.1726,1.2128,0,3
cimbalom_felt,39,D#2,0.8750,regular,felt_mallet,Felt,0.2950,2.7861,77.7820,155.5670,0.4334,0.8669,-0.3836,-1.5633,,0.0000,-0.3214,-0.3214,-0.3284,-0.3214,0.2321,1.1738,1.2181,0,3
cimbalom_felt,39,D#2,0.9000,regular,felt_mallet,Felt,0.2950,2.7550,77.7820,155.5670,0.4286,0.8572,-0.3750,-1.5277,,0.0000,-0.3484,-0.3484,-0.3554,-0.3484,0.4854,1.1750,1.2231,0,3
cimbalom_felt,39,D#2,0.9250,regular,felt_mallet,Felt,0.2950,2.7251,77.7820,155.5670,0.4239,0.8479,-0.3669,-1.4939,,0.0000,-0.3741,-0.3741,-0.3807,-0.3741,0.7315,1.1761,1.2278,0,3
cimbalom_felt,39,D#2,0.9500,regular,felt_mallet,Felt,0.2950,2.6963,77.7820,155.5670,0.4195,0.8389,-0.3591,-1.4617,,0.0000,-0.3984,-0.3985,-0.4049,-0.3984,0.9709,1.1771,1.2324,0,3
cimbalom_felt,39,D#2,0.9750,regular,felt_mallet,Felt,0.2950,2.6686,77.7820,155.5670,0.4151,0.8303,-0.3517,-1.4311,,0.0000,-0.4217,-0.4217,-0.4282,-0.4217,1.2040,1.1781,1.2367,0,3
cimbalom_felt,39,D#2,1.0000,regular,felt_mallet,Felt,0.2950,2.6418,77.7820,155.5670,0.4110,0.8219,-0.3447,-1.4018,,0.0000,-0.4439,-0.4439,-0.4501,-0.4439,1.4309,1.1791,1.2409,0,3
cimbalom_felt,39,D#2,0.4200,corpus,felt_mallet,Felt,0.2950,3.7327,77.7820,155.5670,0.5807,1.1614,-0.6919,-2.8655,,0.0000,0.6726,0.6725,0.6592,0.0000,-6.4513,1.1329,1.0485,0,3
cimbalom_felt,39,D#2,0.4600,corpus,felt_mallet,Felt,0.2950,3.5999,77.7820,155.5670,0.5600,1.1200,-0.6430,-2.6560,,0.0000,0.5120,0.5119,0.4997,0.0000,-5.6123,1.1393,1.0741,0,3
cimbalom_felt,40,E2,0.0500,regular,felt_mallet,Felt,0.2950,8.0000,82.4070,164.8180,1.3185,2.6371,-3.7472,-20.8537,,0.0000,15.6048,15.6049,15.4091,0.0000,-27.8181,0.8131,0.1349,0,3
cimbalom_felt,40,E2,0.0750,regular,felt_mallet,Felt,0.2950,7.3011,82.4070,164.8180,1.2033,2.4067,-3.0874,-15.5190,,0.0000,10.9305,10.9303,10.8192,0.0000,-23.6363,0.8772,0.2492,0,3
cimbalom_felt,40,E2,0.1000,regular,felt_mallet,Felt,0.2950,6.5075,82.4070,164.8180,1.0725,2.1451,-2.4264,-11.3573,,0.0000,7.4296,7.4297,7.3611,0.0000,-20.4768,0.9466,0.4024,0,3
cimbalom_felt,40,E2,0.1250,regular,felt_mallet,Felt,0.2950,5.9518,82.4070,164.8180,0.9809,1.9619,-2.0163,-9.1100,,0.0000,5.5926,5.5925,5.5419,0.0000,-18.1283,0.9924,0.5212,0,3
cimbalom_felt,40,E2,0.1500,regular,felt_mallet,Felt,0.2950,5.5332,82.4070,164.8180,0.9120,1.8239,-1.7349,-7.6716,,0.0000,4.4357,4.4356,4.3949,0.0000,-16.2633,1.0251,0.6151,0,3
cimbalom_felt,40,E2,0.1750,regular,felt_mallet,Felt,0.2950,5.2023,82.4070,164.8180,0.8574,1.7149,-1.5285,-6.6616,,0.0000,3.6319,3.6320,3.5975,0.0000,-14.7180,1.0497,0.6910,0,3
cimbalom_felt,40,E2,0.2000,regular,felt_mallet,Felt,0.2950,4.9318,82.4070,164.8180,0.8128,1.6257,-1.3702,-5.9088,,0.0000,3.0375,3.0375,3.0078,0.0000,-13.3999,1.0690,0.7535,0,3
cimbalom_felt,40,E2,0.2250,regular,felt_mallet,Felt,0.2950,4.7048,82.4070,164.8180,0.7754,1.5509,-1.2445,-5.3237,,0.0000,2.5782,2.5781,2.5518,0.0000,-12.2511,1.0846,0.8060,0,3
cimbalom_felt,40,E2,0.2500,regular,felt_mallet,Felt,0.2950,4.5106,82.4070,164.8180,0.7434,1.4869,-1.1421,-4.8545,,0.0000,2.2115,2.2114,2.1876,0.0000,-11.2335,1.0975,0.8508,0,3
cimbalom_felt,40,E2,0.2750,regular,felt_mallet,Felt,0.2950,4.3419,82.4070,164.8180,0.7156,1.4313,-1.0568,-4.4690,,0.0000,1.9111,1.9111,1.8894,0.0000,-10.3204,1.1083,0.8894,0,3
cimbalom_felt,40,E2,0.3000,regular,felt_mallet,Felt,0.2950,4.1934,82.4070,164.8180,0.6911,1.3823,-0.9846,-4.1460,,0.0000,1.6603,1.6603,1.6404,0.0000,-9.4924,1.1175,0.9231,0,3
cimbalom_felt,40,E2,0.3250,regular,felt_mallet,Felt,0.2950,4.0613,82.4070,164.8180,0.6694,1.3387,-0.9226,-3.8710,,0.0000,1.4474,1.4473,1.4290,0.0000,-8.7352,1.1255,0.9528,0,3
cimbalom_felt,40,E2,0.3500,regular,felt_mallet,Felt,0.2950,3.9426,82.4070,164.8180,0.6498,1.2996,-0.8688,-3.6339,,0.0000,1.2641,1.2640,1.2468,0.0000,-8.0376,1.1325,0.9791,0,3
cimbalom_felt,40,E2,0.3750,regular,felt_mallet,Felt,0.2950,3.8353,82.4070,164.8180,0.6321,1.2643,-0.8215,-3.4270,,0.0000,1.1045,1.1044,1.0884,0.0000,-7.3911,1.1387,1.0027,0,3
cimbalom_felt,40,E2,0.4000,regular,felt_mallet,Felt,0.2950,3.7376,82.4070,164.8180,0.6160,1.2320,-0.7797,-3.2448,,0.0000,0.9641,0.9641,0.9489,0.0000,-6.7888,1.1442,1.0240,0,3
cimbalom_felt,40,E2,0.4250,regular,felt_mallet,Felt,0.2950,3.6480,82.4070,164.8180,0.6012,1.2025,-0.7423,-3.0830,,0.0000,0.8397,0.8396,0.8254,0.0000,-6.2248,1.1491,1.0433,0,3
cimbalom_felt,40,E2,0.4500,regular,felt_mallet,Felt,0.2950,3.5656,82.4070,164.8180,0.5877,1.1753,-0.7088,-2.9382,,0.0000,0.7284,0.7284,0.7148,0.0000,-5.6948,1.1536,1.0608,0,3
cimbalom_felt,40,E2,0.4750,regular,felt_mallet,Felt,0.2950,3.4893,82.4070,164.8180,0.5751,1.1502,-0.6785,-2.8079,,0.0000,0.6285,0.6284,0.6155,0.0000,-5.1948,1.1576,1.0768,0,3
cimbalom_felt,40,E2,0.5000,regular,felt_mallet,Felt,0.2950,3.4184,82.4070,164.8180,0.5634,1.1268,-0.6509,-2.6898,,0.0000,0.5379,0.5379,0.5254,0.0000,-4.7217,1.1613,1.0916,0,3
cimbalom_felt,40,E2,0.5250,regular,felt_mallet,Felt,0.2950,3.3524,82.4070,164.8180,0.5525,1.1051,-0.6257,-2.5823,,0.0000,0.4555,0.4555,0.4437,0.0000,-4.2728,1.1647,1.1052,0,3
cimbalom_felt,40,E2,0.5500,regular,felt_mallet,Felt,0.2950,3.2906,82.4070,164.8180,0.5423,1.0847,-0.6027,-2.4840,,0.0000,0.3803,0.3803,0.3688,0.0000,-3.8456,1.1678,1.1177,0,3
cimbalom_felt,40,E2,0.5750,regular,felt_mallet,Felt,0.2950,3.2326,82.4070,164.8180,0.5328,1.0656,-0.5814,-2.3938,,0.0000,0.3114,0.3113,0.3004,0.0000,-3.4383,1.1706,1.1294,0,3
cimbalom_felt,40,E2,0.6000,regular,felt_mallet,Felt,0.2950,3.1780,82.4070,164.8180,0.5238,1.0476,-0.5618,-2.3105,,0.0000,0.2477,0.2477,0.2372,0.0000,-3.0490,1.1733,1.1403,0,3
cimbalom_felt,40,E2,0.6250,regular,felt_mallet,Felt,0.2950,3.1265,82.4070,164.8180,0.5153,1.0306,-0.5436,-2.2335,,0.0000,0.1889,0.1889,0.1786,0.0000,-2.6762,1.1757,1.1504,0,3
cimbalom_felt,40,E2,0.6500,regular,felt_mallet,Felt,0.2950,3.0779,82.4070,164.8180,0.5073,1.0146,-0.5266,-2.1620,,0.0000,0.1343,0.1343,0.1245,0.0000,-2.3185,1.1780,1.1600,0,3
cimbalom_felt,40,E2,0.6750,regular,felt_mallet,Felt,0.2950,3.0317,82.4070,164.8180,0.4997,0.9994,-0.5109,-2.0955,,0.0000,0.0836,0.0836,0.0743,0.0000,-1.9750,1.1802,1.1689,0,3
cimbalom_felt,40,E2,0.7000,regular,felt_mallet,Felt,0.2950,2.9880,82.4070,164.8180,0.4925,0.9849,-0.4961,-2.0334,,0.0000,0.0362,0.0362,0.0269,0.0000,-1.6444,1.1822,1.1773,0,3
cimbalom_felt,40,E2,0.7250,regular,felt_mallet,Felt,0.2950,2.9463,82.4070,164.8180,0.4856,0.9712,-0.4823,-1.9752,,0.0000,-0.0081,-0.0081,-0.0169,-0.0081,-1.3257,1.1841,1.1852,0,3
cimbalom_felt,40,E2,0.7500,regular,felt_mallet,Felt,0.2950,2.9066,82.4070,164.8180,0.4791,0.9581,-0.4693,-1.9207,,0.0000,-0.0496,-0.0496,-0.0585,-0.0496,-1.0183,1.1858,1.1926,0,3
cimbalom_felt,40,E2,0.7750,regular,felt_mallet,Felt,0.2950,2.8688,82.4070,164.8180,0.4728,0.9456,-0.4570,-1.8694,,0.0000,-0.0886,-0.0886,-0.0971,-0.0886,-0.7211,1.1875,1.1997,0,3
cimbalom_felt,40,E2,0.8000,regular,felt_mallet,Felt,0.2950,2.8326,82.4070,164.8180,0.4668,0.9337,-0.4455,-1.8211,,0.0000,-0.1255,-0.1254,-0.1337,-0.1255,-0.4340,1.1891,1.2064,0,3
cimbalom_felt,40,E2,0.8250,regular,felt_mallet,Felt,0.2950,2.7979,82.4070,164.8180,0.4611,0.9223,-0.4346,-1.7756,,0.0000,-0.1600,-0.1601,-0.1679,-0.1600,-0.1557,1.1906,1.2127,0,3
cimbalom_felt,40,E2,0.8500,regular,felt_mallet,Felt,0.2950,2.7647,82.4070,164.8180,0.4557,0.9113,-0.4242,-1.7325,,0.0000,-0.1928,-0.1928,-0.2005,-0.1928,0.1139,1.1920,1.2188,0,3
cimbalom_felt,40,E2,0.8750,regular,felt_mallet,Felt,0.2950,2.7328,82.4070,164.8180,0.4504,0.9008,-0.4145,-1.6917,,0.0000,-0.2239,-0.2239,-0.2316,-0.2239,0.3754,1.1933,1.2245,0,3
cimbalom_felt,40,E2,0.9000,regular,felt_mallet,Felt,0.2950,2.7022,82.4070,164.8180,0.4454,0.8907,-0.4052,-1.6529,,0.0000,-0.2532,-0.2533,-0.2606,-0.2532,0.6295,1.1946,1.2300,0,3
cimbalom_felt,40,E2,0.9250,regular,felt_mallet,Felt,0.2950,2.6727,82.4070,164.8180,0.4405,0.8810,-0.3963,-1.6161,,0.0000,-0.2812,-0.2812,-0.2884,-0.2812,0.8763,1.1958,1.2352,0,3
cimbalom_felt,40,E2,0.9500,regular,felt_mallet,Felt,0.2950,2.6444,82.4070,164.8180,0.4358,0.8717,-0.3879,-1.5811,,0.0000,-0.3078,-0.3078,-0.3150,-0.3078,1.1164,1.1970,1.2402,0,3
cimbalom_felt,40,E2,0.9750,regular,felt_mallet,Felt,0.2950,2.6171,82.4070,164.8180,0.4313,0.8627,-0.3799,-1.5478,,0.0000,-0.3330,-0.3331,-0.3401,-0.3330,1.3500,1.1981,1.2449,0,3
cimbalom_felt,40,E2,1.0000,regular,felt_mallet,Felt,0.2950,2.5907,82.4070,164.8180,0.4270,0.8540,-0.3722,-1.5160,,0.0000,-0.3573,-0.3573,-0.3640,-0.3573,1.5775,1.1992,1.2495,0,3
cimbalom_felt,40,E2,0.4200,corpus,felt_mallet,Felt,0.2950,3.6653,82.4070,164.8180,0.6041,1.2082,-0.7495,-3.1139,,0.0000,0.8634,0.8634,0.8488,0.0000,-6.3347,1.1482,1.0395,0,3
cimbalom_felt,40,E2,0.4600,corpus,felt_mallet,Felt,0.2950,3.5344,82.4070,164.8180,0.5825,1.1651,-0.6963,-2.8845,,0.0000,0.6871,0.6871,0.6736,0.0000,-5.4914,1.1552,1.0674,0,3
cimbalom_felt,41,F2,0.0500,regular,felt_mallet,Felt,0.2950,8.0000,87.3070,174.6190,1.3969,2.7939,-4.2408,-26.6062,,0.0000,20.8637,20.8633,20.5107,0.0000,-28.1329,0.7841,0.0710,0,3
cimbalom_felt,41,F2,0.0750,regular,felt_mallet,Felt,0.2950,7.1878,87.3070,174.6190,1.2551,2.5102,-3.3746,-17.6401,,0.0000,12.7643,12.7643,12.6241,0.0000,-23.7448,0.8664,0.1993,0,3
cimbalom_felt,41,F2,0.1000,regular,felt_mallet,Felt,0.2950,6.4037,87.3070,174.6190,1.1182,2.2364,-2.6468,-12.6579,,0.0000,8.5099,8.5100,8.4296,0.0000,-20.5183,0.9421,0.3537,0,3
cimbalom_felt,41,F2,0.1250,regular,felt_mallet,Felt,0.2950,5.8550,87.3070,174.6190,1.0224,2.0448,-2.1965,-10.0731,,0.0000,6.3752,6.3754,6.3169,0.0000,-18.1299,0.9922,0.4763,0,3
cimbalom_felt,41,F2,0.1500,regular,felt_mallet,Felt,0.2950,5.4417,87.3070,174.6190,0.9502,1.9004,-1.8880,-8.4450,,0.0000,5.0560,5.0559,5.0097,0.0000,-16.2377,1.0281,0.5744,0,3
cimbalom_felt,41,F2,0.1750,regular,felt_mallet,Felt,0.2950,5.1151,87.3070,174.6190,0.8932,1.7864,-1.6622,-7.3120,,0.0000,4.1488,4.1487,4.1103,0.0000,-14.6729,1.0552,0.6544,0,3
cimbalom_felt,41,F2,0.2000,regular,felt_mallet,Felt,0.2950,4.8481,87.3070,174.6190,0.8465,1.6931,-1.4891,-6.4723,,0.0000,3.4821,3.4821,3.4489,0.0000,-13.3400,1.0764,0.7209,0,3
cimbalom_felt,41,F2,0.2250,regular,felt_mallet,Felt,0.2950,4.6242,87.3070,174.6190,0.8074,1.6149,-1.3517,-5.8222,,0.0000,2.9695,2.9694,2.9401,0.0000,-12.1796,1.0936,0.7769,0,3
cimbalom_felt,41,F2,0.2500,regular,felt_mallet,Felt,0.2950,4.4326,87.3070,174.6190,0.7740,1.5480,-1.2399,-5.3024,,0.0000,2.5615,2.5615,2.5353,0.0000,-11.1526,1.1077,0.8248,0,3
cimbalom_felt,41,F2,0.2750,regular,felt_mallet,Felt,0.2950,4.2662,87.3070,174.6190,0.7449,1.4899,-1.1468,-4.8763,,0.0000,2.2286,2.2284,2.2047,0.0000,-10.2316,1.1197,0.8663,0,3
cimbalom_felt,41,F2,0.3000,regular,felt_mallet,Felt,0.2950,4.1197,87.3070,174.6190,0.7194,1.4388,-1.0681,-4.5199,,0.0000,1.9507,1.9508,1.9290,0.0000,-9.3972,1.1298,0.9026,0,3
cimbalom_felt,41,F2,0.3250,regular,felt_mallet,Felt,0.2950,3.9895,87.3070,174.6190,0.6966,1.3933,-1.0006,-4.2171,,0.0000,1.7155,1.7155,1.6952,0.0000,-8.6344,1.1387,0.9346,0,3
cimbalom_felt,41,F2,0.3500,regular,felt_mallet,Felt,0.2950,3.8725,87.3070,174.6190,0.6762,1.3524,-0.9419,-3.9562,,0.0000,1.5132,1.5132,1.4944,0.0000,-7.9321,1.1464,0.9631,0,3
cimbalom_felt,41,F2,0.3750,regular,felt_mallet,Felt,0.2950,3.7667,87.3070,174.6190,0.6577,1.3155,-0.8904,-3.7289,,0.0000,1.3375,1.3374,1.3198,0.0000,-7.2813,1.1532,0.9886,0,3
cimbalom_felt,41,F2,0.4000,regular,felt_mallet,Felt,0.2950,3.6704,87.3070,174.6190,0.6409,1.2818,-0.8448,-3.5288,,0.0000,1.1829,1.1830,1.1663,0.0000,-6.6752,1.1593,1.0117,0,3
cimbalom_felt,41,F2,0.4250,regular,felt_mallet,Felt,0.2950,3.5821,87.3070,174.6190,0.6255,1.2510,-0.8042,-3.3513,,0.0000,1.0461,1.0461,1.0303,0.0000,-6.1079,1.1647,1.0325,0,3
cimbalom_felt,41,F2,0.4500,regular,felt_mallet,Felt,0.2950,3.5008,87.3070,174.6190,0.6113,1.2226,-0.7677,-3.1927,,0.0000,0.9240,0.9240,0.9090,0.0000,-5.5749,1.1696,1.0516,0,3
cimbalom_felt,41,F2,0.4750,regular,felt_mallet,Felt,0.2950,3.4256,87.3070,174.6190,0.5982,1.1964,-0.7347,-3.0499,,0.0000,0.8141,0.8142,0.7999,0.0000,-5.0723,1.1741,1.0690,0,3
cimbalom_felt,41,F2,0.5000,regular,felt_mallet,Felt,0.2950,3.3558,87.3070,174.6190,0.5860,1.1720,-0.7047,-2.9206,,0.0000,0.7149,0.7149,0.7012,0.0000,-4.5968,1.1781,1.0850,0,3
cimbalom_felt,41,F2,0.5250,regular,felt_mallet,Felt,0.2950,3.2907,87.3070,174.6190,0.5746,1.1492,-0.6773,-2.8030,,0.0000,0.6247,0.6247,0.6117,0.0000,-4.1456,1.1819,1.0998,0,3
cimbalom_felt,41,F2,0.5500,regular,felt_mallet,Felt,0.2950,3.2298,87.3070,174.6190,0.5640,1.1280,-0.6522,-2.6955,,0.0000,0.5422,0.5423,0.5298,0.0000,-3.7165,1.1853,1.1135,0,3
cimbalom_felt,41,F2,0.5750,regular,felt_mallet,Felt,0.2950,3.1727,87.3070,174.6190,0.5540,1.1080,-0.6291,-2.5969,,0.0000,0.4667,0.4667,0.4549,0.0000,-3.3072,1.1884,1.1262,0,3
cimbalom_felt,41,F2,0.6000,regular,felt_mallet,Felt,0.2950,3.1189,87.3070,174.6190,0.5446,1.0893,-0.6078,-2.5059,,0.0000,0.3970,0.3971,0.3854,0.0000,-2.9163,1.1913,1.1381,0,3
cimbalom_felt,41,F2,0.6250,regular,felt_mallet,Felt,0.2950,3.0682,87.3070,174.6190,0.5358,1.0715,-0.5880,-2.4218,,0.0000,0.3327,0.3327,0.3215,0.0000,-2.5419,1.1941,1.1492,0,3
cimbalom_felt,41,F2,0.6500,regular,felt_mallet,Felt,0.2950,3.0203,87.3070,174.6190,0.5274,1.0548,-0.5696,-2.3438,,0.0000,0.2730,0.2731,0.2623,0.0000,-2.1829,1.1966,1.1595,0,3
cimbalom_felt,41,F2,0.6750,regular,felt_mallet,Felt,0.2950,2.9749,87.3070,174.6190,0.5195,1.0389,-0.5525,-2.2711,,0.0000,0.2177,0.2176,0.2073,0.0000,-1.8379,1.1989,1.1693,0,3
cimbalom_felt,41,F2,0.7000,regular,felt_mallet,Felt,0.2950,2.9318,87.3070,174.6190,0.5119,1.0239,-0.5364,-2.2034,,0.0000,0.1658,0.1659,0.1558,0.0000,-1.5060,1.2012,1.1784,0,3
cimbalom_felt,41,F2,0.7250,regular,felt_mallet,Felt,0.2950,2.8907,87.3070,174.6190,0.5048,1.0096,-0.5214,-2.1399,,0.0000,0.1174,0.1175,0.1076,0.0000,-1.1862,1.2032,1.1871,0,3
cimbalom_felt,41,F2,0.7500,regular,felt_mallet,Felt,0.2950,2.8517,87.3070,174.6190,0.4979,0.9959,-0.5073,-2.0805,,0.0000,0.0722,0.0721,0.0627,0.0000,-0.8776,1.2052,1.1952,0,3
cimbalom_felt,41,F2,0.7750,regular,felt_mallet,Felt,0.2950,2.8144,87.3070,174.6190,0.4914,0.9829,-0.4940,-2.0246,,0.0000,0.0296,0.0295,0.0203,0.0000,-0.5795,1.2070,1.2029,0,3
cimbalom_felt,41,F2,0.8000,regular,felt_mallet,Felt,0.2950,2.7787,87.3070,174.6190,0.4852,0.9704,-0.4815,-1.9720,,0.0000,-0.0106,-0.0106,-0.0196,-0.0106,-0.2912,1.2088,1.2103,0,3
cimbalom_felt,41,F2,0.8250,regular,felt_mallet,Felt,0.2950,2.7446,87.3070,174.6190,0.4792,0.9585,-0.4696,-1.9223,,0.0000,-0.0484,-0.0484,-0.0571,-0.0484,-0.0121,1.2104,1.2172,0,3
cimbalom_felt,41,F2,0.8500,regular,felt_mallet,Felt,0.2950,2.7119,87.3070,174.6190,0.4735,0.9471,-0.4584,-1.8754,,0.0000,-0.0842,-0.0841,-0.0928,-0.0842,0.2584,1.2120,1.2238,0,3
cimbalom_felt,41,F2,0.8750,regular,felt_mallet,Felt,0.2950,2.6805,87.3070,174.6190,0.4681,0.9361,-0.4478,-1.8309,,0.0000,-0.1180,-0.1180,-0.1262,-0.1180,0.5208,1.2135,1.2301,0,3
cimbalom_felt,41,F2,0.9000,regular,felt_mallet,Felt,0.2950,2.6504,87.3070,174.6190,0.4628,0.9256,-0.4377,-1.7888,,0.0000,-0.1500,-0.1500,-0.1581,-0.1500,0.7756,1.2149,1.2361,0,3
cimbalom_felt,41,F2,0.9250,regular,felt_mallet,Felt,0.2950,2.6214,87.3070,174.6190,0.4577,0.9155,-0.4281,-1.7487,,0.0000,-0.1804,-0.1805,-0.1884,-0.1804,1.0232,1.2162,1.2418,0,3
cimbalom_felt,41,F2,0.9500,regular,felt_mallet,Felt,0.2950,2.5935,87.3070,174.6190,0.4529,0.9057,-0.4190,-1.7106,,0.0000,-0.2095,-0.2094,-0.2172,-0.2095,1.2639,1.2175,1.2472,0,3
cimbalom_felt,41,F2,0.9750,regular,felt_mallet,Felt,0.2950,2.5666,87.3070,174.6190,0.4482,0.8963,-0.4103,-1.6743,,0.0000,-0.2370,-0.2370,-0.2445,-0.2370,1.4983,1.2187,1.2525,0,3
cimbalom_felt,41,F2,1.0000,regular,felt_mallet,Felt,0.2950,2.5406,87.3070,174.6190,0.4436,0.8873,-0.4020,-1.6397,,0.0000,-0.2634,-0.2633,-0.2708,-0.2634,1.7264,1.2199,1.2574,0,3
cimbalom_felt,41,F2,0.4200,corpus,felt_mallet,Felt,0.2950,3.5992,87.3070,174.6190,0.6285,1.2570,-0.8120,-3.3852,,0.0000,1.0723,1.0722,1.0563,0.0000,-6.2185,1.1637,1.0285,0,3
cimbalom_felt,41,F2,0.4600,corpus,felt_mallet,Felt,0.2950,3.4701,87.3070,174.6190,0.6059,1.2119,-0.7541,-3.1338,,0.0000,0.8786,0.8787,0.8640,0.0000,-5.3704,1.1714,1.0587,0,3
cimbalom_felt,42,F#2,0.0500,regular,felt_mallet,Felt,0.2950,8.0000,92.4990,185.0030,1.4800,2.9600,-4.8057,-41.8519,,0.0000,35.5412,35.5386,33.8435,0.0000,-28.5135,0.7505,0.0125,0,3
cimbalom_felt,42,F#2,0.0750,regular,felt_mallet,Felt,0.2950,7.0761,92.4990,185.0030,1.3091,2.6182,-3.6902,-20.3185,,0.0000,15.1267,15.1269,14.9428,0.0000,-23.8763,0.8533,0.1495,0,3
cimbalom_felt,42,F#2,0.1000,regular,felt_mallet,Felt,0.2950,6.3015,92.4990,185.0030,1.1658,2.3316,-2.8882,-14.1764,,0.0000,9.7870,9.7870,9.6910,0.0000,-20.5756,0.9359,0.3033,0,3
cimbalom_felt,42,F#2,0.1250,regular,felt_mallet,Felt,0.2950,5.7596,92.4990,185.0030,1.0655,2.1311,-2.3935,-11.1693,,0.0000,7.2747,7.2747,7.2075,0.0000,-18.1426,0.9907,0.4288,0,3
cimbalom_felt,42,F#2,0.1500,regular,felt_mallet,Felt,0.2950,5.3516,92.4990,185.0030,0.9900,1.9801,-2.0552,-9.3146,,0.0000,5.7583,5.7583,5.7058,0.0000,-16.2206,1.0301,0.5308,0,3
cimbalom_felt,42,F#2,0.1750,regular,felt_mallet,Felt,0.2950,5.0293,92.4990,185.0030,0.9304,1.8609,-1.8079,-8.0377,,0.0000,4.7286,4.7288,4.6853,0.0000,-14.6344,1.0598,0.6149,0,3
cimbalom_felt,42,F#2,0.2000,regular,felt_mallet,Felt,0.2950,4.7658,92.4990,185.0030,0.8817,1.7634,-1.6185,-7.0979,,0.0000,3.9783,3.9783,3.9413,0.0000,-13.2851,1.0832,0.6852,0,3
cimbalom_felt,42,F#2,0.2250,regular,felt_mallet,Felt,0.2950,4.5449,92.4990,185.0030,0.8408,1.6816,-1.4684,-6.3736,,0.0000,3.4042,3.4042,3.3716,0.0000,-12.1121,1.1021,0.7447,0,3
cimbalom_felt,42,F#2,0.2500,regular,felt_mallet,Felt,0.2950,4.3559,92.4990,185.0030,0.8058,1.6117,-1.3463,-5.7965,,0.0000,2.9492,2.9492,2.9201,0.0000,-11.0747,1.1177,0.7959,0,3
cimbalom_felt,42,F#2,0.2750,regular,felt_mallet,Felt,0.2950,4.1918,92.4990,185.0030,0.7755,1.5510,-1.2447,-5.3247,,0.0000,2.5789,2.5789,2.5525,0.0000,-10.1453,1.1308,0.8403,0,3
cimbalom_felt,42,F#2,0.3000,regular,felt_mallet,Felt,0.2950,4.0474,92.4990,185.0030,0.7488,1.4976,-1.1588,-4.9309,,0.0000,2.2709,2.2710,2.2469,0.0000,-9.3037,1.1421,0.8793,0,3
cimbalom_felt,42,F#2,0.3250,regular,felt_mallet,Felt,0.2950,3.9189,92.4990,185.0030,0.7250,1.4500,-1.0852,-4.5968,,0.0000,2.0105,2.0106,1.9882,0.0000,-8.5348,1.1518,0.9138,0,3
cimbalom_felt,42,F#2,0.3500,regular,felt_mallet,Felt,0.2950,3.8036,92.4990,185.0030,0.7037,1.4074,-1.0212,-4.3094,,0.0000,1.7871,1.7871,1.7663,0.0000,-7.8272,1.1603,0.9445,0,3
cimbalom_felt,42,F#2,0.3750,regular,felt_mallet,Felt,0.2950,3.6993,92.4990,185.0030,0.6844,1.3688,-0.9651,-4.0593,,0.0000,1.5932,1.5931,1.5737,0.0000,-7.1718,1.1678,0.9721,0,3
cimbalom_felt,42,F#2,0.4000,regular,felt_mallet,Felt,0.2950,3.6043,92.4990,185.0030,0.6668,1.3336,-0.9155,-3.8395,,0.0000,1.4230,1.4229,1.4048,0.0000,-6.5615,1.1745,0.9970,0,3
cimbalom_felt,42,F#2,0.4250,regular,felt_mallet,Felt,0.2950,3.5173,92.4990,185.0030,0.6507,1.3014,-0.8712,-3.6446,,0.0000,1.2723,1.2723,1.2550,0.0000,-5.9907,1.1805,1.0197,0,3
cimbalom_felt,42,F#2,0.4500,regular,felt_mallet,Felt,0.2950,3.4373,92.4990,185.0030,0.6359,1.2718,-0.8315,-3.4705,,0.0000,1.1379,1.1380,1.1215,0.0000,-5.4546,1.1859,1.0403,0,3
cimbalom_felt,42,F#2,0.4750,regular,felt_mallet,Felt,0.2950,3.3632,92.4990,185.0030,0.6222,1.2444,-0.7956,-3.3140,,0.0000,1.0173,1.0173,1.0017,0.0000,-4.9490,1.1908,1.0592,0,3
cimbalom_felt,42,F#2,0.5000,regular,felt_mallet,Felt,0.2950,3.2944,92.4990,185.0030,0.6095,1.2189,-0.7630,-3.1724,,0.0000,0.9083,0.9084,0.8935,0.0000,-4.4708,1.1953,1.0766,0,3
cimbalom_felt,42,F#2,0.5250,regular,felt_mallet,Felt,0.2950,3.2302,92.4990,185.0030,0.5976,1.1952,-0.7332,-3.0436,,0.0000,0.8094,0.8094,0.7953,0.0000,-4.0173,1.1994,1.0927,0,3
cimbalom_felt,42,F#2,0.5500,regular,felt_mallet,Felt,0.2950,3.1702,92.4990,185.0030,0.5865,1.1730,-0.7059,-2.9260,,0.0000,0.7190,0.7190,0.7054,0.0000,-3.5859,1.2032,1.1076,0,3
cimbalom_felt,42,F#2,0.5750,regular,felt_mallet,Felt,0.2950,3.1139,92.4990,185.0030,0.5761,1.1522,-0.6808,-2.8180,,0.0000,0.6362,0.6362,0.6229,0.0000,-3.1747,1.2067,1.1215,0,3
cimbalom_felt,42,F#2,0.6000,regular,felt_mallet,Felt,0.2950,3.0610,92.4990,185.0030,0.5663,1.1326,-0.6576,-2.7186,,0.0000,0.5600,0.5599,0.5473,0.0000,-2.7818,1.2099,1.1344,0,3
cimbalom_felt,42,F#2,0.6250,regular,felt_mallet,Felt,0.2950,3.0111,92.4990,185.0030,0.5570,1.1141,-0.6361,-2.6267,,0.0000,0.4895,0.4895,0.4774,0.0000,-2.4058,1.2129,1.1464,0,3
cimbalom_felt,42,F#2,0.6500,regular,felt_mallet,Felt,0.2950,2.9638,92.4990,185.0030,0.5483,1.0966,-0.6161,-2.5415,,0.0000,0.4242,0.4243,0.4124,0.0000,-2.0451,1.2157,1.1578,0,3
cimbalom_felt,42,F#2,0.6750,regular,felt_mallet,Felt,0.2950,2.9191,92.4990,185.0030,0.5400,1.0801,-0.5975,-2.4621,,0.0000,0.3636,0.3636,0.3523,0.0000,-1.6987,1.2183,1.1684,0,3
cimbalom_felt,42,F#2,0.7000,regular,felt_mallet,Felt,0.2950,2.8766,92.4990,185.0030,0.5322,1.0644,-0.5801,-2.3882,,0.0000,0.3070,0.3070,0.2960,0.0000,-1.3654,1.2208,1.1784,0,3
cimbalom_felt,42,F#2,0.7250,regular,felt_mallet,Felt,0.2950,2.8362,92.4990,185.0030,0.5247,1.0494,-0.5638,-2.3190,,0.0000,0.2541,0.2541,0.2434,0.0000,-1.0443,1.2231,1.1878,0,3
cimbalom_felt,42,F#2,0.7500,regular,felt_mallet,Felt,0.2950,2.7978,92.4990,185.0030,0.5176,1.0352,-0.5484,-2.2541,,0.0000,0.2046,0.2046,0.1943,0.0000,-0.7344,1.2252,1.1967,0,3
cimbalom_felt,42,F#2,0.7750,regular,felt_mallet,Felt,0.2950,2.7610,92.4990,185.0030,0.5108,1.0216,-0.5340,-2.1932,,0.0000,0.1581,0.1581,0.1481,0.0000,-0.4352,1.2273,1.2051,0,3
cimbalom_felt,42,F#2,0.8000,regular,felt_mallet,Felt,0.2950,2.7259,92.4990,185.0030,0.5043,1.0086,-0.5204,-2.1358,,0.0000,0.1143,0.1143,0.1047,0.0000,-0.1459,1.2292,1.2131,0,3
cimbalom_felt,42,F#2,0.8250,regular,felt_mallet,Felt,0.2950,2.6923,92.4990,185.0030,0.4981,0.9962,-0.5076,-2.0816,,0.0000,0.0731,0.0730,0.0635,0.0000,0.1342,1.2310,1.2207,0,3
cimbalom_felt,42,F#2,0.8500,regular,felt_mallet,Felt,0.2950,2.6601,92.4990,185.0030,0.4921,0.9843,-0.4954,-2.0305,,0.0000,0.0341,0.0340,0.0250,0.0000,0.4057,1.2327,1.2279,0,3
cimbalom_felt,42,F#2,0.8750,regular,felt_mallet,Felt,0.2950,2.6292,92.4990,185.0030,0.4864,0.9728,-0.4839,-1.9821,,0.0000,-0.0029,-0.0029,-0.0118,-0.0029,0.6690,1.2344,1.2348,0,3
cimbalom_felt,42,F#2,0.9000,regular,felt_mallet,Felt,0.2950,2.5996,92.4990,185.0030,0.4809,0.9619,-0.4729,-1.9361,,0.0000,-0.0379,-0.0379,-0.0467,-0.0379,0.9246,1.2359,1.2413,0,3
cimbalom_felt,42,F#2,0.9250,regular,felt_mallet,Felt,0.2950,2.5710,92.4990,185.0030,0.4756,0.9513,-0.4625,-1.8925,,0.0000,-0.0710,-0.0711,-0.0796,-0.0710,1.1730,1.2374,1.2476,0,3
cimbalom_felt,42,F#2,0.9500,regular,felt_mallet,Felt,0.2950,2.5435,92.4990,185.0030,0.4705,0.9411,-0.4526,-1.8511,,0.0000,-0.1027,-0.1026,-0.1112,-0.1027,1.4146,1.2388,1.2535,0,3
cimbalom_felt,42,F#2,0.9750,regular,felt_mallet,Felt,0.2950,2.5171,92.4990,185.0030,0.4656,0.9313,-0.4432,-1.8116,,0.0000,-0.1327,-0.1327,-0.1408,-0.1327,1.6496,1.2402,1.2592,0,3
cimbalom_felt,42,F#2,1.0000,regular,felt_mallet,Felt,0.2950,2.4915,92.4990,185.0030,0.4609,0.9219,-0.4342,-1.7739,,0.0000,-0.1612,-0.1613,-0.1694,-0.1612,1.8787,1.2415,1.2647,0,3
cimbalom_felt,42,F#2,0.4200,corpus,felt_mallet,Felt,0.2950,3.5342,92.4990,185.0030,0.6538,1.3077,-0.8797,-3.6818,,0.0000,1.3011,1.3011,1.2836,0.0000,-6.1019,1.1794,1.0153,0,3
cimbalom_felt,42,F#2,0.4600,corpus,felt_mallet,Felt,0.2950,3.4069,92.4990,185.0030,0.6303,1.2606,-0.8167,-3.4060,,0.0000,1.0881,1.0882,1.0720,0.0000,-5.2488,1.1880,1.0481,0,3
cimbalom_felt,43,G2,0.0500,regular,felt_mallet,Felt,0.2950,8.0000,97.9990,196.0040,1.5680,3.1361,-5.4540,-32.3930,,0.0000,25.4382,25.4402,26.0020,0.0000,-28.9708,0.7120,0.0381,0,3
cimbalom_felt,43,G2,0.0750,regular,felt_mallet,Felt,0.2950,6.9661,97.9990,196.0040,1.3653,2.7308,-4.0375,-23.9358,,0.0000,18.3970,18.3967,18.1296,0.0000,-24.0325,0.8381,0.1008,0,3
cimbalom_felt,43,G2,0.1000,regular,felt_mallet,Felt,0.2950,6.2009,97.9990,196.0040,1.2154,2.4308,-3.1528,-15.9815,,0.0000,11.3279,11.3276,11.2109,0.0000,-20.6489,0.9280,0.2519,0,3
cimbalom_felt,43,G2,0.1250,regular,felt_mallet,Felt,0.2950,5.6657,97.9990,196.0040,1.1105,2.2210,-2.6088,-12.4286,,0.0000,8.3187,8.3187,8.2403,0.0000,-18.1668,0.9880,0.3791,0,3
cimbalom_felt,43,G2,0.1500,regular,felt_mallet,Felt,0.2950,5.2630,97.9990,196.0040,1.0315,2.0631,-2.2376,-10.2978,,0.0000,6.5593,6.5591,6.4993,0.0000,-16.2119,1.0311,0.4846,0,3
cimbalom_felt,43,G2,0.1750,regular,felt_mallet,Felt,0.2950,4.9449,97.9990,196.0040,0.9692,1.9384,-1.9667,-8.8509,,0.0000,5.3832,5.3832,5.3342,0.0000,-14.6020,1.0638,0.5724,0,3
cimbalom_felt,43,G2,0.2000,regular,felt_mallet,Felt,0.2950,4.6849,97.9990,196.0040,0.9182,1.8365,-1.7595,-7.7947,,0.0000,4.5342,4.5342,4.4925,0.0000,-13.2350,1.0895,0.6464,0,3
cimbalom_felt,43,G2,0.2250,regular,felt_mallet,Felt,0.2950,4.4669,97.9990,196.0040,0.8755,1.7511,-1.5954,-6.9853,,0.0000,3.8888,3.8888,3.8524,0.0000,-12.0479,1.1103,0.7096,0,3
cimbalom_felt,43,G2,0.2500,regular,felt_mallet,Felt,0.2950,4.2806,97.9990,196.0040,0.8390,1.6780,-1.4620,-6.3429,,0.0000,3.3800,3.3799,3.3474,0.0000,-10.9993,1.1275,0.7640,0,3
cimbalom_felt,43,G2,0.2750,regular,felt_mallet,Felt,0.2950,4.1187,97.9990,196.0040,0.8073,1.6146,-1.3511,-5.8192,,0.0000,2.9671,2.9671,2.9378,0.0000,-10.0606,1.1419,0.8115,0,3
cimbalom_felt,43,G2,0.3000,regular,felt_mallet,Felt,0.2950,3.9763,97.9990,196.0040,0.7793,1.5587,-1.2574,-5.3833,,0.0000,2.6248,2.6248,2.5981,0.0000,-9.2111,1.1543,0.8533,0,3
cimbalom_felt,43,G2,0.3250,regular,felt_mallet,Felt,0.2950,3.8496,97.9990,196.0040,0.7545,1.5091,-1.1771,-5.0141,,0.0000,2.3361,2.3360,2.3114,0.0000,-8.4354,1.1650,0.8903,0,3
cimbalom_felt,43,G2,0.3500,regular,felt_mallet,Felt,0.2950,3.7359,97.9990,196.0040,0.7322,1.4645,-1.1074,-4.6971,,0.0000,2.0887,2.0887,2.0660,0.0000,-7.7221,1.1744,0.9234,0,3
cimbalom_felt,43,G2,0.3750,regular,felt_mallet,Felt,0.2950,3.6331,97.9990,196.0040,0.7121,1.4242,-1.0462,-4.4215,,0.0000,1.8743,1.8743,1.8529,0.0000,-7.0617,1.1827,0.9532,0,3
cimbalom_felt,43,G2,0.4000,regular,felt_mallet,Felt,0.2950,3.5395,97.9990,196.0040,0.6937,1.3875,-0.9922,-4.1797,,0.0000,1.6864,1.6865,1.6664,0.0000,-6.4471,1.1901,0.9801,0,3
cimbalom_felt,43,G2,0.4250,regular,felt_mallet,Felt,0.2950,3.4538,97.9990,196.0040,0.6769,1.3539,-0.9440,-3.9654,,0.0000,1.5204,1.5204,1.5013,0.0000,-5.8724,1.1967,1.0046,0,3
cimbalom_felt,43,G2,0.4500,regular,felt_mallet,Felt,0.2950,3.3748,97.9990,196.0040,0.6615,1.3230,-0.9007,-3.7742,,0.0000,1.3725,1.3725,1.3545,0.0000,-5.3326,1.2027,1.0269,0,3
cimbalom_felt,43,G2,0.4750,regular,felt_mallet,Felt,0.2950,3.3018,97.9990,196.0040,0.6472,1.2943,-0.8616,-3.6025,,0.0000,1.2398,1.2398,1.2227,0.0000,-4.8239,1.2081,1.0474,0,3
cimbalom_felt,43,G2,0.5000,regular,felt_mallet,Felt,0.2950,3.2340,97.9990,196.0040,0.6339,1.2678,-0.8261,-3.4472,,0.0000,1.1200,1.1200,1.1038,0.0000,-4.3429,1.2131,1.0663,0,3
cimbalom_felt,43,G2,0.5250,regular,felt_mallet,Felt,0.2950,3.1708,97.9990,196.0040,0.6215,1.2430,-0.7938,-3.3061,,0.0000,1.0113,1.0113,0.9957,0.0000,-3.8867,1.2176,1.0838,0,3
cimbalom_felt,43,G2,0.5500,regular,felt_mallet,Felt,0.2950,3.1117,97.9990,196.0040,0.6099,1.2198,-0.7641,-3.1773,,0.0000,0.9122,0.9121,0.8973,0.0000,-3.4530,1.2218,1.1000,0,3
cimbalom_felt,43,G2,0.5750,regular,felt_mallet,Felt,0.2950,3.0563,97.9990,196.0040,0.5990,1.1981,-0.7368,-3.0591,,0.0000,0.8213,0.8213,0.8071,0.0000,-3.0396,1.2256,1.1150,0,3
cimbalom_felt,43,G2,0.6000,regular,felt_mallet,Felt,0.2950,3.0041,97.9990,196.0040,0.5888,1.1776,-0.7116,-2.9503,,0.0000,0.7377,0.7377,0.7239,0.0000,-2.6447,1.2292,1.1291,0,3
cimbalom_felt,43,G2,0.6250,regular,felt_mallet,Felt,0.2950,2.9549,97.9990,196.0040,0.5792,1.1584,-0.6882,-2.8498,,0.0000,0.6606,0.6606,0.6474,0.0000,-2.2667,1.2325,1.1422,0,3
cimbalom_felt,43,G2,0.6500,regular,felt_mallet,Felt,0.2950,2.9084,97.9990,196.0040,0.5700,1.1401,-0.6665,-2.7566,,0.0000,0.5891,0.5891,0.5763,0.0000,-1.9044,1.2356,1.1545,0,3
cimbalom_felt,43,G2,0.6750,regular,felt_mallet,Felt,0.2950,2.8644,97.9990,196.0040,0.5614,1.1229,-0.6463,-2.6700,,0.0000,0.5227,0.5227,0.5104,0.0000,-1.5563,1.2385,1.1661,0,3
cimbalom_felt,43,G2,0.7000,regular,felt_mallet,Felt,0.2950,2.8225,97.9990,196.0040,0.5532,1.1065,-0.6273,-2.5892,,0.0000,0.4607,0.4608,0.4487,0.0000,-1.2216,1.2411,1.1770,0,3
cimbalom_felt,43,G2,0.7250,regular,felt_mallet,Felt,0.2950,2.7828,97.9990,196.0040,0.5454,1.0909,-0.6096,-2.5136,,0.0000,0.4029,0.4030,0.3913,0.0000,-0.8991,1.2437,1.1873,0,3
cimbalom_felt,43,G2,0.7500,regular,felt_mallet,Felt,0.2950,2.7449,97.9990,196.0040,0.5380,1.0760,-0.5930,-2.4428,,0.0000,0.3488,0.3488,0.3376,0.0000,-0.5879,1.2461,1.1970,0,3
cimbalom_felt,43,G2,0.7750,regular,felt_mallet,Felt,0.2950,2.7087,97.9990,196.0040,0.5309,1.0618,-0.5773,-2.3763,,0.0000,0.2980,0.2980,0.2870,0.0000,-0.2874,1.2483,1.2062,0,3
cimbalom_felt,43,G2,0.8000,regular,felt_mallet,Felt,0.2950,2.6741,97.9990,196.0040,0.5241,1.0483,-0.5625,-2.3137,,0.0000,0.2502,0.2502,0.2395,0.0000,0.0031,1.2505,1.2149,0,3
cimbalom_felt,43,G2,0.8250,regular,felt_mallet,Felt,0.2950,2.6411,97.9990,196.0040,0.5176,1.0353,-0.5486,-2.2547,,0.0000,0.2050,0.2051,0.1948,0.0000,0.2844,1.2525,1.2232,0,3
cimbalom_felt,43,G2,0.8500,regular,felt_mallet,Felt,0.2950,2.6094,97.9990,196.0040,0.5114,1.0229,-0.5354,-2.1989,,0.0000,0.1625,0.1625,0.1525,0.0000,0.5568,1.2544,1.2311,0,3
cimbalom_felt,43,G2,0.8750,regular,felt_mallet,Felt,0.2950,2.5790,97.9990,196.0040,0.5055,1.0110,-0.5229,-2.1461,,0.0000,0.1222,0.1222,0.1123,0.0000,0.8211,1.2562,1.2386,0,3
cimbalom_felt,43,G2,0.9000,regular,felt_mallet,Felt,0.2950,2.5497,97.9990,196.0040,0.4997,0.9995,-0.5110,-2.0961,,0.0000,0.0844,0.0841,0.0745,0.0000,1.0777,1.2579,1.2457,0,3
cimbalom_felt,43,G2,0.9250,regular,felt_mallet,Felt,0.2950,2.5216,97.9990,196.0040,0.4942,0.9885,-0.4997,-2.0486,,0.0000,0.0478,0.0478,0.0386,0.0000,1.3269,1.2595,1.2526,0,3
cimbalom_felt,43,G2,0.9500,regular,felt_mallet,Felt,0.2950,2.4946,97.9990,196.0040,0.4889,0.9779,-0.4890,-2.0034,,0.0000,0.0134,0.0134,0.0043,0.0000,1.5693,1.2611,1.2591,0,3
cimbalom_felt,43,G2,0.9750,regular,felt_mallet,Felt,0.2950,2.4685,97.9990,196.0040,0.4838,0.9677,-0.4787,-1.9604,,0.0000,-0.0194,-0.0194,-0.0282,-0.0194,1.8052,1.2626,1.2654,0,3
cimbalom_felt,43,G2,1.0000,regular,felt_mallet,Felt,0.2950,2.4434,97.9990,196.0040,0.4789,0.9578,-0.4689,-1.9194,,0.0000,-0.0506,-0.0506,-0.0594,-0.0506,2.0349,1.2640,1.2714,0,3
cimbalom_felt,43,G2,0.4200,corpus,felt_mallet,Felt,0.2950,3.4703,97.9990,196.0040,0.6802,1.3604,-0.9532,-4.0063,,0.0000,1.5521,1.5521,1.5329,0.0000,-5.9843,1.1955,0.9998,0,3
cimbalom_felt,43,G2,0.4600,corpus,felt_mallet,Felt,0.2950,3.3450,97.9990,196.0040,0.6556,1.3113,-0.8846,-3.7034,,0.0000,1.3177,1.3177,1.3002,0.0000,-5.1257,1.2049,1.0353,0,3
cimbalom_felt,44,G#2,0.0500,regular,felt_mallet,Felt,0.2950,8.0000,103.8260,207.6600,1.6612,3.3226,-6.2012,-26.3144,,0.0000,18.6145,18.6134,18.8381,0.0000,-29.5187,0.6685,0.0784,0,3
cimbalom_felt,44,G#2,0.0750,regular,felt_mallet,Felt,0.2950,6.8576,103.8260,207.6600,1.4240,2.8481,-4.4202,-29.5694,,0.0000,23.6481,23.6469,23.1701,0.0000,-24.2157,0.8206,0.0539,0,3
cimbalom_felt,44,G#2,0.1000,regular,felt_mallet,Felt,0.2950,6.1018,103.8260,207.6600,1.2670,2.5342,-3.4431,-18.1862,,0.0000,13.2417,13.2419,13.0937,0.0000,-20.7398,0.9183,0.2000,0,3
cimbalom_felt,44,G#2,0.1250,regular,felt_mallet,Felt,0.2950,5.5734,103.8260,207.6600,1.1573,2.3147,-2.8445,-13.8934,,0.0000,9.5477,9.5478,9.4546,0.0000,-18.2030,0.9839,0.3278,0,3
cimbalom_felt,44,G#2,0.1500,regular,felt_mallet,Felt,0.2950,5.1758,103.8260,207.6600,1.0748,2.1496,-2.4369,-11.4181,,0.0000,7.4803,7.4801,7.4111,0.0000,-16.2119,1.0311,0.4358,0,3
cimbalom_felt,44,G#2,0.1750,regular,felt_mallet,Felt,0.2950,4.8618,103.8260,207.6600,1.0096,2.0192,-2.1400,-9.7671,,0.0000,6.1261,6.1260,6.0702,0.0000,-14.5760,1.0670,0.5271,0,3
cimbalom_felt,44,G#2,0.2000,regular,felt_mallet,Felt,0.2950,4.6053,103.8260,207.6600,0.9563,1.9127,-1.9131,-8.5741,,0.0000,5.1601,5.1599,5.1131,0.0000,-13.1892,1.0952,0.6047,0,3
cimbalom_felt,44,G#2,0.2250,regular,felt_mallet,Felt,0.2950,4.3903,103.8260,207.6600,0.9116,1.8234,-1.7337,-7.6659,,0.0000,4.4313,4.4312,4.3903,0.0000,-11.9867,1.1181,0.6713,0,3
cimbalom_felt,44,G#2,0.2500,regular,felt_mallet,Felt,0.2950,4.2065,103.8260,207.6600,0.8735,1.7470,-1.5878,-6.9486,,0.0000,3.8598,3.8597,3.8236,0.0000,-10.9258,1.1370,0.7291,0,3
cimbalom_felt,44,G#2,0.2750,regular,felt_mallet,Felt,0.2950,4.0468,103.8260,207.6600,0.8403,1.6807,-1.4668,-6.3659,,0.0000,3.3981,3.3981,3.3655,0.0000,-9.9769,1.1530,0.7797,0,3
cimbalom_felt,44,G#2,0.3000,regular,felt_mallet,Felt,0.2950,3.9064,103.8260,207.6600,0.8112,1.6224,-1.3645,-5.8822,,0.0000,3.0167,3.0167,2.9871,0.0000,-9.1188,1.1666,0.8243,0,3
cimbalom_felt,44,G#2,0.3250,regular,felt_mallet,Felt,0.2950,3.7815,103.8260,207.6600,0.7852,1.5705,-1.2769,-5.4735,,0.0000,2.6955,2.6956,2.6683,0.0000,-8.3360,1.1785,0.8640,0,3
cimbalom_felt,44,G#2,0.3500,regular,felt_mallet,Felt,0.2950,3.6694,103.8260,207.6600,0.7620,1.5240,-1.2009,-5.1232,,0.0000,2.4213,2.4213,2.3960,0.0000,-7.6162,1.1888,0.8996,0,3
cimbalom_felt,44,G#2,0.3750,regular,felt_mallet,Felt,0.2950,3.5681,103.8260,207.6600,0.7409,1.4819,-1.1343,-4.8192,,0.0000,2.1839,2.1839,2.1604,0.0000,-6.9504,1.1980,0.9317,0,3
cimbalom_felt,44,G#2,0.4000,regular,felt_mallet,Felt,0.2950,3.4758,103.8260,207.6600,0.7218,1.4436,-1.0754,-4.5527,,0.0000,1.9762,1.9763,1.9542,0.0000,-6.3309,1.2061,0.9607,0,3
cimbalom_felt,44,G#2,0.4250,regular,felt_mallet,Felt,0.2950,3.3913,103.8260,207.6600,0.7042,1.4085,-1.0229,-4.3169,,0.0000,1.7930,1.7930,1.7721,0.0000,-5.7519,1.2134,0.9871,0,3
cimbalom_felt,44,G#2,0.4500,regular,felt_mallet,Felt,0.2950,3.3135,103.8260,207.6600,0.6881,1.3762,-0.9758,-4.1067,,0.0000,1.6299,1.6299,1.6102,0.0000,-5.2083,1.2200,1.0113,0,3
cimbalom_felt,44,G#2,0.4750,regular,felt_mallet,Felt,0.2950,3.2416,103.8260,207.6600,0.6731,1.3463,-0.9332,-3.9179,,0.0000,1.4837,1.4837,1.4650,0.0000,-4.6961,1.2260,1.0335,0,3
cimbalom_felt,44,G#2,0.5000,regular,felt_mallet,Felt,0.2950,3.1748,103.8260,207.6600,0.6593,1.3186,-0.8946,-3.7475,,0.0000,1.3519,1.3519,1.3341,0.0000,-4.2120,1.2315,1.0540,0,3
cimbalom_felt,44,G#2,0.5250,regular,felt_mallet,Felt,0.2950,3.1125,103.8260,207.6600,0.6463,1.2927,-0.8594,-3.5928,,0.0000,1.2323,1.2323,1.2151,0.0000,-3.7529,1.2365,1.0730,0,3
cimbalom_felt,44,G#2,0.5500,regular,felt_mallet,Felt,0.2950,3.0543,103.8260,207.6600,0.6342,1.2685,-0.8271,-3.4515,,0.0000,1.1234,1.1234,1.1072,0.0000,-3.3166,1.2411,1.0905,0,3
cimbalom_felt,44,G#2,0.5750,regular,felt_mallet,Felt,0.2950,2.9997,103.8260,207.6600,0.6229,1.2458,-0.7974,-3.3221,,0.0000,1.0236,1.0236,1.0080,0.0000,-2.9008,1.2453,1.1069,0,3
cimbalom_felt,44,G#2,0.6000,regular,felt_mallet,Felt,0.2950,2.9483,103.8260,207.6600,0.6122,1.2245,-0.7700,-3.2030,,0.0000,0.9319,0.9319,0.9169,0.0000,-2.5038,1.2493,1.1222,0,3
cimbalom_felt,44,G#2,0.6250,regular,felt_mallet,Felt,0.2950,2.8999,103.8260,207.6600,0.6022,1.2044,-0.7446,-3.0930,,0.0000,0.8474,0.8473,0.8329,0.0000,-2.1237,1.2530,1.1365,0,3
cimbalom_felt,44,G#2,0.6500,regular,felt_mallet,Felt,0.2950,2.8541,103.8260,207.6600,0.5927,1.1853,-0.7210,-2.9911,,0.0000,0.7690,0.7690,0.7552,0.0000,-1.7595,1.2563,1.1499,0,3
cimbalom_felt,44,G#2,0.6750,regular,felt_mallet,Felt,0.2950,2.8107,103.8260,207.6600,0.5836,1.1673,-0.6990,-2.8963,,0.0000,0.6962,0.6963,0.6827,0.0000,-1.4097,1.2595,1.1625,0,3
cimbalom_felt,44,G#2,0.7000,regular,felt_mallet,Felt,0.2950,2.7695,103.8260,207.6600,0.5751,1.1502,-0.6785,-2.8080,,0.0000,0.6284,0.6285,0.6154,0.0000,-1.0733,1.2625,1.1744,0,3
cimbalom_felt,44,G#2,0.7250,regular,felt_mallet,Felt,0.2950,2.7303,103.8260,207.6600,0.5670,1.1339,-0.6592,-2.7255,,0.0000,0.5653,0.5652,0.5526,0.0000,-0.7492,1.2653,1.1856,0,3
cimbalom_felt,44,G#2,0.7500,regular,felt_mallet,Felt,0.2950,2.6930,103.8260,207.6600,0.5592,1.1185,-0.6411,-2.6481,,0.0000,0.5060,0.5060,0.4938,0.0000,-0.4367,1.2680,1.1962,0,3
cimbalom_felt,44,G#2,0.7750,regular,felt_mallet,Felt,0.2950,2.6574,103.8260,207.6600,0.5518,1.1037,-0.6241,-2.5755,,0.0000,0.4503,0.4504,0.4386,0.0000,-0.1348,1.2705,1.2063,0,3
cimbalom_felt,44,G#2,0.8000,regular,felt_mallet,Felt,0.2950,2.6233,103.8260,207.6600,0.5447,1.0895,-0.6081,-2.5072,,0.0000,0.3982,0.3981,0.3867,0.0000,0.1570,1.2728,1.2158,0,3
cimbalom_felt,44,G#2,0.8250,regular,felt_mallet,Felt,0.2950,2.5908,103.8260,207.6600,0.5380,1.0760,-0.5929,-2.4428,,0.0000,0.3488,0.3488,0.3374,0.0000,0.4394,1.2750,1.2248,0,3
cimbalom_felt,44,G#2,0.8500,regular,felt_mallet,Felt,0.2950,2.5596,103.8260,207.6600,0.5315,1.0630,-0.5786,-2.3820,,0.0000,0.3023,0.3023,0.2914,0.0000,0.7130,1.2771,1.2334,0,3
cimbalom_felt,44,G#2,0.8750,regular,felt_mallet,Felt,0.2950,2.5296,103.8260,207.6600,0.5253,1.0506,-0.5650,-2.3244,,0.0000,0.2583,0.2583,0.2477,0.0000,0.9783,1.2791,1.2416,0,3
cimbalom_felt,44,G#2,0.9000,regular,felt_mallet,Felt,0.2950,2.5009,103.8260,207.6600,0.5193,1.0387,-0.5522,-2.2698,,0.0000,0.2167,0.2166,0.2062,0.0000,1.2360,1.2810,1.2495,0,3
cimbalom_felt,44,G#2,0.9250,regular,felt_mallet,Felt,0.2950,2.4732,103.8260,207.6600,0.5136,1.0272,-0.5399,-2.2181,,0.0000,0.1770,0.1771,0.1669,0.0000,1.4861,1.2828,1.2569,0,3
cimbalom_felt,44,G#2,0.9500,regular,felt_mallet,Felt,0.2950,2.4466,103.8260,207.6600,0.5080,1.0161,-0.5282,-2.1688,,0.0000,0.1395,0.1395,0.1295,0.0000,1.7294,1.2845,1.2641,0,3
cimbalom_felt,44,G#2,0.9750,regular,felt_mallet,Felt,0.2950,2.4209,103.8260,207.6600,0.5027,1.0055,-0.5171,-2.1220,,0.0000,0.1037,0.1038,0.0939,0.0000,1.9662,1.2862,1.2709,0,3
cimbalom_felt,44,G#2,1.0000,regular,felt_mallet,Felt,0.2950,2.3962,103.8260,207.6600,0.4976,0.9952,-0.5065,-2.0773,,0.0000,0.0698,0.0697,0.0603,0.0000,2.1968,1.2878,1.2775,0,3
cimbalom_felt,44,G#2,0.4200,corpus,felt_mallet,Felt,0.2950,3.4076,103.8260,207.6600,0.7076,1.4153,-1.0329,-4.3618,,0.0000,1.8278,1.8279,1.8068,0.0000,-5.8647,1.2120,0.9820,0,3
cimbalom_felt,44,G#2,0.4600,corpus,felt_mallet,Felt,0.2950,3.2841,103.8260,207.6600,0.6820,1.3640,-0.9582,-4.0288,,0.0000,1.5696,1.5695,1.5504,0.0000,-4.9998,1.2225,1.0204,0,3
cimbalom_felt,45,A2,0.0500,regular,felt_mallet,Felt,0.2950,7.9634,110.0000,220.0090,1.7519,3.5040,-6.9932,-24.0005,,0.0000,15.5067,15.5072,15.6359,0.0000,-30.1017,0.6251,0.1049,0,3
cimbalom_felt,45,A2,0.0750,regular,felt_mallet,Felt,0.2950,6.7508,110.0000,220.0090,1.4852,2.9705,-4.8425,-44.5457,,0.0000,38.2009,38.1956,35.9693,0.0000,-24.4292,0.8007,0.0098,0,3
cimbalom_felt,45,A2,0.1000,regular,felt_mallet,Felt,0.2950,6.0042,110.0000,220.0090,1.3209,2.6420,-3.7619,-20.9956,,0.0000,15.7327,15.7324,15.5341,0.0000,-20.8498,0.9068,0.1482,0,3
cimbalom_felt,45,A2,0.1250,regular,felt_mallet,Felt,0.2950,5.4824,110.0000,220.0090,1.2061,2.4124,-3.1026,-15.6260,,0.0000,11.0226,11.0224,10.9097,0.0000,-18.2522,0.9783,0.2750,0,3
cimbalom_felt,45,A2,0.1500,regular,felt_mallet,Felt,0.2950,5.0900,110.0000,220.0090,1.1198,2.2397,-2.6548,-12.7068,,0.0000,8.5511,8.5510,8.4701,0.0000,-16.2208,1.0301,0.3849,0,3
cimbalom_felt,45,A2,0.1750,regular,felt_mallet,Felt,0.2950,4.7801,110.0000,220.0090,1.0516,2.1033,-2.3291,-10.8057,,0.0000,6.9756,6.9756,6.9116,0.0000,-14.5562,1.0694,0.4790,0,3
cimbalom_felt,45,A2,0.2000,regular,felt_mallet,Felt,0.2950,4.5270,110.0000,220.0090,0.9959,1.9920,-2.0806,-9.4498,,0.0000,5.8679,5.8682,5.8145,0.0000,-13.1481,1.1004,0.5600,0,3
cimbalom_felt,45,A2,0.2250,regular,felt_mallet,Felt,0.2950,4.3149,110.0000,220.0090,0.9493,1.8986,-1.8843,-8.4262,,0.0000,5.0410,5.0409,4.9949,0.0000,-11.9285,1.1256,0.6300,0,3
cimbalom_felt,45,A2,0.2500,regular,felt_mallet,Felt,0.2950,4.1336,110.0000,220.0090,0.9094,1.8189,-1.7249,-7.6222,,0.0000,4.3964,4.3963,4.3559,0.0000,-10.8539,1.1465,0.6911,0,3
cimbalom_felt,45,A2,0.2750,regular,felt_mallet,Felt,0.2950,3.9762,110.0000,220.0090,0.8748,1.7496,-1.5926,-6.9719,,0.0000,3.8782,3.8783,3.8419,0.0000,-9.8938,1.1641,0.7448,0,3
cimbalom_felt,45,A2,0.3000,regular,felt_mallet,Felt,0.2950,3.8377,110.0000,220.0090,0.8443,1.6887,-1.4810,-6.4338,,0.0000,3.4518,3.4518,3.4187,0.0000,-9.0265,1.1791,0.7924,0,3
cimbalom_felt,45,A2,0.3250,regular,felt_mallet,Felt,0.2950,3.7146,110.0000,220.0090,0.8172,1.6345,-1.3854,-5.9803,,0.0000,3.0938,3.0939,3.0635,0.0000,-8.2356,1.1922,0.8349,0,3
cimbalom_felt,45,A2,0.3500,regular,felt_mallet,Felt,0.2950,3.6041,110.0000,220.0090,0.7929,1.5859,-1.3025,-5.5924,,0.0000,2.7888,2.7889,2.7609,0.0000,-7.5091,1.2036,0.8731,0,3
cimbalom_felt,45,A2,0.3750,regular,felt_mallet,Felt,0.2950,3.5042,110.0000,220.0090,0.7709,1.5419,-1.2299,-5.2564,,0.0000,2.5255,2.5255,2.4994,0.0000,-6.8371,1.2137,0.9075,0,3
cimbalom_felt,45,A2,0.4000,regular,felt_mallet,Felt,0.2950,3.4133,110.0000,220.0090,0.7509,1.5019,-1.1657,-4.9622,,0.0000,2.2955,2.2955,2.2712,0.0000,-6.2123,1.2227,0.9387,0,3
cimbalom_felt,45,A2,0.4250,regular,felt_mallet,Felt,0.2950,3.3300,110.0000,220.0090,0.7326,1.4653,-1.1085,-4.7023,,0.0000,2.0928,2.0928,2.0700,0.0000,-5.6286,1.2308,0.9672,0,3
cimbalom_felt,45,A2,0.4500,regular,felt_mallet,Felt,0.2950,3.2534,110.0000,220.0090,0.7157,1.4315,-1.0572,-4.4709,,0.0000,1.9127,1.9127,1.8911,0.0000,-5.0808,1.2381,0.9934,0,3
cimbalom_felt,45,A2,0.4750,regular,felt_mallet,Felt,0.2950,3.1825,110.0000,220.0090,0.7001,1.4003,-1.0109,-4.2633,,0.0000,1.7514,1.7514,1.7308,0.0000,-4.5649,1.2447,1.0174,0,3
cimbalom_felt,45,A2,0.5000,regular,felt_mallet,Felt,0.2950,3.1167,110.0000,220.0090,0.6857,1.3714,-0.9689,-4.0760,,0.0000,1.6061,1.6061,1.5866,0.0000,-4.0773,1.2507,1.0396,0,3
cimbalom_felt,45,A2,0.5250,regular,felt_mallet,Felt,0.2950,3.0553,110.0000,220.0090,0.6722,1.3444,-0.9305,-3.9061,,0.0000,1.4746,1.4745,1.4560,0.0000,-3.6152,1.2563,1.0601,0,3
cimbalom_felt,45,A2,0.5500,regular,felt_mallet,Felt,0.2950,2.9980,110.0000,220.0090,0.6596,1.3192,-0.8954,-3.7511,,0.0000,1.3547,1.3547,1.3368,0.0000,-3.1761,1.2613,1.0792,0,3
cimbalom_felt,45,A2,0.5750,regular,felt_mallet,Felt,0.2950,2.9442,110.0000,220.0090,0.6477,1.2955,-0.8631,-3.6092,,0.0000,1.2451,1.2450,1.2280,0.0000,-2.7576,1.2660,1.0970,0,3
cimbalom_felt,45,A2,0.6000,regular,felt_mallet,Felt,0.2950,2.8935,110.0000,220.0090,0.6366,1.2732,-0.8333,-3.4787,,0.0000,1.1443,1.1443,1.1277,0.0000,-2.3582,1.2704,1.1136,0,3
cimbalom_felt,45,A2,0.6250,regular,felt_mallet,Felt,0.2950,2.8458,110.0000,220.0090,0.6261,1.2522,-0.8057,-3.3582,,0.0000,1.0514,1.0514,1.0356,0.0000,-1.9761,1.2744,1.1291,0,3
cimbalom_felt,45,A2,0.6500,regular,felt_mallet,Felt,0.2950,2.8007,110.0000,220.0090,0.6162,1.2324,-0.7801,-3.2466,,0.0000,0.9654,0.9655,0.9501,0.0000,-1.6097,1.2782,1.1438,0,3
cimbalom_felt,45,A2,0.6750,regular,felt_mallet,Felt,0.2950,2.7580,110.0000,220.0090,0.6068,1.2136,-0.7562,-3.1429,,0.0000,0.8858,0.8857,0.8711,0.0000,-1.2579,1.2817,1.1575,0,3
cimbalom_felt,45,A2,0.7000,regular,felt_mallet,Felt,0.2950,2.7174,110.0000,220.0090,0.5978,1.1957,-0.7338,-3.0464,,0.0000,0.8115,0.8115,0.7974,0.0000,-0.9197,1.2850,1.1704,0,3
cimbalom_felt,45,A2,0.7250,regular,felt_mallet,Felt,0.2950,2.6788,110.0000,220.0090,0.5893,1.1787,-0.7129,-2.9561,,0.0000,0.7421,0.7422,0.7283,0.0000,-0.5940,1.2881,1.1826,0,3
cimbalom_felt,45,A2,0.7500,regular,felt_mallet,Felt,0.2950,2.6421,110.0000,220.0090,0.5813,1.1626,-0.6933,-2.8716,,0.0000,0.6773,0.6773,0.6641,0.0000,-0.2799,1.2911,1.1942,0,3
cimbalom_felt,45,A2,0.7750,regular,felt_mallet,Felt,0.2950,2.6070,110.0000,220.0090,0.5735,1.1471,-0.6748,-2.7923,,0.0000,0.6164,0.6165,0.6035,0.0000,0.0234,1.2938,1.2052,0,3
cimbalom_felt,45,A2,0.8000,regular,felt_mallet,Felt,0.2950,2.5735,110.0000,220.0090,0.5662,1.1324,-0.6574,-2.7177,,0.0000,0.5592,0.5593,0.5467,0.0000,0.3165,1.2964,1.2156,0,3
cimbalom_felt,45,A2,0.8250,regular,felt_mallet,Felt,0.2950,2.5415,110.0000,220.0090,0.5591,1.1183,-0.6409,-2.6474,,0.0000,0.5053,0.5054,0.4932,0.0000,0.6003,1.2989,1.2254,0,3
cimbalom_felt,45,A2,0.8500,regular,felt_mallet,Felt,0.2950,2.5107,110.0000,220.0090,0.5524,1.1048,-0.6254,-2.5810,,0.0000,0.4545,0.4545,0.4427,0.0000,0.8751,1.3012,1.2348,0,3
cimbalom_felt,45,A2,0.8750,regular,felt_mallet,Felt,0.2950,2.4813,110.0000,220.0090,0.5459,1.0918,-0.6107,-2.5181,,0.0000,0.4064,0.4065,0.3949,0.0000,1.1416,1.3034,1.2438,0,3
cimbalom_felt,45,A2,0.9000,regular,felt_mallet,Felt,0.2950,2.4530,110.0000,220.0090,0.5396,1.0793,-0.5967,-2.4586,,0.0000,0.3610,0.3609,0.3497,0.0000,1.4003,1.3055,1.2523,0,3
cimbalom_felt,45,A2,0.9250,regular,felt_mallet,Felt,0.2950,2.4257,110.0000,220.0090,0.5337,1.0674,-0.5834,-2.4021,,0.0000,0.3177,0.3177,0.3068,0.0000,1.6516,1.3075,1.2605,0,3
cimbalom_felt,45,A2,0.9500,regular,felt_mallet,Felt,0.2950,2.3995,110.0000,220.0090,0.5279,1.0558,-0.5707,-2.3485,,0.0000,0.2767,0.2767,0.2658,0.0000,1.8959,1.3094,1.2683,0,3
cimbalom_felt,45,A2,0.9750,regular,felt_mallet,Felt,0.2950,2.3743,110.0000,220.0090,0.5223,1.0447,-0.5587,-2.2974,,0.0000,0.2377,0.2377,0.2270,0.0000,2.1335,1.3112,1.2758,0,3
cimbalom_felt,45,A2,1.0000,regular,felt_mallet,Felt,0.2950,2.3499,110.0000,220.0090,0.5170,1.0340,-0.5472,-2.2487,,0.0000,0.2005,0.2005,0.1901,0.0000,2.3650,1.3129,1.2830,0,3
cimbalom_felt,45,A2,0.4200,corpus,felt_mallet,Felt,0.2950,3.3461,110.0000,220.0090,0.7361,1.4723,-1.1194,-4.7519,,0.0000,2.1314,2.1314,2.1082,0.0000,-5.7423,1.2292,0.9618,0,3
cimbalom_felt,45,A2,0.4600,corpus,felt_mallet,Felt,0.2950,3.2244,110.0000,220.0090,0.7094,1.4188,-1.0381,-4.3852,,0.0000,1.8461,1.8461,1.8249,0.0000,-4.8708,1.2408,1.0032,0,3
cimbalom_felt,46,A#2,0.0500,regular,felt_mallet,Felt,0.2950,7.8438,116.5410,233.0930,1.8283,3.6567,-7.7137,-23.1778,,0.0000,13.9638,13.9640,14.0477,0.0000,-30.6030,0.5900,0.1182,0,3
cimbalom_felt,46,A#2,0.0750,regular,felt_mallet,Felt,0.2950,6.6455,116.5410,233.0930,1.5490,3.0981,-5.3093,-34.9699,,0.0000,28.1617,28.1626,28.9622,0.0000,-24.6767,0.7782,0.0304,0,3
cimbalom_felt,46,A#2,0.1000,regular,felt_mallet,Felt,0.2950,5.9081,116.5410,233.0930,1.3771,2.7543,-4.1124,-24.8577,,0.0000,19.2433,19.2436,18.9495,0.0000,-20.9810,0.8932,0.0975,0,3
cimbalom_felt,46,A#2,0.1250,regular,felt_mallet,Felt,0.2950,5.3929,116.5410,233.0930,1.2570,2.5141,-3.3854,-17.7265,,0.0000,12.8397,12.8398,12.6988,0.0000,-18.3158,0.9712,0.2215,0,3
cimbalom_felt,46,A#2,0.1500,regular,felt_mallet,Felt,0.2950,5.0055,116.5410,233.0930,1.1667,2.3335,-2.8931,-14.2087,,0.0000,9.8145,9.8145,9.7183,0.0000,-16.2398,1.0278,0.3320,0,3
cimbalom_felt,46,A#2,0.1750,regular,felt_mallet,Felt,0.2950,4.6998,116.5410,233.0930,1.0954,2.1910,-2.5356,-11.9933,,0.0000,7.9566,7.9566,7.8821,0.0000,-14.5434,1.0710,0.4285,0,3
cimbalom_felt,46,A#2,0.2000,regular,felt_mallet,Felt,0.2950,4.4501,116.5410,233.0930,1.0372,2.0746,-2.2634,-10.4400,,0.0000,6.6755,6.6755,6.6144,0.0000,-13.1114,1.1051,0.5124,0,3
cimbalom_felt,46,A#2,0.2250,regular,felt_mallet,Felt,0.2950,4.2408,116.5410,233.0930,0.9885,1.9770,-2.0484,-9.2794,,0.0000,5.7299,5.7299,5.6776,0.0000,-11.8734,1.1328,0.5857,0,3
cimbalom_felt,46,A#2,0.2500,regular,felt_mallet,Felt,0.2950,4.0620,116.5410,233.0930,0.9468,1.8937,-1.8741,-8.3741,,0.0000,4.9991,4.9990,4.9534,0.0000,-10.7838,1.1558,0.6500,0,3
cimbalom_felt,46,A#2,0.2750,regular,felt_mallet,Felt,0.2950,3.9068,116.5410,233.0930,0.9106,1.8213,-1.7296,-7.6457,,0.0000,4.4151,4.4151,4.3744,0.0000,-9.8116,1.1751,0.7069,0,3
cimbalom_felt,46,A#2,0.3000,regular,felt_mallet,Felt,0.2950,3.7702,116.5410,233.0930,0.8788,1.7576,-1.6076,-7.0452,,0.0000,3.9365,3.9365,3.8997,0.0000,-8.9338,1.1918,0.7575,0,3
cimbalom_felt,46,A#2,0.3250,regular,felt_mallet,Felt,0.2950,3.6488,116.5410,233.0930,0.8505,1.7010,-1.5033,-6.5406,,0.0000,3.5363,3.5363,3.5026,0.0000,-8.1343,1.2062,0.8028,0,3
cimbalom_felt,46,A#2,0.3500,regular,felt_mallet,Felt,0.2950,3.5399,116.5410,233.0930,0.8251,1.6503,-1.4129,-6.1101,,0.0000,3.1962,3.1962,3.1653,0.0000,-7.4001,1.2188,0.8436,0,3
cimbalom_felt,46,A#2,0.3750,regular,felt_mallet,Felt,0.2950,3.4415,116.5410,233.0930,0.8021,1.6044,-1.3337,-5.7379,,0.0000,2.9032,2.9032,2.8743,0.0000,-6.7217,1.2299,0.8805,0,3
cimbalom_felt,46,A#2,0.4000,regular,felt_mallet,Felt,0.2950,3.3519,116.5410,233.0930,0.7813,1.5626,-1.2637,-5.4127,,0.0000,2.6479,2.6479,2.6211,0.0000,-6.0911,1.2399,0.9141,0,3
cimbalom_felt,46,A#2,0.4250,regular,felt_mallet,Felt,0.2950,3.2698,116.5410,233.0930,0.7621,1.5243,-1.2014,-5.1257,,0.0000,2.4233,2.4233,2.3981,0.0000,-5.5023,1.2488,0.9448,0,3
cimbalom_felt,46,A#2,0.4500,regular,felt_mallet,Felt,0.2950,3.1943,116.5410,233.0930,0.7445,1.4891,-1.1455,-4.8705,,0.0000,2.2240,2.2240,2.2001,0.0000,-4.9499,1.2569,0.9729,0,3
cimbalom_felt,46,A#2,0.4750,regular,felt_mallet,Felt,0.2950,3.1244,116.5410,233.0930,0.7282,1.4566,-1.0951,-4.6419,,0.0000,2.0458,2.0458,2.0233,0.0000,-4.4299,1.2642,0.9989,0,3
cimbalom_felt,46,A#2,0.5000,regular,felt_mallet,Felt,0.2950,3.0596,116.5410,233.0930,0.7131,1.4263,-1.0494,-4.4358,,0.0000,1.8854,1.8854,1.8639,0.0000,-3.9386,1.2709,1.0229,0,3
cimbalom_felt,46,A#2,0.5250,regular,felt_mallet,Felt,0.2950,2.9991,116.5410,233.0930,0.6990,1.3982,-1.0077,-4.2490,,0.0000,1.7402,1.7403,1.7197,0.0000,-3.4731,1.2770,1.0451,0,3
cimbalom_felt,46,A#2,0.5500,regular,felt_mallet,Felt,0.2950,2.9426,116.5410,233.0930,0.6859,1.3718,-0.9695,-4.0788,,0.0000,1.6084,1.6083,1.5889,0.0000,-3.0308,1.2826,1.0658,0,3
cimbalom_felt,46,A#2,0.5750,regular,felt_mallet,Felt,0.2950,2.8896,116.5410,233.0930,0.6735,1.3471,-0.9344,-3.9230,,0.0000,1.4876,1.4876,1.4689,0.0000,-2.6096,1.2878,1.0851,0,3
cimbalom_felt,46,A#2,0.6000,regular,felt_mallet,Felt,0.2950,2.8398,116.5410,233.0930,0.6619,1.3239,-0.9019,-3.7798,,0.0000,1.3769,1.3768,1.3589,0.0000,-2.2075,1.2926,1.1031,0,3
cimbalom_felt,46,A#2,0.6250,regular,felt_mallet,Felt,0.2950,2.7928,116.5410,233.0930,0.6509,1.3020,-0.8719,-3.6477,,0.0000,1.2748,1.2748,1.2575,0.0000,-1.8229,1.2971,1.1200,0,3
cimbalom_felt,46,A#2,0.6500,regular,felt_mallet,Felt,0.2950,2.7484,116.5410,233.0930,0.6406,1.2812,-0.8440,-3.5255,,0.0000,1.1804,1.1804,1.1637,0.0000,-1.4544,1.3013,1.1359,0,3
cimbalom_felt,46,A#2,0.6750,regular,felt_mallet,Felt,0.2950,2.7063,116.5410,233.0930,0.6308,1.2616,-0.8180,-3.4119,,0.0000,1.0930,1.0928,1.0769,0.0000,-1.1005,1.3052,1.1509,0,3
cimbalom_felt,46,A#2,0.7000,regular,felt_mallet,Felt,0.2950,2.6663,116.5410,233.0930,0.6215,1.2430,-0.7938,-3.3062,,0.0000,1.0114,1.0114,0.9960,0.0000,-0.7604,1.3088,1.1650,0,3
cimbalom_felt,46,A#2,0.7250,regular,felt_mallet,Felt,0.2950,2.6284,116.5410,233.0930,0.6126,1.2253,-0.7710,-3.2075,,0.0000,0.9354,0.9354,0.9204,0.0000,-0.4329,1.3122,1.1783,0,3
cimbalom_felt,46,A#2,0.7500,regular,felt_mallet,Felt,0.2950,2.5922,116.5410,233.0930,0.6042,1.2084,-0.7497,-3.1150,,0.0000,0.8643,0.8643,0.8496,0.0000,-0.1172,1.3155,1.1909,0,3
cimbalom_felt,46,A#2,0.7750,regular,felt_mallet,Felt,0.2950,2.5577,116.5410,233.0930,0.5961,1.1923,-0.7296,-3.0283,,0.0000,0.7976,0.7976,0.7835,0.0000,0.1878,1.3185,1.2028,0,3
cimbalom_felt,46,A#2,0.8000,regular,felt_mallet,Felt,0.2950,2.5247,116.5410,233.0930,0.5885,1.1770,-0.7107,-2.9468,,0.0000,0.7350,0.7350,0.7214,0.0000,0.4825,1.3214,1.2142,0,3
cimbalom_felt,46,A#2,0.8250,regular,felt_mallet,Felt,0.2950,2.4931,116.5410,233.0930,0.5811,1.1622,-0.6929,-2.8699,,0.0000,0.6761,0.6760,0.6627,0.0000,0.7676,1.3241,1.2250,0,3
cimbalom_felt,46,A#2,0.8500,regular,felt_mallet,Felt,0.2950,2.4629,116.5410,233.0930,0.5740,1.1481,-0.6760,-2.7974,,0.0000,0.6204,0.6204,0.6074,0.0000,1.0438,1.3267,1.2352,0,3
cimbalom_felt,46,A#2,0.8750,regular,felt_mallet,Felt,0.2950,2.4338,116.5410,233.0930,0.5673,1.1346,-0.6600,-2.7288,,0.0000,0.5678,0.5678,0.5551,0.0000,1.3116,1.3291,1.2450,0,3
cimbalom_felt,46,A#2,0.9000,regular,felt_mallet,Felt,0.2950,2.4060,116.5410,233.0930,0.5608,1.1216,-0.6448,-2.6639,,0.0000,0.5180,0.5180,0.5056,0.0000,1.5714,1.3315,1.2544,0,3
cimbalom_felt,46,A#2,0.9250,regular,felt_mallet,Felt,0.2950,2.3792,116.5410,233.0930,0.5545,1.1091,-0.6304,-2.6023,,0.0000,0.4709,0.4708,0.4590,0.0000,1.8239,1.3337,1.2633,0,3
cimbalom_felt,46,A#2,0.9500,regular,felt_mallet,Felt,0.2950,2.3534,116.5410,233.0930,0.5485,1.0971,-0.6166,-2.5437,,0.0000,0.4260,0.4260,0.4143,0.0000,2.0692,1.3358,1.2719,0,3
cimbalom_felt,46,A#2,0.9750,regular,felt_mallet,Felt,0.2950,2.3285,116.5410,233.0930,0.5427,1.0855,-0.6036,-2.4880,,0.0000,0.3834,0.3834,0.3719,0.0000,2.3079,1.3378,1.2800,0,3
cimbalom_felt,46,A#2,1.0000,regular,felt_mallet,Felt,0.2950,2.3045,116.5410,233.0930,0.5371,1.0743,-0.5911,-2.4349,,0.0000,0.3428,0.3428,0.3315,0.0000,2.5403,1.3397,1.2879,0,3
cimbalom_felt,46,A#2,0.4200,corpus,felt_mallet,Felt,0.2950,3.2857,116.5410,233.0930,0.7658,1.5317,-1.2133,-5.1804,,0.0000,2.4661,2.4660,2.4405,0.0000,-5.6170,1.2471,0.9388,0,3
cimbalom_felt,46,A#2,0.4600,corpus,felt_mallet,Felt,0.2950,3.1657,116.5410,233.0930,0.7379,1.4758,-1.1248,-4.7761,,0.0000,2.1503,2.1503,2.1269,0.0000,-4.7383,1.2599,0.9836,0,3
cimbalom_felt,47,B2,0.0500,regular,felt_mallet,Felt,0.2950,7.7260,123.4710,246.9550,1.9079,3.8159,-8.5232,-23.0143,,0.0000,12.9904,12.9909,13.0394,0.0000,-31.1821,0.5520,0.1237,0,3
cimbalom_felt,47,B2,0.0750,regular,felt_mallet,Felt,0.2950,6.5418,123.4710,246.9550,1.6155,3.2311,-5.8264,-28.4932,,0.0000,21.1667,21.1674,21.4911,0.0000,-24.9636,0.7529,0.0658,0,3
cimbalom_felt,47,B2,0.1000,regular,felt_mallet,Felt,0.2950,5.8135,123.4710,246.9550,1.4356,2.8713,-4.4983,-31.1475,,0.0000,25.1449,25.1465,24.5830,0.0000,-21.1366,0.8773,0.0485,0,3
cimbalom_felt,47,B2,0.1250,regular,felt_mallet,Felt,0.2950,5.3048,123.4710,246.9550,1.3100,2.6201,-3.6958,-20.3714,,0.0000,15.1748,15.1743,14.9890,0.0000,-18.3959,0.9623,0.1677,0,3
cimbalom_felt,47,B2,0.1500,regular,felt_mallet,Felt,0.2950,4.9225,123.4710,246.9550,1.2156,2.4312,-3.1539,-15.9903,,0.0000,11.3353,11.3353,11.2183,0.0000,-16.2704,1.0242,0.2777,0,3
cimbalom_felt,47,B2,0.1750,regular,felt_mallet,Felt,0.2950,4.6207,123.4710,246.9550,1.1411,2.2822,-2.7613,-13.3658,,0.0000,9.1033,9.1033,9.0155,0.0000,-14.5389,1.0716,0.3757,0,3
cimbalom_felt,47,B2,0.2000,regular,felt_mallet,Felt,0.2950,4.3744,123.4710,246.9550,1.0802,2.1606,-2.4628,-11.5677,,0.0000,7.6038,7.6039,7.5334,0.0000,-13.0805,1.1090,0.4621,0,3
cimbalom_felt,47,B2,0.2250,regular,felt_mallet,Felt,0.2950,4.1680,123.4710,246.9550,1.0293,2.0586,-2.2274,-10.2422,,0.0000,6.5136,6.5137,6.4541,0.0000,-11.8221,1.1395,0.5383,0,3
cimbalom_felt,47,B2,0.2500,regular,felt_mallet,Felt,0.2950,3.9917,123.4710,246.9550,0.9857,1.9715,-2.0366,-9.2173,,0.0000,5.6794,5.6796,5.6277,0.0000,-10.7162,1.1648,0.6057,0,3
cimbalom_felt,47,B2,0.2750,regular,felt_mallet,Felt,0.2950,3.8386,123.4710,246.9550,0.9479,1.8959,-1.8786,-8.3975,,0.0000,5.0178,5.0179,4.9720,0.0000,-9.7303,1.1862,0.6657,0,3
cimbalom_felt,47,B2,0.3000,regular,felt_mallet,Felt,0.2950,3.7039,123.4710,246.9550,0.9147,1.8294,-1.7455,-7.7249,,0.0000,4.4784,4.4784,4.4373,0.0000,-8.8414,1.2045,0.7193,0,3
cimbalom_felt,47,B2,0.3250,regular,felt_mallet,Felt,0.2950,3.5843,123.4710,246.9550,0.8851,1.7703,-1.6315,-7.1619,,0.0000,4.0293,4.0293,3.9917,0.0000,-8.0321,1.2204,0.7674,0,3
cimbalom_felt,47,B2,0.3500,regular,felt_mallet,Felt,0.2950,3.4769,123.4710,246.9550,0.8586,1.7173,-1.5328,-6.6827,,0.0000,3.6488,3.6488,3.6143,0.0000,-7.2899,1.2344,0.8110,0,3
cimbalom_felt,47,B2,0.3750,regular,felt_mallet,Felt,0.2950,3.3799,123.4710,246.9550,0.8346,1.6693,-1.4465,-6.2695,,0.0000,3.3221,3.3220,3.2898,0.0000,-6.6041,1.2467,0.8505,0,3
cimbalom_felt,47,B2,0.4000,regular,felt_mallet,Felt,0.2950,3.2915,123.4710,246.9550,0.8128,1.6257,-1.3702,-5.9091,,0.0000,3.0379,3.0379,3.0081,0.0000,-5.9673,1.2577,0.8865,0,3
cimbalom_felt,47,B2,0.4250,regular,felt_mallet,Felt,0.2950,3.2107,123.4710,246.9550,0.7928,1.5858,-1.3023,-5.5917,,0.0000,2.7883,2.7883,2.7603,0.0000,-5.3729,1.2676,0.9195,0,3
cimbalom_felt,47,B2,0.4500,regular,felt_mallet,Felt,0.2950,3.1362,123.4710,246.9550,0.7745,1.5490,-1.2414,-5.3098,,0.0000,2.5673,2.5673,2.5410,0.0000,-4.8155,1.2765,0.9498,0,3
cimbalom_felt,47,B2,0.4750,regular,felt_mallet,Felt,0.2950,3.0674,123.4710,246.9550,0.7575,1.5150,-1.1865,-5.0575,,0.0000,2.3700,2.3700,2.3450,0.0000,-4.2910,1.2846,0.9778,0,3
cimbalom_felt,47,B2,0.5000,regular,felt_mallet,Felt,0.2950,3.0035,123.4710,246.9550,0.7417,1.4835,-1.1367,-4.8304,,0.0000,2.1927,2.1927,2.1691,0.0000,-3.7957,1.2919,1.0037,0,3
cimbalom_felt,47,B2,0.5250,regular,felt_mallet,Felt,0.2950,2.9440,123.4710,246.9550,0.7270,1.4541,-1.0913,-4.6248,,0.0000,2.0325,2.0324,2.0100,0.0000,-3.3264,1.2987,1.0278,0,3
cimbalom_felt,47,B2,0.5500,regular,felt_mallet,Felt,0.2950,2.8884,123.4710,246.9550,0.7133,1.4266,-1.0497,-4.4375,,0.0000,1.8868,1.8867,1.8654,0.0000,-2.8807,1.3050,1.0502,0,3
cimbalom_felt,47,B2,0.5750,regular,felt_mallet,Felt,0.2950,2.8361,123.4710,246.9550,0.7004,1.4008,-1.0115,-4.2663,,0.0000,1.7537,1.7537,1.7330,0.0000,-2.4565,1.3107,1.0711,0,3
cimbalom_felt,47,B2,0.6000,regular,felt_mallet,Felt,0.2950,2.7870,123.4710,246.9550,0.6882,1.3766,-0.9763,-4.1091,,0.0000,1.6318,1.6317,1.6121,0.0000,-2.0516,1.3160,1.0906,0,3
cimbalom_felt,47,B2,0.6250,regular,felt_mallet,Felt,0.2950,2.7408,123.4710,246.9550,0.6768,1.3537,-0.9436,-3.9641,,0.0000,1.5194,1.5194,1.5004,0.0000,-1.6644,1.3210,1.1090,0,3
cimbalom_felt,47,B2,0.6500,regular,felt_mallet,Felt,0.2950,2.6970,123.4710,246.9550,0.6660,1.3321,-0.9133,-3.8300,,0.0000,1.4156,1.4156,1.3975,0.0000,-1.2934,1.3256,1.1263,0,3
cimbalom_felt,47,B2,0.6750,regular,felt_mallet,Felt,0.2950,2.6556,123.4710,246.9550,0.6558,1.3116,-0.8851,-3.7055,,0.0000,1.3194,1.3194,1.3018,0.0000,-0.9373,1.3299,1.1425,0,3
cimbalom_felt,47,B2,0.7000,regular,felt_mallet,Felt,0.2950,2.6162,123.4710,246.9550,0.6461,1.2922,-0.8587,-3.5897,,0.0000,1.2299,1.2300,1.2130,0.0000,-0.5951,1.3340,1.1579,0,3
cimbalom_felt,47,B2,0.7250,regular,felt_mallet,Felt,0.2950,2.5788,123.4710,246.9550,0.6368,1.2737,-0.8340,-3.4816,,0.0000,1.1466,1.1465,1.1302,0.0000,-0.2655,1.3378,1.1724,0,3
cimbalom_felt,47,B2,0.7500,regular,felt_mallet,Felt,0.2950,2.5432,123.4710,246.9550,0.6280,1.2561,-0.8108,-3.3804,,0.0000,1.0686,1.0685,1.0527,0.0000,0.0521,1.3414,1.1861,0,3
cimbalom_felt,47,B2,0.7750,regular,felt_mallet,Felt,0.2950,2.5092,123.4710,246.9550,0.6196,1.2393,-0.7890,-3.2855,,0.0000,0.9954,0.9955,0.9800,0.0000,0.3587,1.3447,1.1991,0,3
cimbalom_felt,47,B2,0.8000,regular,felt_mallet,Felt,0.2950,2.4767,123.4710,246.9550,0.6116,1.2233,-0.7685,-3.1963,,0.0000,0.9268,0.9268,0.9118,0.0000,0.6550,1.3479,1.2115,0,3
cimbalom_felt,47,B2,0.8250,regular,felt_mallet,Felt,0.2950,2.4457,123.4710,246.9550,0.6039,1.2079,-0.7491,-3.1123,,0.0000,0.8622,0.8622,0.8477,0.0000,0.9417,1.3509,1.2233,0,3
cimbalom_felt,47,B2,0.8500,regular,felt_mallet,Felt,0.2950,2.4159,123.4710,246.9550,0.5966,1.1932,-0.7307,-3.0331,,0.0000,0.8013,0.8013,0.7870,0.0000,1.2193,1.3538,1.2345,0,3
cimbalom_felt,47,B2,0.8750,regular,felt_mallet,Felt,0.2950,2.3873,123.4710,246.9550,0.5895,1.1791,-0.7134,-2.9581,,0.0000,0.7437,0.7437,0.7299,0.0000,1.4885,1.3565,1.2452,0,3
cimbalom_felt,47,B2,0.9000,regular,felt_mallet,Felt,0.2950,2.3599,123.4710,246.9550,0.5828,1.1656,-0.6969,-2.8872,,0.0000,0.6893,0.6893,0.6759,0.0000,1.7496,1.3591,1.2554,0,3
cimbalom_felt,47,B2,0.9250,regular,felt_mallet,Felt,0.2950,2.3335,123.4710,246.9550,0.5762,1.1525,-0.6812,-2.8199,,0.0000,0.6376,0.6376,0.6247,0.0000,2.0033,1.3615,1.2651,0,3
cimbalom_felt,47,B2,0.9500,regular,felt_mallet,Felt,0.2950,2.3081,123.4710,246.9550,0.5700,1.1400,-0.6663,-2.7560,,0.0000,0.5887,0.5886,0.5757,0.0000,2.2499,1.3639,1.2745,0,3
cimbalom_felt,47,B2,0.9750,regular,felt_mallet,Felt,0.2950,2.2836,123.4710,246.9550,0.5639,1.1279,-0.6521,-2.6952,,0.0000,0.5419,0.5420,0.5295,0.0000,2.4896,1.3661,1.2834,0,3
cimbalom_felt,47,B2,1.0000,regular,felt_mallet,Felt,0.2950,2.2600,123.4710,246.9550,0.5581,1.1163,-0.6386,-2.6373,,0.0000,0.4977,0.4977,0.4856,0.0000,2.7231,1.3682,1.2920,0,3
cimbalom_felt,47,B2,0.4200,corpus,felt_mallet,Felt,0.2950,3.2263,123.4710,246.9550,0.7967,1.5935,-1.3153,-5.6521,,0.0000,2.8358,2.8358,2.8076,0.0000,-5.4886,1.2657,0.9131,0,3
cimbalom_felt,47,B2,0.4600,corpus,felt_mallet,Felt,0.2950,3.1081,123.4710,246.9550,0.7675,1.5351,-1.2188,-5.2056,,0.0000,2.4858,2.4858,2.4599,0.0000,-4.6020,1.2798,0.9613,0,3
cimbalom_felt,48,C3,0.0500,regular,felt_mallet,Felt,0.2950,7.6098,130.8130,261.6410,1.9909,3.9821,-9.4377,-23.4419,,0.0000,12.5037,12.5040,12.5210,0.0000,-31.8547,0.5109,0.1211,0,3
cimbalom_felt,48,C3,0.0750,regular,felt_mallet,Felt,0.2950,6.4397,130.8130,261.6410,1.6848,3.3698,-6.4006,-25.5164,,0.0000,17.6165,17.6159,17.8079,0.0000,-25.2958,0.7247,0.0954,0,3
cimbalom_felt,48,C3,0.1000,regular,felt_mallet,Felt,0.2950,5.7203,130.8130,261.6410,1.4966,2.9933,-4.9239,-57.6060,,0.0000,49.6132,49.5918,43.9668,0.0000,-21.3204,0.8590,0.0028,1,3
cimbalom_felt,48,C3,0.1250,regular,felt_mallet,Felt,0.2950,5.2181,130.8130,261.6410,1.3652,2.7305,-4.0367,-23.9280,,0.0000,18.3892,18.3898,18.1218,0.0000,-18.4950,0.9513,0.1145,0,3
cimbalom_felt,48,C3,0.1500,regular,felt_mallet,Felt,0.2950,4.8407,130.8130,261.6410,1.2665,2.5331,-3.4397,-18.1599,,0.0000,13.2191,13.2190,13.0719,0.0000,-16.3144,1.0190,0.2224,0,3
cimbalom_felt,48,C3,0.1750,regular,felt_mallet,Felt,0.2950,4.5430,130.8130,261.6410,1.1886,2.3773,-3.0082,-14.9756,,0.0000,10.4666,10.4663,10.3617,0.0000,-14.5439,1.0709,0.3210,0,3
cimbalom_felt,48,C3,0.2000,regular,felt_mallet,Felt,0.2950,4.3000,130.8130,261.6410,1.1250,2.2501,-2.6806,-12.8650,,0.0000,8.6835,8.6833,8.6009,0.0000,-13.0565,1.1121,0.4092,0,3
cimbalom_felt,48,C3,0.2250,regular,felt_mallet,Felt,0.2950,4.0964,130.8130,261.6410,1.0717,2.1436,-2.4226,-11.3365,,0.0000,7.4128,7.4128,7.3443,0.0000,-11.7755,1.1456,0.4880,0,3
cimbalom_felt,48,C3,0.2500,regular,felt_mallet,Felt,0.2950,3.9225,130.8130,261.6410,1.0262,2.0526,-2.2138,-10.1679,,0.0000,6.4531,6.4530,6.3939,0.0000,-10.6515,1.1735,0.5583,0,3
cimbalom_felt,48,C3,0.2750,regular,felt_mallet,Felt,0.2950,3.7715,130.8130,261.6410,0.9867,1.9736,-2.0410,-9.2404,,0.0000,5.6984,5.6983,5.6462,0.0000,-9.6509,1.1971,0.6212,0,3
cimbalom_felt,48,C3,0.3000,regular,felt_mallet,Felt,0.2950,3.6388,130.8130,261.6410,0.9520,1.9041,-1.8954,-8.4836,,0.0000,5.0871,5.0871,5.0407,0.0000,-8.7496,1.2173,0.6777,0,3
cimbalom_felt,48,C3,0.3250,regular,felt_mallet,Felt,0.2950,3.5208,130.8130,261.6410,0.9211,1.8424,-1.7710,-7.8528,,0.0000,4.5808,4.5807,4.5384,0.0000,-7.9298,1.2349,0.7288,0,3
cimbalom_felt,48,C3,0.3500,regular,felt_mallet,Felt,0.2950,3.4150,130.8130,261.6410,0.8935,1.7870,-1.6633,-7.3178,,0.0000,4.1534,4.1535,4.1147,0.0000,-7.1785,1.2503,0.7751,0,3
cimbalom_felt,48,C3,0.3750,regular,felt_mallet,Felt,0.2950,3.3193,130.8130,261.6410,0.8684,1.7370,-1.5690,-6.8577,,0.0000,3.7877,3.7876,3.7520,0.0000,-6.4849,1.2639,0.8172,0,3
cimbalom_felt,48,C3,0.4000,regular,felt_mallet,Felt,0.2950,3.2323,130.8130,261.6410,0.8457,1.6914,-1.4859,-6.4573,,0.0000,3.4703,3.4705,3.4372,0.0000,-5.8412,1.2761,0.8558,0,3
cimbalom_felt,48,C3,0.4250,regular,felt_mallet,Felt,0.2950,3.1526,130.8130,261.6410,0.8248,1.6497,-1.4118,-6.1054,,0.0000,3.1926,3.1925,3.1615,0.0000,-5.2407,1.2870,0.8911,0,3
cimbalom_felt,48,C3,0.4500,regular,felt_mallet,Felt,0.2950,3.0793,130.8130,261.6410,0.8056,1.6113,-1.3455,-5.7934,,0.0000,2.9469,2.9468,2.9179,0.0000,-4.6778,1.2969,0.9238,0,3
cimbalom_felt,48,C3,0.4750,regular,felt_mallet,Felt,0.2950,3.0115,130.8130,261.6410,0.7879,1.5759,-1.2857,-5.5146,,0.0000,2.7279,2.7279,2.7003,0.0000,-4.1483,1.3058,0.9539,0,3
cimbalom_felt,48,C3,0.5000,regular,felt_mallet,Felt,0.2950,2.9485,130.8130,261.6410,0.7714,1.5429,-1.2315,-5.2639,,0.0000,2.5315,2.5314,2.5053,0.0000,-3.6486,1.3140,0.9818,0,3
cimbalom_felt,48,C3,0.5250,regular,felt_mallet,Felt,0.2950,2.8899,130.8130,261.6410,0.7561,1.5122,-1.1820,-5.0371,,0.0000,2.3540,2.3540,2.3293,0.0000,-3.1754,1.3215,1.0078,0,3
cimbalom_felt,48,C3,0.5500,regular,felt_mallet,Felt,0.2950,2.8351,130.8130,261.6410,0.7417,1.4835,-1.1368,-4.8308,,0.0000,2.1930,2.1930,2.1696,0.0000,-2.7261,1.3284,1.0320,0,3
cimbalom_felt,48,C3,0.5750,regular,felt_mallet,Felt,0.2950,2.7836,130.8130,261.6410,0.7283,1.4566,-1.0952,-4.6424,,0.0000,2.0462,2.0462,2.0237,0.0000,-2.2984,1.3348,1.0546,0,3
cimbalom_felt,48,C3,0.6000,regular,felt_mallet,Felt,0.2950,2.7353,130.8130,261.6410,0.7156,1.4313,-1.0568,-4.4695,,0.0000,1.9116,1.9116,1.8899,0.0000,-1.8903,1.3407,1.0758,0,3
cimbalom_felt,48,C3,0.6250,regular,felt_mallet,Felt,0.2950,2.6897,130.8130,261.6410,0.7037,1.4075,-1.0213,-4.3102,,0.0000,1.7879,1.7878,1.7671,0.0000,-1.5003,1.3462,1.0958,0,3
cimbalom_felt,48,C3,0.6500,regular,felt_mallet,Felt,0.2950,2.6466,130.8130,261.6410,0.6924,1.3849,-0.9884,-4.1629,,0.0000,1.6736,1.6735,1.6537,0.0000,-1.1266,1.3513,1.1145,0,3
cimbalom_felt,48,C3,0.6750,regular,felt_mallet,Felt,0.2950,2.6058,130.8130,261.6410,0.6817,1.3636,-0.9577,-4.0263,,0.0000,1.5676,1.5676,1.5483,0.0000,-0.7682,1.3561,1.1322,0,3
cimbalom_felt,48,C3,0.7000,regular,felt_mallet,Felt,0.2950,2.5671,130.8130,261.6410,0.6716,1.3433,-0.9290,-3.8993,,0.0000,1.4693,1.4693,1.4506,0.0000,-0.4236,1.3606,1.1488,0,3
cimbalom_felt,48,C3,0.7250,regular,felt_mallet,Felt,0.2950,2.5302,130.8130,261.6410,0.6620,1.3240,-0.9021,-3.7807,,0.0000,1.3776,1.3776,1.3597,0.0000,-0.0919,1.3648,1.1646,0,3
cimbalom_felt,48,C3,0.7500,regular,felt_mallet,Felt,0.2950,2.4952,130.8130,261.6410,0.6528,1.3057,-0.8769,-3.6699,,0.0000,1.2919,1.2919,1.2744,0.0000,0.2277,1.3687,1.1796,0,3
cimbalom_felt,48,C3,0.7750,regular,felt_mallet,Felt,0.2950,2.4617,130.8130,261.6410,0.6440,1.2882,-0.8533,-3.5660,,0.0000,1.2117,1.2117,1.1948,0.0000,0.5362,1.3725,1.1938,0,3
cimbalom_felt,48,C3,0.8000,regular,felt_mallet,Felt,0.2950,2.4297,130.8130,261.6410,0.6357,1.2714,-0.8310,-3.4684,,0.0000,1.1363,1.1364,1.1200,0.0000,0.8343,1.3760,1.2073,0,3
cimbalom_felt,48,C3,0.8250,regular,felt_mallet,Felt,0.2950,2.3991,130.8130,261.6410,0.6277,1.2554,-0.8099,-3.3765,,0.0000,1.0656,1.0655,1.0497,0.0000,1.1227,1.3794,1.2201,0,3
cimbalom_felt,48,C3,0.8500,regular,felt_mallet,Felt,0.2950,2.3698,130.8130,261.6410,0.6200,1.2401,-0.7900,-3.2898,,0.0000,0.9988,0.9988,0.9835,0.0000,1.4019,1.3825,1.2324,0,3
cimbalom_felt,48,C3,0.8750,regular,felt_mallet,Felt,0.2950,2.3417,130.8130,261.6410,0.6127,1.2254,-0.7711,-3.2078,,0.0000,0.9356,0.9357,0.9206,0.0000,1.6724,1.3855,1.2440,0,3
cimbalom_felt,48,C3,0.9000,regular,felt_mallet,Felt,0.2950,2.3147,130.8130,261.6410,0.6056,1.2112,-0.7532,-3.1303,,0.0000,0.8760,0.8760,0.8615,0.0000,1.9351,1.3884,1.2552,0,3
cimbalom_felt,48,C3,0.9250,regular,felt_mallet,Felt,0.2950,2.2887,130.8130,261.6410,0.5988,1.1977,-0.7362,-3.0568,,0.0000,0.8195,0.8195,0.8051,0.0000,2.1900,1.3911,1.2659,0,3
cimbalom_felt,48,C3,0.9500,regular,felt_mallet,Felt,0.2950,2.2637,130.8130,261.6410,0.5923,1.1846,-0.7200,-2.9870,,0.0000,0.7658,0.7659,0.7518,0.0000,2.4379,1.3937,1.2761,0,3
cimbalom_felt,48,C3,0.9750,regular,felt_mallet,Felt,0.2950,2.2397,130.8130,261.6410,0.5860,1.1720,-0.7046,-2.9206,,0.0000,0.7148,0.7149,0.7012,0.0000,2.6789,1.3962,1.2859,0,3
cimbalom_felt,48,C3,1.0000,regular,felt_mallet,Felt,0.2950,2.2164,130.8130,261.6410,0.5799,1.1598,-0.6899,-2.8574,,0.0000,0.6664,0.6664,0.6532,0.0000,2.9135,1.3985,1.2953,0,3
cimbalom_felt,48,C3,0.4200,corpus,felt_mallet,Felt,0.2950,3.1680,130.8130,261.6410,0.8288,1.6578,-1.4260,-6.1724,,0.0000,3.2454,3.2453,3.2138,0.0000,-5.3576,1.2849,0.8843,0,3
cimbalom_felt,48,C3,0.4600,corpus,felt_mallet,Felt,0.2950,3.0515,130.8130,261.6410,0.7984,1.5968,-1.3209,-5.6782,,0.0000,2.8563,2.8563,2.8280,0.0000,-4.4622,1.3006,0.9361,0,3
cimbalom_felt,49,C#3,0.0500,regular,felt_mallet,Felt,0.2950,7.4952,138.5910,277.2020,2.0775,4.1554,-10.4772,-24.4874,3,-0.0646,12.5102,12.5098,12.4923,0.0000,-32.6408,0.4667,0.1105,0,3
cimbalom_felt,49,C#3,0.0750,regular,felt_mallet,Felt,0.2950,6.3390,138.5910,277.2020,1.7571,3.5144,-7.0399,-23.9191,,0.0000,15.3792,15.3792,15.5038,0.0000,-25.6820,0.6932,0.1180,0,3
cimbalom_felt,49,C#3,0.1000,regular,felt_mallet,Felt,0.2950,5.6285,138.5910,277.2020,1.5601,3.1205,-5.3939,-33.3385,,0.0000,26.4456,26.4463,27.0862,0.0000,-21.5371,0.8378,0.0399,0,3
cimbalom_felt,49,C#3,0.1250,regular,felt_mallet,Felt,0.2950,5.1328,138.5910,277.2020,1.4227,2.8456,-4.4115,-29.4140,,0.0000,23.4999,23.4998,23.0307,0.0000,-18.6165,0.9381,0.0627,0,3
cimbalom_felt,49,C#3,0.1500,regular,felt_mallet,Felt,0.2950,4.7603,138.5910,277.2020,1.3195,2.6391,-3.7530,-20.9130,,0.0000,15.6583,15.6585,15.4624,0.0000,-16.3744,1.0120,0.1668,0,3
cimbalom_felt,49,C#3,0.1750,regular,felt_mallet,Felt,0.2950,4.4665,138.5910,277.2020,1.2380,2.4763,-3.2783,-16.9039,,0.0000,12.1244,12.1243,11.9954,0.0000,-14.5607,1.0689,0.2647,0,3
cimbalom_felt,49,C#3,0.2000,regular,felt_mallet,Felt,0.2950,4.2268,138.5910,277.2020,1.1716,2.3433,-2.9186,-14.3770,,0.0000,9.9573,9.9572,9.8590,0.0000,-13.0411,1.1141,0.3540,0,3
cimbalom_felt,49,C#3,0.2250,regular,felt_mallet,Felt,0.2950,4.0260,138.5910,277.2020,1.1159,2.2320,-2.6357,-12.5920,,0.0000,8.4551,8.4552,8.3754,0.0000,-11.7352,1.1509,0.4348,0,3
cimbalom_felt,49,C#3,0.2500,regular,felt_mallet,Felt,0.2950,3.8545,138.5910,277.2020,1.0684,2.1369,-2.4070,-11.2474,,0.0000,7.3394,7.3393,7.2716,0.0000,-10.5913,1.1817,0.5076,0,3
cimbalom_felt,49,C#3,0.2750,regular,felt_mallet,Felt,0.2950,3.7056,138.5910,277.2020,1.0271,2.0544,-2.2179,-10.1906,,0.0000,6.4715,6.4716,6.4126,0.0000,-9.5744,1.2077,0.5733,0,3
cimbalom_felt,49,C#3,0.3000,regular,felt_mallet,Felt,0.2950,3.5748,138.5910,277.2020,0.9909,1.9819,-2.0587,-9.3343,,0.0000,5.7746,5.7745,5.7220,0.0000,-8.6595,1.2300,0.6327,0,3
cimbalom_felt,49,C#3,0.3250,regular,felt_mallet,Felt,0.2950,3.4585,138.5910,277.2020,0.9586,1.9174,-1.9227,-8.6243,,0.0000,5.2004,5.2005,5.1531,0.0000,-7.8282,1.2494,0.6866,0,3
cimbalom_felt,49,C#3,0.3500,regular,felt_mallet,Felt,0.2950,3.3542,138.5910,277.2020,0.9297,1.8596,-1.8051,-8.0247,,0.0000,4.7186,4.7185,4.6752,0.0000,-7.0669,1.2665,0.7356,0,3
cimbalom_felt,49,C#3,0.3750,regular,felt_mallet,Felt,0.2950,3.2599,138.5910,277.2020,0.9036,1.8073,-1.7023,-7.5106,,0.0000,4.3073,4.3073,4.2674,0.0000,-6.3648,1.2815,0.7805,0,3
cimbalom_felt,49,C#3,0.4000,regular,felt_mallet,Felt,0.2950,3.1741,138.5910,277.2020,0.8798,1.7597,-1.6115,-7.0645,,0.0000,3.9520,3.9519,3.9151,0.0000,-5.7134,1.2950,0.8216,0,3
cimbalom_felt,49,C#3,0.4250,regular,felt_mallet,Felt,0.2950,3.0956,138.5910,277.2020,0.8580,1.7162,-1.5308,-6.6733,,0.0000,3.6415,3.6414,3.6070,0.0000,-5.1061,1.3071,0.8595,0,3
cimbalom_felt,49,C#3,0.4500,regular,felt_mallet,Felt,0.2950,3.0233,138.5910,277.2020,0.8380,1.6761,-1.4585,-6.3270,,0.0000,3.3675,3.3675,3.3351,0.0000,-4.5374,1.3180,0.8944,0,3
cimbalom_felt,49,C#3,0.4750,regular,felt_mallet,Felt,0.2950,2.9565,138.5910,277.2020,0.8195,1.6391,-1.3933,-6.0182,,0.0000,3.1240,3.1238,3.0935,0.0000,-4.0025,1.3279,0.9268,0,3
cimbalom_felt,49,C#3,0.5000,regular,felt_mallet,Felt,0.2950,2.8945,138.5910,277.2020,0.8023,1.6047,-1.3343,-5.7409,,0.0000,2.9056,2.9056,2.8767,0.0000,-3.4980,1.3370,0.9569,0,3
cimbalom_felt,49,C#3,0.5250,regular,felt_mallet,Felt,0.2950,2.8368,138.5910,277.2020,0.7863,1.5727,-1.2804,-5.4904,,0.0000,2.7089,2.7089,2.6816,0.0000,-3.0203,1.3453,0.9849,0,3
cimbalom_felt,49,C#3,0.5500,regular,felt_mallet,Felt,0.2950,2.7828,138.5910,277.2020,0.7713,1.5428,-1.2312,-5.2628,,0.0000,2.5305,2.5306,2.5044,0.0000,-2.5670,1.3530,1.0110,0,3
cimbalom_felt,49,C#3,0.5750,regular,felt_mallet,Felt,0.2950,2.7321,138.5910,277.2020,0.7573,1.5147,-1.1859,-5.0551,,0.0000,2.3681,2.3681,2.3433,0.0000,-2.1357,1.3600,1.0355,0,3
cimbalom_felt,49,C#3,0.6000,regular,felt_mallet,Felt,0.2950,2.6845,138.5910,277.2020,0.7441,1.4883,-1.1442,-4.8646,,0.0000,2.2194,2.2194,2.1955,0.0000,-1.7243,1.3666,1.0584,0,3
cimbalom_felt,49,C#3,0.6250,regular,felt_mallet,Felt,0.2950,2.6396,138.5910,277.2020,0.7316,1.4634,-1.1056,-4.6893,,0.0000,2.0827,2.0827,2.0600,0.0000,-1.3311,1.3727,1.0800,0,3
cimbalom_felt,49,C#3,0.6500,regular,felt_mallet,Felt,0.2950,2.5972,138.5910,277.2020,0.7199,1.4399,-1.0697,-4.5274,,0.0000,1.9567,1.9567,1.9348,0.0000,-0.9545,1.3783,1.1003,0,3
cimbalom_felt,49,C#3,0.6750,regular,felt_mallet,Felt,0.2950,2.5570,138.5910,277.2020,0.7087,1.4176,-1.0363,-4.3773,,0.0000,1.8400,1.8400,1.8189,0.0000,-0.5933,1.3837,1.1195,0,3
cimbalom_felt,49,C#3,0.7000,regular,felt_mallet,Felt,0.2950,2.5188,138.5910,277.2020,0.6982,1.3964,-1.0051,-4.2378,,0.0000,1.7316,1.7316,1.7113,0.0000,-0.2463,1.3886,1.1376,0,3
cimbalom_felt,49,C#3,0.7250,regular,felt_mallet,Felt,0.2950,2.4826,138.5910,277.2020,0.6881,1.3763,-0.9759,-4.1077,,0.0000,1.6307,1.6307,1.6111,0.0000,0.0877,1.3933,1.1548,0,3
cimbalom_felt,49,C#3,0.7500,regular,felt_mallet,Felt,0.2950,2.4480,138.5910,277.2020,0.6786,1.3572,-0.9486,-3.9862,,0.0000,1.5365,1.5365,1.5175,0.0000,0.4095,1.3977,1.1711,0,3
cimbalom_felt,49,C#3,0.7750,regular,felt_mallet,Felt,0.2950,2.4151,138.5910,277.2020,0.6694,1.3389,-0.9228,-3.8723,,0.0000,1.4484,1.4484,1.4301,0.0000,0.7201,1.4019,1.1865,0,3
cimbalom_felt,49,C#3,0.8000,regular,felt_mallet,Felt,0.2950,2.3836,138.5910,277.2020,0.6607,1.3215,-0.8986,-3.7653,,0.0000,1.3655,1.3656,1.3476,0.0000,1.0201,1.4058,1.2013,0,3
cimbalom_felt,49,C#3,0.8250,regular,felt_mallet,Felt,0.2950,2.3535,138.5910,277.2020,0.6523,1.3048,-0.8757,-3.6646,,0.0000,1.2879,1.2879,1.2705,0.0000,1.3103,1.4095,1.2152,0,3
cimbalom_felt,49,C#3,0.8500,regular,felt_mallet,Felt,0.2950,2.3246,138.5910,277.2020,0.6444,1.2888,-0.8541,-3.5697,,0.0000,1.2146,1.2146,1.1977,0.0000,1.5912,1.4130,1.2286,0,3
cimbalom_felt,49,C#3,0.8750,regular,felt_mallet,Felt,0.2950,2.2970,138.5910,277.2020,0.6367,1.2734,-0.8336,-3.4801,,0.0000,1.1453,1.1454,1.1291,0.0000,1.8635,1.4163,1.2414,0,3
cimbalom_felt,49,C#3,0.9000,regular,felt_mallet,Felt,0.2950,2.2704,138.5910,277.2020,0.6293,1.2587,-0.8142,-3.3952,,0.0000,1.0801,1.0800,1.0642,0.0000,2.1276,1.4195,1.2535,0,3
cimbalom_felt,49,C#3,0.9250,regular,felt_mallet,Felt,0.2950,2.2448,138.5910,277.2020,0.6222,1.2445,-0.7957,-3.3148,,0.0000,1.0181,1.0181,1.0026,0.0000,2.3840,1.4225,1.2652,0,3
cimbalom_felt,49,C#3,0.9500,regular,felt_mallet,Felt,0.2950,2.2202,138.5910,277.2020,0.6154,1.2309,-0.7782,-3.2385,,0.0000,0.9593,0.9593,0.9441,0.0000,2.6331,1.4254,1.2764,0,3
cimbalom_felt,49,C#3,0.9750,regular,felt_mallet,Felt,0.2950,2.1965,138.5910,277.2020,0.6088,1.2178,-0.7614,-3.1660,,0.0000,0.9035,0.9035,0.8887,0.0000,2.8756,1.4282,1.2871,0,3
cimbalom_felt,49,C#3,1.0000,regular,felt_mallet,Felt,0.2950,2.1737,138.5910,277.2020,0.6025,1.2051,-0.7455,-3.0969,,0.0000,0.8504,0.8504,0.8359,0.0000,3.1115,1.4308,1.2973,0,3
cimbalom_felt,49,C#3,0.4200,corpus,felt_mallet,Felt,0.2950,3.1108,138.5910,277.2020,0.8622,1.7246,-1.5462,-6.7476,,0.0000,3.7003,3.7003,3.6652,0.0000,-5.2244,1.3048,0.8521,0,3
cimbalom_felt,49,C#3,0.4600,corpus,felt_mallet,Felt,0.2950,2.9960,138.5910,277.2020,0.8304,1.6610,-1.4316,-6.1994,,0.0000,3.2667,3.2667,3.2353,0.0000,-4.3196,1.3221,0.9077,0,3
cimbalom_felt,50,D3,0.0500,regular,felt_mallet,Felt,0.2950,7.3822,146.8320,293.6870,2.1679,4.3361,-11.6690,-26.2807,3,-0.3056,13.1114,13.1113,13.0470,0.0000,-33.5676,0.4194,0.0927,0,3
cimbalom_felt,50,D3,0.0750,regular,felt_mallet,Felt,0.2950,6.2398,146.8320,293.6870,1.8324,3.6651,-7.7544,-23.1532,,0.0000,13.8985,13.8986,13.9806,0.0000,-26.1311,0.6582,0.1329,0,3
cimbalom_felt,50,D3,0.1000,regular,felt_mallet,Felt,0.2950,5.5382,146.8320,293.6870,1.6264,3.2530,-5.9144,-27.8743,,0.0000,20.4599,20.4603,20.7513,0.0000,-21.7922,0.8136,0.0772,0,3
cimbalom_felt,50,D3,0.1250,regular,felt_mallet,Felt,0.2950,5.0488,146.8320,293.6870,1.4826,2.9655,-4.8245,-43.1667,,0.0000,36.8401,36.8346,34.8995,0.0000,-18.7643,0.9223,0.0133,0,3
cimbalom_felt,50,D3,0.1500,regular,felt_mallet,Felt,0.2950,4.6812,146.8320,293.6870,1.3747,2.7496,-4.0972,-24.6686,,0.0000,19.0693,19.0698,18.7806,0.0000,-16.4533,1.0029,0.1116,0,3
cimbalom_felt,50,D3,0.1750,regular,felt_mallet,Felt,0.2950,4.3913,146.8320,293.6870,1.2896,2.5794,-3.5743,-19.2865,,0.0000,14.2107,14.2109,14.0450,0.0000,-14.5915,1.0651,0.2074,0,3
cimbalom_felt,50,D3,0.2000,regular,felt_mallet,Felt,0.2950,4.1548,146.8320,293.6870,1.2201,2.4404,-3.1789,-16.1713,,0.0000,11.4913,11.4913,11.3717,0.0000,-13.0362,1.1147,0.2969,0,3
cimbalom_felt,50,D3,0.2250,regular,felt_mallet,Felt,0.2950,3.9568,146.8320,293.6870,1.1620,2.3241,-2.8685,-14.0499,,0.0000,9.6804,9.6803,9.5858,0.0000,-11.7027,1.1553,0.3790,0,3
cimbalom_felt,50,D3,0.2500,regular,felt_mallet,Felt,0.2950,3.7876,146.8320,293.6870,1.1123,2.2248,-2.6178,-12.4840,,0.0000,8.3651,8.3651,8.2860,0.0000,-10.5369,1.1891,0.4539,0,3
cimbalom_felt,50,D3,0.2750,regular,felt_mallet,Felt,0.2950,3.6409,146.8320,293.6870,1.0692,2.1386,-2.4107,-11.2691,,0.0000,7.3575,7.3573,7.2894,0.0000,-9.5020,1.2178,0.5220,0,3
cimbalom_felt,50,D3,0.3000,regular,felt_mallet,Felt,0.2950,3.5119,146.8320,293.6870,1.0313,2.0628,-2.2366,-10.2935,,0.0000,6.5558,6.5558,6.4957,0.0000,-8.5721,1.2424,0.5841,0,3
cimbalom_felt,50,D3,0.3250,regular,felt_mallet,Felt,0.2950,3.3972,146.8320,293.6870,0.9976,1.9954,-2.0880,-9.4898,,0.0000,5.9013,5.9007,5.8469,0.0000,-7.7277,1.2640,0.6407,0,3
cimbalom_felt,50,D3,0.3500,regular,felt_mallet,Felt,0.2950,3.2944,146.8320,293.6870,0.9675,1.9351,-1.9595,-8.8144,,0.0000,5.3540,5.3539,5.3053,0.0000,-6.9560,1.2827,0.6925,0,3
cimbalom_felt,50,D3,0.3750,regular,felt_mallet,Felt,0.2950,3.2015,146.8320,293.6870,0.9402,1.8805,-1.8472,-8.2377,,0.0000,4.8896,4.8895,4.8449,0.0000,-6.2445,1.2994,0.7401,0,3
cimbalom_felt,50,D3,0.4000,regular,felt_mallet,Felt,0.2950,3.1170,146.8320,293.6870,0.9153,1.8308,-1.7482,-7.7389,,0.0000,4.4897,4.4897,4.4485,0.0000,-5.5848,1.3143,0.7838,0,3
cimbalom_felt,50,D3,0.4250,regular,felt_mallet,Felt,0.2950,3.0396,146.8320,293.6870,0.8926,1.7854,-1.6601,-7.3026,,0.0000,4.1415,4.1414,4.1031,0.0000,-4.9702,1.3277,0.8242,0,3
cimbalom_felt,50,D3,0.4500,regular,felt_mallet,Felt,0.2950,2.9684,146.8320,293.6870,0.8717,1.7436,-1.5813,-6.9173,,0.0000,3.8350,3.8350,3.7991,0.0000,-4.3950,1.3398,0.8616,0,3
cimbalom_felt,50,D3,0.4750,regular,felt_mallet,Felt,0.2950,2.9026,146.8320,293.6870,0.8524,1.7049,-1.5102,-6.5744,,0.0000,3.5631,3.5631,3.5292,0.0000,-3.8542,1.3508,0.8963,0,3
cimbalom_felt,50,D3,0.5000,regular,felt_mallet,Felt,0.2950,2.8415,146.8320,293.6870,0.8345,1.6690,-1.4459,-6.2669,,0.0000,3.3201,3.3200,3.2881,0.0000,-3.3443,1.3609,0.9286,0,3
cimbalom_felt,50,D3,0.5250,regular,felt_mallet,Felt,0.2950,2.7846,146.8320,293.6870,0.8177,1.6356,-1.3872,-5.9895,,0.0000,3.1013,3.1013,3.0710,0.0000,-2.8620,1.3701,0.9587,0,3
cimbalom_felt,50,D3,0.5500,regular,felt_mallet,Felt,0.2950,2.7314,146.8320,293.6870,0.8021,1.6044,-1.3336,-5.7379,,0.0000,2.9033,2.9033,2.8745,0.0000,-2.4042,1.3786,0.9869,0,3
cimbalom_felt,50,D3,0.5750,regular,felt_mallet,Felt,0.2950,2.6815,146.8320,293.6870,0.7875,1.5751,-1.2843,-5.5085,,0.0000,2.7232,2.7232,2.6957,0.0000,-1.9689,1.3864,1.0133,0,3
cimbalom_felt,50,D3,0.6000,regular,felt_mallet,Felt,0.2950,2.6346,146.8320,293.6870,0.7737,1.5475,-1.2389,-5.2984,,0.0000,2.5586,2.5585,2.5323,0.0000,-1.5537,1.3937,1.0381,0,3
cimbalom_felt,50,D3,0.6250,regular,felt_mallet,Felt,0.2950,2.5904,146.8320,293.6870,0.7607,1.5215,-1.1969,-5.1052,,0.0000,2.4073,2.4073,2.3821,0.0000,-1.1572,1.4004,1.0614,0,3
cimbalom_felt,50,D3,0.6500,regular,felt_mallet,Felt,0.2950,2.5486,146.8320,293.6870,0.7484,1.4970,-1.1578,-4.9269,,0.0000,2.2680,2.2680,2.2439,0.0000,-0.7775,1.4067,1.0835,0,3
cimbalom_felt,50,D3,0.6750,regular,felt_mallet,Felt,0.2950,2.5091,146.8320,293.6870,0.7368,1.4738,-1.1215,-4.7618,,0.0000,2.1391,2.1392,2.1159,0.0000,-0.4134,1.4126,1.1043,0,3
cimbalom_felt,50,D3,0.7000,regular,felt_mallet,Felt,0.2950,2.4715,146.8320,293.6870,0.7258,1.4517,-1.0876,-4.6084,,0.0000,2.0197,2.0197,1.9973,0.0000,-0.0635,1.4182,1.1239,0,3
cimbalom_felt,50,D3,0.7250,regular,felt_mallet,Felt,0.2950,2.4358,146.8320,293.6870,0.7153,1.4307,-1.0559,-4.4655,,0.0000,1.9086,1.9085,1.8869,0.0000,0.2730,1.4233,1.1426,0,3
cimbalom_felt,50,D3,0.7500,regular,felt_mallet,Felt,0.2950,2.4018,146.8320,293.6870,0.7053,1.4108,-1.0262,-4.3319,,0.0000,1.8048,1.8048,1.7839,0.0000,0.5972,1.4282,1.1603,0,3
cimbalom_felt,50,D3,0.7750,regular,felt_mallet,Felt,0.2950,2.3694,146.8320,293.6870,0.6958,1.3917,-0.9982,-4.2069,,0.0000,1.7077,1.7077,1.6875,0.0000,0.9099,1.4328,1.1771,0,3
cimbalom_felt,50,D3,0.8000,regular,felt_mallet,Felt,0.2950,2.3384,146.8320,293.6870,0.6867,1.3735,-0.9718,-4.0896,,0.0000,1.6167,1.6167,1.5972,0.0000,1.2121,1.4372,1.1931,0,3
cimbalom_felt,50,D3,0.8250,regular,felt_mallet,Felt,0.2950,2.3087,146.8320,293.6870,0.6780,1.3561,-0.9470,-3.9792,,0.0000,1.5312,1.5312,1.5121,0.0000,1.5042,1.4413,1.2084,0,3
cimbalom_felt,50,D3,0.8500,regular,felt_mallet,Felt,0.2950,2.2803,146.8320,293.6870,0.6697,1.3394,-0.9235,-3.8752,,0.0000,1.4507,1.4507,1.4323,0.0000,1.7871,1.4452,1.2229,0,3
cimbalom_felt,50,D3,0.8750,regular,felt_mallet,Felt,0.2950,2.2531,146.8320,293.6870,0.6617,1.3234,-0.9012,-3.7770,,0.0000,1.3747,1.3747,1.3568,0.0000,2.0610,1.4489,1.2368,0,3
cimbalom_felt,50,D3,0.9000,regular,felt_mallet,Felt,0.2950,2.2269,146.8320,293.6870,0.6540,1.3080,-0.8801,-3.6841,,0.0000,1.3029,1.3029,1.2855,0.0000,2.3268,1.4524,1.2501,0,3
cimbalom_felt,50,D3,0.9250,regular,felt_mallet,Felt,0.2950,2.2018,146.8320,293.6870,0.6466,1.2933,-0.8601,-3.5961,,0.0000,1.2350,1.2350,1.2180,0.0000,2.5849,1.4558,1.2629,0,3
cimbalom_felt,50,D3,0.9500,regular,felt_mallet,Felt,0.2950,2.1776,146.8320,293.6870,0.6395,1.2790,-0.8410,-3.5126,,0.0000,1.1706,1.1705,1.1540,0.0000,2.8356,1.4590,1.2751,0,3
cimbalom_felt,50,D3,0.9750,regular,felt_mallet,Felt,0.2950,2.1542,146.8320,293.6870,0.6326,1.2653,-0.8229,-3.4332,,0.0000,1.1094,1.1093,1.0933,0.0000,3.0793,1.4621,1.2868,0,3
cimbalom_felt,50,D3,1.0000,regular,felt_mallet,Felt,0.2950,2.1317,146.8320,293.6870,0.6260,1.2521,-0.8056,-3.3577,,0.0000,1.0512,1.0511,1.0355,0.0000,3.3166,1.4650,1.2980,0,3
cimbalom_felt,50,D3,0.4200,corpus,felt_mallet,Felt,0.2950,3.0546,146.8320,293.6870,0.8970,1.7942,-1.6769,-7.3854,,0.0000,4.2075,4.2075,4.1685,0.0000,-5.0898,1.3251,0.8164,0,3
cimbalom_felt,50,D3,0.4600,corpus,felt_mallet,Felt,0.2950,2.9415,146.8320,293.6870,0.8638,1.7278,-1.5520,-6.7755,,0.0000,3.7224,3.7225,3.6873,0.0000,-4.1747,1.3443,0.8758,0,3
cimbalom_felt,51,D#3,0.0500,regular,felt_mallet,Felt,0.2950,7.2708,155.5630,311.1540,2.2621,4.5247,-13.0503,-29.1490,3,-0.7581,14.5983,14.5981,14.4560,0.0000,-34.6718,0.3693,0.0688,0,3
cimbalom_felt,51,D#3,0.0750,regular,felt_mallet,Felt,0.2950,6.1421,155.5630,311.1540,1.9110,3.8223,-8.5561,-23.0200,,0.0000,12.9633,12.9637,13.0116,0.0000,-26.6558,0.6197,0.1393,0,3
cimbalom_felt,51,D#3,0.1000,regular,felt_mallet,Felt,0.2950,5.4492,155.5630,311.1540,1.6954,3.3911,-6.4918,-25.2085,,0.0000,17.2163,17.2168,17.3951,0.0000,-22.0928,0.7859,0.1083,0,3
cimbalom_felt,51,D#3,0.1250,regular,felt_mallet,Felt,0.2950,4.9661,155.5630,311.1540,1.5451,3.0905,-5.2802,-35.6188,,0.0000,28.8412,28.8410,29.7148,0.0000,-18.9429,0.9035,0.0326,0,3
cimbalom_felt,51,D#3,0.1500,regular,felt_mallet,Felt,0.2950,4.6033,155.5630,311.1540,1.4322,2.8647,-4.4755,-30.6710,,0.0000,24.6909,24.6929,24.1569,0.0000,-16.5547,0.9912,0.0578,0,3
cimbalom_felt,51,D#3,0.1750,regular,felt_mallet,Felt,0.2950,4.3174,155.5630,311.1540,1.3432,2.6867,-3.8989,-22.3864,,0.0000,16.9858,16.9859,16.7575,0.0000,-14.6391,1.0593,0.1499,0,3
cimbalom_felt,51,D#3,0.2000,regular,felt_mallet,Felt,0.2950,4.0840,155.5630,311.1540,1.2707,2.5415,-3.4639,-18.3586,,0.0000,13.3935,13.3934,13.2431,0.0000,-13.0442,1.1137,0.2383,0,3
cimbalom_felt,51,D#3,0.2250,regular,felt_mallet,Felt,0.2950,3.8887,155.5630,311.1540,1.2099,2.4200,-3.1229,-15.7719,,0.0000,11.1476,11.1477,11.0329,0.0000,-11.6802,1.1583,0.3209,0,3
cimbalom_felt,51,D#3,0.2500,regular,felt_mallet,Felt,0.2950,3.7219,155.5630,311.1540,1.1580,2.3162,-2.8480,-13.9178,,0.0000,9.5688,9.5687,9.4755,0.0000,-10.4901,1.1955,0.3973,0,3
cimbalom_felt,51,D#3,0.2750,regular,felt_mallet,Felt,0.2950,3.5772,155.5630,311.1540,1.1130,2.2261,-2.6211,-12.5045,,0.0000,8.3822,8.3823,8.3029,0.0000,-9.4355,1.2271,0.4675,0,3
cimbalom_felt,51,D#3,0.3000,regular,felt_mallet,Felt,0.2950,3.4501,155.5630,311.1540,1.0734,2.1470,-2.4305,-11.3828,,0.0000,7.4512,7.4512,7.3822,0.0000,-8.4890,1.2544,0.5320,0,3
cimbalom_felt,51,D#3,0.3250,regular,felt_mallet,Felt,0.2950,3.3371,155.5630,311.1540,1.0382,2.0767,-2.2680,-10.4665,,0.0000,6.6974,6.6975,6.6361,0.0000,-7.6312,1.2781,0.5911,0,3
cimbalom_felt,51,D#3,0.3500,regular,felt_mallet,Felt,0.2950,3.2357,155.5630,311.1540,1.0067,2.0136,-2.1275,-9.7013,,0.0000,6.0727,6.0727,6.0176,0.0000,-6.8471,1.2989,0.6456,0,3
cimbalom_felt,51,D#3,0.3750,regular,felt_mallet,Felt,0.2950,3.1442,155.5630,311.1540,0.9782,1.9566,-2.0048,-9.0511,,0.0000,5.5452,5.5452,5.4946,0.0000,-6.1252,1.3174,0.6957,0,3
cimbalom_felt,51,D#3,0.4000,regular,felt_mallet,Felt,0.2950,3.0609,155.5630,311.1540,0.9523,1.9048,-1.8967,-8.4909,,0.0000,5.0930,5.0931,5.0464,0.0000,-5.4565,1.3339,0.7421,0,3
cimbalom_felt,51,D#3,0.4250,regular,felt_mallet,Felt,0.2950,2.9846,155.5630,311.1540,0.9286,1.8574,-1.8006,-8.0024,,0.0000,4.7007,4.7007,4.6577,0.0000,-4.8338,1.3487,0.7850,0,3
cimbalom_felt,51,D#3,0.4500,regular,felt_mallet,Felt,0.2950,2.9145,155.5630,311.1540,0.9068,1.8137,-1.7146,-7.5723,,0.0000,4.3566,4.3566,4.3164,0.0000,-4.2513,1.3621,0.8249,0,3
cimbalom_felt,51,D#3,0.4750,regular,felt_mallet,Felt,0.2950,2.8497,155.5630,311.1540,0.8866,1.7734,-1.6372,-7.1903,,0.0000,4.0519,4.0520,4.0141,0.0000,-3.7043,1.3743,0.8620,0,3
cimbalom_felt,51,D#3,0.5000,regular,felt_mallet,Felt,0.2950,2.7895,155.5630,311.1540,0.8679,1.7359,-1.5670,-6.8485,,0.0000,3.7803,3.7804,3.7449,0.0000,-3.1886,1.3855,0.8966,0,3
cimbalom_felt,51,D#3,0.5250,regular,felt_mallet,Felt,0.2950,2.7334,155.5630,311.1540,0.8504,1.7010,-1.5032,-6.5406,,0.0000,3.5363,3.5364,3.5026,0.0000,-2.7009,1.3957,0.9289,0,3
cimbalom_felt,51,D#3,0.5500,regular,felt_mallet,Felt,0.2950,2.6810,155.5630,311.1540,0.8341,1.6684,-1.4447,-6.2618,,0.0000,3.3161,3.3160,3.2842,0.0000,-2.2384,1.4051,0.9592,0,3
cimbalom_felt,51,D#3,0.5750,regular,felt_mallet,Felt,0.2950,2.6319,155.5630,311.1540,0.8189,1.6379,-1.3911,-6.0079,,0.0000,3.1158,3.1158,3.0853,0.0000,-1.7987,1.4138,0.9877,0,3
cimbalom_felt,51,D#3,0.6000,regular,felt_mallet,Felt,0.2950,2.5857,155.5630,311.1540,0.8045,1.6091,-1.3416,-5.7757,,0.0000,2.9329,2.9330,2.9038,0.0000,-1.3795,1.4219,1.0144,0,3
cimbalom_felt,51,D#3,0.6250,regular,felt_mallet,Felt,0.2950,2.5422,155.5630,311.1540,0.7909,1.5820,-1.2959,-5.5623,,0.0000,2.7654,2.7654,2.7375,0.0000,-0.9793,1.4294,1.0396,0,3
cimbalom_felt,51,D#3,0.6500,regular,felt_mallet,Felt,0.2950,2.5010,155.5630,311.1540,0.7781,1.5564,-1.2534,-5.3656,,0.0000,2.6111,2.6111,2.5844,0.0000,-0.5961,1.4364,1.0635,0,3
cimbalom_felt,51,D#3,0.6750,regular,felt_mallet,Felt,0.2950,2.4621,155.5630,311.1540,0.7660,1.5322,-1.2139,-5.1836,,0.0000,2.4686,2.4687,2.4432,0.0000,-0.2288,1.4430,1.0860,0,3
cimbalom_felt,51,D#3,0.7000,regular,felt_mallet,Felt,0.2950,2.4251,155.5630,311.1540,0.7545,1.5091,-1.1770,-5.0147,,0.0000,2.3366,2.3366,2.3119,0.0000,0.1240,1.4491,1.1073,0,3
cimbalom_felt,51,D#3,0.7250,regular,felt_mallet,Felt,0.2950,2.3899,155.5630,311.1540,0.7436,1.4873,-1.1426,-4.8574,,0.0000,2.2138,2.2138,2.1900,0.0000,0.4632,1.4549,1.1276,0,3
cimbalom_felt,51,D#3,0.7500,regular,felt_mallet,Felt,0.2950,2.3565,155.5630,311.1540,0.7332,1.4664,-1.1102,-4.7106,,0.0000,2.0992,2.0993,2.0762,0.0000,0.7901,1.4603,1.1468,0,3
cimbalom_felt,51,D#3,0.7750,regular,felt_mallet,Felt,0.2950,2.3245,155.5630,311.1540,0.7232,1.4466,-1.0798,-4.5732,,0.0000,1.9924,1.9923,1.9701,0.0000,1.1053,1.4654,1.1650,0,3
cimbalom_felt,51,D#3,0.8000,regular,felt_mallet,Felt,0.2950,2.2940,155.5630,311.1540,0.7137,1.4276,-1.0512,-4.4443,,0.0000,1.8921,1.8921,1.8705,0.0000,1.4097,1.4703,1.1825,0,3
cimbalom_felt,51,D#3,0.8250,regular,felt_mallet,Felt,0.2950,2.2648,155.5630,311.1540,0.7047,1.4094,-1.0242,-4.3231,,0.0000,1.7979,1.7979,1.7770,0.0000,1.7039,1.4748,1.1991,0,3
cimbalom_felt,51,D#3,0.8500,regular,felt_mallet,Felt,0.2950,2.2369,155.5630,311.1540,0.6960,1.3920,-0.9986,-4.2090,,0.0000,1.7093,1.7093,1.6890,0.0000,1.9888,1.4792,1.2149,0,3
cimbalom_felt,51,D#3,0.8750,regular,felt_mallet,Felt,0.2950,2.2101,155.5630,311.1540,0.6876,1.3753,-0.9745,-4.1013,,0.0000,1.6259,1.6258,1.6062,0.0000,2.2648,1.4833,1.2301,0,3
cimbalom_felt,51,D#3,0.9000,regular,felt_mallet,Felt,0.2950,2.1843,155.5630,311.1540,0.6796,1.3593,-0.9515,-3.9995,,0.0000,1.5469,1.5469,1.5278,0.0000,2.5324,1.4872,1.2446,0,3
cimbalom_felt,51,D#3,0.9250,regular,felt_mallet,Felt,0.2950,2.1596,155.5630,311.1540,0.6719,1.3439,-0.9298,-3.9031,,0.0000,1.4723,1.4723,1.4537,0.0000,2.7922,1.4910,1.2585,0,3
cimbalom_felt,51,D#3,0.9500,regular,felt_mallet,Felt,0.2950,2.1357,155.5630,311.1540,0.6645,1.3291,-0.9091,-3.8116,,0.0000,1.4015,1.4015,1.3833,0.0000,3.0445,1.4945,1.2718,0,3
cimbalom_felt,51,D#3,0.9750,regular,felt_mallet,Felt,0.2950,2.1128,155.5630,311.1540,0.6573,1.3148,-0.8894,-3.7248,,0.0000,1.3343,1.3344,1.3166,0.0000,3.2897,1.4979,1.2846,0,3
cimbalom_felt,51,D#3,1.0000,regular,felt_mallet,Felt,0.2950,2.0906,155.5630,311.1540,0.6505,1.3010,-0.8706,-3.6421,,0.0000,1.2705,1.2705,1.2532,0.0000,3.5285,1.5012,1.2969,0,3
cimbalom_felt,51,D#3,0.4200,corpus,felt_mallet,Felt,0.2950,2.9994,155.5630,311.1540,0.9332,1.8665,-1.8190,-8.0951,,0.0000,4.7749,4.7750,4.7313,0.0000,-4.9550,1.3459,0.7767,0,3
cimbalom_felt,51,D#3,0.4600,corpus,felt_mallet,Felt,0.2950,2.8880,155.5630,311.1540,0.8985,1.7972,-1.6827,-7.4142,,0.0000,4.2304,4.2304,4.1912,0.0000,-4.0285,1.3672,0.8400,0,3
cimbalom_felt,52,E3,0.0500,regular,felt_mallet,Felt,0.2950,7.1610,164.8140,329.6590,2.3605,4.7214,-14.6755,-34.0200,3,-1.4738,17.8440,17.8439,17.5252,0.0000,-36.0082,0.3167,0.0406,0,3
cimbalom_felt,52,E3,0.0750,regular,felt_mallet,Felt,0.2950,6.0459,164.8140,329.6590,1.9929,3.9862,-9.4604,-23.4596,,0.0000,12.4986,12.4991,12.5144,0.0000,-27.2715,0.5773,0.1369,0,3
cimbalom_felt,52,E3,0.1000,regular,felt_mallet,Felt,0.2950,5.3617,164.8140,329.6590,1.7674,3.5350,-7.1346,-23.7689,,0.0000,15.1344,15.1343,15.2520,0.0000,-22.4469,0.7545,0.1321,0,3
cimbalom_felt,52,E3,0.1250,regular,felt_mallet,Felt,0.2950,4.8848,164.8140,329.6590,1.6102,3.2206,-5.7840,-28.8168,,0.0000,21.5343,21.5333,21.8740,0.0000,-19.1581,0.8814,0.0739,0,3
cimbalom_felt,52,E3,0.1500,regular,felt_mallet,Felt,0.2950,4.5267,164.8140,329.6590,1.4921,2.9846,-4.8921,-50.2693,,0.0000,43.8640,43.8623,39.9928,0.0000,-16.6827,0.9767,0.0063,0,3
cimbalom_felt,52,E3,0.1750,regular,felt_mallet,Felt,0.2950,4.2446,164.8140,329.6590,1.3991,2.7985,-4.2554,-26.8303,,0.0000,21.0728,21.0731,20.7134,0.0000,-14.7070,1.0510,0.0929,0,3
cimbalom_felt,52,E3,0.2000,regular,felt_mallet,Felt,0.2950,4.0145,164.8140,329.6590,1.3233,2.6468,-3.7762,-21.1387,,0.0000,15.8613,15.8612,15.6602,0.0000,-13.0679,1.1106,0.1789,0,3
cimbalom_felt,52,E3,0.2250,regular,felt_mallet,Felt,0.2950,3.8218,164.8140,329.6590,1.2598,2.5198,-3.4014,-17.8553,,0.0000,12.9528,12.9528,12.8102,0.0000,-11.6700,1.1596,0.2610,0,3
cimbalom_felt,52,E3,0.2500,regular,felt_mallet,Felt,0.2950,3.6574,164.8140,329.6590,1.2056,2.4114,-3.0995,-15.6072,,0.0000,11.0065,11.0066,10.8938,0.0000,-10.4530,1.2006,0.3381,0,3
cimbalom_felt,52,E3,0.2750,regular,felt_mallet,Felt,0.2950,3.5147,164.8140,329.6590,1.1585,2.3173,-2.8508,-13.9363,,0.0000,9.5842,9.5844,9.4908,0.0000,-9.3764,1.2355,0.4099,0,3
cimbalom_felt,52,E3,0.3000,regular,felt_mallet,Felt,0.2950,3.3893,164.8140,329.6590,1.1172,2.2346,-2.6420,-12.6312,,0.0000,8.4882,8.4881,8.4081,0.0000,-8.4119,1.2656,0.4763,0,3
cimbalom_felt,52,E3,0.3250,regular,felt_mallet,Felt,0.2950,3.2779,164.8140,329.6590,1.0805,2.1612,-2.4641,-11.5767,,0.0000,7.6115,7.6116,7.5410,0.0000,-7.5387,1.2918,0.5378,0,3
cimbalom_felt,52,E3,0.3500,regular,felt_mallet,Felt,0.2950,3.1781,164.8140,329.6590,1.0476,2.0954,-2.3105,-10.7032,,0.0000,6.8917,6.8917,6.8283,0.0000,-6.7414,1.3148,0.5947,0,3
cimbalom_felt,52,E3,0.3750,regular,felt_mallet,Felt,0.2950,3.0878,164.8140,329.6590,1.0178,2.0359,-2.1765,-9.9656,,0.0000,6.2880,6.2881,6.2306,0.0000,-6.0082,1.3352,0.6474,0,3
cimbalom_felt,52,E3,0.4000,regular,felt_mallet,Felt,0.2950,3.0058,164.8140,329.6590,0.9908,1.9818,-2.0584,-9.3330,,0.0000,5.7737,5.7736,5.7211,0.0000,-5.3296,1.3535,0.6963,0,3
cimbalom_felt,52,E3,0.4250,regular,felt_mallet,Felt,0.2950,2.9306,164.8140,329.6590,0.9660,1.9322,-1.9535,-8.7837,,0.0000,5.3291,5.3292,5.2805,0.0000,-4.6980,1.3700,0.7418,0,3
cimbalom_felt,52,E3,0.4500,regular,felt_mallet,Felt,0.2950,2.8615,164.8140,329.6590,0.9432,1.8867,-1.8597,-8.3015,,0.0000,4.9408,4.9408,4.8955,0.0000,-4.1077,1.3848,0.7841,0,3
cimbalom_felt,52,E3,0.4750,regular,felt_mallet,Felt,0.2950,2.7977,164.8140,329.6590,0.9222,1.8446,-1.7752,-7.8744,,0.0000,4.5982,4.5982,4.5558,0.0000,-3.5536,1.3984,0.8236,0,3
cimbalom_felt,52,E3,0.5000,regular,felt_mallet,Felt,0.2950,2.7384,164.8140,329.6590,0.9027,1.8055,-1.6987,-7.4931,,0.0000,4.2935,4.2935,4.2538,0.0000,-3.0316,1.4107,0.8605,0,3
cimbalom_felt,52,E3,0.5250,regular,felt_mallet,Felt,0.2950,2.6832,164.8140,329.6590,0.8845,1.7691,-1.6291,-7.1505,,0.0000,4.0204,4.0204,3.9828,0.0000,-2.5382,1.4221,0.8952,0,3
cimbalom_felt,52,E3,0.5500,regular,felt_mallet,Felt,0.2950,2.6316,164.8140,329.6590,0.8674,1.7350,-1.5654,-6.8406,,0.0000,3.7742,3.7742,3.7386,0.0000,-2.0705,1.4326,0.9277,0,3
cimbalom_felt,52,E3,0.5750,regular,felt_mallet,Felt,0.2950,2.5832,164.8140,329.6590,0.8515,1.7031,-1.5070,-6.5589,,0.0000,3.5510,3.5510,3.5171,0.0000,-1.6259,1.4422,0.9583,0,3
cimbalom_felt,52,E3,0.6000,regular,felt_mallet,Felt,0.2950,2.5377,164.8140,329.6590,0.8365,1.6732,-1.4531,-6.3016,,0.0000,3.3475,3.3475,3.3151,0.0000,-1.2024,1.4512,0.9871,0,3
cimbalom_felt,52,E3,0.6250,regular,felt_mallet,Felt,0.2950,2.4948,164.8140,329.6590,0.8224,1.6449,-1.4033,-6.0656,,0.0000,3.1612,3.1613,3.1304,0.0000,-0.7980,1.4596,1.0143,0,3
cimbalom_felt,52,E3,0.6500,regular,felt_mallet,Felt,0.2950,2.4543,164.8140,329.6590,0.8090,1.6182,-1.3571,-5.8482,,0.0000,2.9901,2.9900,2.9605,0.0000,-0.4112,1.4673,1.0400,0,3
cimbalom_felt,52,E3,0.6750,regular,felt_mallet,Felt,0.2950,2.4159,164.8140,329.6590,0.7964,1.5929,-1.3141,-5.6472,,0.0000,2.8321,2.8321,2.8039,0.0000,-0.0403,1.4746,1.0643,0,3
cimbalom_felt,52,E3,0.7000,regular,felt_mallet,Felt,0.2950,2.3795,164.8140,329.6590,0.7844,1.5689,-1.2740,-5.4608,,0.0000,2.6859,2.6858,2.6586,0.0000,0.3157,1.4814,1.0874,0,3
cimbalom_felt,52,E3,0.7250,regular,felt_mallet,Felt,0.2950,2.3449,164.8140,329.6590,0.7730,1.5461,-1.2365,-5.2874,,0.0000,2.5499,2.5499,2.5237,0.0000,0.6580,1.4879,1.1093,0,3
cimbalom_felt,52,E3,0.7500,regular,felt_mallet,Felt,0.2950,2.3120,164.8140,329.6590,0.7621,1.5243,-1.2013,-5.1257,,0.0000,2.4235,2.4234,2.3982,0.0000,0.9877,1.4939,1.1302,0,3
cimbalom_felt,52,E3,0.7750,regular,felt_mallet,Felt,0.2950,2.2805,164.8140,329.6590,0.7517,1.5036,-1.1682,-4.9745,,0.0000,2.3052,2.3052,2.2808,0.0000,1.3055,1.4996,1.1500,0,3
cimbalom_felt,52,E3,0.8000,regular,felt_mallet,Felt,0.2950,2.2505,164.8140,329.6590,0.7418,1.4838,-1.1371,-4.8327,,0.0000,2.1946,2.1946,2.1708,0.0000,1.6124,1.5050,1.1690,0,3
cimbalom_felt,52,E3,0.8250,regular,felt_mallet,Felt,0.2950,2.2218,164.8140,329.6590,0.7324,1.4649,-1.1078,-4.6996,,0.0000,2.0908,2.0908,2.0677,0.0000,1.9090,1.5101,1.1870,0,3
cimbalom_felt,52,E3,0.8500,regular,felt_mallet,Felt,0.2950,2.1943,164.8140,329.6590,0.7233,1.4467,-1.0800,-4.5742,,0.0000,1.9932,1.9932,1.9710,0.0000,2.1961,1.5149,1.2043,0,3
cimbalom_felt,52,E3,0.8750,regular,felt_mallet,Felt,0.2950,2.1679,164.8140,329.6590,0.7146,1.4293,-1.0538,-4.4559,,0.0000,1.9012,1.9012,1.8797,0.0000,2.4741,1.5195,1.2208,0,3
cimbalom_felt,52,E3,0.9000,regular,felt_mallet,Felt,0.2950,2.1425,164.8140,329.6590,0.7062,1.4126,-1.0289,-4.3442,,0.0000,1.8143,1.8143,1.7933,0.0000,2.7437,1.5238,1.2366,0,3
cimbalom_felt,52,E3,0.9250,regular,felt_mallet,Felt,0.2950,2.1182,164.8140,329.6590,0.6982,1.3965,-1.0052,-4.2384,,0.0000,1.7322,1.7322,1.7118,0.0000,3.0054,1.5280,1.2517,0,3
cimbalom_felt,52,E3,0.9500,regular,felt_mallet,Felt,0.2950,2.0947,164.8140,329.6590,0.6905,1.3811,-0.9827,-4.1381,,0.0000,1.6545,1.6544,1.6345,0.0000,3.2595,1.5320,1.2663,0,3
cimbalom_felt,52,E3,0.9750,regular,felt_mallet,Felt,0.2950,2.0721,164.8140,329.6590,0.6830,1.3662,-0.9613,-4.0429,,0.0000,1.5807,1.5806,1.5614,0.0000,3.5065,1.5358,1.2802,0,3
cimbalom_felt,52,E3,1.0000,regular,felt_mallet,Felt,0.2950,2.0503,164.8140,329.6590,0.6758,1.3518,-0.9409,-3.9524,,0.0000,1.5104,1.5105,1.4915,0.0000,3.7467,1.5393,1.2936,0,3
cimbalom_felt,52,E3,0.4200,corpus,felt_mallet,Felt,0.2950,2.9452,164.8140,329.6590,0.9708,1.9418,-1.9735,-8.8877,,0.0000,5.4132,5.4132,5.3637,0.0000,-4.8209,1.3668,0.7329,0,3
cimbalom_felt,52,E3,0.4600,corpus,felt_mallet,Felt,0.2950,2.8354,164.8140,329.6590,0.9346,1.8694,-1.8248,-8.1246,,0.0000,4.7988,4.7988,4.7550,0.0000,-3.8820,1.3904,0.8002,0,3
cimbalom_felt,53,F3,0.0500,regular,felt_mallet,Felt,0.2950,7.0527,174.6140,349.2660,2.4630,4.9265,-16.6277,-46.1120,3,-2.5338,27.9777,27.9796,26.5398,0.0000,-37.6605,0.2618,0.0104,0,3
cimbalom_felt,53,F3,0.0750,regular,felt_mallet,Felt,0.2950,5.9510,174.6140,349.2660,2.0783,4.1570,-10.4865,-24.5003,3,-0.0658,12.5131,12.5134,12.4946,0.0000,-27.9975,0.5310,0.1257,0,3
cimbalom_felt,53,F3,0.1000,regular,felt_mallet,Felt,0.2950,5.2754,174.6140,349.2660,1.8423,3.6851,-7.8523,-23.1027,,0.0000,13.7503,13.7502,13.8277,0.0000,-22.8645,0.7191,0.1477,0,3
cimbalom_felt,53,F3,0.1250,regular,felt_mallet,Felt,0.2950,4.8047,174.6140,349.2660,1.6779,3.3562,-6.3421,-25.7278,,0.0000,17.8860,17.8858,18.0861,0.0000,-19.4161,0.8556,0.1091,0,3
cimbalom_felt,53,F3,0.1500,regular,felt_mallet,Felt,0.2950,4.4514,174.6140,349.2660,1.5546,3.1094,-5.3516,-34.0958,,0.0000,27.2460,27.2459,27.9564,0.0000,-16.8420,0.9590,0.0416,0,3
cimbalom_felt,53,F3,0.1750,regular,felt_mallet,Felt,0.2950,4.1730,174.6140,349.2660,1.4573,2.9150,-4.6473,-35.0136,,0.0000,28.8622,28.8627,28.0232,0.0000,-14.7987,1.0400,0.0375,0,3
cimbalom_felt,53,F3,0.2000,regular,felt_mallet,Felt,0.2950,3.9460,174.6140,349.2660,1.3781,2.7564,-4.1188,-24.9463,,0.0000,19.3261,19.3258,19.0288,0.0000,-13.1103,1.1052,0.1194,0,3
cimbalom_felt,53,F3,0.2250,regular,felt_mallet,Felt,0.2950,3.7561,174.6140,349.2660,1.3117,2.6237,-3.7062,-20.4729,,0.0000,15.2653,15.2653,15.0772,0.0000,-11.6748,1.1590,0.1999,0,3
cimbalom_felt,53,F3,0.2500,regular,felt_mallet,Felt,0.2950,3.5939,174.6140,349.2660,1.2551,2.5105,-3.3746,-17.6448,,0.0000,12.7690,12.7690,12.6289,0.0000,-10.4279,1.2041,0.2768,0,3
cimbalom_felt,53,F3,0.2750,regular,felt_mallet,Felt,0.2950,3.4532,174.6140,349.2660,1.2060,2.4122,-3.1017,-15.6230,,0.0000,11.0200,11.0201,10.9073,0.0000,-9.3271,1.2425,0.3494,0,3
cimbalom_felt,53,F3,0.3000,regular,felt_mallet,Felt,0.2950,3.3297,174.6140,349.2660,1.1628,2.3259,-2.8728,-14.0795,,0.0000,9.7054,9.7055,9.6106,0.0000,-8.3425,1.2757,0.4173,0,3
cimbalom_felt,53,F3,0.3250,regular,felt_mallet,Felt,0.2950,3.2199,174.6140,349.2660,1.1245,2.2492,-2.6780,-12.8510,,0.0000,8.6720,8.6719,8.5895,0.0000,-7.4525,1.3046,0.4807,0,3
cimbalom_felt,53,F3,0.3500,regular,felt_mallet,Felt,0.2950,3.1214,174.6140,349.2660,1.0901,2.1804,-2.5099,-11.8441,,0.0000,7.8331,7.8331,7.7601,0.0000,-6.6408,1.3301,0.5398,0,3
cimbalom_felt,53,F3,0.3750,regular,felt_mallet,Felt,0.2950,3.0325,174.6140,349.2660,1.0590,2.1183,-2.3634,-11.0006,,0.0000,7.1362,7.1361,7.0704,0.0000,-5.8949,1.3528,0.5949,0,3
cimbalom_felt,53,F3,0.4000,regular,felt_mallet,Felt,0.2950,2.9516,174.6140,349.2660,1.0308,2.0618,-2.2343,-10.2816,,0.0000,6.5462,6.5462,6.4865,0.0000,-5.2053,1.3730,0.6462,0,3
cimbalom_felt,53,F3,0.4250,regular,felt_mallet,Felt,0.2950,2.8776,174.6140,349.2660,1.0049,2.0101,-2.1198,-9.6602,,0.0000,6.0397,6.0394,5.9850,0.0000,-4.5640,1.3913,0.6941,0,3
cimbalom_felt,53,F3,0.4500,regular,felt_mallet,Felt,0.2950,2.8095,174.6140,349.2660,0.9812,1.9626,-2.0173,-9.1169,,0.0000,5.5986,5.5986,5.5476,0.0000,-3.9652,1.4078,0.7389,0,3
cimbalom_felt,53,F3,0.4750,regular,felt_mallet,Felt,0.2950,2.7466,174.6140,349.2660,0.9592,1.9186,-1.9251,-8.6373,,0.0000,5.2111,5.2112,5.1637,0.0000,-3.4034,1.4228,0.7809,0,3
cimbalom_felt,53,F3,0.5000,regular,felt_mallet,Felt,0.2950,2.6882,174.6140,349.2660,0.9388,1.8778,-1.8417,-8.2104,,0.0000,4.8678,4.8677,4.8233,0.0000,-2.8744,1.4365,0.8202,0,3
cimbalom_felt,53,F3,0.5250,regular,felt_mallet,Felt,0.2950,2.6339,174.6140,349.2660,0.9198,1.8398,-1.7658,-7.8276,,0.0000,4.5608,4.5608,4.5188,0.0000,-2.3748,1.4491,0.8572,0,3
cimbalom_felt,53,F3,0.5500,regular,felt_mallet,Felt,0.2950,2.5830,174.6140,349.2660,0.9021,1.8043,-1.6964,-7.4822,,0.0000,4.2848,4.2848,4.2451,0.0000,-1.9013,1.4607,0.8919,0,3
cimbalom_felt,53,F3,0.5750,regular,felt_mallet,Felt,0.2950,2.5354,174.6140,349.2660,0.8854,1.7710,-1.6327,-7.1688,,0.0000,4.0350,4.0350,3.9973,0.0000,-1.4515,1.4715,0.9247,0,3
cimbalom_felt,53,F3,0.6000,regular,felt_mallet,Felt,0.2950,2.4906,174.6140,349.2660,0.8698,1.7398,-1.5741,-6.8829,,0.0000,3.8078,3.8078,3.7720,0.0000,-1.0232,1.4815,0.9556,0,3
cimbalom_felt,53,F3,0.6250,regular,felt_mallet,Felt,0.2950,2.4484,174.6140,349.2660,0.8550,1.7103,-1.5198,-6.6210,,0.0000,3.6002,3.6001,3.5662,0.0000,-0.6144,1.4907,0.9849,0,3
cimbalom_felt,53,F3,0.6500,regular,felt_mallet,Felt,0.2950,2.4085,174.6140,349.2660,0.8411,1.6824,-1.4695,-6.3801,,0.0000,3.4097,3.4095,3.3770,0.0000,-0.2234,1.4994,1.0126,0,3
cimbalom_felt,53,F3,0.6750,regular,felt_mallet,Felt,0.2950,2.3707,174.6140,349.2660,0.8279,1.6560,-1.4227,-6.1577,,0.0000,3.2339,3.2339,3.2027,0.0000,0.1512,1.5075,1.0389,0,3
cimbalom_felt,53,F3,0.7000,regular,felt_mallet,Felt,0.2950,2.3348,174.6140,349.2660,0.8154,1.6310,-1.3791,-5.9517,,0.0000,3.0715,3.0715,3.0415,0.0000,0.5107,1.5151,1.0638,0,3
cimbalom_felt,53,F3,0.7250,regular,felt_mallet,Felt,0.2950,2.3008,174.6140,349.2660,0.8035,1.6072,-1.3383,-5.7602,,0.0000,2.9209,2.9209,2.8918,0.0000,0.8564,1.5222,1.0875,0,3
cimbalom_felt,53,F3,0.7500,regular,felt_mallet,Felt,0.2950,2.2683,174.6140,349.2660,0.7922,1.5845,-1.3000,-5.5817,,0.0000,2.7807,2.7807,2.7528,0.0000,1.1891,1.5290,1.1101,0,3
cimbalom_felt,53,F3,0.7750,regular,felt_mallet,Felt,0.2950,2.2374,174.6140,349.2660,0.7814,1.5629,-1.2641,-5.4150,,0.0000,2.6499,2.6499,2.6229,0.0000,1.5098,1.5353,1.1316,0,3
cimbalom_felt,53,F3,0.8000,regular,felt_mallet,Felt,0.2950,2.2078,174.6140,349.2660,0.7710,1.5422,-1.2302,-5.2588,,0.0000,2.5275,2.5276,2.5015,0.0000,1.8194,1.5413,1.1521,0,3
cimbalom_felt,53,F3,0.8250,regular,felt_mallet,Felt,0.2950,2.1796,174.6140,349.2660,0.7612,1.5225,-1.1983,-5.1122,,0.0000,2.4128,2.4129,2.3876,0.0000,2.1186,1.5470,1.1717,0,3
cimbalom_felt,53,F3,0.8500,regular,felt_mallet,Felt,0.2950,2.1525,174.6140,349.2660,0.7517,1.5036,-1.1682,-4.9743,,0.0000,2.3050,2.3051,2.2805,0.0000,2.4080,1.5523,1.1905,0,3
cimbalom_felt,53,F3,0.8750,regular,felt_mallet,Felt,0.2950,2.1265,174.6140,349.2660,0.7426,1.4854,-1.1396,-4.8442,,0.0000,2.2036,2.2036,2.1800,0.0000,2.6884,1.5575,1.2085,0,3
cimbalom_felt,53,F3,0.9000,regular,felt_mallet,Felt,0.2950,2.1015,174.6140,349.2660,0.7339,1.4680,-1.1126,-4.7214,,0.0000,2.1078,2.1078,2.0848,0.0000,2.9601,1.5623,1.2257,0,3
cimbalom_felt,53,F3,0.9250,regular,felt_mallet,Felt,0.2950,2.0776,174.6140,349.2660,0.7255,1.4512,-1.0869,-4.6053,,0.0000,2.0173,2.0174,1.9949,0.0000,3.2238,1.5669,1.2422,0,3
cimbalom_felt,53,F3,0.9500,regular,felt_mallet,Felt,0.2950,2.0545,174.6140,349.2660,0.7175,1.4351,-1.0624,-4.4952,,0.0000,1.9317,1.9317,1.9100,0.0000,3.4799,1.5713,1.2580,0,3
cimbalom_felt,53,F3,0.9750,regular,felt_mallet,Felt,0.2950,2.0323,174.6140,349.2660,0.7097,1.4196,-1.0392,-4.3907,,0.0000,1.8505,1.8505,1.8292,0.0000,3.7287,1.5755,1.2732,0,3
cimbalom_felt,53,F3,1.0000,regular,felt_mallet,Felt,0.2950,2.0108,174.6140,349.2660,0.7022,1.4046,-1.0170,-4.2914,,0.0000,1.7734,1.7733,1.7527,0.0000,3.9708,1.5796,1.2879,0,3
cimbalom_felt,53,F3,0.4200,corpus,felt_mallet,Felt,0.2950,2.8919,174.6140,349.2660,1.0099,2.0201,-2.1416,-9.7777,,0.0000,6.1349,6.1350,6.0791,0.0000,-4.6888,1.3878,0.6848,0,3
cimbalom_felt,53,F3,0.4600,corpus,felt_mallet,Felt,0.2950,2.7838,174.6140,349.2660,0.9722,1.9446,-1.9793,-8.9181,,0.0000,5.4379,5.4378,5.3884,0.0000,-3.7363,1.4139,0.7560,0,3
cimbalom_felt,54,F#3,0.0500,regular,felt_mallet,Felt,0.2950,6.9460,184.9970,370.0390,2.5700,5.1405,-19.0494,-41.2971,3,-4.0784,20.7529,20.7508,21.8345,0.0000,-39.7707,0.2053,0.0188,0,3
cimbalom_felt,54,F#3,0.0750,regular,felt_mallet,Felt,0.2950,5.8576,184.9970,370.0390,2.1673,4.3351,-11.6607,-26.2685,3,-0.3034,13.1069,13.1074,13.0417,0.0000,-28.8604,0.4808,0.1063,0,3
cimbalom_felt,54,F#3,0.1000,regular,felt_mallet,Felt,0.2950,5.1905,184.9970,370.0390,1.9205,3.8414,-8.6572,-23.0424,,0.0000,12.8851,12.8851,12.9297,0.0000,-23.3577,0.6794,0.1541,0,3
cimbalom_felt,54,F#3,0.1250,regular,felt_mallet,Felt,0.2950,4.7259,184.9970,370.0390,1.7485,3.4975,-6.9623,-24.0540,,0.0000,15.5912,15.5916,15.7221,0.0000,-19.7248,0.8257,0.1372,0,3
cimbalom_felt,54,F#3,0.1500,regular,felt_mallet,Felt,0.2950,4.3773,184.9970,370.0390,1.6196,3.2395,-5.8594,-28.2462,,0.0000,20.8874,20.8872,21.1958,0.0000,-17.0382,0.9376,0.0847,0,3
cimbalom_felt,54,F#3,0.1750,regular,felt_mallet,Felt,0.2950,4.1027,184.9970,370.0390,1.5180,3.0363,-5.0789,-43.1833,,0.0000,36.6064,36.6102,38.9782,0.0000,-14.9188,1.0257,0.0152,0,3
cimbalom_felt,54,F#3,0.2000,regular,felt_mallet,Felt,0.2950,3.8788,184.9970,370.0390,1.4351,2.8706,-4.4951,-31.0925,,0.0000,25.0948,25.0950,24.5366,0.0000,-13.1752,1.0970,0.0610,0,3
cimbalom_felt,54,F#3,0.2250,regular,felt_mallet,Felt,0.2950,3.6914,184.9970,370.0390,1.3658,2.7319,-4.0405,-23.9804,,0.0000,18.4380,18.4384,18.1692,0.0000,-11.6975,1.1560,0.1384,0,3
cimbalom_felt,54,F#3,0.2500,regular,felt_mallet,Felt,0.2950,3.5315,184.9970,370.0390,1.3066,2.6136,-3.6757,-20.1916,,0.0000,15.0145,15.0146,14.8325,0.0000,-10.4176,1.2055,0.2140,0,3
cimbalom_felt,54,F#3,0.2750,regular,felt_mallet,Felt,0.2950,3.3929,184.9970,370.0390,1.2553,2.5110,-3.3760,-17.6564,,0.0000,12.7791,12.7792,12.6394,0.0000,-9.2899,1.2479,0.2866,0,3
cimbalom_felt,54,F#3,0.3000,regular,felt_mallet,Felt,0.2950,3.2710,184.9970,370.0390,1.2103,2.4208,-3.1249,-15.7876,,0.0000,11.1616,11.1615,11.0471,0.0000,-8.2831,1.2845,0.3553,0,3
cimbalom_felt,54,F#3,0.3250,regular,felt_mallet,Felt,0.2950,3.1628,184.9970,370.0390,1.1702,2.3407,-2.9114,-14.3320,,0.0000,9.9192,9.9195,9.8216,0.0000,-7.3744,1.3164,0.4202,0,3
cimbalom_felt,54,F#3,0.3500,regular,felt_mallet,Felt,0.2950,3.0658,184.9970,370.0390,1.1343,2.2689,-2.7274,-13.1562,,0.0000,8.9277,8.9278,8.8424,0.0000,-6.5466,1.3446,0.4811,0,3
cimbalom_felt,54,F#3,0.3750,regular,felt_mallet,Felt,0.2950,2.9782,184.9970,370.0390,1.1019,2.2041,-2.5670,-12.1815,,0.0000,8.1135,8.1134,8.0374,0.0000,-5.7870,1.3697,0.5382,0,3
cimbalom_felt,54,F#3,0.4000,regular,felt_mallet,Felt,0.2950,2.8985,184.9970,370.0390,1.0724,2.1451,-2.4259,-11.3573,,0.0000,7.4303,7.4303,7.3617,0.0000,-5.0853,1.3921,0.5918,0,3
cimbalom_felt,54,F#3,0.4250,regular,felt_mallet,Felt,0.2950,2.8256,184.9970,370.0390,1.0454,2.0911,-2.3007,-10.6494,,0.0000,6.8476,6.8476,6.7849,0.0000,-4.4336,1.4123,0.6420,0,3
cimbalom_felt,54,F#3,0.4500,regular,felt_mallet,Felt,0.2950,2.7585,184.9970,370.0390,1.0206,2.0415,-2.1889,-10.0335,,0.0000,6.3437,6.3436,6.2858,0.0000,-3.8251,1.4306,0.6892,0,3
cimbalom_felt,54,F#3,0.4750,regular,felt_mallet,Felt,0.2950,2.6965,184.9970,370.0390,0.9977,1.9956,-2.0882,-9.4920,,0.0000,5.9027,5.9028,5.8490,0.0000,-3.2551,1.4473,0.7335,0,3
cimbalom_felt,54,F#3,0.5000,regular,felt_mallet,Felt,0.2950,2.6390,184.9970,370.0390,0.9764,1.9531,-1.9972,-9.0117,,0.0000,5.5136,5.5135,5.4633,0.0000,-2.7183,1.4626,0.7752,0,3
cimbalom_felt,54,F#3,0.5250,regular,felt_mallet,Felt,0.2950,2.5855,184.9970,370.0390,0.9566,1.9134,-1.9144,-8.5822,,0.0000,5.1668,5.1668,5.1196,0.0000,-2.2118,1.4766,0.8145,0,3
cimbalom_felt,54,F#3,0.5500,regular,felt_mallet,Felt,0.2950,2.5354,184.9970,370.0390,0.9381,1.8764,-1.8387,-8.1956,,0.0000,4.8560,4.8559,4.8116,0.0000,-1.7321,1.4895,0.8516,0,3
cimbalom_felt,54,F#3,0.5750,regular,felt_mallet,Felt,0.2950,2.4885,184.9970,370.0390,0.9207,1.8417,-1.7693,-7.8456,,0.0000,4.5754,4.5753,4.5334,0.0000,-1.2765,1.5014,0.8866,0,3
cimbalom_felt,54,F#3,0.6000,regular,felt_mallet,Felt,0.2950,2.4443,184.9970,370.0390,0.9044,1.8090,-1.7054,-7.5270,,0.0000,4.3207,4.3206,4.2808,0.0000,-0.8430,1.5125,0.9197,0,3
cimbalom_felt,54,F#3,0.6250,regular,felt_mallet,Felt,0.2950,2.4028,184.9970,370.0390,0.8890,1.7782,-1.6463,-7.2356,,0.0000,4.0883,4.0883,4.0503,0.0000,-0.4294,1.5228,0.9511,0,3
cimbalom_felt,54,F#3,0.6500,regular,felt_mallet,Felt,0.2950,2.3635,184.9970,370.0390,0.8745,1.7492,-1.5916,-6.9680,,0.0000,3.8753,3.8754,3.8391,0.0000,-0.0339,1.5325,0.9809,0,3
cimbalom_felt,54,F#3,0.6750,regular,felt_mallet,Felt,0.2950,2.3263,184.9970,370.0390,0.8607,1.7216,-1.5406,-6.7212,,0.0000,3.6796,3.6796,3.6449,0.0000,0.3449,1.5415,1.0092,0,3
cimbalom_felt,54,F#3,0.7000,regular,felt_mallet,Felt,0.2950,2.2910,184.9970,370.0390,0.8477,1.6955,-1.4931,-6.4929,,0.0000,3.4987,3.4987,3.4653,0.0000,0.7083,1.5499,1.0360,0,3
cimbalom_felt,54,F#3,0.7250,regular,felt_mallet,Felt,0.2950,2.2575,184.9970,370.0390,0.8352,1.6707,-1.4487,-6.2809,,0.0000,3.3312,3.3312,3.2991,0.0000,1.0575,1.5579,1.0616,0,3
cimbalom_felt,54,F#3,0.7500,regular,felt_mallet,Felt,0.2950,2.2255,184.9970,370.0390,0.8234,1.6471,-1.4070,-6.0836,,0.0000,3.1755,3.1755,3.1446,0.0000,1.3936,1.5654,1.0860,0,3
cimbalom_felt,54,F#3,0.7750,regular,felt_mallet,Felt,0.2950,2.1951,184.9970,370.0390,0.8122,1.6245,-1.3679,-5.8994,,0.0000,3.0305,3.0304,3.0007,0.0000,1.7175,1.5724,1.1093,0,3
cimbalom_felt,54,F#3,0.8000,regular,felt_mallet,Felt,0.2950,2.1660,184.9970,370.0390,0.8014,1.6030,-1.3311,-5.7270,,0.0000,2.8948,2.8948,2.8662,0.0000,2.0300,1.5791,1.1315,0,3
cimbalom_felt,54,F#3,0.8250,regular,felt_mallet,Felt,0.2950,2.1381,184.9970,370.0390,0.7911,1.5824,-1.2964,-5.5653,,0.0000,2.7678,2.7678,2.7400,0.0000,2.3320,1.5854,1.1528,0,3
cimbalom_felt,54,F#3,0.8500,regular,felt_mallet,Felt,0.2950,2.1115,184.9970,370.0390,0.7812,1.5627,-1.2636,-5.4132,,0.0000,2.6485,2.6486,2.6215,0.0000,2.6241,1.5914,1.1732,0,3
cimbalom_felt,54,F#3,0.8750,regular,felt_mallet,Felt,0.2950,2.0859,184.9970,370.0390,0.7718,1.5437,-1.2326,-5.2700,,0.0000,2.5364,2.5364,2.5102,0.0000,2.9070,1.5971,1.1927,0,3
cimbalom_felt,54,F#3,0.9000,regular,felt_mallet,Felt,0.2950,2.0614,184.9970,370.0390,0.7627,1.5256,-1.2032,-5.1349,,0.0000,2.4306,2.4306,2.4054,0.0000,3.1810,1.6025,1.2114,0,3
cimbalom_felt,54,F#3,0.9250,regular,felt_mallet,Felt,0.2950,2.0378,184.9970,370.0390,0.7540,1.5081,-1.1753,-5.0071,,0.0000,2.3307,2.3307,2.3061,0.0000,3.4469,1.6077,1.2293,0,3
cimbalom_felt,54,F#3,0.9500,regular,felt_mallet,Felt,0.2950,2.0150,184.9970,370.0390,0.7456,1.4913,-1.1488,-4.8860,,0.0000,2.2362,2.2362,2.2123,0.0000,3.7051,1.6126,1.2466,0,3
cimbalom_felt,54,F#3,0.9750,regular,felt_mallet,Felt,0.2950,1.9932,184.9970,370.0390,0.7375,1.4751,-1.1235,-4.7712,,0.0000,2.1466,2.1467,2.1233,0.0000,3.9560,1.6173,1.2632,0,3
cimbalom_felt,54,F#3,1.0000,regular,felt_mallet,Felt,0.2950,1.9721,184.9970,370.0390,0.7297,1.4595,-1.0994,-4.6622,,0.0000,2.0617,2.0617,2.0389,0.0000,4.1999,1.6218,1.2791,0,3
cimbalom_felt,54,F#3,0.4200,corpus,felt_mallet,Felt,0.2950,2.8397,184.9970,370.0390,1.0507,2.1016,-2.3246,-10.7829,,0.0000,6.9572,6.9572,6.8933,0.0000,-4.5603,1.4084,0.6322,0,3
cimbalom_felt,54,F#3,0.4600,corpus,felt_mallet,Felt,0.2950,2.7331,184.9970,370.0390,1.0112,2.0227,-2.1474,-9.8088,,0.0000,6.1606,6.1604,6.1044,0.0000,-3.5928,1.4375,0.7072,0,3
cimbalom_felt,55,G3,0.0500,regular,felt_mallet,Felt,0.2950,6.8407,195.9980,392.0490,2.6815,5.3638,-22.2163,-34.2102,3,-6.3816,10.4980,10.4960,11.0298,0.0000,-42.6142,0.1480,0.0442,0,3
cimbalom_felt,55,G3,0.0750,regular,felt_mallet,Felt,0.2950,5.7656,195.9980,392.0490,2.2601,4.5208,-13.0188,-29.0766,3,-0.7461,14.5580,14.5574,14.4189,0.0000,-29.8953,0.4267,0.0799,0,3
cimbalom_felt,55,G3,0.1000,regular,felt_mallet,Felt,0.2950,5.1069,195.9980,392.0490,2.0019,4.0043,-9.5645,-23.5421,3,-0.0000,12.4777,12.4775,12.4907,0.0000,-23.9422,0.6352,0.1510,0,3
cimbalom_felt,55,G3,0.1250,regular,felt_mallet,Felt,0.2950,4.6483,195.9980,392.0490,1.8221,3.6447,-7.6538,-23.2160,,0.0000,14.0621,14.0621,14.1486,0.0000,-20.0933,0.7914,0.1568,0,3
cimbalom_felt,55,G3,0.1500,regular,felt_mallet,Felt,0.2950,4.3043,195.9980,392.0490,1.6873,3.3750,-6.4219,-25.4378,,0.0000,17.5165,17.5160,17.7039,0.0000,-17.2780,0.9120,0.1214,0,3
cimbalom_felt,55,G3,0.1750,regular,felt_mallet,Felt,0.2950,4.0334,195.9980,392.0490,1.5811,3.1626,-5.5552,-31.0363,,0.0000,23.9815,23.9821,24.4487,0.0000,-15.0722,1.0077,0.0637,0,3
cimbalom_felt,55,G3,0.2000,regular,felt_mallet,Felt,0.2950,3.8126,195.9980,392.0490,1.4945,2.9894,-4.9091,-53.6036,,0.0000,47.1791,47.1693,41.9835,0.0000,-13.2664,1.0856,0.0047,1,3
cimbalom_felt,55,G3,0.2250,regular,felt_mallet,Felt,0.2950,3.6279,195.9980,392.0490,1.4221,2.8446,-4.4075,-29.3498,,0.0000,23.4399,23.4400,22.9733,0.0000,-11.7416,1.1501,0.0774,0,3
cimbalom_felt,55,G3,0.2500,regular,felt_mallet,Felt,0.2950,3.4702,195.9980,392.0490,1.3603,2.7210,-4.0057,-23.5734,,0.0000,18.0663,18.0661,17.8088,0.0000,-10.4247,1.2046,0.1505,0,3
cimbalom_felt,55,G3,0.2750,regular,felt_mallet,Felt,0.2950,3.3335,195.9980,392.0490,1.3067,2.6138,-3.6762,-20.1968,,0.0000,15.0194,15.0193,14.8374,0.0000,-9.2672,1.2511,0.2220,0,3
cimbalom_felt,55,G3,0.3000,regular,felt_mallet,Felt,0.2950,3.2134,195.9980,392.0490,1.2596,2.5196,-3.4005,-17.8511,,0.0000,12.9492,12.9493,12.8066,0.0000,-8.2359,1.2915,0.2908,0,3
cimbalom_felt,55,G3,0.3250,regular,felt_mallet,Felt,0.2950,3.1068,195.9980,392.0490,1.2178,2.4360,-3.1663,-16.0836,,0.0000,11.4162,11.4161,11.2979,0.0000,-7.3064,1.3268,0.3564,0,3
cimbalom_felt,55,G3,0.3500,regular,felt_mallet,Felt,0.2950,3.0112,195.9980,392.0490,1.1804,2.3610,-2.9647,-14.6858,,0.0000,10.2200,10.2200,10.1186,0.0000,-6.4612,1.3579,0.4187,0,3
cimbalom_felt,55,G3,0.3750,regular,felt_mallet,Felt,0.2950,2.9248,195.9980,392.0490,1.1465,2.2933,-2.7891,-13.5438,,0.0000,9.2535,9.2536,9.1640,0.0000,-5.6862,1.3857,0.4775,0,3
cimbalom_felt,55,G3,0.4000,regular,felt_mallet,Felt,0.2950,2.8463,195.9980,392.0490,1.1157,2.2318,-2.6347,-12.5883,,0.0000,8.4523,8.4525,8.3724,0.0000,-4.9713,1.4105,0.5330,0,3
cimbalom_felt,55,G3,0.4250,regular,felt_mallet,Felt,0.2950,2.7745,195.9980,392.0490,1.0876,2.1754,-2.4979,-11.7742,,0.0000,7.7753,7.7753,7.7027,0.0000,-4.3078,1.4329,0.5854,0,3
cimbalom_felt,55,G3,0.4500,regular,felt_mallet,Felt,0.2950,2.7084,195.9980,392.0490,1.0617,2.1236,-2.3756,-11.0706,,0.0000,7.1939,7.1939,7.1276,0.0000,-3.6891,1.4532,0.6348,0,3
cimbalom_felt,55,G3,0.4750,regular,felt_mallet,Felt,0.2950,2.6473,195.9980,392.0490,1.0377,2.0758,-2.2657,-10.4551,,0.0000,6.6884,6.6884,6.6271,0.0000,-3.1096,1.4717,0.6814,0,3
cimbalom_felt,55,G3,0.5000,regular,felt_mallet,Felt,0.2950,2.5907,195.9980,392.0490,1.0155,2.0314,-2.1663,-9.9114,,0.0000,6.2440,6.2441,6.1872,0.0000,-2.5647,1.4887,0.7254,0,3
cimbalom_felt,55,G3,0.5250,regular,felt_mallet,Felt,0.2950,2.5379,195.9980,392.0490,0.9949,1.9900,-2.0759,-9.4270,,0.0000,5.8498,5.8500,5.7966,0.0000,-2.0506,1.5042,0.7670,0,3
cimbalom_felt,55,G3,0.5500,regular,felt_mallet,Felt,0.2950,2.4886,195.9980,392.0490,0.9755,1.9513,-1.9934,-8.9924,,0.0000,5.4979,5.4979,5.4479,0.0000,-1.5639,1.5186,0.8064,0,3
cimbalom_felt,55,G3,0.5750,regular,felt_mallet,Felt,0.2950,2.4424,195.9980,392.0490,0.9574,1.9151,-1.9177,-8.5998,,0.0000,5.1810,5.1810,5.1338,0.0000,-1.1021,1.5319,0.8437,0,3
cimbalom_felt,55,G3,0.6000,regular,felt_mallet,Felt,0.2950,2.3990,195.9980,392.0490,0.9404,1.8810,-1.8481,-8.2433,,0.0000,4.8942,4.8942,4.8495,0.0000,-0.6628,1.5442,0.8790,0,3
cimbalom_felt,55,G3,0.6250,regular,felt_mallet,Felt,0.2950,2.3580,195.9980,392.0490,0.9243,1.8489,-1.7837,-7.9179,,0.0000,4.6332,4.6332,4.5906,0.0000,-0.2439,1.5557,0.9126,0,3
cimbalom_felt,55,G3,0.6500,regular,felt_mallet,Felt,0.2950,2.3193,195.9980,392.0490,0.9092,1.8186,-1.7240,-7.6196,,0.0000,4.3945,4.3945,4.3539,0.0000,0.1565,1.5664,0.9445,0,3
cimbalom_felt,55,G3,0.6750,regular,felt_mallet,Felt,0.2950,2.2827,195.9980,392.0490,0.8948,1.7899,-1.6685,-7.3449,,0.0000,4.1753,4.1754,4.1366,0.0000,0.5398,1.5765,0.9748,0,3
cimbalom_felt,55,G3,0.7000,regular,felt_mallet,Felt,0.2950,2.2480,195.9980,392.0490,0.8812,1.7626,-1.6168,-7.0912,,0.0000,3.9733,3.9734,3.9362,0.0000,0.9074,1.5859,1.0037,0,3
cimbalom_felt,55,G3,0.7250,regular,felt_mallet,Felt,0.2950,2.2150,195.9980,392.0490,0.8683,1.7368,-1.5684,-6.8559,,0.0000,3.7865,3.7865,3.7510,0.0000,1.2606,1.5947,1.0312,0,3
cimbalom_felt,55,G3,0.7500,regular,felt_mallet,Felt,0.2950,2.1835,195.9980,392.0490,0.8559,1.7121,-1.5231,-6.6372,,0.0000,3.6129,3.6130,3.5787,0.0000,1.6003,1.6031,1.0576,0,3
cimbalom_felt,55,G3,0.7750,regular,felt_mallet,Felt,0.2950,2.1535,195.9980,392.0490,0.8442,1.6886,-1.4806,-6.4332,,0.0000,3.4515,3.4516,3.4186,0.0000,1.9276,1.6109,1.0827,0,3
cimbalom_felt,55,G3,0.8000,regular,felt_mallet,Felt,0.2950,2.1249,195.9980,392.0490,0.8330,1.6661,-1.4405,-6.2425,,0.0000,3.3010,3.3009,3.2691,0.0000,2.2435,1.6184,1.1067,0,3
cimbalom_felt,55,G3,0.8250,regular,felt_mallet,Felt,0.2950,2.0975,195.9980,392.0490,0.8222,1.6447,-1.4028,-6.0637,,0.0000,3.1599,3.1599,3.1292,0.0000,2.5485,1.6254,1.1297,0,3
cimbalom_felt,55,G3,0.8500,regular,felt_mallet,Felt,0.2950,2.0713,195.9980,392.0490,0.8119,1.6241,-1.3671,-5.8958,,0.0000,3.0277,3.0277,2.9980,0.0000,2.8435,1.6321,1.1518,0,3
cimbalom_felt,55,G3,0.8750,regular,felt_mallet,Felt,0.2950,2.0461,195.9980,392.0490,0.8021,1.6043,-1.3334,-5.7378,,0.0000,2.9033,2.9034,2.8745,0.0000,3.1289,1.6385,1.1729,0,3
cimbalom_felt,55,G3,0.9000,regular,felt_mallet,Felt,0.2950,2.0219,195.9980,392.0490,0.7926,1.5854,-1.3014,-5.5887,,0.0000,2.7862,2.7863,2.7583,0.0000,3.4056,1.6445,1.1932,0,3
cimbalom_felt,55,G3,0.9250,regular,felt_mallet,Felt,0.2950,1.9987,195.9980,392.0490,0.7835,1.5672,-1.2711,-5.4479,,0.0000,2.6758,2.6758,2.6487,0.0000,3.6740,1.6503,1.2127,0,3
cimbalom_felt,55,G3,0.9500,regular,felt_mallet,Felt,0.2950,1.9764,195.9980,392.0490,0.7747,1.5497,-1.2423,-5.3146,,0.0000,2.5713,2.5713,2.5451,0.0000,3.9344,1.6558,1.2315,0,3
cimbalom_felt,55,G3,0.9750,regular,felt_mallet,Felt,0.2950,1.9548,195.9980,392.0490,0.7663,1.5328,-1.2148,-5.1883,,0.0000,2.4725,2.4724,2.4467,0.0000,4.1875,1.6610,1.2495,0,3
cimbalom_felt,55,G3,1.0000,regular,felt_mallet,Felt,0.2950,1.9341,195.9980,392.0490,0.7582,1.5165,-1.1887,-5.0683,,0.0000,2.3786,2.3786,2.3536,0.0000,4.4336,1.6660,1.2669,0,3
cimbalom_felt,55,G3,0.4200,corpus,felt_mallet,Felt,0.2950,2.7883,195.9980,392.0490,1.0930,2.1863,-2.5240,-11.9274,,0.0000,7.9023,7.9023,7.8283,0.0000,-4.4368,1.4286,0.5752,0,3
cimbalom_felt,55,G3,0.4600,corpus,felt_mallet,Felt,0.2950,2.6834,195.9980,392.0490,1.0519,2.1040,-2.3303,-10.8148,,0.0000,6.9836,6.9835,6.9195,0.0000,-3.4528,1.4608,0.6538,0,3
cimbalom_felt,56,G#3,0.0500,regular,felt_mallet,Felt,0.2950,6.7370,207.6520,415.3680,2.7979,5.5966,-26.7982,-31.5096,3,-10.1121,3.2135,3.2134,3.7120,0.0000,-46.8618,0.0908,0.0627,0,3
cimbalom_felt,56,G#3,0.0750,regular,felt_mallet,Felt,0.2950,5.6750,207.6520,415.3680,2.3568,4.7144,-14.6117,-33.7931,3,-1.4426,17.6818,17.6805,17.3734,0.0000,-31.1542,0.3692,0.0482,0,3
cimbalom_felt,56,G#3,0.1000,regular,felt_mallet,Felt,0.2950,5.0246,207.6520,415.3680,2.0868,4.1742,-10.5936,-24.6385,3,-0.0809,12.5450,12.5446,12.5231,0.0000,-24.6373,0.5863,0.1383,0,3
cimbalom_felt,56,G#3,0.1250,regular,felt_mallet,Felt,0.2950,4.5720,207.6520,415.3680,1.8988,3.7981,-8.4275,-23.0030,,0.0000,13.0751,13.0754,13.1280,0.0000,-20.5329,0.7524,0.1670,0,3
cimbalom_felt,56,G#3,0.1500,regular,felt_mallet,Felt,0.2950,4.2326,207.6520,415.3680,1.7578,3.5162,-7.0468,-23.9055,,0.0000,15.3587,15.3587,15.4829,0.0000,-17.5687,0.8820,0.1505,0,3
cimbalom_felt,56,G#3,0.1750,regular,felt_mallet,Felt,0.2950,3.9653,207.6520,415.3680,1.6468,3.2942,-6.0816,-26.8873,,0.0000,19.3065,19.3060,19.5547,0.0000,-15.2646,0.9857,0.1068,0,3
cimbalom_felt,56,G#3,0.2000,regular,felt_mallet,Felt,0.2950,3.7475,207.6520,415.3680,1.5564,3.1132,-5.3653,-33.8278,,0.0000,26.9625,26.9639,27.6480,0.0000,-13.3885,1.0704,0.0480,0,3
cimbalom_felt,56,G#3,0.2250,regular,felt_mallet,Felt,0.2950,3.5654,207.6520,415.3680,1.4807,2.9619,-4.8108,-42.2719,,0.0000,35.9535,35.9540,34.1783,0.0000,-11.8109,1.1410,0.0182,0,3
cimbalom_felt,56,G#3,0.2500,regular,felt_mallet,Felt,0.2950,3.4099,207.6520,415.3680,1.4162,2.8328,-4.3678,-28.6430,,0.0000,22.7732,22.7731,22.3390,0.0000,-10.4527,1.2007,0.0872,0,3
cimbalom_felt,56,G#3,0.2750,regular,felt_mallet,Felt,0.2950,3.2752,207.6520,415.3680,1.3602,2.7208,-4.0050,-23.5669,,0.0000,18.0604,18.0603,17.8033,0.0000,-9.2621,1.2519,0.1565,0,3
cimbalom_felt,56,G#3,0.3000,regular,felt_mallet,Felt,0.2950,3.1568,207.6520,415.3680,1.3110,2.6225,-3.7020,-20.4372,,0.0000,15.2334,15.2338,15.0466,0.0000,-8.2033,1.2963,0.2244,0,3
cimbalom_felt,56,G#3,0.3250,regular,felt_mallet,Felt,0.2950,3.0517,207.6520,415.3680,1.2674,2.5351,-3.4449,-18.2084,,0.0000,13.2622,13.2622,13.1142,0.0000,-7.2510,1.3353,0.2900,0,3
cimbalom_felt,56,G#3,0.3500,regular,felt_mallet,Felt,0.2950,2.9575,207.6520,415.3680,1.2283,2.4569,-3.2238,-16.5025,,0.0000,11.7775,11.7775,11.6536,0.0000,-6.3861,1.3697,0.3530,0,3
cimbalom_felt,56,G#3,0.3750,regular,felt_mallet,Felt,0.2950,2.8724,207.6520,415.3680,1.1929,2.3862,-3.0314,-15.1381,,0.0000,10.6056,10.6056,10.4988,0.0000,-5.5945,1.4004,0.4130,0,3
cimbalom_felt,56,G#3,0.4000,regular,felt_mallet,Felt,0.2950,2.7950,207.6520,415.3680,1.1608,2.3219,-2.8624,-14.0135,,0.0000,9.6498,9.6500,9.5555,0.0000,-4.8650,1.4279,0.4701,0,3
cimbalom_felt,56,G#3,0.4250,regular,felt_mallet,Felt,0.2950,2.7243,207.6520,415.3680,1.1314,2.2631,-2.7126,-13.0659,,0.0000,8.8522,8.8522,8.7674,0.0000,-4.1886,1.4527,0.5243,0,3
cimbalom_felt,56,G#3,0.4500,regular,felt_mallet,Felt,0.2950,2.6592,207.6520,415.3680,1.1044,2.2091,-2.5790,-12.2536,,0.0000,8.1735,8.1736,8.0971,0.0000,-3.5584,1.4752,0.5757,0,3
cimbalom_felt,56,G#3,0.4750,regular,felt_mallet,Felt,0.2950,2.5990,207.6520,415.3680,1.0794,2.1591,-2.4588,-11.5479,,0.0000,7.5879,7.5880,7.5176,0.0000,-2.9687,1.4958,0.6244,0,3
cimbalom_felt,56,G#3,0.5000,regular,felt_mallet,Felt,0.2950,2.5432,207.6520,415.3680,1.0562,2.1128,-2.3503,-10.9279,,0.0000,7.0766,7.0766,7.0117,0.0000,-2.4146,1.5146,0.6706,0,3
cimbalom_felt,56,G#3,0.5250,regular,felt_mallet,Felt,0.2950,2.4913,207.6520,415.3680,1.0346,2.0696,-2.2516,-10.3780,,0.0000,6.6252,6.6253,6.5646,0.0000,-1.8921,1.5319,0.7145,0,3
cimbalom_felt,56,G#3,0.5500,regular,felt_mallet,Felt,0.2950,2.4427,207.6520,415.3680,1.0145,2.0293,-2.1616,-9.8864,,0.0000,6.2240,6.2238,6.1672,0.0000,-1.3980,1.5479,0.7560,0,3
cimbalom_felt,56,G#3,0.5750,regular,felt_mallet,Felt,0.2950,2.3972,207.6520,415.3680,0.9956,1.9915,-2.0790,-9.4439,,0.0000,5.8637,5.8638,5.8105,0.0000,-0.9295,1.5626,0.7956,0,3
cimbalom_felt,56,G#3,0.6000,regular,felt_mallet,Felt,0.2950,2.3544,207.6520,415.3680,0.9778,1.9559,-2.0030,-9.0431,,0.0000,5.5390,5.5390,5.4885,0.0000,-0.4838,1.5764,0.8331,0,3
cimbalom_felt,56,G#3,0.6250,regular,felt_mallet,Felt,0.2950,2.3141,207.6520,415.3680,0.9611,1.9224,-1.9329,-8.6781,,0.0000,5.2443,5.2443,5.1965,0.0000,-0.0589,1.5892,0.8689,0,3
cimbalom_felt,56,G#3,0.6500,regular,felt_mallet,Felt,0.2950,2.2760,207.6520,415.3680,0.9452,1.8908,-1.8678,-8.3443,,0.0000,4.9754,4.9754,4.9300,0.0000,0.3467,1.6011,0.9029,0,3
cimbalom_felt,56,G#3,0.6750,regular,felt_mallet,Felt,0.2950,2.2400,207.6520,415.3680,0.9303,1.8608,-1.8074,-8.0375,,0.0000,4.7291,4.7291,4.6859,0.0000,0.7350,1.6123,0.9354,0,3
cimbalom_felt,56,G#3,0.7000,regular,felt_mallet,Felt,0.2950,2.2058,207.6520,415.3680,0.9161,1.8324,-1.7510,-7.7545,,0.0000,4.5025,4.5025,4.4610,0.0000,1.1072,1.6228,0.9664,0,3
cimbalom_felt,56,G#3,0.7250,regular,felt_mallet,Felt,0.2950,2.1733,207.6520,415.3680,0.9026,1.8054,-1.6984,-7.4926,,0.0000,4.2933,4.2933,4.2535,0.0000,1.4647,1.6327,0.9959,0,3
cimbalom_felt,56,G#3,0.7500,regular,felt_mallet,Felt,0.2950,2.1423,207.6520,415.3680,0.8897,1.7797,-1.6490,-7.2494,,0.0000,4.0993,4.0994,4.0612,0.0000,1.8085,1.6420,1.0242,0,3
cimbalom_felt,56,G#3,0.7750,regular,felt_mallet,Felt,0.2950,2.1128,207.6520,415.3680,0.8775,1.7552,-1.6027,-7.0229,,0.0000,3.9191,3.9191,3.8824,0.0000,2.1396,1.6507,1.0513,0,3
cimbalom_felt,56,G#3,0.8000,regular,felt_mallet,Felt,0.2950,2.0846,207.6520,415.3680,0.8658,1.7318,-1.5592,-6.8114,,0.0000,3.7512,3.7512,3.7159,0.0000,2.4589,1.6590,1.0772,0,3
cimbalom_felt,56,G#3,0.8250,regular,felt_mallet,Felt,0.2950,2.0577,207.6520,415.3680,0.8546,1.7094,-1.5181,-6.6133,,0.0000,3.5942,3.5942,3.5600,0.0000,2.7673,1.6669,1.1020,0,3
cimbalom_felt,56,G#3,0.8500,regular,felt_mallet,Felt,0.2950,2.0318,207.6520,415.3680,0.8438,1.6879,-1.4793,-6.4274,,0.0000,3.4471,3.4471,3.4141,0.0000,3.0654,1.6744,1.1259,0,3
cimbalom_felt,56,G#3,0.8750,regular,felt_mallet,Felt,0.2950,2.0071,207.6520,415.3680,0.8335,1.6673,-1.4426,-6.2527,,0.0000,3.3090,3.3090,3.2771,0.0000,3.3538,1.6814,1.1488,0,3
cimbalom_felt,56,G#3,0.9000,regular,felt_mallet,Felt,0.2950,1.9833,207.6520,415.3680,0.8237,1.6476,-1.4079,-6.0880,,0.0000,3.1791,3.1791,3.1482,0.0000,3.6333,1.6882,1.1708,0,3
cimbalom_felt,56,G#3,0.9250,regular,felt_mallet,Felt,0.2950,1.9604,207.6520,415.3680,0.8142,1.6286,-1.3749,-5.9325,,0.0000,3.0566,3.0566,3.0266,0.0000,3.9042,1.6946,1.1919,0,3
cimbalom_felt,56,G#3,0.9500,regular,felt_mallet,Felt,0.2950,1.9384,207.6520,415.3680,0.8050,1.6103,-1.3435,-5.7854,,0.0000,2.9408,2.9409,2.9118,0.0000,4.1672,1.7007,1.2123,0,3
cimbalom_felt,56,G#3,0.9750,regular,felt_mallet,Felt,0.2950,1.9173,207.6520,415.3680,0.7962,1.5927,-1.3137,-5.6461,,0.0000,2.8314,2.8314,2.8030,0.0000,4.4227,1.7066,1.2319,0,3
cimbalom_felt,56,G#3,1.0000,regular,felt_mallet,Felt,0.2950,1.8968,207.6520,415.3680,0.7878,1.5758,-1.2853,-5.5139,,0.0000,2.7276,2.7276,2.7002,0.0000,4.6710,1.7122,1.2508,0,3
cimbalom_felt,56,G#3,0.4200,corpus,felt_mallet,Felt,0.2950,2.7379,207.6520,415.3680,1.1371,2.2745,-2.7412,-13.2435,,0.0000,9.0010,9.0012,8.9147,0.0000,-4.3199,1.4480,0.5137,0,3
cimbalom_felt,56,G#3,0.4600,corpus,felt_mallet,Felt,0.2950,2.6346,207.6520,415.3680,1.0941,2.1886,-2.5294,-11.9599,,0.0000,7.9293,7.9294,7.8552,0.0000,-3.3179,1.4837,0.5955,0,3
cimbalom_felt,57,A3,0.0500,regular,felt_mallet,Felt,0.2950,6.6347,220.0000,440.0760,2.9193,5.8395,-35.4858,-30.6755,3,-17.9591,-6.3070,-6.3066,-5.3904,-6.3070,-55.2015,0.0348,0.0718,0,3
cimbalom_felt,57,A3,0.0750,regular,felt_mallet,Felt,0.2950,5.5857,220.0000,440.0760,2.4577,4.9162,-16.5190,-44.9413,3,-2.4699,26.9160,26.9175,25.6561,0.0000,-32.7162,0.3084,0.0139,0,3
cimbalom_felt,57,A3,0.1000,regular,felt_mallet,Felt,0.2950,4.9436,220.0000,440.0760,2.1752,4.3511,-11.7707,-26.4669,3,-0.3331,13.1962,13.1958,13.1264,0.0000,-25.4690,0.5328,0.1166,0,3
cimbalom_felt,57,A3,0.1250,regular,felt_mallet,Felt,0.2950,4.4969,220.0000,440.0760,1.9786,3.9579,-9.2975,-23.3447,,0.0000,12.5470,12.5470,12.5685,0.0000,-21.0578,0.7083,0.1671,0,3
cimbalom_felt,57,A3,0.1500,regular,felt_mallet,Felt,0.2950,4.1620,220.0000,440.0760,1.8313,3.6632,-7.7432,-23.1587,,0.0000,13.9152,13.9153,13.9975,0.0000,-17.9198,0.8471,0.1707,0,3
cimbalom_felt,57,A3,0.1750,regular,felt_mallet,Felt,0.2950,3.8984,220.0000,440.0760,1.7153,3.4312,-6.6652,-24.7058,,0.0000,16.5412,16.5407,16.6991,0.0000,-15.5029,0.9590,0.1428,0,3
cimbalom_felt,57,A3,0.2000,regular,felt_mallet,Felt,0.2950,3.6836,220.0000,440.0760,1.6208,3.2421,-5.8691,-28.1727,,0.0000,20.8043,20.8041,21.1116,0.0000,-13.5469,1.0511,0.0958,0,3
cimbalom_felt,57,A3,0.2250,regular,felt_mallet,Felt,0.2950,3.5039,220.0000,440.0760,1.5417,3.0840,-5.2550,-36.2166,,0.0000,29.4646,29.4643,30.4069,0.0000,-11.9098,1.1280,0.0379,0,3
cimbalom_felt,57,A3,0.2500,regular,felt_mallet,Felt,0.2950,3.3507,220.0000,440.0760,1.4743,2.9491,-4.7656,-39.6829,,0.0000,33.4120,33.4109,32.0495,0.0000,-10.5053,1.1934,0.0255,0,3
cimbalom_felt,57,A3,0.2750,regular,felt_mallet,Felt,0.2950,3.2178,220.0000,440.0760,1.4159,2.8322,-4.3657,-28.6107,,0.0000,22.7427,22.7425,22.3095,0.0000,-9.2774,1.2497,0.0911,0,3
cimbalom_felt,57,A3,0.3000,regular,felt_mallet,Felt,0.2950,3.1012,220.0000,440.0760,1.3645,2.7295,-4.0323,-23.8887,,0.0000,18.3546,18.3546,18.0879,0.0000,-8.1883,1.2986,0.1569,0,3
cimbalom_felt,57,A3,0.3250,regular,felt_mallet,Felt,0.2950,2.9976,220.0000,440.0760,1.3189,2.6383,-3.7498,-20.8896,,0.0000,15.6385,15.6383,15.4424,0.0000,-7.2105,1.3415,0.2217,0,3
cimbalom_felt,57,A3,0.3500,regular,felt_mallet,Felt,0.2950,2.9048,220.0000,440.0760,1.2781,2.5566,-3.5070,-18.7205,,0.0000,13.7123,13.7121,13.5561,0.0000,-6.3241,1.3795,0.2845,0,3
cimbalom_felt,57,A3,0.3750,regular,felt_mallet,Felt,0.2950,2.8209,220.0000,440.0760,1.2412,2.4828,-3.2961,-17.0429,,0.0000,12.2456,12.2456,12.1143,0.0000,-5.5138,1.4134,0.3451,0,3
cimbalom_felt,57,A3,0.4000,regular,felt_mallet,Felt,0.2950,2.7447,220.0000,440.0760,1.2077,2.4157,-3.1109,-15.6905,,0.0000,11.0784,11.0784,10.9652,0.0000,-4.7681,1.4439,0.4033,0,3
cimbalom_felt,57,A3,0.4250,regular,felt_mallet,Felt,0.2950,2.6750,220.0000,440.0760,1.1770,2.3544,-2.9469,-14.5686,,0.0000,10.1205,10.1205,10.0201,0.0000,-4.0775,1.4714,0.4589,0,3
cimbalom_felt,57,A3,0.4500,regular,felt_mallet,Felt,0.2950,2.6108,220.0000,440.0760,1.1488,2.2979,-2.8006,-13.6181,,0.0000,9.3162,9.3164,9.2260,0.0000,-3.4348,1.4964,0.5120,0,3
cimbalom_felt,57,A3,0.4750,regular,felt_mallet,Felt,0.2950,2.5516,220.0000,440.0760,1.1227,2.2458,-2.6693,-12.7997,,0.0000,8.6294,8.6293,8.5474,0.0000,-2.8338,1.5192,0.5625,0,3
cimbalom_felt,57,A3,0.5000,regular,felt_mallet,Felt,0.2950,2.4967,220.0000,440.0760,1.0985,2.1974,-2.5506,-12.0857,,0.0000,8.0340,8.0340,7.9589,0.0000,-2.2696,1.5401,0.6107,0,3
cimbalom_felt,57,A3,0.5250,regular,felt_mallet,Felt,0.2950,2.4455,220.0000,440.0760,1.0760,2.1524,-2.4429,-11.4562,,0.0000,7.5123,7.5122,7.4427,0.0000,-1.7381,1.5593,0.6566,0,3
cimbalom_felt,57,A3,0.5500,regular,felt_mallet,Felt,0.2950,2.3977,220.0000,440.0760,1.0550,2.1103,-2.3445,-10.8961,,0.0000,7.0503,7.0505,6.9855,0.0000,-1.2357,1.5771,0.7004,0,3
cimbalom_felt,57,A3,0.5750,regular,felt_mallet,Felt,0.2950,2.3529,220.0000,440.0760,1.0353,2.0709,-2.2544,-10.3939,,0.0000,6.6384,6.6384,6.5775,0.0000,-0.7594,1.5935,0.7421,0,3
cimbalom_felt,57,A3,0.6000,regular,felt_mallet,Felt,0.2950,2.3107,220.0000,440.0760,1.0167,2.0338,-2.1715,-9.9407,,0.0000,6.2682,6.2681,6.2111,0.0000,-0.3069,1.6088,0.7818,0,3
cimbalom_felt,57,A3,0.6250,regular,felt_mallet,Felt,0.2950,2.2710,220.0000,440.0760,0.9993,1.9989,-2.0950,-9.5293,,0.0000,5.9333,5.9332,5.8792,0.0000,0.1242,1.6230,0.8197,0,3
cimbalom_felt,57,A3,0.6500,regular,felt_mallet,Felt,0.2950,2.2335,220.0000,440.0760,0.9828,1.9659,-2.0241,-9.1538,,0.0000,5.6287,5.6287,5.5775,0.0000,0.5358,1.6363,0.8559,0,3
cimbalom_felt,57,A3,0.6750,regular,felt_mallet,Felt,0.2950,2.1981,220.0000,440.0760,0.9671,1.9346,-1.9582,-8.8096,,0.0000,5.3503,5.3504,5.3015,0.0000,0.9295,1.6488,0.8905,0,3
cimbalom_felt,57,A3,0.7000,regular,felt_mallet,Felt,0.2950,2.1644,220.0000,440.0760,0.9523,1.9050,-1.8968,-8.4928,,0.0000,5.0949,5.0950,5.0484,0.0000,1.3067,1.6605,0.9236,0,3
cimbalom_felt,57,A3,0.7250,regular,felt_mallet,Felt,0.2950,2.1324,220.0000,440.0760,0.9382,1.8768,-1.8394,-8.2001,,0.0000,4.8596,4.8596,4.8152,0.0000,1.6689,1.6715,0.9553,0,3
cimbalom_felt,57,A3,0.7500,regular,felt_mallet,Felt,0.2950,2.1019,220.0000,440.0760,0.9248,1.8500,-1.7857,-7.9287,,0.0000,4.6420,4.6420,4.5993,0.0000,2.0171,1.6819,0.9856,0,3
cimbalom_felt,57,A3,0.7750,regular,felt_mallet,Felt,0.2950,2.0729,220.0000,440.0760,0.9121,1.8244,-1.7353,-7.6764,,0.0000,4.4400,4.4400,4.3990,0.0000,2.3523,1.6917,1.0147,0,3
cimbalom_felt,57,A3,0.8000,regular,felt_mallet,Felt,0.2950,2.0451,220.0000,440.0760,0.8999,1.8000,-1.6879,-7.4410,,0.0000,4.2520,4.2521,4.2126,0.0000,2.6755,1.7009,1.0425,0,3
cimbalom_felt,57,A3,0.8250,regular,felt_mallet,Felt,0.2950,2.0186,220.0000,440.0760,0.8882,1.7767,-1.6432,-7.2209,,0.0000,4.0767,4.0767,4.0388,0.0000,2.9875,1.7097,1.0693,0,3
cimbalom_felt,57,A3,0.8500,regular,felt_mallet,Felt,0.2950,1.9932,220.0000,440.0760,0.8770,1.7543,-1.6010,-7.0146,,0.0000,3.9126,3.9126,3.8760,0.0000,3.2890,1.7180,1.0950,0,3
cimbalom_felt,57,A3,0.8750,regular,felt_mallet,Felt,0.2950,1.9688,220.0000,440.0760,0.8663,1.7328,-1.5611,-6.8208,,0.0000,3.7587,3.7587,3.7233,0.0000,3.5807,1.7260,1.1197,0,3
cimbalom_felt,57,A3,0.9000,regular,felt_mallet,Felt,0.2950,1.9454,220.0000,440.0760,0.8560,1.7122,-1.5233,-6.6384,,0.0000,3.6141,3.6141,3.5798,0.0000,3.8632,1.7335,1.1434,0,3
cimbalom_felt,57,A3,0.9250,regular,felt_mallet,Felt,0.2950,1.9229,220.0000,440.0760,0.8461,1.6924,-1.4874,-6.4663,,0.0000,3.4778,3.4779,3.4446,0.0000,4.1371,1.7407,1.1663,0,3
cimbalom_felt,57,A3,0.9500,regular,felt_mallet,Felt,0.2950,1.9013,220.0000,440.0760,0.8366,1.6734,-1.4533,-6.3037,,0.0000,3.3493,3.3493,3.3170,0.0000,4.4028,1.7475,1.1884,0,3
cimbalom_felt,57,A3,0.9750,regular,felt_mallet,Felt,0.2950,1.8804,220.0000,440.0760,0.8274,1.6550,-1.4209,-6.1497,,0.0000,3.2278,3.2278,3.1965,0.0000,4.6608,1.7540,1.2096,0,3
cimbalom_felt,57,A3,1.0000,regular,felt_mallet,Felt,0.2950,1.8603,220.0000,440.0760,0.8185,1.6374,-1.3900,-6.0038,,0.0000,3.1127,3.1127,3.0824,0.0000,4.9116,1.7603,1.2301,0,3
cimbalom_felt,57,A3,0.4200,corpus,felt_mallet,Felt,0.2950,2.6884,220.0000,440.0760,1.1829,2.3662,-2.9782,-14.7777,,0.0000,10.2985,10.2984,10.1960,0.0000,-4.2116,1.4661,0.4480,0,3
cimbalom_felt,57,A3,0.4600,corpus,felt_mallet,Felt,0.2950,2.5866,220.0000,440.0760,1.1381,2.2766,-2.7464,-13.2767,,0.0000,9.0293,9.0291,8.9427,0.0000,-3.1897,1.5058,0.5325,0,3
cimbalom_felt,58,A#3,0.0500,regular,felt_mallet,Felt,0.2950,6.5339,233.0820,466.2540,3.0458,6.0929,-41.2164,-31.2485,3,-22.8588,-11.4726,-11.4730,-13.3336,-11.4726,-60.5838,0.0187,0.0701,0,3
cimbalom_felt,58,A#3,0.0750,regular,felt_mallet,Felt,0.2950,5.4977,233.0820,466.2540,2.5628,5.1267,-18.8728,-42.1377,3,-3.9585,21.7699,21.7688,22.9633,0.0000,-34.7126,0.2451,0.0200,0,3
cimbalom_felt,58,A#3,0.1000,regular,felt_mallet,Felt,0.2950,4.8638,233.0820,466.2540,2.2673,4.5356,-13.1314,-29.3563,3,-0.7895,14.7247,14.7243,14.5786,0.0000,-26.4729,0.4746,0.0871,0,3
cimbalom_felt,58,A#3,0.1250,regular,felt_mallet,Felt,0.2950,4.4229,233.0820,466.2540,2.0618,4.1244,-10.2816,-24.2553,3,-0.0410,12.4731,12.4734,12.4614,0.0000,-21.6851,0.6589,0.1567,0,3
cimbalom_felt,58,A#3,0.1500,regular,felt_mallet,Felt,0.2950,4.0925,233.0820,466.2540,1.9078,3.8163,-8.5225,-23.0146,,0.0000,12.9918,12.9920,13.0407,0.0000,-18.3424,0.8068,0.1808,0,3
cimbalom_felt,58,A#3,0.1750,regular,felt_mallet,Felt,0.2950,3.8325,233.0820,466.2540,1.7866,3.5739,-7.3138,-23.5287,,0.0000,14.7145,14.7148,14.8203,0.0000,-15.7948,0.9273,0.1704,0,3
cimbalom_felt,58,A#3,0.2000,regular,felt_mallet,Felt,0.2950,3.6207,233.0820,466.2540,1.6878,3.3763,-6.4267,-25.4187,,0.0000,17.4921,17.4922,17.6783,0.0000,-13.7478,1.0270,0.1371,0,3
cimbalom_felt,58,A#3,0.2250,regular,felt_mallet,Felt,0.2950,3.4436,233.0820,466.2540,1.6053,3.2111,-5.7450,-29.1262,,0.0000,21.8826,21.8819,22.2379,0.0000,-12.0431,1.1109,0.0894,0,3
cimbalom_felt,58,A#3,0.2500,regular,felt_mallet,Felt,0.2950,3.2925,233.0820,466.2540,1.5348,3.0703,-5.2035,-37.6746,,0.0000,30.9720,30.9743,32.1120,0.0000,-10.5864,1.1823,0.0334,0,3
cimbalom_felt,58,A#3,0.2750,regular,felt_mallet,Felt,0.2950,3.1615,233.0820,466.2540,1.4738,2.9481,-4.7620,-39.5106,,0.0000,33.2433,33.2428,31.9022,0.0000,-9.3171,1.2440,0.0271,0,3
cimbalom_felt,58,A#3,0.3000,regular,felt_mallet,Felt,0.2950,3.0465,233.0820,466.2540,1.4202,2.8409,-4.3946,-29.1242,,0.0000,23.2272,23.2272,22.7714,0.0000,-8.1939,1.2977,0.0895,0,3
cimbalom_felt,58,A#3,0.3250,regular,felt_mallet,Felt,0.2950,2.9444,233.0820,466.2540,1.3726,2.7457,-4.0837,-24.5130,,0.0000,18.9280,18.9276,18.6444,0.0000,-7.1878,1.3450,0.1522,0,3
cimbalom_felt,58,A#3,0.3500,regular,felt_mallet,Felt,0.2950,2.8530,233.0820,466.2540,1.3299,2.6604,-3.8169,-21.5491,,0.0000,16.2307,16.2308,16.0216,0.0000,-6.2772,1.3870,0.2141,0,3
cimbalom_felt,58,A#3,0.3750,regular,felt_mallet,Felt,0.2950,2.7704,233.0820,466.2540,1.2914,2.5834,-3.5853,-19.3894,,0.0000,14.3027,14.3028,14.1353,0.0000,-5.4464,1.4244,0.2745,0,3
cimbalom_felt,58,A#3,0.4000,regular,felt_mallet,Felt,0.2950,2.6953,233.0820,466.2540,1.2564,2.5133,-3.3822,-17.7095,,0.0000,12.8261,12.8260,12.6851,0.0000,-4.6828,1.4581,0.3330,0,3
cimbalom_felt,58,A#3,0.4250,regular,felt_mallet,Felt,0.2950,2.6266,233.0820,466.2540,1.2244,2.4493,-3.2025,-16.3486,,0.0000,11.6449,11.6449,11.5232,0.0000,-3.9765,1.4886,0.3895,0,3
cimbalom_felt,58,A#3,0.4500,regular,felt_mallet,Felt,0.2950,2.5634,233.0820,466.2540,1.1950,2.3904,-3.0424,-15.2149,,0.0000,10.6714,10.6714,10.5637,0.0000,-3.3198,1.5163,0.4438,0,3
cimbalom_felt,58,A#3,0.4750,regular,felt_mallet,Felt,0.2950,2.5051,233.0820,466.2540,1.1678,2.3360,-2.8986,-14.2510,,0.0000,9.8513,9.8512,9.7545,0.0000,-2.7065,1.5416,0.4959,0,3
cimbalom_felt,58,A#3,0.5000,regular,felt_mallet,Felt,0.2950,2.4509,233.0820,466.2540,1.1425,2.2855,-2.7689,-13.4182,,0.0000,9.1483,9.1482,9.0603,0.0000,-2.1312,1.5648,0.5458,0,3
cimbalom_felt,58,A#3,0.5250,regular,felt_mallet,Felt,0.2950,2.4005,233.0820,466.2540,1.1190,2.2385,-2.6511,-12.6895,,0.0000,8.5373,8.5373,8.4567,0.0000,-1.5896,1.5862,0.5936,0,3
cimbalom_felt,58,A#3,0.5500,regular,felt_mallet,Felt,0.2950,2.3535,233.0820,466.2540,1.0971,2.1946,-2.5437,-12.0453,,0.0000,8.0005,8.0005,7.9258,0.0000,-1.0781,1.6059,0.6393,0,3
cimbalom_felt,58,A#3,0.5750,regular,felt_mallet,Felt,0.2950,2.3093,233.0820,466.2540,1.0765,2.1535,-2.4453,-11.4707,,0.0000,7.5244,7.5243,7.4545,0.0000,-0.5936,1.6242,0.6830,0,3
cimbalom_felt,58,A#3,0.6000,regular,felt_mallet,Felt,0.2950,2.2678,233.0820,466.2540,1.0572,2.1148,-2.3548,-10.9544,,0.0000,7.0984,7.0985,7.0330,0.0000,-0.1335,1.6412,0.7249,0,3
cimbalom_felt,58,A#3,0.6250,regular,felt_mallet,Felt,0.2950,2.2288,233.0820,466.2540,1.0390,2.0783,-2.2712,-10.4874,,0.0000,6.7150,6.7151,6.6535,0.0000,0.3046,1.6571,0.7649,0,3
cimbalom_felt,58,A#3,0.6500,regular,felt_mallet,Felt,0.2950,2.1918,233.0820,466.2540,1.0218,2.0439,-2.1939,-10.0627,,0.0000,6.3678,6.3677,6.3098,0.0000,0.7227,1.6719,0.8032,0,3
cimbalom_felt,58,A#3,0.6750,regular,felt_mallet,Felt,0.2950,2.1569,233.0820,466.2540,1.0055,2.0113,-2.1220,-9.6744,,0.0000,6.0515,6.0513,5.9964,0.0000,1.1224,1.6858,0.8399,0,3
cimbalom_felt,58,A#3,0.7000,regular,felt_mallet,Felt,0.2950,2.1238,233.0820,466.2540,0.9900,1.9804,-2.0551,-9.3179,,0.0000,5.7617,5.7618,5.7093,0.0000,1.5051,1.6989,0.8751,0,3
cimbalom_felt,58,A#3,0.7250,regular,felt_mallet,Felt,0.2950,2.0923,233.0820,466.2540,0.9753,1.9510,-1.9926,-8.9893,,0.0000,5.4956,5.4957,5.4457,0.0000,1.8724,1.7111,0.9089,0,3
cimbalom_felt,58,A#3,0.7500,regular,felt_mallet,Felt,0.2950,2.0623,233.0820,466.2540,0.9614,1.9231,-1.9341,-8.6852,,0.0000,5.2500,5.2501,5.2022,0.0000,2.2254,1.7227,0.9412,0,3
cimbalom_felt,58,A#3,0.7750,regular,felt_mallet,Felt,0.2950,2.0337,233.0820,466.2540,0.9480,1.8964,-1.8792,-8.4029,,0.0000,5.0227,5.0227,4.9769,0.0000,2.5652,1.7336,0.9724,0,3
cimbalom_felt,58,A#3,0.8000,regular,felt_mallet,Felt,0.2950,2.0064,233.0820,466.2540,0.9353,1.8710,-1.8275,-8.1401,,0.0000,4.8116,4.8116,4.7675,0.0000,2.8925,1.7440,1.0022,0,3
cimbalom_felt,58,A#3,0.8250,regular,felt_mallet,Felt,0.2950,1.9802,233.0820,466.2540,0.9231,1.8466,-1.7789,-7.8947,,0.0000,4.6148,4.6148,4.5723,0.0000,3.2085,1.7538,1.0309,0,3
cimbalom_felt,58,A#3,0.8500,regular,felt_mallet,Felt,0.2950,1.9552,233.0820,466.2540,0.9115,1.8233,-1.7329,-7.6650,,0.0000,4.4310,4.4310,4.3901,0.0000,3.5137,1.7631,1.0586,0,3
cimbalom_felt,58,A#3,0.8750,regular,felt_mallet,Felt,0.2950,1.9312,233.0820,466.2540,0.9003,1.8009,-1.6895,-7.4494,,0.0000,4.2589,4.2589,4.2195,0.0000,3.8089,1.7719,1.0852,0,3
cimbalom_felt,58,A#3,0.9000,regular,felt_mallet,Felt,0.2950,1.9082,233.0820,466.2540,0.8895,1.7794,-1.6484,-7.2467,,0.0000,4.0974,4.0974,4.0591,0.0000,4.0948,1.7803,1.1108,0,3
cimbalom_felt,58,A#3,0.9250,regular,felt_mallet,Felt,0.2950,1.8861,233.0820,466.2540,0.8792,1.7588,-1.6093,-7.0558,,0.0000,3.9454,3.9454,3.9084,0.0000,4.3717,1.7883,1.1355,0,3
cimbalom_felt,58,A#3,0.9500,regular,felt_mallet,Felt,0.2950,1.8648,233.0820,466.2540,0.8693,1.7389,-1.5723,-6.8754,,0.0000,3.8022,3.8022,3.7664,0.0000,4.6405,1.7960,1.1593,0,3
cimbalom_felt,58,A#3,0.9750,regular,felt_mallet,Felt,0.2950,1.8443,233.0820,466.2540,0.8597,1.7198,-1.5370,-6.7049,,0.0000,3.6669,3.6669,3.6322,0.0000,4.9013,1.8033,1.1823,0,3
cimbalom_felt,58,A#3,1.0000,regular,felt_mallet,Felt,0.2950,1.8245,233.0820,466.2540,0.8505,1.7014,-1.5034,-6.5434,,0.0000,3.5389,3.5389,3.5053,0.0000,5.1548,1.8103,1.2045,0,3
cimbalom_felt,58,A#3,0.4200,corpus,felt_mallet,Felt,0.2950,2.6398,233.0820,466.2540,1.2306,2.4617,-3.2368,-16.6003,,0.0000,11.8622,11.8623,11.7369,0.0000,-4.1135,1.4828,0.3784,0,3
cimbalom_felt,58,A#3,0.4600,corpus,felt_mallet,Felt,0.2950,2.5395,233.0820,466.2540,1.1838,2.3681,-2.9831,-14.8115,,0.0000,10.3273,10.3273,10.2241,0.0000,-3.0696,1.5267,0.4649,0,3
cimbalom_felt,59,B3,0.0500,regular,felt_mallet,Felt,0.2950,6.4345,246.9420,493.9900,3.1779,6.3571,-30.3682,-33.3578,3,-11.1885,1.4889,1.4882,0.8934,0.0000,-49.3640,0.0680,0.0573,0,3
cimbalom_felt,59,B3,0.0750,regular,felt_mallet,Felt,0.2950,5.4111,246.9420,493.9900,2.6725,5.3460,-21.9249,-34.5388,3,-6.1587,11.1157,11.1160,11.6596,0.0000,-37.3967,0.1799,0.0500,0,3
cimbalom_felt,59,B3,0.1000,regular,felt_mallet,Felt,0.2950,4.7853,246.9420,493.9900,2.3634,4.7278,-14.7272,-34.2346,3,-1.4993,18.0063,18.0064,17.6757,0.0000,-27.7004,0.4121,0.0518,0,3
cimbalom_felt,59,B3,0.1250,regular,felt_mallet,Felt,0.2950,4.3502,246.9420,493.9900,2.1485,4.2979,-11.4031,-25.8348,3,-0.2385,12.9311,12.9314,12.8777,0.0000,-22.4382,0.6042,0.1363,0,3
cimbalom_felt,59,B3,0.1500,regular,felt_mallet,Felt,0.2950,4.0242,246.9420,493.9900,1.9875,3.9759,-9.3986,-23.4158,,0.0000,12.5173,12.5171,12.5359,0.0000,-18.8501,0.7610,0.1801,0,3
cimbalom_felt,59,B3,0.1750,regular,felt_mallet,Felt,0.2950,3.7678,246.9420,493.9900,1.8608,3.7225,-8.0374,-23.0356,,0.0000,13.4981,13.4980,13.5664,0.0000,-16.1502,0.8901,0.1882,0,3
cimbalom_felt,59,B3,0.2000,regular,felt_mallet,Felt,0.2950,3.5588,246.9420,493.9900,1.7577,3.5161,-7.0454,-23.9063,,0.0000,15.3609,15.3609,15.4857,0.0000,-13.9983,0.9978,0.1702,0,3
cimbalom_felt,59,B3,0.2250,regular,felt_mallet,Felt,0.2950,3.3842,246.9420,493.9900,1.6714,3.3435,-6.2868,-25.9386,,0.0000,18.1518,18.1520,18.3591,0.0000,-12.2166,1.0889,0.1347,0,3
cimbalom_felt,59,B3,0.2500,regular,felt_mallet,Felt,0.2950,3.2352,246.9420,493.9900,1.5978,3.1964,-5.6862,-29.6464,,0.0000,22.4615,22.4609,22.8446,0.0000,-10.7009,1.1668,0.0879,0,3
cimbalom_felt,59,B3,0.2750,regular,felt_mallet,Felt,0.2950,3.1062,246.9420,493.9900,1.5341,3.0688,-5.1979,-37.8437,,0.0000,31.1480,31.1489,32.3103,0.0000,-9.3848,1.2343,0.0342,0,3
cimbalom_felt,59,B3,0.3000,regular,felt_mallet,Felt,0.2950,2.9928,246.9420,493.9900,1.4781,2.9568,-4.7924,-41.1614,,0.0000,34.8647,34.8624,33.2777,0.0000,-8.2235,1.2933,0.0234,0,3
cimbalom_felt,59,B3,0.3250,regular,felt_mallet,Felt,0.2950,2.8922,246.9420,493.9900,1.4284,2.8574,-4.4498,-30.1749,,0.0000,24.2234,24.2226,23.7157,0.0000,-7.1857,1.3453,0.0827,0,3
cimbalom_felt,59,B3,0.3500,regular,felt_mallet,Felt,0.2950,2.8021,246.9420,493.9900,1.3839,2.7684,-4.1563,-25.4498,,0.0000,19.7914,19.7918,19.4790,0.0000,-6.2485,1.3916,0.1425,0,3
cimbalom_felt,59,B3,0.3750,regular,felt_mallet,Felt,0.2950,2.7207,246.9420,493.9900,1.3437,2.6880,-3.9018,-22.4280,,0.0000,17.0246,17.0247,16.7954,0.0000,-5.3946,1.4330,0.2018,0,3
cimbalom_felt,59,B3,0.4000,regular,felt_mallet,Felt,0.2950,2.6467,246.9420,493.9900,1.3072,2.6149,-3.6788,-20.2270,,0.0000,15.0469,15.0469,14.8645,0.0000,-4.6111,1.4702,0.2600,0,3
cimbalom_felt,59,B3,0.4250,regular,felt_mallet,Felt,0.2950,2.5790,246.9420,493.9900,1.2737,2.5480,-3.4818,-18.5132,,0.0000,13.5301,13.5302,13.3769,0.0000,-3.8875,1.5040,0.3168,0,3
cimbalom_felt,59,B3,0.4500,regular,felt_mallet,Felt,0.2950,2.5168,246.9420,493.9900,1.2430,2.4866,-3.3062,-17.1226,,0.0000,12.3150,12.3151,12.1830,0.0000,-3.2154,1.5347,0.3718,0,3
cimbalom_felt,59,B3,0.4750,regular,felt_mallet,Felt,0.2950,2.4594,246.9420,493.9900,1.2146,2.4298,-3.1488,-15.9619,,0.0000,11.3119,11.3119,11.1950,0.0000,-2.5884,1.5627,0.4249,0,3
cimbalom_felt,59,B3,0.5000,regular,felt_mallet,Felt,0.2950,2.4061,246.9420,493.9900,1.1883,2.3771,-3.0068,-14.9730,,0.0000,10.4650,10.4651,10.3601,0.0000,-2.0009,1.5885,0.4761,0,3
cimbalom_felt,59,B3,0.5250,regular,felt_mallet,Felt,0.2950,2.3564,246.9420,493.9900,1.1638,2.3281,-2.8780,-14.1170,,0.0000,9.7379,9.7379,9.6425,0.0000,-1.4483,1.6122,0.5254,0,3
cimbalom_felt,59,B3,0.5500,regular,felt_mallet,Felt,0.2950,2.3101,246.9420,493.9900,1.1409,2.2823,-2.7605,-13.3666,,0.0000,9.1050,9.1050,9.0174,0.0000,-0.9267,1.6342,0.5729,0,3
cimbalom_felt,59,B3,0.5750,regular,felt_mallet,Felt,0.2950,2.2666,246.9420,493.9900,1.1194,2.2394,-2.6530,-12.7020,,0.0000,8.5480,8.5479,8.4671,0.0000,-0.4332,1.6545,0.6184,0,3
cimbalom_felt,59,B3,0.6000,regular,felt_mallet,Felt,0.2950,2.2258,246.9420,493.9900,1.0993,2.1990,-2.5542,-12.1082,,0.0000,8.0530,8.0529,7.9776,0.0000,0.0353,1.6735,0.6622,0,3
cimbalom_felt,59,B3,0.6250,regular,felt_mallet,Felt,0.2950,2.1873,246.9420,493.9900,1.0803,2.1610,-2.4630,-11.5737,,0.0000,7.6097,7.6097,7.5391,0.0000,0.4811,1.6911,0.7042,0,3
cimbalom_felt,59,B3,0.6500,regular,felt_mallet,Felt,0.2950,2.1509,246.9420,493.9900,1.0623,2.1251,-2.3786,-11.0896,,0.0000,7.2100,7.2100,7.1436,0.0000,0.9062,1.7077,0.7446,0,3
cimbalom_felt,59,B3,0.6750,regular,felt_mallet,Felt,0.2950,2.1165,246.9420,493.9900,1.0453,2.0911,-2.3002,-10.6487,,0.0000,6.8475,6.8475,6.7848,0.0000,1.3124,1.7231,0.7833,0,3
cimbalom_felt,59,B3,0.7000,regular,felt_mallet,Felt,0.2950,2.0839,246.9420,493.9900,1.0292,2.0589,-2.2272,-10.2451,,0.0000,6.5169,6.5169,6.4574,0.0000,1.7013,1.7377,0.8206,0,3
cimbalom_felt,59,B3,0.7250,regular,felt_mallet,Felt,0.2950,2.0529,246.9420,493.9900,1.0139,2.0282,-2.1590,-9.8740,,0.0000,6.2140,6.2140,6.1573,0.0000,2.0743,1.7514,0.8564,0,3
cimbalom_felt,59,B3,0.7500,regular,felt_mallet,Felt,0.2950,2.0234,246.9420,493.9900,0.9993,1.9991,-2.0952,-9.5315,,0.0000,5.9351,5.9353,5.8812,0.0000,2.4323,1.7642,0.8908,0,3
cimbalom_felt,59,B3,0.7750,regular,felt_mallet,Felt,0.2950,1.9952,246.9420,493.9900,0.9854,1.9712,-2.0354,-9.2143,,0.0000,5.6778,5.6779,5.6260,0.0000,2.7772,1.7765,0.9240,0,3
cimbalom_felt,59,B3,0.8000,regular,felt_mallet,Felt,0.2950,1.9684,246.9420,493.9900,0.9721,1.9447,-1.9791,-8.9194,,0.0000,5.4393,5.4393,5.3899,0.0000,3.1092,1.7880,0.9559,0,3
cimbalom_felt,59,B3,0.8250,regular,felt_mallet,Felt,0.2950,1.9426,246.9420,493.9900,0.9594,1.9193,-1.9261,-8.6447,,0.0000,5.2175,5.2175,5.1699,0.0000,3.4295,1.7990,0.9866,0,3
cimbalom_felt,59,B3,0.8500,regular,felt_mallet,Felt,0.2950,1.9180,246.9420,493.9900,0.9473,1.8950,-1.8761,-8.3878,,0.0000,5.0107,5.0107,4.9651,0.0000,3.7388,1.8093,1.0162,0,3
cimbalom_felt,59,B3,0.8750,regular,felt_mallet,Felt,0.2950,1.8944,246.9420,493.9900,0.9356,1.8717,-1.8288,-8.1472,,0.0000,4.8175,4.8174,4.7733,0.0000,4.0379,1.8192,1.0448,0,3
cimbalom_felt,59,B3,0.9000,regular,felt_mallet,Felt,0.2950,1.8718,246.9420,493.9900,0.9244,1.8493,-1.7841,-7.9213,,0.0000,4.6362,4.6362,4.5937,0.0000,4.3273,1.8286,1.0723,0,3
cimbalom_felt,59,B3,0.9250,regular,felt_mallet,Felt,0.2950,1.8500,246.9420,493.9900,0.9137,1.8277,-1.7416,-7.7086,,0.0000,4.4660,4.4660,4.4249,0.0000,4.6078,1.8376,1.0989,0,3
cimbalom_felt,59,B3,0.9500,regular,felt_mallet,Felt,0.2950,1.8290,246.9420,493.9900,0.9033,1.8070,-1.7013,-7.5081,,0.0000,4.3058,4.3058,4.2661,0.0000,4.8797,1.8461,1.1245,0,3
cimbalom_felt,59,B3,0.9750,regular,felt_mallet,Felt,0.2950,1.8088,246.9420,493.9900,0.8934,1.7871,-1.6629,-7.3187,,0.0000,4.1547,4.1547,4.1162,0.0000,5.1437,1.8543,1.1493,0,3
cimbalom_felt,59,B3,1.0000,regular,felt_mallet,Felt,0.2950,1.7894,246.9420,493.9900,0.8837,1.7679,-1.6264,-7.1394,,0.0000,4.0121,4.0120,3.9747,0.0000,5.4002,1.8621,1.1733,0,3
cimbalom_felt,59,B3,0.4200,corpus,felt_mallet,Felt,0.2950,2.5921,246.9420,493.9900,1.2802,2.5610,-3.5193,-18.8262,,0.0000,13.8056,13.8056,13.6473,0.0000,-4.0278,1.4975,0.3055,0,3
cimbalom_felt,59,B3,0.4600,corpus,felt_mallet,Felt,0.2950,2.4933,246.9420,493.9900,1.2314,2.4633,-3.2413,-16.6345,,0.0000,11.8921,11.8921,11.7666,0.0000,-2.9596,1.5462,0.3932,0,3
cimbalom_felt,60,C4,0.0500,regular,felt_mallet,Felt,0.2950,6.3365,261.6260,523.3780,3.3156,6.6328,-26.4481,-37.9338,3,-6.4541,9.9869,9.9846,9.3584,0.0000,-45.0634,0.1116,0.0354,0,3
cimbalom_felt,60,C4,0.0750,regular,felt_mallet,Felt,0.2950,5.3258,261.6260,523.3780,2.7867,5.5748,-26.2676,-31.6666,3,-9.6613,3.9025,3.9012,4.3911,0.0000,-41.3584,0.1140,0.0728,0,3
cimbalom_felt,60,C4,0.1000,regular,felt_mallet,Felt,0.2950,4.7080,261.6260,523.3780,2.4635,4.9281,-16.6373,-46.3059,3,-2.5394,28.1630,28.1641,26.7087,0.0000,-29.2303,0.3455,0.0135,0,3
cimbalom_felt,60,C4,0.1250,regular,felt_mallet,Felt,0.2950,4.2786,261.6260,523.3780,2.2388,4.4787,-12.6936,-28.3305,3,-0.6259,14.1371,14.1366,14.0197,0.0000,-23.3484,0.5441,0.1069,0,3
cimbalom_felt,60,C4,0.1500,regular,felt_mallet,Felt,0.2950,3.9570,261.6260,523.3780,2.0705,4.1420,-10.3895,-24.3849,3,-0.0534,12.4951,12.4952,12.4804,0.0000,-19.4608,0.7094,0.1683,0,3
cimbalom_felt,60,C4,0.1750,regular,felt_mallet,Felt,0.2950,3.7040,261.6260,523.3780,1.9382,3.8772,-8.8480,-23.1055,,0.0000,12.7577,12.7574,12.7948,0.0000,-16.5804,0.8471,0.1950,0,3
cimbalom_felt,60,C4,0.2000,regular,felt_mallet,Felt,0.2950,3.4980,261.6260,523.3780,1.8303,3.6616,-7.7341,-23.1633,,0.0000,13.9292,13.9290,14.0123,0.0000,-14.3067,0.9630,0.1937,0,3
cimbalom_felt,60,C4,0.2250,regular,felt_mallet,Felt,0.2950,3.3258,261.6260,523.3780,1.7402,3.4813,-6.8874,-24.1944,,0.0000,15.8074,15.8071,15.9444,0.0000,-12.4369,1.0616,0.1720,0,3
cimbalom_felt,60,C4,0.2500,regular,felt_mallet,Felt,0.2950,3.1790,261.6260,523.3780,1.6634,3.3276,-6.2196,-26.2200,,0.0000,18.5004,18.5006,18.7196,0.0000,-10.8541,1.1464,0.1363,0,3
cimbalom_felt,60,C4,0.2750,regular,felt_mallet,Felt,0.2950,3.0518,261.6260,523.3780,1.5968,3.1944,-5.6784,-29.7170,,0.0000,22.5391,22.5393,22.9266,0.0000,-9.4849,1.2202,0.0911,0,3
cimbalom_felt,60,C4,0.3000,regular,felt_mallet,Felt,0.2950,2.9401,261.6260,523.3780,1.5384,3.0775,-5.2300,-36.8698,,0.0000,30.1422,30.1423,31.1639,0.0000,-8.2807,1.2848,0.0400,0,3
cimbalom_felt,60,C4,0.3250,regular,felt_mallet,Felt,0.2950,2.8409,261.6260,523.3780,1.4865,2.9737,-4.8520,-45.5831,,0.0000,39.2204,39.2214,36.7580,0.0000,-7.2074,1.3420,0.0147,0,3
cimbalom_felt,60,C4,0.3500,regular,felt_mallet,Felt,0.2950,2.7521,261.6260,523.3780,1.4400,2.8808,-4.5286,-31.8661,,0.0000,25.8348,25.8349,25.2300,0.0000,-6.2404,1.3929,0.0712,0,3
cimbalom_felt,60,C4,0.3750,regular,felt_mallet,Felt,0.2950,2.6719,261.6260,523.3780,1.3981,2.7968,-4.2485,-26.7475,,0.0000,20.9965,20.9971,20.6399,0.0000,-5.3611,1.4385,0.1283,0,3
cimbalom_felt,60,C4,0.4000,regular,felt_mallet,Felt,0.2950,2.5990,261.6260,523.3780,1.3599,2.7205,-4.0034,-23.5575,,0.0000,18.0519,18.0525,17.7946,0.0000,-4.5554,1.4797,0.1852,0,3
cimbalom_felt,60,C4,0.4250,regular,felt_mallet,Felt,0.2950,2.5324,261.6260,523.3780,1.3251,2.6508,-3.7871,-21.2568,,0.0000,15.9686,15.9684,15.7653,0.0000,-3.8125,1.5170,0.2413,0,3
cimbalom_felt,60,C4,0.4500,regular,felt_mallet,Felt,0.2950,2.4711,261.6260,523.3780,1.2930,2.5866,-3.5945,-19.4730,,0.0000,14.3771,14.3773,14.2081,0.0000,-3.1234,1.5510,0.2963,0,3
cimbalom_felt,60,C4,0.4750,regular,felt_mallet,Felt,0.2950,2.4145,261.6260,523.3780,1.2634,2.5274,-3.4220,-18.0283,,0.0000,13.1052,13.1051,12.9597,0.0000,-2.4813,1.5821,0.3499,0,3
cimbalom_felt,60,C4,0.5000,regular,felt_mallet,Felt,0.2950,2.3620,261.6260,523.3780,1.2359,2.4724,-3.2664,-16.8232,,0.0000,12.0557,12.0556,11.9274,0.0000,-1.8802,1.6107,0.4020,0,3
cimbalom_felt,60,C4,0.5250,regular,felt_mallet,Felt,0.2950,2.3131,261.6260,523.3780,1.2103,2.4213,-3.1254,-15.7963,,0.0000,11.1698,11.1698,11.0551,0.0000,-1.3154,1.6371,0.4525,0,3
cimbalom_felt,60,C4,0.5500,regular,felt_mallet,Felt,0.2950,2.2674,261.6260,523.3780,1.1864,2.3735,-2.9969,-14.9070,,0.0000,10.4090,10.4090,10.3049,0.0000,-0.7828,1.6615,0.5012,0,3
cimbalom_felt,60,C4,0.5750,regular,felt_mallet,Felt,0.2950,2.2247,261.6260,523.3780,1.1641,2.3287,-2.8793,-14.1268,,0.0000,9.7465,9.7464,9.6510,0.0000,-0.2791,1.6841,0.5483,0,3
cimbalom_felt,60,C4,0.6000,regular,felt_mallet,Felt,0.2950,2.1845,261.6260,523.3780,1.1430,2.2866,-2.7713,-13.4352,,0.0000,9.1628,9.1629,9.0745,0.0000,0.1985,1.7052,0.5938,0,3
cimbalom_felt,60,C4,0.6250,regular,felt_mallet,Felt,0.2950,2.1466,261.6260,523.3780,1.1232,2.2469,-2.6717,-12.8168,,0.0000,8.6440,8.6441,8.5620,0.0000,0.6527,1.7249,0.6376,0,3
cimbalom_felt,60,C4,0.6500,regular,felt_mallet,Felt,0.2950,2.1108,261.6260,523.3780,1.1045,2.2095,-2.5795,-12.2596,,0.0000,8.1790,8.1791,8.1022,0.0000,1.0856,1.7433,0.6798,0,3
cimbalom_felt,60,C4,0.6750,regular,felt_mallet,Felt,0.2950,2.0769,261.6260,523.3780,1.0868,2.1740,-2.4939,-11.7545,,0.0000,7.7595,7.7595,7.6873,0.0000,1.4990,1.7605,0.7206,0,3
cimbalom_felt,60,C4,0.7000,regular,felt_mallet,Felt,0.2950,2.0448,261.6260,523.3780,1.0699,2.1404,-2.4143,-11.2939,,0.0000,7.3785,7.3786,7.3103,0.0000,1.8945,1.7768,0.7598,0,3
cimbalom_felt,60,C4,0.7250,regular,felt_mallet,Felt,0.2950,2.0143,261.6260,523.3780,1.0540,2.1085,-2.3399,-10.8719,,0.0000,7.0311,7.0310,6.9664,0.0000,2.2737,1.7920,0.7976,0,3
cimbalom_felt,60,C4,0.7500,regular,felt_mallet,Felt,0.2950,1.9852,261.6260,523.3780,1.0388,2.0780,-2.2703,-10.4837,,0.0000,6.7123,6.7123,6.6508,0.0000,2.6377,1.8064,0.8341,0,3
cimbalom_felt,60,C4,0.7750,regular,felt_mallet,Felt,0.2950,1.9575,261.6260,523.3780,1.0243,2.0490,-2.2051,-10.1250,,0.0000,6.4190,6.4189,6.3604,0.0000,2.9878,1.8201,0.8692,0,3
cimbalom_felt,60,C4,0.8000,regular,felt_mallet,Felt,0.2950,1.9311,261.6260,523.3780,1.0104,2.0214,-2.1438,-9.7925,,0.0000,6.1477,6.1477,6.0917,0.0000,3.3249,1.8330,0.9032,0,3
cimbalom_felt,60,C4,0.8250,regular,felt_mallet,Felt,0.2950,1.9058,261.6260,523.3780,0.9972,1.9949,-2.0860,-9.4832,,0.0000,5.8964,5.8961,5.8425,0.0000,3.6501,1.8452,0.9359,0,3
cimbalom_felt,60,C4,0.8500,regular,felt_mallet,Felt,0.2950,1.8815,261.6260,523.3780,0.9845,1.9695,-2.0316,-9.1947,,0.0000,5.6622,5.6622,5.6107,0.0000,3.9636,1.8568,0.9675,0,3
cimbalom_felt,60,C4,0.8750,regular,felt_mallet,Felt,0.2950,1.8583,261.6260,523.3780,0.9724,1.9452,-1.9801,-8.9250,,0.0000,5.4439,5.4439,5.3945,0.0000,4.2669,1.8678,0.9980,0,3
cimbalom_felt,60,C4,0.9000,regular,felt_mallet,Felt,0.2950,1.8360,261.6260,523.3780,0.9607,1.9219,-1.9313,-8.6720,,0.0000,5.2397,5.2397,5.1919,0.0000,4.5603,1.8783,1.0275,0,3
cimbalom_felt,60,C4,0.9250,regular,felt_mallet,Felt,0.2950,1.8146,261.6260,523.3780,0.9495,1.8994,-1.8851,-8.4343,,0.0000,5.0482,5.0482,5.0021,0.0000,4.8446,1.8884,1.0560,0,3
cimbalom_felt,60,C4,0.9500,regular,felt_mallet,Felt,0.2950,1.7940,261.6260,523.3780,0.9387,1.8778,-1.8412,-8.2105,,0.0000,4.8683,4.8683,4.8238,0.0000,5.1201,1.8979,1.0836,0,3
cimbalom_felt,60,C4,0.9750,regular,felt_mallet,Felt,0.2950,1.7741,261.6260,523.3780,0.9283,1.8570,-1.7995,-7.9993,,0.0000,4.6988,4.6988,4.6556,0.0000,5.3874,1.9071,1.1103,0,3
cimbalom_felt,60,C4,1.0000,regular,felt_mallet,Felt,0.2950,1.7549,261.6260,523.3780,0.9183,1.8370,-1.7597,-7.7996,,0.0000,4.5389,4.5389,4.4971,0.0000,5.6471,1.9158,1.1361,0,3
cimbalom_felt,60,C4,0.4200,corpus,felt_mallet,Felt,0.2950,2.5452,261.6260,523.3780,1.3318,2.6642,-3.8283,-21.6677,,0.0000,16.3379,16.3380,16.1258,0.0000,-3.9565,1.5098,0.2302,0,3
cimbalom_felt,60,C4,0.4600,corpus,felt_mallet,Felt,0.2950,2.4479,261.6260,523.3780,1.2809,2.5624,-3.5233,-18.8612,,0.0000,13.8366,13.8367,13.6782,0.0000,-2.8613,1.5638,0.3179,0,3
cimbalom_felt,61,C#4,0.0500,regular,felt_mallet,Felt,0.2950,6.2529,277.1830,554.5160,3.4664,6.9346,-24.3344,-53.2449,3,-3.4941,27.3952,27.4034,24.9425,0.0000,-42.5563,0.1490,0.0064,0,3
cimbalom_felt,61,C#4,0.0750,regular,felt_mallet,Felt,0.2950,5.2507,277.1830,554.5160,2.9108,5.8232,-34.5674,-30.6859,3,-17.0978,-5.3785,-5.3776,-4.5355,-5.3785,-49.2644,0.0459,0.0852,0,3
cimbalom_felt,61,C#4,0.1000,regular,felt_mallet,Felt,0.2950,4.6386,277.1830,554.5160,2.5715,5.1444,-19.0875,-41.0821,3,-4.1043,20.4972,20.4980,21.5575,0.0000,-31.2873,0.2727,0.0258,0,3
cimbalom_felt,61,C#4,0.1250,regular,felt_mallet,Felt,0.2950,4.2134,277.1830,554.5160,2.3358,4.6728,-14.2474,-32.5437,3,-1.2687,16.7944,16.7956,16.5385,0.0000,-24.5093,0.4760,0.0688,0,3
cimbalom_felt,61,C#4,0.1500,regular,felt_mallet,Felt,0.2950,3.8951,277.1830,554.5160,2.1593,4.3198,-11.5509,-26.0858,3,-0.2749,13.0353,13.0346,12.9755,0.0000,-20.2293,0.6493,0.1448,0,3
cimbalom_felt,61,C#4,0.1750,regular,felt_mallet,Felt,0.2950,3.6448,277.1830,554.5160,2.0206,4.0422,-9.7833,-23.7355,3,-0.0045,12.4520,12.4521,12.4574,0.0000,-17.1227,0.7958,0.1898,0,3
cimbalom_felt,61,C#4,0.2000,regular,felt_mallet,Felt,0.2950,3.4411,277.1830,554.5160,1.9076,3.8163,-8.5206,-23.0146,,0.0000,12.9939,12.9939,13.0432,0.0000,-14.7002,0.9204,0.2062,0,3
cimbalom_felt,61,C#4,0.2250,regular,felt_mallet,Felt,0.2950,3.2708,277.1830,554.5160,1.8132,3.6274,-7.5677,-23.2784,,0.0000,14.2106,14.2107,14.3019,0.0000,-12.7243,1.0271,0.2000,0,3
cimbalom_felt,61,C#4,0.2500,regular,felt_mallet,Felt,0.2950,3.1257,277.1830,554.5160,1.7328,3.4665,-6.8202,-24.3336,,0.0000,16.0138,16.0135,16.1565,0.0000,-11.0616,1.1194,0.1771,0,3
cimbalom_felt,61,C#4,0.2750,regular,felt_mallet,Felt,0.2950,2.9999,277.1830,554.5160,1.6631,3.3270,-6.2166,-26.2316,,0.0000,18.5154,18.5152,18.7355,0.0000,-9.6302,1.1999,0.1424,0,3
cimbalom_felt,61,C#4,0.3000,regular,felt_mallet,Felt,0.2950,2.8895,277.1830,554.5160,1.6019,3.2046,-5.7181,-29.3509,,0.0000,22.1331,22.1335,22.5001,0.0000,-8.3758,1.2708,0.0994,0,3
cimbalom_felt,61,C#4,0.3250,regular,felt_mallet,Felt,0.2950,2.7916,277.1830,554.5160,1.5476,3.0960,-5.2988,-35.1429,,0.0000,28.3462,28.3461,29.1631,0.0000,-7.2613,1.3337,0.0510,0,3
cimbalom_felt,61,C#4,0.3500,regular,felt_mallet,Felt,0.2950,2.7039,277.1830,554.5160,1.4989,2.9987,-4.9408,-71.7239,,0.0000,51.8056,51.8145,47.6815,0.0000,-6.2597,1.3898,0.0036,1,3
cimbalom_felt,61,C#4,0.3750,regular,felt_mallet,Felt,0.2950,2.6247,277.1830,554.5160,1.4550,2.9109,-4.6314,-34.5745,,0.0000,28.4405,28.4397,27.6387,0.0000,-5.3509,1.4402,0.0545,0,3
cimbalom_felt,61,C#4,0.4000,regular,felt_mallet,Felt,0.2950,2.5527,277.1830,554.5160,1.4151,2.8310,-4.3610,-28.5443,,0.0000,22.6807,22.6812,22.2527,0.0000,-4.5200,1.4857,0.1091,0,3
cimbalom_felt,61,C#4,0.4250,regular,felt_mallet,Felt,0.2950,2.4869,277.1830,554.5160,1.3787,2.7581,-4.1225,-25.0131,,0.0000,19.3889,19.3889,19.0903,0.0000,-3.7549,1.5271,0.1638,0,3
cimbalom_felt,61,C#4,0.4500,regular,felt_mallet,Felt,0.2950,2.4264,277.1830,554.5160,1.3451,2.6910,-3.9106,-22.5267,,0.0000,17.1149,17.1147,16.8835,0.0000,-3.0465,1.5648,0.2181,0,3
cimbalom_felt,61,C#4,0.4750,regular,felt_mallet,Felt,0.2950,2.3705,277.1830,554.5160,1.3141,2.6290,-3.7208,-20.6217,,0.0000,15.3998,15.3996,15.2094,0.0000,-2.3871,1.5994,0.2716,0,3
cimbalom_felt,61,C#4,0.5000,regular,felt_mallet,Felt,0.2950,2.3187,277.1830,554.5160,1.2854,2.5715,-3.5499,-19.0890,,0.0000,14.0379,14.0379,13.8753,0.0000,-1.7707,1.6311,0.3240,0,3
cimbalom_felt,61,C#4,0.5250,regular,felt_mallet,Felt,0.2950,2.2705,277.1830,554.5160,1.2587,2.5181,-3.3951,-17.8155,,0.0000,12.9192,12.9192,12.7769,0.0000,-1.1921,1.6605,0.3752,0,3
cimbalom_felt,61,C#4,0.5500,regular,felt_mallet,Felt,0.2950,2.2254,277.1830,554.5160,1.2337,2.4681,-3.2541,-16.7329,,0.0000,11.9775,11.9776,11.8504,0.0000,-0.6470,1.6877,0.4250,0,3
cimbalom_felt,61,C#4,0.5750,regular,felt_mallet,Felt,0.2950,2.1832,277.1830,554.5160,1.2103,2.4213,-3.1252,-15.7965,,0.0000,11.1700,11.1702,11.0551,0.0000,-0.1321,1.7129,0.4734,0,3
cimbalom_felt,61,C#4,0.6000,regular,felt_mallet,Felt,0.2950,2.1436,277.1830,554.5160,1.1883,2.3773,-3.0069,-14.9757,,0.0000,10.4679,10.4678,10.3629,0.0000,0.3560,1.7364,0.5203,0,3
cimbalom_felt,61,C#4,0.6250,regular,felt_mallet,Felt,0.2950,2.1062,277.1830,554.5160,1.1676,2.3358,-2.8978,-14.2483,,0.0000,9.8496,9.8495,9.7529,0.0000,0.8197,1.7583,0.5657,0,3
cimbalom_felt,61,C#4,0.6500,regular,felt_mallet,Felt,0.2950,2.0709,277.1830,554.5160,1.1480,2.2967,-2.7969,-13.5979,,0.0000,9.3001,9.3000,9.2103,0.0000,1.2612,1.7789,0.6097,0,3
cimbalom_felt,61,C#4,0.6750,regular,felt_mallet,Felt,0.2950,2.0375,277.1830,554.5160,1.1295,2.2597,-2.7032,-13.0119,,0.0000,8.8076,8.8076,8.7235,0.0000,1.6826,1.7982,0.6523,0,3
cimbalom_felt,61,C#4,0.7000,regular,felt_mallet,Felt,0.2950,2.0058,277.1830,554.5160,1.1120,2.2245,-2.6161,-12.4805,,0.0000,8.3634,8.3633,8.2846,0.0000,2.0857,1.8163,0.6935,0,3
cimbalom_felt,61,C#4,0.7250,regular,felt_mallet,Felt,0.2950,1.9757,277.1830,554.5160,1.0953,2.1911,-2.5349,-11.9958,,0.0000,7.9599,7.9599,7.8855,0.0000,2.4717,1.8334,0.7332,0,3
cimbalom_felt,61,C#4,0.7500,regular,felt_mallet,Felt,0.2950,1.9471,277.1830,554.5160,1.0794,2.1594,-2.4589,-11.5516,,0.0000,7.5916,7.5917,7.5212,0.0000,2.8422,1.8495,0.7717,0,3
cimbalom_felt,61,C#4,0.7750,regular,felt_mallet,Felt,0.2950,1.9198,277.1830,554.5160,1.0643,2.1291,-2.3876,-11.1427,,0.0000,7.2541,7.2540,7.1872,0.0000,3.1982,1.8647,0.8089,0,3
cimbalom_felt,61,C#4,0.8000,regular,felt_mallet,Felt,0.2950,1.8937,277.1830,554.5160,1.0498,2.1002,-2.3207,-10.7648,,0.0000,6.9431,6.9431,6.8794,0.0000,3.5409,1.8791,0.8449,0,3
cimbalom_felt,61,C#4,0.8250,regular,felt_mallet,Felt,0.2950,1.8687,277.1830,554.5160,1.0360,2.0725,-2.2577,-10.4143,,0.0000,6.6556,6.6556,6.5947,0.0000,3.8713,1.8928,0.8797,0,3
cimbalom_felt,61,C#4,0.8500,regular,felt_mallet,Felt,0.2950,1.8449,277.1830,554.5160,1.0227,2.0460,-2.1982,-10.0881,,0.0000,6.3889,6.3889,6.3306,0.0000,4.1900,1.9058,0.9133,0,3
cimbalom_felt,61,C#4,0.8750,regular,felt_mallet,Felt,0.2950,1.8220,277.1830,554.5160,1.0100,2.0206,-2.1421,-9.7838,,0.0000,6.1408,6.1408,6.0847,0.0000,4.4979,1.9182,0.9459,0,3
cimbalom_felt,61,C#4,0.9000,regular,felt_mallet,Felt,0.2950,1.8000,277.1830,554.5160,0.9979,1.9962,-2.0889,-9.4991,,0.0000,5.9092,5.9092,5.8553,0.0000,4.7958,1.9300,0.9774,0,3
cimbalom_felt,61,C#4,0.9250,regular,felt_mallet,Felt,0.2950,1.7789,277.1830,554.5160,0.9861,1.9728,-2.0385,-9.2320,,0.0000,5.6924,5.6925,5.6406,0.0000,5.0841,1.9412,1.0080,0,3
cimbalom_felt,61,C#4,0.9500,regular,felt_mallet,Felt,0.2950,1.7585,277.1830,554.5160,0.9749,1.9503,-1.9907,-8.9809,,0.0000,5.4892,5.4892,5.4392,0.0000,5.3636,1.9519,1.0375,0,3
cimbalom_felt,61,C#4,0.9750,regular,felt_mallet,Felt,0.2950,1.7390,277.1830,554.5160,0.9640,1.9286,-1.9452,-8.7443,,0.0000,5.2981,5.2981,5.2497,0.0000,5.6347,1.9621,1.0662,0,3
cimbalom_felt,61,C#4,1.0000,regular,felt_mallet,Felt,0.2950,1.7201,277.1830,554.5160,0.9536,1.9077,-1.9019,-8.5210,,0.0000,5.1181,5.1181,5.0713,0.0000,5.8979,1.9720,1.0939,0,3
cimbalom_felt,61,C#4,0.4200,corpus,felt_mallet,Felt,0.2950,2.4996,277.1830,554.5160,1.3857,2.7721,-4.1679,-25.6126,,0.0000,19.9426,19.9429,19.6248,0.0000,-3.9031,1.5191,0.1529,0,3
cimbalom_felt,61,C#4,0.4600,corpus,felt_mallet,Felt,0.2950,2.4035,277.1830,554.5160,1.3324,2.6656,-3.8322,-21.7098,,0.0000,16.3760,16.3762,16.1629,0.0000,-2.7773,1.5790,0.2397,0,3
cimbalom_felt,62,D4,0.0500,regular,felt_mallet,Felt,0.2950,6.1701,293.6650,587.5090,3.6239,7.2500,-23.2923,-42.5901,3,-1.6132,17.8037,17.8009,18.4263,0.0000,-41.1079,0.1760,0.0227,0,3
cimbalom_felt,62,D4,0.0750,regular,felt_mallet,Felt,0.2950,5.1765,293.6650,587.5090,3.0403,6.0824,-42.3011,-31.1981,3,-23.9790,-12.6091,-12.6091,-14.7583,-12.6091,-56.6006,0.0197,0.0842,0,3
cimbalom_felt,62,D4,0.1000,regular,felt_mallet,Felt,0.2950,4.5701,293.6650,587.5090,2.6842,5.3700,-22.3019,-34.1015,3,-6.4475,10.3003,10.3016,10.8257,0.0000,-34.0948,0.1974,0.0603,0,3
cimbalom_felt,62,D4,0.1250,regular,felt_mallet,Felt,0.2950,4.1491,293.6650,587.5090,2.4369,4.8753,-16.1016,-41.3627,3,-2.2297,23.7591,23.7585,22.9296,0.0000,-25.9566,0.4030,0.0261,0,3
cimbalom_felt,62,D4,0.1500,regular,felt_mallet,Felt,0.2950,3.8341,293.6650,587.5090,2.2519,4.5052,-12.8925,-28.7909,3,-0.6984,14.3983,14.3979,14.2683,0.0000,-21.1641,0.5831,0.1111,0,3
cimbalom_felt,62,D4,0.1750,regular,felt_mallet,Felt,0.2950,3.5865,293.6650,587.5090,2.1065,4.2142,-10.8462,-24.9867,3,-0.1220,12.6403,12.6402,12.6084,0.0000,-17.7788,0.7379,0.1722,0,3
cimbalom_felt,62,D4,0.2000,regular,felt_mallet,Felt,0.2950,3.3850,293.6650,587.5090,1.9881,3.9774,-9.4056,-23.4224,,0.0000,12.5166,12.5167,12.5344,0.0000,-15.1783,0.8711,0.2062,0,3
cimbalom_felt,62,D4,0.2250,regular,felt_mallet,Felt,0.2950,3.2167,293.6650,587.5090,1.8892,3.7796,-8.3282,-22.9988,,0.0000,13.1708,13.1704,13.2276,0.0000,-13.0780,0.9861,0.2165,0,3
cimbalom_felt,62,D4,0.2500,regular,felt_mallet,Felt,0.2950,3.0732,293.6650,587.5090,1.8050,3.6111,-7.4884,-23.3456,,0.0000,14.3570,14.3571,14.4524,0.0000,-11.3229,1.0862,0.2080,0,3
cimbalom_felt,62,D4,0.2750,regular,felt_mallet,Felt,0.2950,2.9489,293.6650,587.5090,1.7320,3.4650,-6.8133,-24.3475,,0.0000,16.0338,16.0342,16.1774,0.0000,-9.8201,1.1740,0.1853,0,3
cimbalom_felt,62,D4,0.3000,regular,felt_mallet,Felt,0.2950,2.8399,293.6650,587.5090,1.6679,3.3369,-6.2577,-26.0533,,0.0000,18.2955,18.2958,18.5076,0.0000,-8.5087,1.2515,0.1523,0,3
cimbalom_felt,62,D4,0.3250,regular,felt_mallet,Felt,0.2950,2.7431,293.6650,587.5090,1.6111,3.2232,-5.7916,-28.7345,,0.0000,21.4437,21.4434,21.7788,0.0000,-7.3474,1.3205,0.1118,0,3
cimbalom_felt,62,D4,0.3500,regular,felt_mallet,Felt,0.2950,2.6565,293.6650,587.5090,1.5602,3.1214,-5.3947,-33.2789,,0.0000,26.3855,26.3857,27.0222,0.0000,-6.3068,1.3823,0.0663,0,3
cimbalom_felt,62,D4,0.3750,regular,felt_mallet,Felt,0.2950,2.5783,293.6650,587.5090,1.5143,3.0295,-5.0522,-44.9308,,0.0000,38.3885,38.3865,41.4093,0.0000,-5.3650,1.4379,0.0173,0,3
cimbalom_felt,62,D4,0.4000,regular,felt_mallet,Felt,0.2950,2.5072,293.6650,587.5090,1.4726,2.9460,-4.7534,-39.1495,,0.0000,32.8903,32.8908,31.6018,0.0000,-4.5056,1.4882,0.0337,0,3
cimbalom_felt,62,D4,0.4250,regular,felt_mallet,Felt,0.2950,2.4422,293.6650,587.5090,1.4344,2.8697,-4.4903,-31.0269,,0.0000,25.0334,25.0341,24.4789,0.0000,-3.7159,1.5340,0.0859,0,3
cimbalom_felt,62,D4,0.4500,regular,felt_mallet,Felt,0.2950,2.3825,293.6650,587.5090,1.3993,2.7995,-4.2567,-26.8778,,0.0000,21.1197,21.1192,20.7586,0.0000,-2.9858,1.5758,0.1385,0,3
cimbalom_felt,62,D4,0.4750,regular,felt_mallet,Felt,0.2950,2.3274,293.6650,587.5090,1.3669,2.7347,-4.0478,-24.0864,,0.0000,18.5367,18.5370,18.2650,0.0000,-2.3074,1.6141,0.1910,0,3
cimbalom_felt,62,D4,0.5000,regular,felt_mallet,Felt,0.2950,2.2763,293.6650,587.5090,1.3369,2.6746,-3.8598,-21.9948,,0.0000,16.6336,16.6336,16.4141,0.0000,-1.6738,1.6494,0.2430,0,3
cimbalom_felt,62,D4,0.5250,regular,felt_mallet,Felt,0.2950,2.2287,293.6650,587.5090,1.3090,2.6187,-3.6896,-20.3331,,0.0000,15.1423,15.1421,14.9573,0.0000,-1.0799,1.6821,0.2943,0,3
cimbalom_felt,62,D4,0.5500,regular,felt_mallet,Felt,0.2950,2.1842,293.6650,587.5090,1.2829,2.5665,-3.5349,-18.9631,,0.0000,13.9272,13.9270,13.7665,0.0000,-0.5210,1.7123,0.3445,0,3
cimbalom_felt,62,D4,0.5750,regular,felt_mallet,Felt,0.2950,2.1426,293.6650,587.5090,1.2584,2.5176,-3.3934,-17.8044,,0.0000,12.9098,12.9098,12.7675,0.0000,0.0064,1.7404,0.3937,0,3
cimbalom_felt,62,D4,0.6000,regular,felt_mallet,Felt,0.2950,2.1034,293.6650,587.5090,1.2354,2.4716,-3.2636,-16.8057,,0.0000,12.0410,12.0409,11.9131,0.0000,0.5059,1.7666,0.4417,0,3
cimbalom_felt,62,D4,0.6250,regular,felt_mallet,Felt,0.2950,2.0666,293.6650,587.5090,1.2138,2.4283,-3.1441,-15.9323,,0.0000,11.2869,11.2870,11.1705,0.0000,0.9800,1.7911,0.4884,0,3
cimbalom_felt,62,D4,0.6500,regular,felt_mallet,Felt,0.2950,2.0318,293.6650,587.5090,1.1933,2.3874,-3.0336,-15.1595,,0.0000,10.6249,10.6248,10.5179,0.0000,1.4312,1.8140,0.5338,0,3
cimbalom_felt,62,D4,0.6750,regular,felt_mallet,Felt,0.2950,1.9988,293.6650,587.5090,1.1740,2.3487,-2.9311,-14.4692,,0.0000,10.0372,10.0371,9.9381,0.0000,1.8615,1.8356,0.5780,0,3
cimbalom_felt,62,D4,0.7000,regular,felt_mallet,Felt,0.2950,1.9676,293.6650,587.5090,1.1556,2.3120,-2.8358,-13.8478,,0.0000,9.5110,9.5109,9.4185,0.0000,2.2727,1.8558,0.6209,0,3
cimbalom_felt,62,D4,0.7250,regular,felt_mallet,Felt,0.2950,1.9379,293.6650,587.5090,1.1382,2.2771,-2.7469,-13.2845,,0.0000,9.0364,9.0366,8.9497,0.0000,2.6663,1.8749,0.6625,0,3
cimbalom_felt,62,D4,0.7500,regular,felt_mallet,Felt,0.2950,1.9097,293.6650,587.5090,1.1216,2.2439,-2.6638,-12.7710,,0.0000,8.6061,8.6061,8.5244,0.0000,3.0440,1.8929,0.7028,0,3
cimbalom_felt,62,D4,0.7750,regular,felt_mallet,Felt,0.2950,1.8828,293.6650,587.5090,1.1058,2.2123,-2.5860,-12.3004,,0.0000,8.2134,8.2134,8.1363,0.0000,3.4066,1.9100,0.7419,0,3
cimbalom_felt,62,D4,0.8000,regular,felt_mallet,Felt,0.2950,1.8571,293.6650,587.5090,1.0907,2.1821,-2.5128,-11.8672,,0.0000,7.8533,7.8533,7.7802,0.0000,3.7555,1.9261,0.7799,0,3
cimbalom_felt,62,D4,0.8250,regular,felt_mallet,Felt,0.2950,1.8325,293.6650,587.5090,1.0763,2.1532,-2.4440,-11.4669,,0.0000,7.5218,7.5218,7.4522,0.0000,4.0916,1.9414,0.8167,0,3
cimbalom_felt,62,D4,0.8500,regular,felt_mallet,Felt,0.2950,1.8089,293.6650,587.5090,1.0624,2.1255,-2.3792,-11.0955,,0.0000,7.2153,7.2153,7.1488,0.0000,4.4158,1.9560,0.8523,0,3
cimbalom_felt,62,D4,0.8750,regular,felt_mallet,Felt,0.2950,1.7864,293.6650,587.5090,1.0492,2.0990,-2.3179,-10.7499,,0.0000,6.9310,6.9311,6.8674,0.0000,4.7289,1.9699,0.8869,0,3
cimbalom_felt,62,D4,0.9000,regular,felt_mallet,Felt,0.2950,1.7647,293.6650,587.5090,1.0365,2.0736,-2.2599,-10.4274,,0.0000,6.6665,6.6665,6.6054,0.0000,5.0315,1.9830,0.9205,0,3
cimbalom_felt,62,D4,0.9250,regular,felt_mallet,Felt,0.2950,1.7439,293.6650,587.5090,1.0242,2.0491,-2.2049,-10.1256,,0.0000,6.4197,6.4197,6.3609,0.0000,5.3244,1.9956,0.9530,0,3
cimbalom_felt,62,D4,0.9500,regular,felt_mallet,Felt,0.2950,1.7239,293.6650,587.5090,1.0125,2.0256,-2.1528,-9.8424,,0.0000,6.1887,6.1886,6.1324,0.0000,5.6083,2.0077,0.9846,0,3
cimbalom_felt,62,D4,0.9750,regular,felt_mallet,Felt,0.2950,1.7046,293.6650,587.5090,1.0011,2.0029,-2.1032,-9.5762,,0.0000,5.9720,5.9720,5.9175,0.0000,5.8835,2.0191,1.0152,0,3
cimbalom_felt,62,D4,1.0000,regular,felt_mallet,Felt,0.2950,1.6860,293.6650,587.5090,0.9902,1.9811,-2.0560,-9.3253,,0.0000,5.7683,5.7682,5.7157,0.0000,6.1505,2.0301,1.0450,0,3
cimbalom_felt,62,D4,0.4200,corpus,felt_mallet,Felt,0.2950,2.4548,293.6650,587.5090,1.4418,2.8844,-4.5404,-32.1582,,0.0000,26.1153,26.1150,25.4927,0.0000,-3.8688,1.5251,0.0754,0,3
cimbalom_felt,62,D4,0.4600,corpus,felt_mallet,Felt,0.2950,2.3600,293.6650,587.5090,1.3861,2.7730,-4.1704,-25.6497,,0.0000,19.9777,19.9775,19.6588,0.0000,-2.7087,1.5915,0.1596,0,3
cimbalom_felt,63,D#4,0.0500,regular,felt_mallet,Felt,0.2950,6.0882,311.1270,622.4680,3.7884,7.5794,-22.9998,-37.0848,3,-0.4889,12.5869,12.5871,12.7761,0.0000,-40.3927,0.1912,0.0449,0,3
cimbalom_felt,63,D#4,0.0750,regular,felt_mallet,Felt,0.2950,5.1031,311.1270,622.4680,3.1754,6.3531,-30.4699,-33.3121,3,-11.3048,1.3420,1.3411,0.7423,0.0000,-44.3409,0.0809,0.0693,0,3
cimbalom_felt,63,D#4,0.1000,regular,felt_mallet,Felt,0.2950,4.5025,311.1270,622.4680,2.8017,5.6053,-26.9848,-31.4517,3,-10.2716,2.9691,2.9690,3.4674,0.0000,-38.3551,0.1208,0.0859,0,3
cimbalom_felt,63,D#4,0.1250,regular,felt_mallet,Felt,0.2950,4.0857,311.1270,622.4680,2.5424,5.0865,-18.3779,-45.2830,3,-3.6284,25.4099,25.4104,27.1300,0.0000,-27.8110,0.3255,0.0175,0,3
cimbalom_felt,63,D#4,0.1500,regular,felt_mallet,Felt,0.2950,3.7740,311.1270,622.4680,2.3484,4.6984,-14.4641,-33.2910,3,-1.3712,17.3259,17.3259,17.0374,0.0000,-22.3138,0.5108,0.0695,0,3
cimbalom_felt,63,D#4,0.1750,regular,felt_mallet,Felt,0.2950,3.5291,311.1270,622.4680,2.1960,4.3935,-12.0647,-27.0269,3,-0.4182,13.4625,13.4618,13.3790,0.0000,-18.5755,0.6733,0.1429,0,3
cimbalom_felt,63,D#4,0.2000,regular,felt_mallet,Felt,0.2950,3.3298,311.1270,622.4680,2.0720,4.1454,-10.4076,-24.4102,3,-0.0556,12.5025,12.5023,12.4865,0.0000,-15.7586,0.8148,0.1932,0,3
cimbalom_felt,63,D#4,0.2250,regular,felt_mallet,Felt,0.2950,3.1634,311.1270,622.4680,1.9684,3.9382,-9.1824,-23.2739,,0.0000,12.5912,12.5913,12.6165,0.0000,-13.5103,0.9382,0.2202,0,3
cimbalom_felt,63,D#4,0.2500,regular,felt_mallet,Felt,0.2950,3.0216,311.1270,622.4680,1.8802,3.7617,-8.2346,-23.0021,,0.0000,13.2672,13.2674,13.3275,0.0000,-11.6473,1.0464,0.2272,0,3
cimbalom_felt,63,D#4,0.2750,regular,felt_mallet,Felt,0.2950,2.8988,311.1270,622.4680,1.8038,3.6088,-7.4768,-23.3555,,0.0000,14.3785,14.3787,14.4748,0.0000,-10.0618,1.1418,0.2181,0,3
cimbalom_felt,63,D#4,0.3000,regular,felt_mallet,Felt,0.2950,2.7910,311.1270,622.4680,1.7367,3.4747,-6.8557,-24.2558,,0.0000,15.9002,15.9001,16.0396,0.0000,-8.6849,1.2264,0.1966,0,3
cimbalom_felt,63,D#4,0.3250,regular,felt_mallet,Felt,0.2950,2.6955,311.1270,622.4680,1.6773,3.3557,-6.3364,-25.7367,,0.0000,17.9003,17.9004,18.0993,0.0000,-7.4704,1.3020,0.1658,0,3
cimbalom_felt,63,D#4,0.3500,regular,felt_mallet,Felt,0.2950,2.6099,311.1270,622.4680,1.6240,3.2491,-5.8953,-27.9777,,0.0000,20.5828,20.5829,20.8801,0.0000,-6.3856,1.3698,0.1281,0,3
cimbalom_felt,63,D#4,0.3750,regular,felt_mallet,Felt,0.2950,2.5327,311.1270,622.4680,1.5760,3.1530,-5.5155,-31.4946,,0.0000,24.4797,24.4803,24.9783,0.0000,-5.4065,1.4310,0.0854,0,3
cimbalom_felt,63,D#4,0.4000,regular,felt_mallet,Felt,0.2950,2.4625,311.1270,622.4680,1.5323,3.0657,-5.1848,-38.2288,,0.0000,31.5470,31.5476,32.7730,0.0000,-4.5152,1.4866,0.0393,0,3
cimbalom_felt,63,D#4,0.4250,regular,felt_mallet,Felt,0.2950,2.3984,311.1270,622.4680,1.4924,2.9858,-4.8940,-51.0213,,0.0000,44.6015,44.6077,40.4722,0.0000,-3.6978,1.5372,0.0091,0,3
cimbalom_felt,63,D#4,0.4500,regular,felt_mallet,Felt,0.2950,2.3394,311.1270,622.4680,1.4557,2.9125,-4.6362,-34.7416,,0.0000,28.6018,28.6017,27.7857,0.0000,-2.9435,1.5835,0.0588,0,3
cimbalom_felt,63,D#4,0.4750,regular,felt_mallet,Felt,0.2950,2.2850,311.1270,622.4680,1.4219,2.8447,-4.4059,-29.3571,,0.0000,23.4493,23.4489,22.9825,0.0000,-2.2436,1.6260,0.1093,0,3
cimbalom_felt,63,D#4,0.5000,regular,felt_mallet,Felt,0.2950,2.2346,311.1270,622.4680,1.3905,2.7819,-4.1989,-26.0470,,0.0000,20.3466,20.3463,20.0148,0.0000,-1.5911,1.6652,0.1600,0,3
cimbalom_felt,63,D#4,0.5250,regular,felt_mallet,Felt,0.2950,2.1876,311.1270,622.4680,1.3613,2.7234,-4.0117,-23.6637,,0.0000,18.1504,18.1503,17.8899,0.0000,-0.9801,1.7015,0.2105,0,3
cimbalom_felt,63,D#4,0.5500,regular,felt_mallet,Felt,0.2950,2.1438,311.1270,622.4680,1.3340,2.6688,-3.8416,-21.8113,,0.0000,16.4684,16.4682,16.2530,0.0000,-0.4059,1.7352,0.2606,0,3
cimbalom_felt,63,D#4,0.5750,regular,felt_mallet,Felt,0.2950,2.1027,311.1270,622.4680,1.3084,2.6177,-3.6863,-20.3047,,0.0000,15.1172,15.1171,14.9326,0.0000,0.1355,1.7665,0.3099,0,3
cimbalom_felt,63,D#4,0.6000,regular,felt_mallet,Felt,0.2950,2.0641,311.1270,622.4680,1.2844,2.5697,-3.5438,-19.0417,,0.0000,13.9965,13.9966,13.8346,0.0000,0.6476,1.7957,0.3584,0,3
cimbalom_felt,63,D#4,0.6250,regular,felt_mallet,Felt,0.2950,2.0277,311.1270,622.4680,1.2618,2.5244,-3.4127,-17.9599,,0.0000,13.0461,13.0460,12.9017,0.0000,1.1333,1.8230,0.4060,0,3
cimbalom_felt,63,D#4,0.6500,regular,felt_mallet,Felt,0.2950,1.9934,311.1270,622.4680,1.2404,2.4817,-3.2916,-17.0179,,0.0000,12.2251,12.2252,12.0941,0.0000,1.5951,1.8486,0.4525,0,3
cimbalom_felt,63,D#4,0.6750,regular,felt_mallet,Felt,0.2950,1.9609,311.1270,622.4680,1.2202,2.4412,-3.1793,-16.1872,,0.0000,11.5066,11.5067,11.3869,0.0000,2.0352,1.8727,0.4979,0,3
cimbalom_felt,63,D#4,0.7000,regular,felt_mallet,Felt,0.2950,1.9301,311.1270,622.4680,1.2010,2.4029,-3.0750,-15.4470,,0.0000,10.8709,10.8709,10.7603,0.0000,2.4554,1.8953,0.5422,0,3
cimbalom_felt,63,D#4,0.7250,regular,felt_mallet,Felt,0.2950,1.9009,311.1270,622.4680,1.1828,2.3665,-2.9777,-14.7818,,0.0000,10.3030,10.3029,10.2000,0.0000,2.8575,1.9166,0.5853,0,3
cimbalom_felt,63,D#4,0.7500,regular,felt_mallet,Felt,0.2950,1.8730,311.1270,622.4680,1.1655,2.3318,-2.8868,-14.1796,,0.0000,9.7917,9.7917,9.6956,0.0000,3.2428,1.9368,0.6273,0,3
cimbalom_felt,63,D#4,0.7750,regular,felt_mallet,Felt,0.2950,1.8465,311.1270,622.4680,1.1490,2.2987,-2.8017,-13.6312,,0.0000,9.3285,9.3284,9.2384,0.0000,3.6128,1.9559,0.6682,0,3
cimbalom_felt,63,D#4,0.8000,regular,felt_mallet,Felt,0.2950,1.8211,311.1270,622.4680,1.1332,2.2672,-2.7217,-13.1290,,0.0000,8.9063,8.9062,8.8211,0.0000,3.9685,1.9739,0.7080,0,3
cimbalom_felt,63,D#4,0.8250,regular,felt_mallet,Felt,0.2950,1.7969,311.1270,622.4680,1.1181,2.2370,-2.6466,-12.6671,,0.0000,8.5194,8.5194,8.4388,0.0000,4.3109,1.9911,0.7467,0,3
cimbalom_felt,63,D#4,0.8500,regular,felt_mallet,Felt,0.2950,1.7737,311.1270,622.4680,1.1037,2.2082,-2.5757,-12.2403,,0.0000,8.1635,8.1635,8.0868,0.0000,4.6411,2.0074,0.7843,0,3
cimbalom_felt,63,D#4,0.8750,regular,felt_mallet,Felt,0.2950,1.7515,311.1270,622.4680,1.0899,2.1805,-2.5088,-11.8446,,0.0000,7.8349,7.8348,7.7618,0.0000,4.9598,2.0229,0.8208,0,3
cimbalom_felt,63,D#4,0.9000,regular,felt_mallet,Felt,0.2950,1.7301,311.1270,622.4680,1.0766,2.1539,-2.4455,-11.4765,,0.0000,7.5299,7.5299,7.4601,0.0000,5.2677,2.0377,0.8563,0,3
cimbalom_felt,63,D#4,0.9250,regular,felt_mallet,Felt,0.2950,1.7096,311.1270,622.4680,1.0638,2.1284,-2.3855,-11.1330,,0.0000,7.2464,7.2464,7.1796,0.0000,5.5657,2.0518,0.8909,0,3
cimbalom_felt,63,D#4,0.9500,regular,felt_mallet,Felt,0.2950,1.6899,311.1270,622.4680,1.0515,2.1038,-2.3287,-10.8115,,0.0000,6.9818,6.9818,6.9178,0.0000,5.8542,2.0653,0.9245,0,3
cimbalom_felt,63,D#4,0.9750,regular,felt_mallet,Felt,0.2950,1.6709,311.1270,622.4680,1.0397,2.0801,-2.2746,-10.5099,,0.0000,6.7343,6.7343,6.6728,0.0000,6.1339,2.0782,0.9571,0,3
cimbalom_felt,63,D#4,1.0000,regular,felt_mallet,Felt,0.2950,1.6526,311.1270,622.4680,1.0283,2.0573,-2.2232,-10.2264,,0.0000,6.5023,6.5022,6.4429,0.0000,6.4053,2.0906,0.9889,0,3
cimbalom_felt,63,D#4,0.4200,corpus,felt_mallet,Felt,0.2950,2.4108,311.1270,622.4680,1.5001,3.0013,-4.9493,-72.1888,,0.0000,51.8802,51.8612,50.3054,0.0000,-3.8558,1.5274,0.0039,1,3
cimbalom_felt,63,D#4,0.4600,corpus,felt_mallet,Felt,0.2950,2.3172,311.1270,622.4680,1.4419,2.8847,-4.5410,-32.1828,,0.0000,26.1381,26.1388,25.5130,0.0000,-2.6575,1.6009,0.0790,0,3
cimbalom_felt,64,E4,0.0500,regular,felt_mallet,Felt,0.2950,6.0071,329.6280,659.5090,3.9602,7.9235,-23.3535,-35.8801,3,-0.0170,11.0286,11.0285,11.0605,0.0000,-40.3072,0.1930,0.0542,0,3
cimbalom_felt,64,E4,0.0750,regular,felt_mallet,Felt,0.2950,5.0307,329.6280,659.5090,3.3165,6.6356,-26.4300,-38.0005,3,-6.4306,10.0691,10.0695,9.4369,0.0000,-39.8619,0.1355,0.0425,0,3
cimbalom_felt,64,E4,0.1000,regular,felt_mallet,Felt,0.2950,4.4357,329.6280,659.5090,2.9243,5.8508,-36.0759,-30.6718,3,-18.5153,-6.9007,-6.8998,-5.9314,-6.9007,-47.0055,0.0446,0.0988,0,3
cimbalom_felt,64,E4,0.1250,regular,felt_mallet,Felt,0.2950,4.0232,329.6280,659.5090,2.6523,5.3066,-21.3028,-35.3623,3,-5.6897,12.5601,12.5617,13.1446,0.0000,-30.2962,0.2445,0.0576,0,3
cimbalom_felt,64,E4,0.1500,regular,felt_mallet,Felt,0.2950,3.7147,329.6280,659.5090,2.4490,4.8998,-16.3418,-43.3329,3,-2.3669,25.4878,25.4879,24.4453,0.0000,-23.7520,0.4328,0.0230,0,3
cimbalom_felt,64,E4,0.1750,regular,felt_mallet,Felt,0.2950,3.4725,329.6280,659.5090,2.2892,4.5802,-13.4777,-30.2676,3,-0.9291,15.2899,15.2894,15.1146,0.0000,-19.5489,0.6019,0.1035,0,3
cimbalom_felt,64,E4,0.2000,regular,felt_mallet,Felt,0.2950,3.2754,329.6280,659.5090,2.1593,4.3203,-11.5510,-26.0917,3,-0.2749,13.0407,13.0404,12.9803,0.0000,-16.4626,0.7513,0.1674,0,3
cimbalom_felt,64,E4,0.2250,regular,felt_mallet,Felt,0.2950,3.1109,329.6280,659.5090,2.0509,4.1033,-10.1474,-24.1086,3,-0.0278,12.4613,12.4611,12.4544,0.0000,-14.0358,0.8831,0.2104,0,3
cimbalom_felt,64,E4,0.2500,regular,felt_mallet,Felt,0.2950,2.9708,329.6280,659.5090,1.9585,3.9185,-9.0717,-23.2112,,0.0000,12.6395,12.6394,12.6690,0.0000,-12.0449,0.9996,0.2333,0,3
cimbalom_felt,64,E4,0.2750,regular,felt_mallet,Felt,0.2950,2.8494,329.6280,659.5090,1.8785,3.7585,-8.2174,-23.0034,,0.0000,13.2861,13.2859,13.3475,0.0000,-10.3629,1.1029,0.2389,0,3
cimbalom_felt,64,E4,0.3000,regular,felt_mallet,Felt,0.2950,2.7430,329.6280,659.5090,1.8083,3.6181,-7.5206,-23.3158,,0.0000,14.2954,14.2952,14.3896,0.0000,-8.9103,1.1950,0.2305,0,3
cimbalom_felt,64,E4,0.3250,regular,felt_mallet,Felt,0.2950,2.6486,329.6280,659.5090,1.7461,3.4936,-6.9403,-24.0873,,0.0000,15.6473,15.6470,15.7798,0.0000,-7.6348,1.2775,0.2109,0,3
cimbalom_felt,64,E4,0.3500,regular,felt_mallet,Felt,0.2950,2.5641,329.6280,659.5090,1.6904,3.3821,-6.4488,-25.3347,,0.0000,17.3862,17.3861,17.5700,0.0000,-6.4996,1.3519,0.1827,0,3
cimbalom_felt,64,E4,0.3750,regular,felt_mallet,Felt,0.2950,2.4879,329.6280,659.5090,1.6401,3.2815,-6.0266,-27.1682,,0.0000,19.6419,19.6419,19.9019,0.0000,-5.4781,1.4193,0.1479,0,3
cimbalom_felt,64,E4,0.4000,regular,felt_mallet,Felt,0.2950,2.4186,329.6280,659.5090,1.5945,3.1902,-5.6598,-29.8779,,0.0000,22.7186,22.7188,23.1152,0.0000,-4.5508,1.4805,0.1083,0,3
cimbalom_felt,64,E4,0.4250,regular,felt_mallet,Felt,0.2950,2.3553,329.6280,659.5090,1.5527,3.1067,-5.3379,-34.2980,,0.0000,27.4610,27.4619,28.1920,0.0000,-3.7023,1.5364,0.0651,0,3
cimbalom_felt,64,E4,0.4500,regular,felt_mallet,Felt,0.2950,2.2971,329.6280,659.5090,1.5144,3.0300,-5.0529,-44.8056,,0.0000,38.2589,38.2604,41.2115,0.0000,-2.9208,1.5876,0.0194,0,3
cimbalom_felt,64,E4,0.4750,regular,felt_mallet,Felt,0.2950,2.2434,329.6280,659.5090,1.4790,2.9591,-4.7987,-41.6486,,0.0000,35.3447,35.3433,33.6800,0.0000,-2.1969,1.6348,0.0279,0,3
cimbalom_felt,64,E4,0.5000,regular,felt_mallet,Felt,0.2950,2.1936,329.6280,659.5090,1.4462,2.8935,-4.5705,-32.9201,,0.0000,26.8469,26.8467,26.1716,0.0000,-1.5232,1.6783,0.0763,0,3
cimbalom_felt,64,E4,0.5250,regular,felt_mallet,Felt,0.2950,2.1473,329.6280,659.5090,1.4156,2.8324,-4.3643,-28.6199,,0.0000,22.7535,22.7536,22.3211,0.0000,-0.8933,1.7186,0.1252,0,3
cimbalom_felt,64,E4,0.5500,regular,felt_mallet,Felt,0.2950,2.1041,329.6280,659.5090,1.3871,2.7753,-4.1771,-25.7508,,0.0000,20.0718,20.0720,19.7506,0.0000,-0.3020,1.7561,0.1742,0,3
cimbalom_felt,64,E4,0.5750,regular,felt_mallet,Felt,0.2950,2.0635,329.6280,659.5090,1.3604,2.7218,-4.0063,-23.6049,,0.0000,18.0970,18.0971,17.8389,0.0000,0.2549,1.7909,0.2230,0,3
cimbalom_felt,64,E4,0.6000,regular,felt_mallet,Felt,0.2950,2.0255,329.6280,659.5090,1.3353,2.6716,-3.8498,-21.8989,,0.0000,16.5477,16.5477,16.3306,0.0000,0.7810,1.8235,0.2713,0,3
cimbalom_felt,64,E4,0.6250,regular,felt_mallet,Felt,0.2950,1.9896,329.6280,659.5090,1.3117,2.6243,-3.7059,-20.4898,,0.0000,15.2827,15.2827,15.0946,0.0000,1.2796,1.8540,0.3191,0,3
cimbalom_felt,64,E4,0.6500,regular,felt_mallet,Felt,0.2950,1.9558,329.6280,659.5090,1.2894,2.5797,-3.5730,-19.2951,,0.0000,14.2210,14.2208,14.0550,0.0000,1.7532,1.8825,0.3662,0,3
cimbalom_felt,64,E4,0.6750,regular,felt_mallet,Felt,0.2950,1.9237,329.6280,659.5090,1.2682,2.5374,-3.4499,-18.2623,,0.0000,13.3114,13.3112,13.1622,0.0000,2.2040,1.9094,0.4124,0,3
cimbalom_felt,64,E4,0.7000,regular,felt_mallet,Felt,0.2950,1.8934,329.6280,659.5090,1.2482,2.4974,-3.3356,-17.3565,,0.0000,12.5197,12.5198,12.3839,0.0000,2.6342,1.9347,0.4577,0,3
cimbalom_felt,64,E4,0.7250,regular,felt_mallet,Felt,0.2950,1.8645,329.6280,659.5090,1.2292,2.4593,-3.2290,-16.5527,,0.0000,11.8225,11.8225,11.6979,0.0000,3.0456,1.9586,0.5021,0,3
cimbalom_felt,64,E4,0.7500,regular,felt_mallet,Felt,0.2950,1.8371,329.6280,659.5090,1.2111,2.4231,-3.1296,-15.8326,,0.0000,11.2019,11.2019,11.0865,0.0000,3.4395,1.9811,0.5455,0,3
cimbalom_felt,64,E4,0.7750,regular,felt_mallet,Felt,0.2950,1.8109,329.6280,659.5090,1.1939,2.3886,-3.0364,-15.1824,,0.0000,10.6448,10.6449,10.5374,0.0000,3.8175,2.0025,0.5879,0,3
cimbalom_felt,64,E4,0.8000,regular,felt_mallet,Felt,0.2950,1.7859,329.6280,659.5090,1.1774,2.3557,-2.9490,-14.5913,,0.0000,10.1411,10.1413,10.0406,0.0000,4.1806,2.0228,0.6293,0,3
cimbalom_felt,64,E4,0.8250,regular,felt_mallet,Felt,0.2950,1.7620,329.6280,659.5090,1.1616,2.3242,-2.8668,-14.0510,,0.0000,9.6832,9.6832,9.5884,0.0000,4.5301,2.0420,0.6697,0,3
cimbalom_felt,64,E4,0.8500,regular,felt_mallet,Felt,0.2950,1.7392,329.6280,659.5090,1.1466,2.2940,-2.7894,-13.5546,,0.0000,9.2642,9.2642,9.1748,0.0000,4.8669,2.0603,0.7091,0,3
cimbalom_felt,64,E4,0.8750,regular,felt_mallet,Felt,0.2950,1.7173,329.6280,659.5090,1.1321,2.2651,-2.7163,-13.0965,,0.0000,8.8792,8.8792,8.7944,0.0000,5.1917,2.0777,0.7475,0,3
cimbalom_felt,64,E4,0.9000,regular,felt_mallet,Felt,0.2950,1.6962,329.6280,659.5090,1.1183,2.2374,-2.6472,-12.6720,,0.0000,8.5239,8.5238,8.4431,0.0000,5.5056,2.0943,0.7850,0,3
cimbalom_felt,64,E4,0.9250,regular,felt_mallet,Felt,0.2950,1.6760,329.6280,659.5090,1.1049,2.2107,-2.5817,-12.2774,,0.0000,8.1947,8.1947,8.1178,0.0000,5.8090,2.1101,0.8214,0,3
cimbalom_felt,64,E4,0.9500,regular,felt_mallet,Felt,0.2950,1.6566,329.6280,659.5090,1.0921,2.1851,-2.5196,-11.9094,,0.0000,7.8887,7.8888,7.8151,0.0000,6.1027,2.1253,0.8570,0,3
cimbalom_felt,64,E4,0.9750,regular,felt_mallet,Felt,0.2950,1.6379,329.6280,659.5090,1.0798,2.1604,-2.4606,-11.5652,,0.0000,7.6036,7.6036,7.5331,0.0000,6.3873,2.1397,0.8916,0,3
cimbalom_felt,64,E4,1.0000,regular,felt_mallet,Felt,0.2950,1.6198,329.6280,659.5090,1.0679,2.1366,-2.4046,-11.2425,,0.0000,7.3369,7.3369,7.2692,0.0000,6.6633,2.1536,0.9254,0,3
cimbalom_felt,64,E4,0.4200,corpus,felt_mallet,Felt,0.2950,2.3675,329.6280,659.5090,1.5608,3.1228,-5.3991,-33.1888,,0.0000,26.2923,26.2912,26.9223,0.0000,-3.8663,1.5256,0.0739,0,3
cimbalom_felt,64,E4,0.4600,corpus,felt_mallet,Felt,0.2950,2.2752,329.6280,659.5090,1.4999,3.0010,-4.9478,-74.4585,,0.0000,51.9924,51.9957,49.9488,0.0000,-2.6249,1.6069,0.0040,1,3
cimbalom_felt,65,F4,0.0500,regular,felt_mallet,Felt,0.2950,5.9269,349.2280,698.7580,4.1397,8.2830,-24.3673,-37.4877,5,-0.2108,11.6232,11.6221,11.5109,0.0000,-40.8598,0.1812,0.0475,0,3
cimbalom_felt,65,F4,0.0750,regular,felt_mallet,Felt,0.2950,4.9591,349.2280,698.7580,3.4637,6.9304,-24.3604,-52.6938,3,-3.5347,26.8279,26.8267,24.4963,0.0000,-37.3313,0.1813,0.0083,0,3
cimbalom_felt,65,F4,0.1000,regular,felt_mallet,Felt,0.2950,4.3699,349.2280,698.7580,3.0522,6.1070,-40.1376,-31.3202,3,-21.7396,-10.3200,-10.3217,-11.9484,-10.3200,-50.6124,0.0295,0.0967,0,3
cimbalom_felt,65,F4,0.1250,regular,felt_mallet,Felt,0.2950,3.9615,349.2280,698.7580,2.7669,5.5362,-25.3868,-31.9834,3,-8.9227,5.0982,5.0985,5.5807,0.0000,-33.9193,0.1611,0.0896,0,3
cimbalom_felt,65,F4,0.1500,regular,felt_mallet,Felt,0.2950,3.6563,349.2280,698.7580,2.5538,5.1098,-18.6514,-43.3086,3,-3.8098,23.1617,23.1613,24.5233,0.0000,-25.6008,0.3498,0.0243,0,3
cimbalom_felt,65,F4,0.1750,regular,felt_mallet,Felt,0.2950,3.4167,349.2280,698.7580,2.3864,4.7749,-15.1420,-35.9811,3,-1.7092,19.3381,19.3379,18.9188,0.0000,-20.7524,0.5240,0.0566,0,3
cimbalom_felt,65,F4,0.2000,regular,felt_mallet,Felt,0.2950,3.2219,349.2280,698.7580,2.2503,4.5026,-12.8688,-28.7456,3,-0.6896,14.3762,14.3764,14.2469,0.0000,-17.3196,0.6807,0.1301,0,3
cimbalom_felt,65,F4,0.2250,regular,felt_mallet,Felt,0.2950,3.0593,349.2280,698.7580,2.1368,4.2754,-11.2451,-25.5897,3,-0.2020,12.8439,12.8443,12.7965,0.0000,-14.6729,0.8207,0.1871,0,3
cimbalom_felt,65,F4,0.2500,regular,felt_mallet,Felt,0.2950,2.9208,349.2280,698.7580,2.0400,4.0818,-10.0158,-23.9686,3,-0.0172,12.4525,12.4526,12.4501,0.0000,-12.5284,0.9455,0.2254,0,3
cimbalom_felt,65,F4,0.2750,regular,felt_mallet,Felt,0.2950,2.8009,349.2280,698.7580,1.9563,3.9143,-9.0475,-23.1989,,0.0000,12.6515,12.6513,12.6815,0.0000,-10.7322,1.0570,0.2463,0,3
cimbalom_felt,65,F4,0.3000,regular,felt_mallet,Felt,0.2950,2.6958,349.2280,698.7580,1.8829,3.7674,-8.2624,-23.0002,,0.0000,13.2378,13.2377,13.2971,0.0000,-9.1914,1.1569,0.2520,0,3
cimbalom_felt,65,F4,0.3250,regular,felt_mallet,Felt,0.2950,2.6026,349.2280,698.7580,1.8178,3.6371,-7.6115,-23.2424,,0.0000,14.1309,14.1308,14.2193,0.0000,-7.8453,1.2470,0.2451,0,3
cimbalom_felt,65,F4,0.3500,regular,felt_mallet,Felt,0.2950,2.5191,349.2280,698.7580,1.7595,3.5205,-7.0622,-23.8728,,0.0000,15.3107,15.3106,15.4333,0.0000,-6.6523,1.3284,0.2279,0,3
cimbalom_felt,65,F4,0.3750,regular,felt_mallet,Felt,0.2950,2.4438,349.2280,698.7580,1.7069,3.4153,-6.5918,-24.8938,,0.0000,16.8018,16.8021,16.9677,0.0000,-5.5827,1.4023,0.2026,0,3
cimbalom_felt,65,F4,0.4000,regular,felt_mallet,Felt,0.2950,2.3755,349.2280,698.7580,1.6592,3.3198,-6.1841,-26.3675,,0.0000,18.6841,18.6837,18.9093,0.0000,-4.6143,1.4697,0.1710,0,3
cimbalom_felt,65,F4,0.4250,regular,felt_mallet,Felt,0.2950,2.3130,349.2280,698.7580,1.6155,3.2324,-5.8269,-28.4527,,0.0000,21.1259,21.1263,21.4468,0.0000,-3.7306,1.5314,0.1345,0,3
cimbalom_felt,65,F4,0.4500,regular,felt_mallet,Felt,0.2950,2.2556,349.2280,698.7580,1.5754,3.1522,-5.5113,-31.5347,,0.0000,24.5243,24.5245,25.0256,0.0000,-2.9185,1.5880,0.0943,0,3
cimbalom_felt,65,F4,0.4750,regular,felt_mallet,Felt,0.2950,2.2026,349.2280,698.7580,1.5384,3.0782,-5.2302,-36.8025,,0.0000,30.0740,30.0750,31.0896,0.0000,-2.1678,1.6403,0.0514,0,3
cimbalom_felt,65,F4,0.5000,regular,felt_mallet,Felt,0.2950,2.1535,349.2280,698.7580,1.5041,3.0095,-4.9781,-54.6325,,0.0000,48.1727,48.1803,69.0187,0.0000,-1.4702,1.6886,0.0066,1,3
cimbalom_felt,65,F4,0.5250,regular,felt_mallet,Felt,0.2950,2.1078,349.2280,698.7580,1.4722,2.9456,-4.7507,-39.0865,,0.0000,32.8305,32.8305,31.5486,0.0000,-0.8190,1.7334,0.0396,0,3
cimbalom_felt,65,F4,0.5500,regular,felt_mallet,Felt,0.2950,2.0651,349.2280,698.7580,1.4424,2.8860,-4.5445,-32.2871,,0.0000,26.2408,26.2398,25.6092,0.0000,-0.2086,1.7750,0.0865,0,3
cimbalom_felt,65,F4,0.5750,regular,felt_mallet,Felt,0.2950,2.0251,349.2280,698.7580,1.4145,2.8301,-4.3565,-28.4933,,0.0000,22.6345,22.6347,22.2074,0.0000,0.3654,1.8139,0.1339,0,3
cimbalom_felt,65,F4,0.6000,regular,felt_mallet,Felt,0.2950,1.9876,349.2280,698.7580,1.3882,2.7777,-4.1844,-25.8567,,0.0000,20.1705,20.1706,19.8451,0.0000,0.9072,1.8502,0.1814,0,3
cimbalom_felt,65,F4,0.6250,regular,felt_mallet,Felt,0.2950,1.9522,349.2280,698.7580,1.3635,2.7283,-4.0262,-23.8424,,0.0000,18.3148,18.3146,18.0499,0.0000,1.4200,1.8842,0.2288,0,3
cimbalom_felt,65,F4,0.6500,regular,felt_mallet,Felt,0.2950,1.9188,349.2280,698.7580,1.3402,2.6816,-3.8803,-22.2191,,0.0000,16.8374,16.8374,16.6129,0.0000,1.9066,1.9161,0.2758,0,3
cimbalom_felt,65,F4,0.6750,regular,felt_mallet,Felt,0.2950,1.8873,349.2280,698.7580,1.3182,2.6375,-3.7452,-20.8653,,0.0000,15.6190,15.6188,15.4235,0.0000,2.3695,1.9461,0.3223,0,3
cimbalom_felt,65,F4,0.7000,regular,felt_mallet,Felt,0.2950,1.8573,349.2280,698.7580,1.2973,2.5956,-3.6198,-19.7088,,0.0000,14.5878,14.5877,14.4144,0.0000,2.8108,1.9744,0.3682,0,3
cimbalom_felt,65,F4,0.7250,regular,felt_mallet,Felt,0.2950,1.8289,349.2280,698.7580,1.2774,2.5559,-3.5030,-18.7030,,0.0000,13.6986,13.6988,13.5424,0.0000,3.2324,2.0011,0.4134,0,3
cimbalom_felt,65,F4,0.7500,regular,felt_mallet,Felt,0.2950,1.8018,349.2280,698.7580,1.2585,2.5181,-3.3940,-17.8164,,0.0000,12.9213,12.9212,12.7789,0.0000,3.6358,2.0264,0.4578,0,3
cimbalom_felt,65,F4,0.7750,regular,felt_mallet,Felt,0.2950,1.7760,349.2280,698.7580,1.2405,2.4820,-3.2920,-17.0261,,0.0000,12.2330,12.2329,12.1021,0.0000,4.0226,2.0503,0.5014,0,3
cimbalom_felt,65,F4,0.8000,regular,felt_mallet,Felt,0.2950,1.7514,349.2280,698.7580,1.2233,2.4476,-3.1964,-16.3153,,0.0000,11.6179,11.6178,11.4964,0.0000,4.3940,2.0731,0.5442,0,3
cimbalom_felt,65,F4,0.8250,regular,felt_mallet,Felt,0.2950,1.7279,349.2280,698.7580,1.2069,2.4147,-3.1064,-15.6714,,0.0000,11.0637,11.0638,10.9504,0.0000,4.7512,2.0946,0.5860,0,3
cimbalom_felt,65,F4,0.8500,regular,felt_mallet,Felt,0.2950,1.7054,349.2280,698.7580,1.1911,2.3833,-3.0218,-15.0842,,0.0000,10.5613,10.5613,10.4552,0.0000,5.0952,2.1151,0.6270,0,3
cimbalom_felt,65,F4,0.8750,regular,felt_mallet,Felt,0.2950,1.6838,349.2280,698.7580,1.1760,2.3531,-2.9419,-14.5458,,0.0000,10.1028,10.1029,10.0027,0.0000,5.4269,2.1347,0.6671,0,3
cimbalom_felt,65,F4,0.9000,regular,felt_mallet,Felt,0.2950,1.6630,349.2280,698.7580,1.1616,2.3241,-2.8663,-14.0499,,0.0000,9.6824,9.6825,9.5877,0.0000,5.7471,2.1533,0.7063,0,3
cimbalom_felt,65,F4,0.9250,regular,felt_mallet,Felt,0.2950,1.6431,349.2280,698.7580,1.1476,2.2963,-2.7948,-13.5911,,0.0000,9.2953,9.2952,9.2054,0.0000,6.0566,2.1711,0.7446,0,3
cimbalom_felt,65,F4,0.9500,regular,felt_mallet,Felt,0.2950,1.6240,349.2280,698.7580,1.1343,2.2695,-2.7271,-13.1651,,0.0000,8.9370,8.9370,8.8514,0.0000,6.3561,2.1882,0.7820,0,3
cimbalom_felt,65,F4,0.9750,regular,felt_mallet,Felt,0.2950,1.6055,349.2280,698.7580,1.1214,2.2437,-2.6627,-12.7683,,0.0000,8.6046,8.6045,8.5230,0.0000,6.6460,2.2044,0.8186,0,3
cimbalom_felt,65,F4,1.0000,regular,felt_mallet,Felt,0.2950,1.5877,349.2280,698.7580,1.1090,2.2189,-2.6015,-12.3974,,0.0000,8.2948,8.2949,8.2167,0.0000,6.9271,2.2200,0.8543,0,3
cimbalom_felt,65,F4,0.4200,corpus,felt_mallet,Felt,0.2950,2.3251,349.2280,698.7580,1.6239,3.2493,-5.8948,-27.9735,,0.0000,20.5789,20.5792,20.8760,0.0000,-3.9012,1.5195,0.1421,0,3
cimbalom_felt,65,F4,0.4600,corpus,felt_mallet,Felt,0.2950,2.2339,349.2280,698.7580,1.5603,3.1219,-5.3950,-33.2472,,0.0000,26.3542,26.3537,26.9886,0.0000,-2.6113,1.6094,0.0774,0,3
cimbalom_felt,66,F#4,0.0500,regular,felt_mallet,Felt,0.2950,5.8475,369.9940,740.3480,4.3271,8.6584,-26.1720,-43.2096,5,-1.2009,15.5402,15.5384,15.0874,0.0000,-42.1776,0.1557,0.0260,0,3
cimbalom_felt,66,F#4,0.0750,regular,felt_mallet,Felt,0.2950,4.8884,369.9940,740.3480,3.6173,7.2382,-23.3188,-42.9600,3,-1.6738,18.1425,18.1444,18.8012,0.0000,-35.8033,0.2162,0.0268,0,3
cimbalom_felt,66,F#4,0.1000,regular,felt_mallet,Felt,0.2950,4.3049,369.9940,740.3480,3.1855,6.3742,-30.0580,-33.5563,3,-10.8318,1.9984,1.9974,1.4126,0.0000,-40.0435,0.0995,0.0791,0,3
cimbalom_felt,66,F#4,0.1250,regular,felt_mallet,Felt,0.2950,3.9007,369.9940,740.3480,2.8864,5.7757,-32.3237,-30.7505,3,-15.0197,-3.0708,-3.0705,-2.3735,-3.0708,-40.3682,0.0767,0.1092,0,3
cimbalom_felt,66,F#4,0.1500,regular,felt_mallet,Felt,0.2950,3.5988,369.9940,740.3480,2.6630,5.3287,-21.6301,-34.8854,3,-5.9353,11.7575,11.7573,12.3169,0.0000,-28.0923,0.2626,0.0678,0,3
cimbalom_felt,66,F#4,0.1750,regular,felt_mallet,Felt,0.2950,3.3618,369.9940,740.3480,2.4877,4.9778,-17.1464,-56.6722,3,-2.8455,38.0147,38.0089,33.7935,0.0000,-22.2700,0.4400,0.0055,0,3
cimbalom_felt,66,F#4,0.2000,regular,felt_mallet,Felt,0.2950,3.1692,369.9940,740.3480,2.3452,4.6926,-14.4082,-33.1162,3,-1.3445,17.2070,17.2071,16.9272,0.0000,-18.3720,0.6031,0.0832,0,3
cimbalom_felt,66,F#4,0.2250,regular,felt_mallet,Felt,0.2950,3.0085,369.9940,740.3480,2.2262,4.4546,-12.5056,-27.9365,3,-0.5603,13.9304,13.9305,13.8229,0.0000,-15.4464,0.7508,0.1510,0,3
cimbalom_felt,66,F#4,0.2500,regular,felt_mallet,Felt,0.2950,2.8716,369.9940,740.3480,2.1250,4.2520,-11.0880,-25.3484,3,-0.1684,12.7602,12.7601,12.7192,0.0000,-13.1135,0.8839,0.2034,0,3
cimbalom_felt,66,F#4,0.2750,regular,felt_mallet,Felt,0.2950,2.7532,369.9940,740.3480,2.0373,4.0766,-9.9831,-23.9361,3,-0.0149,12.4528,12.4528,12.4511,0.0000,-11.1809,1.0037,0.2393,0,3
cimbalom_felt,66,F#4,0.3000,regular,felt_mallet,Felt,0.2950,2.6493,369.9940,740.3480,1.9605,3.9229,-9.0938,-23.2245,,0.0000,12.6306,12.6305,12.6587,0.0000,-9.5359,1.1119,0.2597,0,3
cimbalom_felt,66,F#4,0.3250,regular,felt_mallet,Felt,0.2950,2.5573,369.9940,740.3480,1.8924,3.7866,-8.3606,-22.9994,,0.0000,13.1388,13.1387,13.1941,0.0000,-8.1073,1.2099,0.2666,0,3
cimbalom_felt,66,F#4,0.3500,regular,felt_mallet,Felt,0.2950,2.4749,369.9940,740.3480,1.8314,3.6646,-7.7444,-23.1547,,0.0000,13.9101,13.9102,13.9920,0.0000,-6.8475,1.2988,0.2619,0,3
cimbalom_felt,66,F#4,0.3750,regular,felt_mallet,Felt,0.2950,2.4006,369.9940,740.3480,1.7764,3.5545,-7.2186,-23.6417,,0.0000,14.9231,14.9231,15.0344,0.0000,-5.7224,1.3799,0.2476,0,3
cimbalom_felt,66,F#4,0.4000,regular,felt_mallet,Felt,0.2950,2.3331,369.9940,740.3480,1.7265,3.4546,-6.7640,-24.4519,,0.0000,16.1882,16.1879,16.3358,0.0000,-4.7073,1.4540,0.2255,0,3
cimbalom_felt,66,F#4,0.4250,regular,felt_mallet,Felt,0.2950,2.2714,369.9940,740.3480,1.6808,3.3633,-6.3668,-25.6157,,0.0000,17.7492,17.7490,17.9442,0.0000,-3.7835,1.5221,0.1972,0,3
cimbalom_felt,66,F#4,0.4500,regular,felt_mallet,Felt,0.2950,2.2148,369.9940,740.3480,1.6389,3.2794,-6.0165,-27.2174,,0.0000,19.7016,19.7012,19.9641,0.0000,-2.9367,1.5847,0.1640,0,3
cimbalom_felt,66,F#4,0.4750,regular,felt_mallet,Felt,0.2950,2.1625,369.9940,740.3480,1.6002,3.2020,-5.7051,-29.4423,,0.0000,22.2385,22.2379,22.6104,0.0000,-2.1557,1.6426,0.1269,0,3
cimbalom_felt,66,F#4,0.5000,regular,felt_mallet,Felt,0.2950,2.1140,369.9940,740.3480,1.5644,3.1302,-5.4262,-32.7312,,0.0000,25.8069,25.8064,26.3995,0.0000,-1.4313,1.6961,0.0869,0,3
cimbalom_felt,66,F#4,0.5250,regular,felt_mallet,Felt,0.2950,2.0689,369.9940,740.3480,1.5310,3.0635,-5.1750,-38.5087,,0.0000,31.8363,31.8372,33.1055,0.0000,-0.7563,1.7459,0.0447,0,3
cimbalom_felt,66,F#4,0.5500,regular,felt_mallet,Felt,0.2950,2.0269,369.9940,740.3480,1.4998,3.0012,-4.9474,-72.8911,,0.0000,51.9079,51.9097,50.1665,0.0000,-0.1246,1.7923,0.0046,1,3
cimbalom_felt,66,F#4,0.5750,regular,felt_mallet,Felt,0.2950,1.9874,369.9940,740.3480,1.4707,2.9428,-4.7402,-38.6234,,0.0000,32.3788,32.3782,31.1588,0.0000,0.4688,1.8356,0.0441,0,3
cimbalom_felt,66,F#4,0.6000,regular,felt_mallet,Felt,0.2950,1.9504,369.9940,740.3480,1.4433,2.8880,-4.5506,-32.4494,,0.0000,26.3955,26.3958,25.7534,0.0000,1.0280,1.8761,0.0898,0,3
cimbalom_felt,66,F#4,0.6250,regular,felt_mallet,Felt,0.2950,1.9155,369.9940,740.3480,1.4175,2.8363,-4.3766,-28.8518,,0.0000,22.9733,22.9730,22.5297,0.0000,1.5566,1.9140,0.1359,0,3
cimbalom_felt,66,F#4,0.6500,regular,felt_mallet,Felt,0.2950,1.8826,369.9940,740.3480,1.3931,2.7876,-4.2161,-26.3092,,0.0000,20.5913,20.5912,20.2509,0.0000,2.0577,1.9497,0.1821,0,3
cimbalom_felt,66,F#4,0.6750,regular,felt_mallet,Felt,0.2950,1.8515,369.9940,740.3480,1.3701,2.7415,-4.0677,-24.3480,,0.0000,18.7785,18.7786,18.5000,0.0000,2.5339,1.9833,0.2283,0,3
cimbalom_felt,66,F#4,0.7000,regular,felt_mallet,Felt,0.2950,1.8220,369.9940,740.3480,1.3482,2.6978,-3.9301,-22.7571,,0.0000,17.3254,17.3255,17.0881,0.0000,2.9875,2.0150,0.2742,0,3
cimbalom_felt,66,F#4,0.7250,regular,felt_mallet,Felt,0.2950,1.7939,369.9940,740.3480,1.3275,2.6563,-3.8020,-21.4236,,0.0000,16.1204,16.1203,15.9135,0.0000,3.4204,2.0450,0.3196,0,3
cimbalom_felt,66,F#4,0.7500,regular,felt_mallet,Felt,0.2950,1.7673,369.9940,740.3480,1.3078,2.6168,-3.6824,-20.2797,,0.0000,15.0961,15.0960,14.9120,0.0000,3.8343,2.0733,0.3646,0,3
cimbalom_felt,66,F#4,0.7750,regular,felt_mallet,Felt,0.2950,1.7419,369.9940,740.3480,1.2890,2.5792,-3.5706,-19.2815,,0.0000,14.2096,14.2096,14.0435,0.0000,4.2310,2.1001,0.4090,0,3
cimbalom_felt,66,F#4,0.8000,regular,felt_mallet,Felt,0.2950,1.7176,369.9940,740.3480,1.2710,2.5432,-3.4659,-18.3987,,0.0000,13.4316,13.4317,13.2803,0.0000,4.6115,2.1256,0.4528,0,3
cimbalom_felt,66,F#4,0.8250,regular,felt_mallet,Felt,0.2950,1.6944,369.9940,740.3480,1.2538,2.5089,-3.3674,-17.6097,,0.0000,12.7412,12.7412,12.6020,0.0000,4.9772,2.1498,0.4959,0,3
cimbalom_felt,66,F#4,0.8500,regular,felt_mallet,Felt,0.2950,1.6722,369.9940,740.3480,1.2374,2.4760,-3.2747,-16.8984,,0.0000,12.1224,12.1225,11.9931,0.0000,5.3292,2.1729,0.5382,0,3
cimbalom_felt,66,F#4,0.8750,regular,felt_mallet,Felt,0.2950,1.6509,369.9940,740.3480,1.2217,2.4445,-3.1873,-16.2524,,0.0000,11.5638,11.5639,11.4432,0.0000,5.6684,2.1949,0.5797,0,3
cimbalom_felt,66,F#4,0.9000,regular,felt_mallet,Felt,0.2950,1.6305,369.9940,740.3480,1.2065,2.4143,-3.1048,-15.6620,,0.0000,11.0561,11.0562,10.9428,0.0000,5.9957,2.2159,0.6205,0,3
cimbalom_felt,66,F#4,0.9250,regular,felt_mallet,Felt,0.2950,1.6109,369.9940,740.3480,1.1920,2.3852,-3.0266,-15.1197,,0.0000,10.5920,10.5920,10.4852,0.0000,6.3118,2.2359,0.6605,0,3
cimbalom_felt,66,F#4,0.9500,regular,felt_mallet,Felt,0.2950,1.5920,369.9940,740.3480,1.1781,2.3573,-2.9525,-14.6192,,0.0000,10.1657,10.1656,10.0649,0.0000,6.6175,2.2550,0.6996,0,3
cimbalom_felt,66,F#4,0.9750,regular,felt_mallet,Felt,0.2950,1.5738,369.9940,740.3480,1.1646,2.3304,-2.8822,-14.1553,,0.0000,9.7721,9.7721,9.6764,0.0000,6.9135,2.2734,0.7380,0,3
cimbalom_felt,66,F#4,1.0000,regular,felt_mallet,Felt,0.2950,1.5563,369.9940,740.3480,1.1517,2.3044,-2.8154,-13.7239,,0.0000,9.4076,9.4075,9.3164,0.0000,7.2002,2.2909,0.7756,0,3
cimbalom_felt,66,F#4,0.4200,corpus,felt_mallet,Felt,0.2950,2.2833,369.9940,740.3480,1.6896,3.3809,-6.4422,-25.3516,,0.0000,17.4098,17.4095,17.5941,0.0000,-3.9616,1.5089,0.2033,0,3
cimbalom_felt,66,F#4,0.4600,corpus,felt_mallet,Felt,0.2950,2.1934,369.9940,740.3480,1.6231,3.2477,-5.8877,-28.0166,,0.0000,20.6293,20.6294,20.9281,0.0000,-2.6169,1.6084,0.1496,0,3
cimbalom_felt,67,G4,0.0500,regular,felt_mallet,Felt,0.2950,5.7690,391.9950,784.4180,4.5228,9.0506,-29.1144,-60.1622,5,-3.3333,29.5535,29.5639,35.9933,0.0000,-44.6014,0.1177,0.0039,0,3
cimbalom_felt,67,G4,0.0750,regular,felt_mallet,Felt,0.2950,4.8185,391.9950,784.4180,3.7777,7.5595,-22.9988,-37.2568,3,-0.5408,12.7608,12.7602,12.9593,0.0000,-34.9640,0.2381,0.0548,0,3
cimbalom_felt,67,G4,0.1000,regular,felt_mallet,Felt,0.2950,4.2407,391.9950,784.4180,3.3247,6.6530,-26.2748,-38.4271,3,-6.2285,10.6496,10.6513,9.9974,0.0000,-35.7419,0.1633,0.0479,0,3
cimbalom_felt,67,G4,0.1250,regular,felt_mallet,Felt,0.2950,3.8407,391.9950,784.4180,3.0111,6.0254,-53.3367,-30.9638,3,-35.2031,-23.8985,-23.8939,-37.2665,-23.8985,-60.8911,0.0072,0.1131,0,3
cimbalom_felt,67,G4,0.1500,regular,felt_mallet,Felt,0.2950,3.5420,391.9950,784.4180,2.7769,5.5569,-25.8225,-31.8073,3,-9.2865,4.4871,4.4868,4.9709,0.0000,-31.7656,0.1720,0.1026,0,3
cimbalom_felt,67,G4,0.1750,regular,felt_mallet,Felt,0.2950,3.3077,391.9950,784.4180,2.5932,5.1892,-19.6444,-38.9413,3,-4.4894,17.7991,17.7996,18.6321,0.0000,-24.2489,0.3504,0.0451,0,3
cimbalom_felt,67,G4,0.2000,regular,felt_mallet,Felt,0.2950,3.1173,391.9950,784.4180,2.4439,4.8905,-16.2408,-42.5360,3,-2.3089,24.7920,24.7923,23.8371,0.0000,-19.6856,0.5184,0.0299,0,3
cimbalom_felt,67,G4,0.2250,regular,felt_mallet,Felt,0.2950,2.9584,391.9950,784.4180,2.3194,4.6413,-13.9710,-31.7007,3,-1.1423,16.2288,16.2291,16.0039,0.0000,-16.3927,0.6733,0.1039,0,3
cimbalom_felt,67,G4,0.2500,regular,felt_mallet,Felt,0.2950,2.8232,391.9950,784.4180,2.2134,4.4292,-12.3166,-27.5430,3,-0.4974,13.7261,13.7261,13.6295,0.0000,-13.8234,0.8145,0.1677,0,3
cimbalom_felt,67,G4,0.2750,regular,felt_mallet,Felt,0.2950,2.7062,391.9950,784.4180,2.1217,4.2457,-11.0447,-25.2855,3,-0.1596,12.7403,12.7406,12.7008,0.0000,-11.7235,0.9430,0.2175,0,3
cimbalom_felt,67,G4,0.3000,regular,felt_mallet,Felt,0.2950,2.6037,391.9950,784.4180,2.0413,4.0848,-10.0306,-23.9871,3,-0.0183,12.4564,12.4563,12.4532,0.0000,-9.9536,1.0597,0.2526,0,3
cimbalom_felt,67,G4,0.3250,regular,felt_mallet,Felt,0.2950,2.5128,391.9950,784.4180,1.9700,3.9421,-9.2001,-23.2875,,0.0000,12.5873,12.5872,12.6121,0.0000,-8.4279,1.1661,0.2737,0,3
cimbalom_felt,67,G4,0.3500,regular,felt_mallet,Felt,0.2950,2.4314,391.9950,784.4180,1.9062,3.8145,-8.5059,-23.0131,,0.0000,13.0070,13.0071,13.0566,0.0000,-7.0900,1.2631,0.2825,0,3
cimbalom_felt,67,G4,0.3750,regular,felt_mallet,Felt,0.2950,2.3581,391.9950,784.4180,1.8487,3.6995,-7.9158,-23.0727,,0.0000,13.6567,13.6567,13.7309,0.0000,-5.9006,1.3519,0.2806,0,3
cimbalom_felt,67,G4,0.4000,regular,felt_mallet,Felt,0.2950,2.2915,391.9950,784.4180,1.7965,3.5949,-7.4075,-23.4196,,0.0000,14.5120,14.5121,14.6118,0.0000,-4.8318,1.4333,0.2696,0,3
cimbalom_felt,67,G4,0.4250,regular,felt_mallet,Felt,0.2950,2.2306,391.9950,784.4180,1.7488,3.4995,-6.9645,-24.0378,,0.0000,15.5732,15.5733,15.7033,0.0000,-3.8621,1.5084,0.2511,0,3
cimbalom_felt,67,G4,0.4500,regular,felt_mallet,Felt,0.2950,2.1747,391.9950,784.4180,1.7050,3.4118,-6.5747,-24.9378,,0.0000,16.8635,16.8633,17.0311,0.0000,-2.9759,1.5776,0.2264,0,3
cimbalom_felt,67,G4,0.4750,regular,felt_mallet,Felt,0.2950,2.1231,391.9950,784.4180,1.6645,3.3308,-6.2288,-26.1615,,0.0000,18.4331,18.4329,18.6501,0.0000,-2.1605,1.6417,0.1966,0,3
cimbalom_felt,67,G4,0.5000,regular,felt_mallet,Felt,0.2950,2.0753,391.9950,784.4180,1.6270,3.2558,-5.9197,-27.7993,,0.0000,20.3801,20.3801,20.6692,0.0000,-1.4058,1.7011,0.1628,0,3
cimbalom_felt,67,G4,0.5250,regular,felt_mallet,Felt,0.2950,2.0308,391.9950,784.4180,1.5922,3.1861,-5.6416,-30.0379,,0.0000,22.8972,22.8971,23.3042,0.0000,-0.7039,1.7565,0.1258,0,3
cimbalom_felt,67,G4,0.5500,regular,felt_mallet,Felt,0.2950,1.9893,391.9950,784.4180,1.5596,3.1209,-5.3900,-33.3099,,0.0000,26.4213,26.4214,27.0606,0.0000,-0.0482,1.8081,0.0863,0,3
cimbalom_felt,67,G4,0.5750,regular,felt_mallet,Felt,0.2950,1.9504,391.9950,784.4180,1.5291,3.0599,-5.1612,-38.9848,,0.0000,32.3265,32.3272,33.6787,0.0000,0.5667,1.8564,0.0449,0,3
cimbalom_felt,67,G4,0.6000,regular,felt_mallet,Felt,0.2950,1.9139,391.9950,784.4180,1.5005,3.0027,-4.9521,-65.6902,,0.0000,51.2456,51.2429,52.0979,0.0000,1.1454,1.9016,0.0052,0,3
cimbalom_felt,67,G4,0.6250,regular,felt_mallet,Felt,0.2950,1.8796,391.9950,784.4180,1.4736,2.9487,-4.7604,-39.6114,,0.0000,33.3444,33.3457,31.9913,0.0000,1.6918,1.9441,0.0418,0,3
cimbalom_felt,67,G4,0.6500,regular,felt_mallet,Felt,0.2950,1.8471,391.9950,784.4180,1.4481,2.8978,-4.5837,-33.3082,,0.0000,27.2215,27.2215,26.5177,0.0000,2.2090,1.9840,0.0864,0,3
cimbalom_felt,67,G4,0.6750,regular,felt_mallet,Felt,0.2950,1.8164,391.9950,784.4180,1.4241,2.8497,-4.4205,-29.6670,,0.0000,23.7447,23.7442,23.2631,0.0000,2.7001,2.0216,0.1314,0,3
cimbalom_felt,67,G4,0.7000,regular,felt_mallet,Felt,0.2950,1.7873,391.9950,784.4180,1.4012,2.8040,-4.2692,-27.1001,,0.0000,21.3289,21.3291,20.9592,0.0000,3.1673,2.0572,0.1765,0,3
cimbalom_felt,67,G4,0.7250,regular,felt_mallet,Felt,0.2950,1.7597,391.9950,784.4180,1.3796,2.7607,-4.1285,-25.1216,,0.0000,19.4915,19.4915,19.1899,0.0000,3.6128,2.0907,0.2217,0,3
cimbalom_felt,67,G4,0.7500,regular,felt_mallet,Felt,0.2950,1.7334,391.9950,784.4180,1.3590,2.7194,-3.9973,-23.5164,,0.0000,18.0175,18.0177,17.7617,0.0000,4.0385,2.1226,0.2667,0,3
cimbalom_felt,67,G4,0.7750,regular,felt_mallet,Felt,0.2950,1.7083,391.9950,784.4180,1.3393,2.6801,-3.8746,-22.1701,,0.0000,16.7941,16.7941,16.5707,0.0000,4.4459,2.1528,0.3114,0,3
cimbalom_felt,67,G4,0.8000,regular,felt_mallet,Felt,0.2950,1.6844,391.9950,784.4180,1.3206,2.6426,-3.7597,-21.0143,,0.0000,15.7531,15.7532,15.5547,0.0000,4.8366,2.1814,0.3557,0,3
cimbalom_felt,67,G4,0.8250,regular,felt_mallet,Felt,0.2950,1.6616,391.9950,784.4180,1.3027,2.6067,-3.6519,-20.0046,,0.0000,14.8515,14.8515,14.6727,0.0000,5.2117,2.2087,0.3995,0,3
cimbalom_felt,67,G4,0.8500,regular,felt_mallet,Felt,0.2950,1.6397,391.9950,784.4180,1.2855,2.5724,-3.5504,-19.1107,,0.0000,14.0590,14.0591,13.8961,0.0000,5.5725,2.2346,0.4428,0,3
cimbalom_felt,67,G4,0.8750,regular,felt_mallet,Felt,0.2950,1.6187,391.9950,784.4180,1.2691,2.5395,-3.4547,-18.3108,,0.0000,13.3550,13.3549,13.2052,0.0000,5.9201,2.2594,0.4856,0,3
cimbalom_felt,67,G4,0.9000,regular,felt_mallet,Felt,0.2950,1.5986,391.9950,784.4180,1.2533,2.5079,-3.3643,-17.5888,,0.0000,12.7233,12.7233,12.5845,0.0000,6.2551,2.2830,0.5276,0,3
cimbalom_felt,67,G4,0.9250,regular,felt_mallet,Felt,0.2950,1.5793,391.9950,784.4180,1.2381,2.4776,-3.2788,-16.9323,,0.0000,12.1523,12.1523,12.0226,0.0000,6.5786,2.3056,0.5691,0,3
cimbalom_felt,67,G4,0.9500,regular,felt_mallet,Felt,0.2950,1.5607,391.9950,784.4180,1.2236,2.4485,-3.1978,-16.3317,,0.0000,11.6327,11.6327,11.5112,0.0000,6.8912,2.3272,0.6098,0,3
cimbalom_felt,67,G4,0.9750,regular,felt_mallet,Felt,0.2950,1.5428,391.9950,784.4180,1.2095,2.4204,-3.1210,-15.7793,,0.0000,11.1570,11.1572,11.0424,0.0000,7.1936,2.3479,0.6499,0,3
cimbalom_felt,67,G4,1.0000,regular,felt_mallet,Felt,0.2950,1.5255,391.9950,784.4180,1.1960,2.3933,-3.0479,-15.2688,,0.0000,10.7198,10.7198,10.6114,0.0000,7.4866,2.3677,0.6892,0,3
cimbalom_felt,67,G4,0.4200,corpus,felt_mallet,Felt,0.2950,2.2424,391.9950,784.4180,1.7580,3.5179,-7.0485,-23.8923,,0.0000,15.3437,15.3439,15.4673,0.0000,-4.0489,1.4938,0.2553,0,3
cimbalom_felt,67,G4,0.4600,corpus,felt_mallet,Felt,0.2950,2.1536,391.9950,784.4180,1.6884,3.3786,-6.4315,-25.3848,,0.0000,17.4534,17.4534,17.6385,0.0000,-2.6419,1.6038,0.2150,0,3
cimbalom_felt,68,G#4,0.0500,regular,felt_mallet,Felt,0.2950,5.6913,415.3050,831.1170,4.7272,9.4603,-34.2163,-42.5263,5,-7.6296,6.8164,6.8155,7.6454,0.0000,-49.1447,0.0698,0.0318,0,3
cimbalom_felt,68,G#4,0.0750,regular,felt_mallet,Felt,0.2950,4.7495,415.3050,831.1170,3.9450,7.8948,-23.2974,-35.8723,3,-0.0325,11.0772,11.0768,11.1210,0.0000,-34.7052,0.2453,0.0685,0,3
cimbalom_felt,68,G#4,0.1000,regular,felt_mallet,Felt,0.2950,4.1774,415.3050,831.1170,3.4698,6.9438,-24.3017,-54.5775,3,-3.4427,28.7599,28.7674,25.9761,0.0000,-33.2110,0.2185,0.0080,0,3
cimbalom_felt,68,G#4,0.1250,regular,felt_mallet,Felt,0.2950,3.7815,415.3050,831.1170,3.1410,6.2858,-32.1196,-32.6182,3,-13.1652,-1.0028,-1.0028,-1.6806,-1.0028,-39.0916,0.0888,0.0997,0,3
cimbalom_felt,68,G#4,0.1500,regular,felt_mallet,Felt,0.2950,3.4861,415.3050,831.1170,2.8956,5.7947,-33.1092,-30.7183,3,-15.7428,-3.8872,-3.8877,-3.1436,-3.8872,-38.4927,0.0793,0.1241,0,3
cimbalom_felt,68,G#4,0.1750,regular,felt_mallet,Felt,0.2950,3.2544,415.3050,831.1170,2.7032,5.4096,-22.9405,-33.4627,3,-6.9440,9.0237,9.0243,9.5266,0.0000,-26.9873,0.2556,0.0905,0,3
cimbalom_felt,68,G#4,0.2000,regular,felt_mallet,Felt,0.2950,3.0662,415.3050,831.1170,2.5468,5.0967,-18.4840,-44.3500,3,-3.6985,24.3726,24.3707,25.9142,0.0000,-21.3710,0.4270,0.0258,0,3
cimbalom_felt,68,G#4,0.2250,regular,felt_mallet,Felt,0.2950,2.9092,415.3050,831.1170,2.4164,4.8358,-15.7036,-38.8669,3,-2.0082,21.6612,21.6615,21.0538,0.0000,-17.5678,0.5881,0.0486,0,3
cimbalom_felt,68,G#4,0.2500,regular,felt_mallet,Felt,0.2950,2.7756,415.3050,831.1170,2.3055,4.6138,-13.7409,-31.0244,3,-1.0408,15.7837,15.7829,15.5836,0.0000,-14.6898,0.7372,0.1198,0,3
cimbalom_felt,68,G#4,0.2750,regular,felt_mallet,Felt,0.2950,2.6601,415.3050,831.1170,2.2095,4.4217,-12.2598,-27.4311,3,-0.4790,13.6711,13.6710,13.5766,0.0000,-12.3810,0.8742,0.1812,0,3
cimbalom_felt,68,G#4,0.3000,regular,felt_mallet,Felt,0.2950,2.5588,415.3050,831.1170,2.1254,4.2533,-11.0934,-25.3618,3,-0.1695,12.7679,12.7682,12.7265,0.0000,-10.4589,0.9999,0.2299,0,3
cimbalom_felt,68,G#4,0.3250,regular,felt_mallet,Felt,0.2950,2.4690,415.3050,831.1170,2.0508,4.1041,-10.1464,-24.1138,3,-0.0277,12.4673,12.4672,12.4602,0.0000,-8.8167,1.1150,0.2654,0,3
cimbalom_felt,68,G#4,0.3500,regular,felt_mallet,Felt,0.2950,2.3887,415.3050,831.1170,1.9841,3.9706,-9.3598,-23.3945,,0.0000,12.5344,12.5345,12.5535,0.0000,-7.3865,1.2207,0.2883,0,3
cimbalom_felt,68,G#4,0.3750,regular,felt_mallet,Felt,0.2950,2.3163,415.3050,831.1170,1.9240,3.8503,-8.6946,-23.0555,,0.0000,12.8608,12.8608,12.9031,0.0000,-6.1220,1.3179,0.2998,0,3
cimbalom_felt,68,G#4,0.4000,regular,felt_mallet,Felt,0.2950,2.2506,415.3050,831.1170,1.8694,3.7410,-8.1238,-23.0152,,0.0000,13.3914,13.3913,13.4562,0.0000,-4.9906,1.4074,0.3012,0,3
cimbalom_felt,68,G#4,0.4250,regular,felt_mallet,Felt,0.2950,2.1905,415.3050,831.1170,1.8195,3.6412,-7.6280,-23.2282,,0.0000,14.1001,14.1001,14.1879,0.0000,-3.9681,1.4901,0.2939,0,3
cimbalom_felt,68,G#4,0.4500,regular,felt_mallet,Felt,0.2950,2.1354,415.3050,831.1170,1.7737,3.5495,-7.1930,-23.6734,,0.0000,14.9805,14.9805,15.0936,0.0000,-3.0366,1.5666,0.2792,0,3
cimbalom_felt,68,G#4,0.4750,regular,felt_mallet,Felt,0.2950,2.0845,415.3050,831.1170,1.7314,3.4649,-6.8078,-24.3490,,0.0000,16.0410,16.0413,16.1846,0.0000,-2.1820,1.6376,0.2583,0,3
cimbalom_felt,68,G#4,0.5000,regular,felt_mallet,Felt,0.2950,2.0373,415.3050,831.1170,1.6922,3.3865,-6.4643,-25.2727,,0.0000,17.3086,17.3085,17.4893,0.0000,-1.3929,1.7037,0.2323,0,3
cimbalom_felt,68,G#4,0.5250,regular,felt_mallet,Felt,0.2950,1.9934,415.3050,831.1170,1.6558,3.3136,-6.1558,-26.4874,,0.0000,18.8323,18.8320,19.0624,0.0000,-0.6605,1.7653,0.2019,0,3
cimbalom_felt,68,G#4,0.5500,regular,felt_mallet,Felt,0.2950,1.9525,415.3050,831.1170,1.6218,3.2455,-5.8771,-28.0777,,0.0000,20.7010,20.7011,21.0030,0.0000,0.0222,1.8228,0.1681,0,3
cimbalom_felt,68,G#4,0.5750,regular,felt_mallet,Felt,0.2950,1.9142,415.3050,831.1170,1.5899,3.1818,-5.6240,-30.2088,,0.0000,23.0863,23.0857,23.5028,0.0000,0.6614,1.8767,0.1316,0,3
cimbalom_felt,68,G#4,0.6000,regular,felt_mallet,Felt,0.2950,1.8782,415.3050,831.1170,1.5600,3.1219,-5.3930,-33.2454,,0.0000,26.3536,26.3540,26.9879,0.0000,1.2620,1.9273,0.0927,0,3
cimbalom_felt,68,G#4,0.6250,regular,felt_mallet,Felt,0.2950,1.8443,415.3050,831.1170,1.5319,3.0656,-5.1814,-38.2407,,0.0000,31.5622,31.5626,32.7870,0.0000,1.8282,1.9748,0.0522,0,3
cimbalom_felt,68,G#4,0.6500,regular,felt_mallet,Felt,0.2950,1.8123,415.3050,831.1170,1.5053,3.0124,-4.9866,-52.3486,,0.0000,45.8824,45.8819,56.3376,0.0000,2.3637,2.0196,0.0103,0,3
cimbalom_felt,68,G#4,0.6750,regular,felt_mallet,Felt,0.2950,1.7820,415.3050,831.1170,1.4801,2.9621,-4.8069,-42.3245,,0.0000,36.0102,36.0104,34.2244,0.0000,2.8713,2.0619,0.0326,0,3
cimbalom_felt,68,G#4,0.7000,regular,felt_mallet,Felt,0.2950,1.7533,415.3050,831.1170,1.4563,2.9144,-4.6403,-34.9518,,0.0000,28.8070,28.8080,27.9735,0.0000,3.3537,2.1018,0.0762,0,3
cimbalom_felt,68,G#4,0.7250,regular,felt_mallet,Felt,0.2950,1.7261,415.3050,831.1170,1.4337,2.8692,-4.4855,-30.9892,,0.0000,25.0012,25.0012,24.4490,0.0000,3.8132,2.1396,0.1203,0,3
cimbalom_felt,68,G#4,0.7500,regular,felt_mallet,Felt,0.2950,1.7002,415.3050,831.1170,1.4122,2.8261,-4.3414,-28.2649,,0.0000,22.4215,22.4215,22.0042,0.0000,4.2519,2.1754,0.1646,0,3
cimbalom_felt,68,G#4,0.7750,regular,felt_mallet,Felt,0.2950,1.6755,415.3050,831.1170,1.3917,2.7850,-4.2067,-26.1908,,0.0000,20.4824,20.4823,20.1455,0.0000,4.6714,2.2094,0.2090,0,3
cimbalom_felt,68,G#4,0.8000,regular,felt_mallet,Felt,0.2950,1.6519,415.3050,831.1170,1.3721,2.7459,-4.0806,-24.5199,,0.0000,18.9377,18.9377,18.6541,0.0000,5.0733,2.2417,0.2533,0,3
cimbalom_felt,68,G#4,0.8250,regular,felt_mallet,Felt,0.2950,1.6294,415.3050,831.1170,1.3534,2.7084,-3.9622,-23.1245,,0.0000,17.6607,17.6608,17.4143,0.0000,5.4589,2.2724,0.2975,0,3
cimbalom_felt,68,G#4,0.8500,regular,felt_mallet,Felt,0.2950,1.6078,415.3050,831.1170,1.3355,2.6726,-3.8510,-21.9297,,0.0000,16.5773,16.5773,16.3594,0.0000,5.8295,2.3017,0.3413,0,3
cimbalom_felt,68,G#4,0.8750,regular,felt_mallet,Felt,0.2950,1.5872,415.3050,831.1170,1.3183,2.6383,-3.7461,-20.8877,,0.0000,15.6403,15.6403,15.4447,0.0000,6.1861,2.3297,0.3848,0,3
cimbalom_felt,68,G#4,0.9000,regular,felt_mallet,Felt,0.2950,1.5674,415.3050,831.1170,1.3019,2.6053,-3.6471,-19.9662,,0.0000,14.8179,14.8178,14.6396,0.0000,6.5298,2.3564,0.4279,0,3
cimbalom_felt,68,G#4,0.9250,regular,felt_mallet,Felt,0.2950,1.5483,415.3050,831.1170,1.2860,2.5737,-3.5535,-19.1420,,0.0000,14.0871,14.0873,13.9235,0.0000,6.8613,2.3819,0.4705,0,3
cimbalom_felt,68,G#4,0.9500,regular,felt_mallet,Felt,0.2950,1.5300,415.3050,831.1170,1.2708,2.5432,-3.4649,-18.3983,,0.0000,13.4322,13.4322,13.2809,0.0000,7.1816,2.4063,0.5126,0,3
cimbalom_felt,68,G#4,0.9750,regular,felt_mallet,Felt,0.2950,1.5124,415.3050,831.1170,1.2562,2.5139,-3.3808,-17.7221,,0.0000,12.8403,12.8401,12.6993,0.0000,7.4913,2.4297,0.5541,0,3
cimbalom_felt,68,G#4,1.0000,regular,felt_mallet,Felt,0.2950,1.4954,415.3050,831.1170,1.2421,2.4857,-3.3010,-17.1034,,0.0000,12.3012,12.3013,12.1690,0.0000,7.7911,2.4522,0.5950,0,3
cimbalom_felt,68,G#4,0.4200,corpus,felt_mallet,Felt,0.2950,2.2021,415.3050,831.1170,1.8291,3.6604,-7.7219,-23.1666,,0.0000,13.9446,13.9447,14.0273,0.0000,-4.1648,1.4740,0.2960,0,3
cimbalom_felt,68,G#4,0.4600,corpus,felt_mallet,Felt,0.2950,2.1145,415.3050,831.1170,1.7563,3.5148,-7.0334,-23.9155,,0.0000,15.3822,15.3821,15.5065,0.0000,-2.6863,1.5956,0.2715,0,3
cimbalom_felt,69,A4,0.0500,regular,felt_mallet,Felt,0.2950,5.6144,440.0000,880.6040,4.9407,9.8882,-48.0174,-39.8500,5,-20.6291,-9.6591,-9.6575,-7.7231,-9.6591,-62.3381,0.0153,0.0465,0,3
cimbalom_felt,69,A4,0.0750,regular,felt_mallet,Felt,0.2950,4.6813,440.0000,880.6040,4.1196,8.2448,-24.2206,-37.1770,5,-0.1541,11.4583,11.4581,11.3622,0.0000,-35.0247,0.2364,0.0632,0,3
cimbalom_felt,69,A4,0.1000,regular,felt_mallet,Felt,0.2950,4.1149,440.0000,880.6040,3.6211,7.2472,-23.3033,-42.6749,3,-1.6386,17.8751,17.8748,18.5075,0.0000,-31.6085,0.2628,0.0336,0,3
cimbalom_felt,69,A4,0.1250,regular,felt_mallet,Felt,0.2950,3.7232,440.0000,880.6040,3.2764,6.5574,-27.2872,-36.3330,3,-7.5204,7.5447,7.5450,6.9655,0.0000,-33.6549,0.1661,0.0697,0,3
cimbalom_felt,69,A4,0.1500,regular,felt_mallet,Felt,0.2950,3.4310,440.0000,880.6040,3.0193,6.0427,-48.5538,-31.0278,3,-30.3668,-19.0363,-19.0382,-24.2595,-19.0363,-53.3472,0.0143,0.1283,0,3
cimbalom_felt,69,A4,0.1750,regular,felt_mallet,Felt,0.2950,3.2019,440.0000,880.6040,2.8177,5.6393,-27.8078,-31.2474,3,-10.9813,1.9421,1.9418,2.4582,0.0000,-31.2506,0.1565,0.1251,0,3
cimbalom_felt,69,A4,0.2000,regular,felt_mallet,Felt,0.2950,3.0159,440.0000,880.6040,2.6540,5.3116,-21.3538,-35.2502,3,-5.7278,12.3994,12.3986,12.9763,0.0000,-23.6373,0.3289,0.0789,0,3
cimbalom_felt,69,A4,0.2250,regular,felt_mallet,Felt,0.2950,2.8608,440.0000,880.6040,2.5175,5.0385,-17.8030,-52.1274,3,-3.2557,32.8389,32.8352,37.0552,0.0000,-19.0635,0.4950,0.0113,0,3
cimbalom_felt,69,A4,0.2500,regular,felt_mallet,Felt,0.2950,2.7288,440.0000,880.6040,2.4014,4.8060,-15.4184,-37.3440,3,-1.8544,20.4239,20.4242,19.9211,0.0000,-15.7638,0.6514,0.0620,0,3
cimbalom_felt,69,A4,0.2750,regular,felt_mallet,Felt,0.2950,2.6147,440.0000,880.6040,2.3009,4.6050,-13.6665,-30.8200,3,-1.0088,15.6533,15.6529,15.4590,0.0000,-13.1842,0.7970,0.1315,0,3
cimbalom_felt,69,A4,0.3000,regular,felt_mallet,Felt,0.2950,2.5147,440.0000,880.6040,2.2129,4.4288,-12.3095,-27.5378,3,-0.4950,13.7278,13.7279,13.6317,0.0000,-11.0714,0.9318,0.1918,0,3
cimbalom_felt,69,A4,0.3250,regular,felt_mallet,Felt,0.2950,2.4260,440.0000,880.6040,2.1349,4.2727,-11.2202,-25.5618,3,-0.1965,12.8416,12.8413,12.7949,0.0000,-9.2869,1.0563,0.2408,0,3
cimbalom_felt,69,A4,0.3500,regular,felt_mallet,Felt,0.2950,2.3468,440.0000,880.6040,2.0651,4.1331,-10.3228,-24.3186,3,-0.0456,12.4954,12.4956,12.4822,0.0000,-7.7458,1.1712,0.2779,0,3
cimbalom_felt,69,A4,0.3750,regular,felt_mallet,Felt,0.2950,2.2753,440.0000,880.6040,2.0023,4.0073,-9.5686,-23.5560,3,-0.0001,12.4869,12.4873,12.4990,0.0000,-6.3924,1.2775,0.3034,0,3
cimbalom_felt,69,A4,0.4000,regular,felt_mallet,Felt,0.2950,2.2104,440.0000,880.6040,1.9452,3.8930,-8.9245,-23.1417,,0.0000,12.7171,12.7171,12.7512,0.0000,-5.1877,1.3758,0.3182,0,3
cimbalom_felt,69,A4,0.4250,regular,felt_mallet,Felt,0.2950,2.1511,440.0000,880.6040,1.8930,3.7886,-8.3673,-22.9999,,0.0000,13.1323,13.1324,13.1869,0.0000,-4.1040,1.4669,0.3234,0,3
cimbalom_felt,69,A4,0.4500,regular,felt_mallet,Felt,0.2950,2.0967,440.0000,880.6040,1.8451,3.6928,-7.8800,-23.0859,,0.0000,13.7060,13.7059,13.7814,0.0000,-3.1202,1.5516,0.3202,0,3
cimbalom_felt,69,A4,0.4750,regular,felt_mallet,Felt,0.2950,2.0465,440.0000,880.6040,1.8009,3.6043,-7.4498,-23.3754,,0.0000,14.4256,14.4256,14.5230,0.0000,-2.2204,1.6304,0.3097,0,3
cimbalom_felt,69,A4,0.5000,regular,felt_mallet,Felt,0.2950,2.0000,440.0000,880.6040,1.7600,3.5224,-7.0669,-23.8587,,0.0000,15.2919,15.2919,15.4143,0.0000,-1.3919,1.7039,0.2930,0,3
cimbalom_felt,69,A4,0.5250,regular,felt_mallet,Felt,0.2950,1.9567,440.0000,880.6040,1.7219,3.4462,-6.7237,-24.5397,,0.0000,16.3160,16.3161,16.4669,0.0000,-0.6250,1.7725,0.2709,0,3
cimbalom_felt,69,A4,0.5500,regular,felt_mallet,Felt,0.2950,1.9163,440.0000,880.6040,1.6864,3.3751,-6.4143,-25.4367,,0.0000,17.5225,17.5227,17.7100,0.0000,0.0885,1.8368,0.2443,0,3
cimbalom_felt,69,A4,0.5750,regular,felt_mallet,Felt,0.2950,1.8785,440.0000,880.6040,1.6531,3.3085,-6.1337,-26.5882,,0.0000,18.9548,18.9549,19.1894,0.0000,0.7552,1.8971,0.2140,0,3
cimbalom_felt,69,A4,0.6000,regular,felt_mallet,Felt,0.2950,1.8430,440.0000,880.6040,1.6219,3.2460,-5.8780,-28.0645,,0.0000,20.6875,20.6871,20.9890,0.0000,1.3806,1.9538,0.1805,0,3
cimbalom_felt,69,A4,0.6250,regular,felt_mallet,Felt,0.2950,1.8096,440.0000,880.6040,1.5925,3.1871,-5.6440,-29.9964,,0.0000,22.8536,22.8533,23.2580,0.0000,1.9692,2.0072,0.1445,0,3
cimbalom_felt,69,A4,0.6500,regular,felt_mallet,Felt,0.2950,1.7781,440.0000,880.6040,1.5647,3.1316,-5.4289,-32.6525,,0.0000,25.7245,25.7250,26.3098,0.0000,2.5249,2.0575,0.1064,0,3
cimbalom_felt,69,A4,0.6750,regular,felt_mallet,Felt,0.2950,1.7483,440.0000,880.6040,1.5385,3.0790,-5.2306,-36.7115,,0.0000,29.9838,29.9837,30.9873,0.0000,3.0511,2.1050,0.0667,0,3
cimbalom_felt,69,A4,0.7000,regular,felt_mallet,Felt,0.2950,1.7200,440.0000,880.6040,1.5136,3.0292,-5.0470,-45.0096,,0.0000,38.4702,38.4709,41.5172,0.0000,3.5506,2.1500,0.0256,0,3
cimbalom_felt,69,A4,0.7250,regular,felt_mallet,Felt,0.2950,1.6931,440.0000,880.6040,1.4900,2.9820,-4.8765,-48.9027,,0.0000,42.5169,42.5114,39.1162,0.0000,4.0258,2.1926,0.0164,0,3
cimbalom_felt,69,A4,0.7500,regular,felt_mallet,Felt,0.2950,1.6676,440.0000,880.6040,1.4675,2.9370,-4.7179,-37.7501,,0.0000,31.5283,31.5276,30.4134,0.0000,4.4789,2.2330,0.0592,0,3
cimbalom_felt,69,A4,0.7750,regular,felt_mallet,Felt,0.2950,1.6433,440.0000,880.6040,1.4461,2.8941,-4.5698,-32.9795,,0.0000,26.9062,26.9068,26.2268,0.0000,4.9118,2.2714,0.1026,0,3
cimbalom_felt,69,A4,0.8000,regular,felt_mallet,Felt,0.2950,1.6200,440.0000,880.6040,1.4256,2.8532,-4.4312,-29.8978,,0.0000,23.9648,23.9643,23.4713,0.0000,5.3262,2.3079,0.1462,0,3
cimbalom_felt,69,A4,0.8250,regular,felt_mallet,Felt,0.2950,1.5979,440.0000,880.6040,1.4061,2.8142,-4.3012,-27.6197,,0.0000,21.8161,21.8165,21.4262,0.0000,5.7234,2.3427,0.1901,0,3
cimbalom_felt,69,A4,0.8500,regular,felt_mallet,Felt,0.2950,1.5766,440.0000,880.6040,1.3874,2.7767,-4.1791,-25.8152,,0.0000,20.1344,20.1344,19.8100,0.0000,6.1049,2.3759,0.2339,0,3
cimbalom_felt,69,A4,0.8750,regular,felt_mallet,Felt,0.2950,1.5563,440.0000,880.6040,1.3695,2.7409,-4.0641,-24.3242,,0.0000,18.7584,18.7586,18.4805,0.0000,6.4717,2.4076,0.2777,0,3
cimbalom_felt,69,A4,0.9000,regular,felt_mallet,Felt,0.2950,1.5367,440.0000,880.6040,1.3523,2.7065,-3.9555,-23.0568,,0.0000,17.5999,17.5998,17.3555,0.0000,6.8249,2.4378,0.3214,0,3
cimbalom_felt,69,A4,0.9250,regular,felt_mallet,Felt,0.2950,1.5180,440.0000,880.6040,1.3358,2.6735,-3.8530,-21.9570,,0.0000,16.6027,16.6027,16.3843,0.0000,7.1654,2.4668,0.3648,0,3
cimbalom_felt,69,A4,0.9500,regular,felt_mallet,Felt,0.2950,1.4999,440.0000,880.6040,1.3199,2.6417,-3.7559,-20.9879,,0.0000,15.7305,15.7307,15.5327,0.0000,7.4942,2.4945,0.4078,0,3
cimbalom_felt,69,A4,0.9750,regular,felt_mallet,Felt,0.2950,1.4826,440.0000,880.6040,1.3047,2.6111,-3.6638,-20.1235,,0.0000,14.9584,14.9584,14.7772,0.0000,7.8118,2.5211,0.4505,0,3
cimbalom_felt,69,A4,1.0000,regular,felt_mallet,Felt,0.2950,1.4658,440.0000,880.6040,1.2899,2.5816,-3.5764,-19.3449,,0.0000,14.2673,14.2672,14.1002,0.0000,8.1191,2.5466,0.4927,0,3
cimbalom_felt,69,A4,0.4200,corpus,felt_mallet,Felt,0.2950,2.1626,440.0000,880.6040,1.9031,3.8088,-8.4727,-23.0089,,0.0000,13.0361,13.0361,13.0865,0.0000,-4.3121,1.4493,0.3231,0,3
cimbalom_felt,69,A4,0.4600,corpus,felt_mallet,Felt,0.2950,2.0762,440.0000,880.6040,1.8270,3.6566,-7.7017,-23.1781,,0.0000,13.9763,13.9764,14.0601,0.0000,-2.7509,1.5838,0.3169,0,3
cimbalom_felt,70,A#4,0.0500,regular,felt_mallet,Felt,0.2950,5.5384,466.1640,933.0460,5.1636,10.3352,-40.0836,-41.7548,5,-11.8975,0.1709,0.1718,-0.8693,0.0000,-53.7543,0.0411,0.0403,0,3
cimbalom_felt,70,A#4,0.0750,regular,felt_mallet,Felt,0.2950,4.6140,466.1640,933.0460,4.3017,8.6101,-25.8778,-42.0912,5,-1.0146,14.7171,14.7146,14.3371,0.0000,-36.0230,0.2108,0.0387,0,3
cimbalom_felt,70,A#4,0.1000,regular,felt_mallet,Felt,0.2950,4.0533,466.1640,933.0460,3.7790,7.5638,-22.9987,-37.2184,3,-0.5343,12.7223,12.7218,12.9203,0.0000,-30.6455,0.2936,0.0679,0,3
cimbalom_felt,70,A#4,0.1250,regular,felt_mallet,Felt,0.2950,3.6657,466.1640,933.0460,3.4177,6.8406,-24.8653,-45.3333,3,-4.2935,18.9675,18.9654,17.8067,0.0000,-30.5738,0.2368,0.0267,0,3
cimbalom_felt,70,A#4,0.1500,regular,felt_mallet,Felt,0.2950,3.3767,466.1640,933.0460,3.1482,6.3013,-31.7364,-32.7672,3,-12.7376,-0.4709,-0.4707,-1.1293,-0.4709,-35.8629,0.1073,0.1133,0,3
cimbalom_felt,70,A#4,0.1750,regular,felt_mallet,Felt,0.2950,3.1503,466.1640,933.0460,2.9371,5.8787,-37.7613,-30.6748,3,-20.1149,-8.5802,-8.5815,-7.4400,-8.5802,-40.5414,0.0537,0.1442,0,3
cimbalom_felt,70,A#4,0.2000,regular,felt_mallet,Felt,0.2950,2.9664,466.1640,933.0460,2.7656,5.5355,-25.3320,-31.9897,3,-8.8771,5.1603,5.1598,5.6403,0.0000,-26.9562,0.2245,0.1239,0,3
cimbalom_felt,70,A#4,0.2250,regular,felt_mallet,Felt,0.2950,2.8131,466.1640,933.0460,2.6228,5.2496,-20.4454,-36.8418,3,-5.0596,14.9000,14.8989,15.5714,0.0000,-21.0471,0.3940,0.0709,0,3
cimbalom_felt,70,A#4,0.2500,regular,felt_mallet,Felt,0.2950,2.6828,466.1640,933.0460,2.5012,5.0063,-17.4400,-67.7640,3,-3.0268,43.4107,43.3995,46.6396,0.0000,-17.1267,0.5568,0.0038,0,3
cimbalom_felt,70,A#4,0.2750,regular,felt_mallet,Felt,0.2950,2.5700,466.1640,933.0460,2.3961,4.7959,-15.3206,-36.8794,3,-1.8026,20.0576,20.0575,19.5838,0.0000,-14.1796,0.7107,0.0706,0,3
cimbalom_felt,70,A#4,0.3000,regular,felt_mallet,Felt,0.2950,2.4713,466.1640,933.0460,2.3040,4.6116,-13.7172,-30.9736,3,-1.0306,15.7556,15.7558,15.5564,0.0000,-11.8205,0.8548,0.1393,0,3
cimbalom_felt,70,A#4,0.3250,regular,felt_mallet,Felt,0.2950,2.3838,466.1640,933.0460,2.2224,4.4483,-12.4497,-27.8370,3,-0.5414,13.8870,13.8869,13.7820,0.0000,-9.8578,0.9891,0.1999,0,3
cimbalom_felt,70,A#4,0.3500,regular,felt_mallet,Felt,0.2950,2.3055,466.1640,933.0460,2.1495,4.3023,-11.4167,-25.8840,3,-0.2417,12.9673,12.9672,12.9121,0.0000,-8.1811,1.1140,0.2503,0,3
cimbalom_felt,70,A#4,0.3750,regular,felt_mallet,Felt,0.2950,2.2350,466.1640,933.0460,2.0837,4.1707,-10.5553,-24.6099,3,-0.0753,12.5543,12.5544,12.5326,0.0000,-6.7204,1.2301,0.2899,0,3
cimbalom_felt,70,A#4,0.4000,regular,felt_mallet,Felt,0.2950,2.1709,466.1640,933.0460,2.0240,4.0512,-9.8242,-23.7853,3,-0.0062,12.4610,12.4610,12.4642,0.0000,-5.4288,1.3381,0.3187,0,3
cimbalom_felt,70,A#4,0.4250,regular,felt_mallet,Felt,0.2950,2.1125,466.1640,933.0460,1.9695,3.9421,-9.1948,-23.2872,,0.0000,12.5924,12.5924,12.6167,0.0000,-4.2728,1.4387,0.3376,0,3
cimbalom_felt,70,A#4,0.4500,regular,felt_mallet,Felt,0.2950,2.0588,466.1640,933.0460,1.9195,3.8419,-8.6464,-23.0431,,0.0000,12.8964,12.8966,12.9404,0.0000,-3.2280,1.5325,0.3472,0,3
cimbalom_felt,70,A#4,0.4750,regular,felt_mallet,Felt,0.2950,2.0093,466.1640,933.0460,1.8733,3.7495,-8.1639,-23.0086,,0.0000,13.3447,13.3446,13.4079,0.0000,-2.2758,1.6200,0.3486,0,3
cimbalom_felt,70,A#4,0.5000,regular,felt_mallet,Felt,0.2950,1.9634,466.1640,933.0460,1.8305,3.6638,-7.7357,-23.1568,,0.0000,13.9212,13.9211,14.0033,0.0000,-1.4021,1.7019,0.3427,0,3
cimbalom_felt,70,A#4,0.5250,regular,felt_mallet,Felt,0.2950,1.9207,466.1640,933.0460,1.7907,3.5842,-7.3528,-23.4734,,0.0000,14.6204,14.6206,14.7234,0.0000,-0.5954,1.7786,0.3304,0,3
cimbalom_felt,70,A#4,0.5500,regular,felt_mallet,Felt,0.2950,1.8809,466.1640,933.0460,1.7536,3.5099,-7.0083,-23.9539,,0.0000,15.4456,15.4457,15.5717,0.0000,0.1532,1.8505,0.3126,0,3
cimbalom_felt,70,A#4,0.5750,regular,felt_mallet,Felt,0.2950,1.8436,466.1640,933.0460,1.7188,3.4403,-6.6964,-24.6034,,0.0000,16.4072,16.4072,16.5608,0.0000,0.8512,1.9182,0.2901,0,3
cimbalom_felt,70,A#4,0.6000,regular,felt_mallet,Felt,0.2950,1.8086,466.1640,933.0460,1.6862,3.3750,-6.4127,-25.4381,,0.0000,17.5256,17.5256,17.7134,0.0000,1.5045,1.9819,0.2635,0,3
cimbalom_felt,70,A#4,0.6250,regular,felt_mallet,Felt,0.2950,1.7756,466.1640,933.0460,1.6555,3.3135,-6.1534,-26.4885,,0.0000,18.8355,18.8355,19.0658,0.0000,2.1184,2.0419,0.2335,0,3
cimbalom_felt,70,A#4,0.6500,regular,felt_mallet,Felt,0.2950,1.7446,466.1640,933.0460,1.6265,3.2555,-5.9154,-27.8081,,0.0000,20.3936,20.3933,20.6828,0.0000,2.6972,2.0987,0.2006,0,3
cimbalom_felt,70,A#4,0.6750,regular,felt_mallet,Felt,0.2950,1.7152,466.1640,933.0460,1.5991,3.2006,-5.6961,-29.4911,,0.0000,22.2958,22.2959,22.6715,0.0000,3.2442,2.1523,0.1652,0,3
cimbalom_felt,70,A#4,0.7000,regular,felt_mallet,Felt,0.2950,1.6873,466.1640,933.0460,1.5731,3.1486,-5.4934,-31.7156,,0.0000,24.7241,24.7235,25.2386,0.0000,3.7628,2.2031,0.1279,0,3
cimbalom_felt,70,A#4,0.7250,regular,felt_mallet,Felt,0.2950,1.6608,466.1640,933.0460,1.5484,3.0993,-5.3054,-34.8726,,0.0000,28.0698,28.0693,28.8583,0.0000,4.2556,2.2513,0.0889,0,3
cimbalom_felt,70,A#4,0.7500,regular,felt_mallet,Felt,0.2950,1.6357,466.1640,933.0460,1.5250,3.0523,-5.1305,-40.1161,,0.0000,33.4892,33.4901,35.0557,0.0000,4.7249,2.2971,0.0486,0,3
cimbalom_felt,70,A#4,0.7750,regular,felt_mallet,Felt,0.2950,1.6117,466.1640,933.0460,1.5026,3.0076,-4.9674,-56.6233,,0.0000,49.3686,49.3643,66.7496,0.0000,5.1729,2.3407,0.0080,1,3
cimbalom_felt,70,A#4,0.8000,regular,felt_mallet,Felt,0.2950,1.5888,466.1640,933.0460,1.4813,2.9649,-4.8149,-42.9963,,0.0000,36.6729,36.6735,34.7639,0.0000,5.6011,2.3821,0.0349,0,3
cimbalom_felt,70,A#4,0.8250,regular,felt_mallet,Felt,0.2950,1.5669,466.1640,933.0460,1.4609,2.9241,-4.6720,-36.0467,,0.0000,29.8705,29.8707,28.9361,0.0000,6.0113,2.4217,0.0777,0,3
cimbalom_felt,70,A#4,0.8500,regular,felt_mallet,Felt,0.2950,1.5460,466.1640,933.0460,1.4414,2.8850,-4.5377,-32.2049,,0.0000,26.1644,26.1643,25.5386,0.0000,6.4049,2.4594,0.1210,0,3
cimbalom_felt,70,A#4,0.8750,regular,felt_mallet,Felt,0.2950,1.5260,466.1640,933.0460,1.4227,2.8476,-4.4114,-29.5356,,0.0000,23.6221,23.6220,23.1473,0.0000,6.7829,2.4954,0.1644,0,3
cimbalom_felt,70,A#4,0.9000,regular,felt_mallet,Felt,0.2950,1.5067,466.1640,933.0460,1.4048,2.8117,-4.2923,-27.4906,,0.0000,21.6965,21.6963,21.3119,0.0000,7.1468,2.5299,0.2081,0,3
cimbalom_felt,70,A#4,0.9250,regular,felt_mallet,Felt,0.2950,1.4882,466.1640,933.0460,1.3875,2.7772,-4.1798,-25.8352,,0.0000,20.1536,20.1537,19.8287,0.0000,7.4972,2.5628,0.2518,0,3
cimbalom_felt,70,A#4,0.9500,regular,felt_mallet,Felt,0.2950,1.4705,466.1640,933.0460,1.3710,2.7440,-4.0733,-24.4473,,0.0000,18.8727,18.8724,18.5908,0.0000,7.8354,2.5945,0.2954,0,3
cimbalom_felt,70,A#4,0.9750,regular,felt_mallet,Felt,0.2950,1.4534,466.1640,933.0460,1.3550,2.7121,-3.9724,-23.2547,,0.0000,17.7808,17.7807,17.5314,0.0000,8.1619,2.6248,0.3389,0,3
cimbalom_felt,70,A#4,1.0000,regular,felt_mallet,Felt,0.2950,1.4369,466.1640,933.0460,1.3397,2.6814,-3.8767,-22.2111,,0.0000,16.8331,16.8331,16.6089,0.0000,8.4775,2.6538,0.3821,0,3
cimbalom_felt,70,A#4,0.4200,corpus,felt_mallet,Felt,0.2950,2.1238,466.1640,933.0460,1.9800,3.9631,-9.3136,-23.3647,,0.0000,12.5511,12.5510,12.5716,0.0000,-4.4944,1.4192,0.3346,0,3
cimbalom_felt,70,A#4,0.4600,corpus,felt_mallet,Felt,0.2950,2.0385,466.1640,933.0460,1.9006,3.8040,-8.4462,-23.0060,,0.0000,13.0596,13.0597,13.1113,0.0000,-2.8369,1.5682,0.3487,0,3
cimbalom_felt,71,B4,0.0500,regular,felt_mallet,Felt,0.2950,5.4632,493.8830,988.6200,5.3964,10.8020,-33.6650,-51.5521,5,-4.6845,16.3903,16.3869,14.8605,0.0000,-46.6090,0.0935,0.0142,0,3
cimbalom_felt,71,B4,0.0750,regular,felt_mallet,Felt,0.2950,4.5475,493.8830,988.6200,4.4918,8.9914,-28.5558,-75.4821,5,-2.9004,37.9551,37.9620,33.4752,0.0000,-37.9761,0.1683,0.0021,1,3
cimbalom_felt,71,B4,0.1000,regular,felt_mallet,Felt,0.2950,3.9924,493.8830,988.6200,3.9436,7.8940,-23.2926,-35.8723,3,-0.0341,11.0823,11.0817,11.1244,0.0000,-30.2146,0.3085,0.0861,0,3
cimbalom_felt,71,B4,0.1250,regular,felt_mallet,Felt,0.2950,3.6090,493.8830,988.6200,3.5649,7.1359,-23.5797,-47.4443,3,-2.2098,22.3698,22.3693,23.6636,0.0000,-28.5638,0.2985,0.0227,0,3
cimbalom_felt,71,B4,0.1500,regular,felt_mallet,Felt,0.2950,3.3232,493.8830,988.6200,3.2826,6.5709,-27.1443,-36.5950,3,-7.3416,7.9500,7.9500,7.3622,0.0000,-30.5449,0.1980,0.0793,0,3
cimbalom_felt,71,B4,0.1750,regular,felt_mallet,Felt,0.2950,3.0994,493.8830,988.6200,3.0614,6.1282,-38.7795,-31.4360,3,-20.3225,-8.8469,-8.8467,-10.2291,-8.8469,-40.8443,0.0519,0.1436,0,3
cimbalom_felt,71,B4,0.2000,regular,felt_mallet,Felt,0.2950,2.9176,493.8830,988.6200,2.8819,5.7689,-31.9589,-30.7641,3,-14.6857,-2.6926,-2.6919,-2.0187,-2.6926,-32.8581,0.1138,0.1551,0,3
cimbalom_felt,71,B4,0.2250,regular,felt_mallet,Felt,0.2950,2.7662,493.8830,988.6200,2.7324,5.4695,-23.9970,-32.6699,3,-7.7845,7.1750,7.1748,7.6573,0.0000,-23.8738,0.2845,0.1246,0,3
cimbalom_felt,71,B4,0.2500,regular,felt_mallet,Felt,0.2950,2.6374,493.8830,988.6200,2.6052,5.2149,-19.9626,-37.9646,3,-4.7136,16.5035,16.5046,17.2561,0.0000,-18.9246,0.4527,0.0677,0,3
cimbalom_felt,71,B4,0.2750,regular,felt_mallet,Felt,0.2950,2.5261,493.8830,988.6200,2.4952,4.9947,-17.3090,-69.2440,3,-2.9455,43.7071,43.7218,39.0732,0.0000,-15.4433,0.6145,0.0040,0,3
cimbalom_felt,71,B4,0.3000,regular,felt_mallet,Felt,0.2950,2.4286,493.8830,988.6200,2.3989,4.8019,-15.3722,-37.1528,3,-1.8298,20.2789,20.2792,19.7886,0.0000,-12.7507,0.7680,0.0744,0,3
cimbalom_felt,71,B4,0.3250,regular,felt_mallet,Felt,0.2950,2.3422,493.8830,988.6200,2.3136,4.6311,-13.8740,-31.4442,3,-1.0991,16.0691,16.0696,15.8540,0.0000,-10.5574,0.9125,0.1435,0,3
cimbalom_felt,71,B4,0.3500,regular,felt_mallet,Felt,0.2950,2.2650,493.8830,988.6200,2.2373,4.4784,-12.6706,-28.3261,3,-0.6178,14.1551,14.1552,14.0371,0.0000,-8.7103,1.0481,0.2054,0,3
cimbalom_felt,71,B4,0.3750,regular,felt_mallet,Felt,0.2950,2.1954,493.8830,988.6200,2.1685,4.3408,-11.6776,-26.3376,3,-0.3079,13.1595,13.1598,13.0933,0.0000,-7.1180,1.1751,0.2583,0,3
cimbalom_felt,71,B4,0.4000,regular,felt_mallet,Felt,0.2950,2.1322,493.8830,988.6200,2.1061,4.2158,-10.8413,-25.0014,3,-0.1212,12.6599,12.6599,12.6280,0.0000,-5.7212,1.2938,0.3012,0,3
cimbalom_felt,71,B4,0.4250,regular,felt_mallet,Felt,0.2950,2.0745,493.8830,988.6200,2.0491,4.1018,-10.1257,-24.0980,3,-0.0259,12.4723,12.4721,12.4656,0.0000,-4.4790,1.4049,0.3342,0,3
cimbalom_felt,71,B4,0.4500,regular,felt_mallet,Felt,0.2950,2.0215,493.8830,988.6200,1.9968,3.9970,-9.5053,-23.5082,,0.0000,12.5027,12.5027,12.5167,0.0000,-3.3622,1.5090,0.3577,0,3
cimbalom_felt,71,B4,0.4750,regular,felt_mallet,Felt,0.2950,1.9727,493.8830,988.6200,1.9485,3.9004,-8.9616,-23.1606,,0.0000,12.6989,12.6989,12.7317,0.0000,-2.3489,1.6064,0.3723,0,3
cimbalom_felt,71,B4,0.5000,regular,felt_mallet,Felt,0.2950,1.9274,493.8830,988.6200,1.9038,3.8110,-8.4807,-23.0104,,0.0000,13.0298,13.0297,13.0798,0.0000,-1.4224,1.6979,0.3788,0,3
cimbalom_felt,71,B4,0.5250,regular,felt_mallet,Felt,0.2950,1.8853,493.8830,988.6200,1.8623,3.7278,-8.0519,-23.0289,,0.0000,13.4770,13.4769,13.5445,0.0000,-0.5698,1.7838,0.3780,0,3
cimbalom_felt,71,B4,0.5500,regular,felt_mallet,Felt,0.2950,1.8461,493.8830,988.6200,1.8235,3.6501,-7.6670,-23.1983,,0.0000,14.0315,14.0313,14.1169,0.0000,0.2192,1.8647,0.3707,0,3
cimbalom_felt,71,B4,0.5750,regular,felt_mallet,Felt,0.2950,1.8093,493.8830,988.6200,1.7872,3.5774,-7.3193,-23.5093,,0.0000,14.6899,14.6900,14.7949,0.0000,0.9529,1.9408,0.3577,0,3
cimbalom_felt,71,B4,0.6000,regular,felt_mallet,Felt,0.2950,1.7748,493.8830,988.6200,1.7531,3.5092,-7.0036,-23.9593,,0.0000,15.4557,15.4558,15.5821,0.0000,1.6383,2.0126,0.3396,0,3
cimbalom_felt,71,B4,0.6250,regular,felt_mallet,Felt,0.2950,1.7423,493.8830,988.6200,1.7210,3.4450,-6.7155,-24.5530,,0.0000,16.3372,16.3376,16.4891,0.0000,2.2810,2.0805,0.3172,0,3
cimbalom_felt,71,B4,0.6500,regular,felt_mallet,Felt,0.2950,1.7117,493.8830,988.6200,1.6907,3.3844,-6.4515,-25.3025,,0.0000,17.3510,17.3511,17.5331,0.0000,2.8857,2.1447,0.2909,0,3
cimbalom_felt,71,B4,0.6750,regular,felt_mallet,Felt,0.2950,1.6827,493.8830,988.6200,1.6621,3.3271,-6.2086,-26.2304,,0.0000,18.5219,18.5221,18.7418,0.0000,3.4564,2.2055,0.2615,0,3
cimbalom_felt,71,B4,0.7000,regular,felt_mallet,Felt,0.2950,1.6552,493.8830,988.6200,1.6350,3.2728,-5.9843,-27.3743,,0.0000,19.8903,19.8905,20.1592,0.0000,3.9966,2.2632,0.2292,0,3
cimbalom_felt,71,B4,0.7250,regular,felt_mallet,Felt,0.2950,1.6291,493.8830,988.6200,1.6092,3.2212,-5.7765,-28.7973,,0.0000,21.5218,21.5215,21.8599,0.0000,4.5091,2.3180,0.1946,0,3
cimbalom_felt,71,B4,0.7500,regular,felt_mallet,Felt,0.2950,1.6043,493.8830,988.6200,1.5847,3.1722,-5.5834,-30.6092,,0.0000,23.5267,23.5267,23.9676,0.0000,4.9967,2.3701,0.1579,0,3
cimbalom_felt,71,B4,0.7750,regular,felt_mallet,Felt,0.2950,1.5807,493.8830,988.6200,1.5614,3.1255,-5.4035,-33.0219,,0.0000,26.1201,26.1199,26.7354,0.0000,5.4614,2.4198,0.1196,0,3
cimbalom_felt,71,B4,0.8000,regular,felt_mallet,Felt,0.2950,1.5582,493.8830,988.6200,1.5391,3.0809,-5.2354,-36.5233,,0.0000,29.7904,29.7905,30.7699,0.0000,5.9053,2.4670,0.0799,0,3
cimbalom_felt,71,B4,0.8250,regular,felt_mallet,Felt,0.2950,1.5366,493.8830,988.6200,1.5178,3.0383,-5.0780,-42.7305,,0.0000,36.1574,36.1584,38.3784,0.0000,6.3300,2.5122,0.0391,0,3
cimbalom_felt,71,B4,0.8500,regular,felt_mallet,Felt,0.2950,1.5160,493.8830,988.6200,1.4975,2.9975,-4.9303,-66.2535,,0.0000,51.2964,51.2914,46.7493,0.0000,6.7370,2.5552,0.0070,0,3
cimbalom_felt,71,B4,0.8750,regular,felt_mallet,Felt,0.2950,1.4963,493.8830,988.6200,1.4780,2.9585,-4.7914,-41.5047,,0.0000,35.2060,35.2069,33.5642,0.0000,7.1277,2.5964,0.0451,0,3
cimbalom_felt,71,B4,0.9000,regular,felt_mallet,Felt,0.2950,1.4773,493.8830,988.6200,1.4592,2.9210,-4.6604,-35.6854,,0.0000,29.5220,29.5213,28.6223,0.0000,7.5034,2.6359,0.0881,0,3
cimbalom_felt,71,B4,0.9250,regular,felt_mallet,Felt,0.2950,1.4591,493.8830,988.6200,1.4413,2.8850,-4.5368,-32.2055,,0.0000,26.1662,26.1660,25.5399,0.0000,7.8649,2.6736,0.1315,0,3
cimbalom_felt,71,B4,0.9500,regular,felt_mallet,Felt,0.2950,1.4416,493.8830,988.6200,1.4240,2.8504,-4.4200,-29.7147,,0.0000,23.7927,23.7926,23.3088,0.0000,8.2134,2.7099,0.1751,0,3
cimbalom_felt,71,B4,0.9750,regular,felt_mallet,Felt,0.2950,1.4248,493.8830,988.6200,1.4073,2.8171,-4.3093,-27.7753,,0.0000,21.9643,21.9642,21.5683,0.0000,8.5497,2.7446,0.2189,0,3
cimbalom_felt,71,B4,1.0000,regular,felt_mallet,Felt,0.2950,1.4085,493.8830,988.6200,1.3913,2.7850,-4.2043,-26.1892,,0.0000,20.4834,20.4832,20.1469,0.0000,8.8746,2.7780,0.2628,0,3
cimbalom_felt,71,B4,0.4200,corpus,felt_mallet,Felt,0.2950,2.0856,493.8830,988.6200,2.0601,4.1238,-10.2605,-24.2507,3,-0.0388,12.4900,12.4900,12.4785,0.0000,-4.7167,1.3833,0.3284,0,3
cimbalom_felt,71,B4,0.4600,corpus,felt_mallet,Felt,0.2950,2.0015,493.8830,988.6200,1.9770,3.9575,-9.2795,-23.3431,,0.0000,12.5633,12.5634,12.5848,0.0000,-2.9454,1.5487,0.3646,0,3
cimbalom_felt,72,C5,0.0500,regular,felt_mallet,Felt,0.2950,5.3888,523.2510,1047.5170,5.6394,11.2897,-31.2468,-49.1782,5,-1.4750,16.4387,16.4384,17.2531,0.0000,-43.3850,0.1354,0.0204,0,3
cimbalom_felt,72,C5,0.0750,regular,felt_mallet,Felt,0.2950,4.4818,523.2510,1047.5170,4.6902,9.3895,-33.0452,-43.6228,5,-6.6016,9.0816,9.0833,9.9688,0.0000,-41.6607,0.1101,0.0387,0,3
cimbalom_felt,72,C5,0.1000,regular,felt_mallet,Felt,0.2950,3.9324,523.2510,1047.5170,4.1153,8.2386,-24.1906,-37.1299,5,-0.1432,11.4407,11.4412,11.3482,0.0000,-30.3075,0.3052,0.0818,0,3
cimbalom_felt,72,C5,0.1250,regular,felt_mallet,Felt,0.2950,3.5531,523.2510,1047.5170,3.7184,7.4439,-23.0412,-38.5609,3,-0.8793,14.0224,14.0221,14.3139,0.0000,-27.2197,0.3484,0.0693,0,3
cimbalom_felt,72,C5,0.1500,regular,felt_mallet,Felt,0.2950,3.2705,523.2510,1047.5170,3.4226,6.8519,-24.8054,-45.9902,3,-4.2061,19.6842,19.6821,18.4474,0.0000,-27.4005,0.2844,0.0295,0,3
cimbalom_felt,72,C5,0.1750,regular,felt_mallet,Felt,0.2950,3.0492,523.2510,1047.5170,3.1910,6.3882,-29.8461,-33.7261,3,-10.5868,2.3790,2.3791,1.7964,0.0000,-31.1031,0.1592,0.1210,0,3
cimbalom_felt,72,C5,0.2000,regular,felt_mallet,Felt,0.2950,2.8697,523.2510,1047.5170,3.0031,6.0120,-64.3384,-30.9187,3,-46.2565,-28.0860,-28.0890,-29.8226,-28.0860,-57.6017,0.0066,0.1672,0,3
cimbalom_felt,72,C5,0.2250,regular,felt_mallet,Felt,0.2950,2.7201,523.2510,1047.5170,2.8465,5.6986,-29.4710,-30.9711,3,-12.4424,0.0026,0.0027,0.5672,0.0000,-28.5422,0.1662,0.1662,0,3
cimbalom_felt,72,C5,0.2500,regular,felt_mallet,Felt,0.2950,2.5929,523.2510,1047.5170,2.7134,5.4321,-23.3014,-33.1422,3,-7.2285,8.3425,8.3429,8.8346,0.0000,-21.4580,0.3382,0.1294,0,3
cimbalom_felt,72,C5,0.2750,regular,felt_mallet,Felt,0.2950,2.4829,523.2510,1047.5170,2.5984,5.2018,-19.7813,-38.4433,3,-4.5855,17.1650,17.1647,17.9565,0.0000,-17.1104,0.5072,0.0703,0,3
cimbalom_felt,72,C5,0.3000,regular,felt_mallet,Felt,0.2950,2.3866,523.2510,1047.5170,2.4976,5.0001,-17.3616,-103.3660,3,-2.9781,45.1117,45.1192,41.7928,0.0000,-13.9350,0.6701,0.0037,1,3
cimbalom_felt,72,C5,0.3250,regular,felt_mallet,Felt,0.2950,2.3014,523.2510,1047.5170,2.4084,4.8215,-15.5506,-38.1020,3,-1.9252,21.0505,21.0498,20.4962,0.0000,-11.4287,0.8254,0.0731,0,3
cimbalom_felt,72,C5,0.3500,regular,felt_mallet,Felt,0.2950,2.2251,523.2510,1047.5170,2.3286,4.6617,-14.1258,-32.2381,3,-1.2125,16.6116,16.6117,16.3668,0.0000,-9.3603,0.9726,0.1437,0,3
cimbalom_felt,72,C5,0.3750,regular,felt_mallet,Felt,0.2950,2.1564,523.2510,1047.5170,2.2567,4.5178,-12.9666,-29.0212,3,-0.7262,14.5545,14.5542,14.4167,0.0000,-7.6019,1.1114,0.2080,0,3
cimbalom_felt,72,C5,0.4000,regular,felt_mallet,Felt,0.2950,2.0941,523.2510,1047.5170,2.1915,4.3872,-12.0005,-26.9409,3,-0.3990,13.4402,13.4401,13.3585,0.0000,-6.0753,1.2422,0.2643,0,3
cimbalom_felt,72,C5,0.4250,regular,felt_mallet,Felt,0.2950,2.0372,523.2510,1047.5170,2.1319,4.2680,-11.1803,-25.5117,3,-0.1878,12.8315,12.8313,12.7861,0.0000,-4.7285,1.3652,0.3116,0,3
cimbalom_felt,72,C5,0.4500,regular,felt_mallet,Felt,0.2950,1.9849,523.2510,1047.5170,2.0772,4.1585,-10.4736,-24.5122,3,-0.0641,12.5385,12.5385,12.5194,0.0000,-3.5253,1.4809,0.3496,0,3
cimbalom_felt,72,C5,0.4750,regular,felt_mallet,Felt,0.2950,1.9367,523.2510,1047.5170,2.0268,4.0576,-9.8572,-23.8218,3,-0.0077,12.4646,12.4645,12.4667,0.0000,-2.4393,1.5898,0.3785,0,3
cimbalom_felt,72,C5,0.5000,regular,felt_mallet,Felt,0.2950,1.8921,523.2510,1047.5170,1.9801,3.9640,-9.3143,-23.3683,,0.0000,12.5540,12.5539,12.5746,0.0000,-1.4508,1.6923,0.3988,0,3
cimbalom_felt,72,C5,0.5250,regular,felt_mallet,Felt,0.2950,1.8506,523.2510,1047.5170,1.9367,3.8771,-8.8319,-23.1052,,0.0000,12.7732,12.7732,12.8105,0.0000,-0.5447,1.7890,0.4111,0,3
cimbalom_felt,72,C5,0.5500,regular,felt_mallet,Felt,0.2950,1.8119,523.2510,1047.5170,1.8962,3.7960,-8.4001,-23.0021,,0.0000,13.1020,13.1020,13.1551,0.0000,0.2911,1.8802,0.4160,0,3
cimbalom_felt,72,C5,0.5750,regular,felt_mallet,Felt,0.2950,1.7757,523.2510,1047.5170,1.8582,3.7200,-8.0111,-23.0388,,0.0000,13.5277,13.5277,13.5968,0.0000,1.0663,1.9663,0.4143,0,3
cimbalom_felt,72,C5,0.6000,regular,felt_mallet,Felt,0.2950,1.7416,523.2510,1047.5170,1.8226,3.6488,-7.6586,-23.2026,,0.0000,14.0439,14.0440,14.1300,0.0000,1.7884,2.0477,0.4065,0,3
cimbalom_felt,72,C5,0.6250,regular,felt_mallet,Felt,0.2950,1.7096,523.2510,1047.5170,1.7891,3.5817,-7.3376,-23.4865,,0.0000,14.6488,14.6489,14.7523,0.0000,2.4640,2.1248,0.3934,0,3
cimbalom_felt,72,C5,0.6500,regular,felt_mallet,Felt,0.2950,1.6794,523.2510,1047.5170,1.7575,3.5184,-7.0440,-23.8885,,0.0000,15.3444,15.3446,15.4678,0.0000,3.0983,2.1979,0.3757,0,3
cimbalom_felt,72,C5,0.6750,regular,felt_mallet,Felt,0.2950,1.6508,523.2510,1047.5170,1.7276,3.4586,-6.7742,-24.4117,,0.0000,16.1376,16.1376,16.2837,0.0000,3.6959,2.2672,0.3537,0,3
cimbalom_felt,72,C5,0.7000,regular,felt_mallet,Felt,0.2950,1.6238,523.2510,1047.5170,1.6993,3.4019,-6.5254,-25.0644,,0.0000,17.0393,17.0393,17.2118,0.0000,4.2606,2.3331,0.3281,0,3
cimbalom_felt,72,C5,0.7250,regular,felt_mallet,Felt,0.2950,1.5981,523.2510,1047.5170,1.6724,3.3480,-6.2952,-25.8622,,0.0000,18.0672,18.0673,18.2714,0.0000,4.7956,2.3957,0.2993,0,3
cimbalom_felt,72,C5,0.7500,regular,felt_mallet,Felt,0.2950,1.5736,523.2510,1047.5170,1.6468,3.2968,-6.0816,-26.8299,,0.0000,19.2485,19.2488,19.4938,0.0000,5.3037,2.4554,0.2677,0,3
cimbalom_felt,72,C5,0.7750,regular,felt_mallet,Felt,0.2950,1.5504,523.2510,1047.5170,1.6225,3.2481,-5.8827,-28.0073,,0.0000,20.6252,20.6252,20.9239,0.0000,5.7874,2.5123,0.2338,0,3
cimbalom_felt,72,C5,0.8000,regular,felt_mallet,Felt,0.2950,1.5281,523.2510,1047.5170,1.5992,3.2015,-5.6971,-29.4592,,0.0000,22.2632,22.2629,22.6363,0.0000,6.2487,2.5665,0.1978,0,3
cimbalom_felt,72,C5,0.8250,regular,felt_mallet,Felt,0.2950,1.5069,523.2510,1047.5170,1.5770,3.1571,-5.5235,-31.2977,,0.0000,24.2754,24.2754,24.7617,0.0000,6.6896,2.6183,0.1600,0,3
cimbalom_felt,72,C5,0.8500,regular,felt_mallet,Felt,0.2950,1.4866,523.2510,1047.5170,1.5557,3.1145,-5.3606,-33.7385,,0.0000,26.8799,26.8796,27.5576,0.0000,7.1118,2.6679,0.1208,0,3
cimbalom_felt,72,C5,0.8750,regular,felt_mallet,Felt,0.2950,1.4672,523.2510,1047.5170,1.5354,3.0737,-5.2076,-37.2782,,0.0000,30.5724,30.5735,31.6537,0.0000,7.5166,2.7153,0.0804,0,3
cimbalom_felt,72,C5,0.9000,regular,felt_mallet,Felt,0.2950,1.4485,523.2510,1047.5170,1.5158,3.0346,-5.0635,-43.5787,,0.0000,37.0216,37.0220,39.5211,0.0000,7.9054,2.7608,0.0389,0,3
cimbalom_felt,72,C5,0.9250,regular,felt_mallet,Felt,0.2950,1.4306,523.2510,1047.5170,1.4971,2.9971,-4.9275,-64.7848,,0.0000,51.0924,51.0931,46.4001,0.0000,8.2793,2.8043,0.0078,0,3
cimbalom_felt,72,C5,0.9500,regular,felt_mallet,Felt,0.2950,1.4133,523.2510,1047.5170,1.4790,2.9610,-4.7990,-42.0582,,0.0000,35.7527,35.7522,34.0159,0.0000,8.6394,2.8461,0.0464,0,3
cimbalom_felt,72,C5,0.9750,regular,felt_mallet,Felt,0.2950,1.3967,523.2510,1047.5170,1.4617,2.9262,-4.6774,-36.3100,,0.0000,30.1285,30.1287,29.1692,0.0000,8.9867,2.8862,0.0899,0,3
cimbalom_felt,72,C5,1.0000,regular,felt_mallet,Felt,0.2950,1.3808,523.2510,1047.5170,1.4450,2.8927,-4.5621,-32.8554,,0.0000,26.7908,26.7905,26.1200,0.0000,9.3219,2.9248,0.1338,0,3
cimbalom_felt,72,C5,0.4200,corpus,felt_mallet,Felt,0.2950,2.0482,523.2510,1047.5170,2.1434,4.2910,-11.3344,-25.7581,3,-0.2223,12.9234,12.9235,12.8716,0.0000,-4.9853,1.3412,0.3029,0,3
cimbalom_felt,72,C5,0.4600,corpus,felt_mallet,Felt,0.2950,1.9652,523.2510,1047.5170,2.0566,4.1172,-10.2172,-24.2038,3,-0.0344,12.4864,12.4864,12.4761,0.0000,-3.0780,1.5252,0.3623,0,3
cimbalom_felt,73,C#5,0.0500,regular,felt_mallet,Felt,0.2950,5.3153,554.3650,1109.9380,5.8932,11.7992,-30.6831,-43.2509,5,-0.1229,11.0747,11.0735,11.1929,0.0000,-41.9203,0.1603,0.0448,0,3
cimbalom_felt,73,C#5,0.0750,regular,felt_mallet,Felt,0.2950,4.4169,554.3650,1109.9380,4.8972,9.8050,-43.1014,-39.9810,5,-15.8736,-4.6116,-4.6134,-3.3821,-4.6116,-50.8122,0.0384,0.0653,0,3
cimbalom_felt,73,C#5,0.1000,regular,felt_mallet,Felt,0.2950,3.8732,554.3650,1109.9380,4.2944,8.5981,-25.7953,-41.8373,5,-0.9636,14.5435,14.5433,14.1785,0.0000,-31.0104,0.2815,0.0528,0,3
cimbalom_felt,73,C#5,0.1250,regular,felt_mallet,Felt,0.2950,3.4980,554.3650,1109.9380,3.8784,7.7652,-23.1079,-36.0656,3,-0.1595,11.4605,11.4597,11.5538,0.0000,-26.3851,0.3836,0.1025,0,3
cimbalom_felt,73,C#5,0.1500,regular,felt_mallet,Felt,0.2950,3.2186,554.3650,1109.9380,3.5686,7.1449,-23.5584,-46.9184,3,-2.1690,21.8653,21.8647,23.0561,0.0000,-25.2519,0.3642,0.0294,0,3
cimbalom_felt,73,C#5,0.1750,regular,felt_mallet,Felt,0.2950,2.9999,554.3650,1109.9380,3.3260,6.6593,-26.2496,-38.5880,3,-6.1955,10.8385,10.8375,10.1776,0.0000,-26.6048,0.2671,0.0767,0,3
cimbalom_felt,73,C#5,0.2000,regular,felt_mallet,Felt,0.2950,2.8224,554.3650,1109.9380,3.1293,6.2654,-32.7879,-32.4317,3,-13.9056,-1.8580,-1.8575,-2.5791,-1.8580,-31.9844,0.1258,0.1558,0,3
cimbalom_felt,73,C#5,0.2250,regular,felt_mallet,Felt,0.2950,2.6746,554.3650,1109.9380,2.9654,5.9374,-43.1476,-30.7359,3,-25.3126,-13.9032,-13.9043,-11.9620,-13.9032,-41.3105,0.0382,0.1894,0,3
cimbalom_felt,73,C#5,0.2500,regular,felt_mallet,Felt,0.2950,2.5490,554.3650,1109.9380,2.8262,5.6585,-28.2691,-31.1472,3,-11.3830,1.3805,1.3803,1.9064,0.0000,-25.5239,0.2118,0.1807,0,3
cimbalom_felt,73,C#5,0.2750,regular,felt_mallet,Felt,0.2950,2.4405,554.3650,1109.9380,2.7058,5.4175,-23.0327,-33.3469,3,-7.0164,8.8165,8.8162,9.3149,0.0000,-19.4600,0.3870,0.1402,0,3
cimbalom_felt,73,C#5,0.3000,regular,felt_mallet,Felt,0.2950,2.3454,554.3650,1109.9380,2.6004,5.2065,-19.8352,-38.2674,3,-4.6235,16.9334,16.9350,17.7101,0.0000,-15.5070,0.5592,0.0796,0,3
cimbalom_felt,73,C#5,0.3250,regular,felt_mallet,Felt,0.2950,2.2612,554.3650,1109.9380,2.5071,5.0196,-17.5699,-57.8875,3,-3.1082,38.8448,38.8380,50.5664,0.0000,-12.5465,0.7258,0.0083,0,3
cimbalom_felt,73,C#5,0.3500,regular,felt_mallet,Felt,0.2950,2.1860,554.3650,1109.9380,2.4237,4.8526,-15.8430,-39.8496,3,-2.0849,22.5046,22.5046,21.8153,0.0000,-10.1759,0.8854,0.0664,0,3
cimbalom_felt,73,C#5,0.3750,regular,felt_mallet,Felt,0.2950,2.1182,554.3650,1109.9380,2.3485,4.7021,-14.4665,-33.4067,3,-1.3723,17.4389,17.4394,17.1467,0.0000,-8.2002,1.0374,0.1393,0,3
cimbalom_felt,73,C#5,0.4000,regular,felt_mallet,Felt,0.2950,2.0567,554.3650,1109.9380,2.2803,4.5656,-13.3354,-29.9576,3,-0.8707,15.1216,15.1218,14.9559,0.0000,-6.5086,1.1817,0.2072,0,3
cimbalom_felt,73,C#5,0.4250,regular,felt_mallet,Felt,0.2950,2.0005,554.3650,1109.9380,2.2181,4.4410,-12.3851,-27.7223,3,-0.5198,13.8368,13.8369,13.7347,0.0000,-5.0317,1.3183,0.2680,0,3
cimbalom_felt,73,C#5,0.4500,regular,felt_mallet,Felt,0.2950,1.9490,554.3650,1109.9380,2.1609,4.3266,-11.5728,-26.1654,3,-0.2805,13.0924,13.0924,13.0304,0.0000,-3.7230,1.4476,0.3206,0,3
cimbalom_felt,73,C#5,0.4750,regular,felt_mallet,Felt,0.2950,1.9015,554.3650,1109.9380,2.1082,4.2210,-10.8690,-25.0496,3,-0.1261,12.6805,12.6805,12.6470,0.0000,-2.5495,1.5697,0.3646,0,3
cimbalom_felt,73,C#5,0.5000,regular,felt_mallet,Felt,0.2950,1.8575,554.3650,1109.9380,2.0594,4.1233,-10.2521,-24.2475,3,-0.0379,12.4953,12.4953,12.4837,0.0000,-1.4872,1.6853,0.3999,0,3
cimbalom_felt,73,C#5,0.5250,regular,felt_mallet,Felt,0.2950,1.8165,554.3650,1109.9380,2.0141,4.0325,-9.7063,-23.6830,3,-0.0021,12.4766,12.4765,12.4836,0.0000,-0.5176,1.7946,0.4267,0,3
cimbalom_felt,73,C#5,0.5500,regular,felt_mallet,Felt,0.2950,1.7784,554.3650,1109.9380,1.9717,3.9477,-9.2196,-23.3072,,0.0000,12.5875,12.5876,12.6109,0.0000,0.3732,1.8980,0.4456,0,3
cimbalom_felt,73,C#5,0.5750,regular,felt_mallet,Felt,0.2950,1.7426,554.3650,1109.9380,1.9321,3.8684,-8.7824,-23.0875,,0.0000,12.8050,12.8050,12.8441,0.0000,1.1965,1.9960,0.4570,0,3
cimbalom_felt,73,C#5,0.6000,regular,felt_mallet,Felt,0.2950,1.7091,554.3650,1109.9380,1.8949,3.7940,-8.3873,-23.0014,,0.0000,13.1140,13.1140,13.1674,0.0000,1.9613,2.0889,0.4615,0,3
cimbalom_felt,73,C#5,0.6250,regular,felt_mallet,Felt,0.2950,1.6775,554.3650,1109.9380,1.8599,3.7239,-8.0283,-23.0337,,0.0000,13.5055,13.5053,13.5739,0.0000,2.6748,2.1770,0.4598,0,3
cimbalom_felt,73,C#5,0.6500,regular,felt_mallet,Felt,0.2950,1.6478,554.3650,1109.9380,1.8269,3.6578,-7.7006,-23.1744,,0.0000,13.9739,13.9738,14.0577,0.0000,3.3432,2.2607,0.4524,0,3
cimbalom_felt,73,C#5,0.6750,regular,felt_mallet,Felt,0.2950,1.6196,554.3650,1109.9380,1.7957,3.5953,-7.4000,-23.4177,,0.0000,14.5179,14.5178,14.6176,0.0000,3.9716,2.3403,0.4399,0,3
cimbalom_felt,73,C#5,0.7000,regular,felt_mallet,Felt,0.2950,1.5929,554.3650,1109.9380,1.7661,3.5361,-7.1233,-23.7616,,0.0000,15.1383,15.1384,15.2559,0.0000,4.5642,2.4161,0.4229,0,3
cimbalom_felt,73,C#5,0.7250,regular,felt_mallet,Felt,0.2950,1.5676,554.3650,1109.9380,1.7381,3.4799,-6.8677,-24.2074,,0.0000,15.8398,15.8399,15.9774,0.0000,5.1246,2.4882,0.4017,0,3
cimbalom_felt,73,C#5,0.7500,regular,felt_mallet,Felt,0.2950,1.5435,554.3650,1109.9380,1.7114,3.4265,-6.6307,-24.7603,,0.0000,16.6296,16.6298,16.7900,0.0000,5.6561,2.5571,0.3769,0,3
cimbalom_felt,73,C#5,0.7750,regular,felt_mallet,Felt,0.2950,1.5206,554.3650,1109.9380,1.6859,3.3755,-6.4104,-25.4302,,0.0000,17.5202,17.5200,17.7073,0.0000,6.1612,2.6228,0.3489,0,3
cimbalom_felt,73,C#5,0.8000,regular,felt_mallet,Felt,0.2950,1.4987,554.3650,1109.9380,1.6617,3.3270,-6.2050,-26.2325,,0.0000,18.5277,18.5279,18.7475,0.0000,6.6424,2.6855,0.3182,0,3
cimbalom_felt,73,C#5,0.8250,regular,felt_mallet,Felt,0.2950,1.4778,554.3650,1109.9380,1.6385,3.2805,-6.0130,-27.1915,,0.0000,19.6790,19.6790,19.9403,0.0000,7.1016,2.7455,0.2849,0,3
cimbalom_felt,73,C#5,0.8500,regular,felt_mallet,Felt,0.2950,1.4578,554.3650,1109.9380,1.6163,3.2361,-5.8332,-28.3442,,0.0000,21.0120,21.0117,21.3271,0.0000,7.5407,2.8030,0.2495,0,3
cimbalom_felt,73,C#5,0.8750,regular,felt_mallet,Felt,0.2950,1.4386,554.3650,1109.9380,1.5950,3.1936,-5.6643,-29.7497,,0.0000,22.5863,22.5863,22.9763,0.0000,7.9614,2.8580,0.2122,0,3
cimbalom_felt,73,C#5,0.9000,regular,felt_mallet,Felt,0.2950,1.4202,554.3650,1109.9380,1.5747,3.1528,-5.5054,-31.5077,,0.0000,24.5032,24.5036,25.0035,0.0000,8.3650,2.9108,0.1733,0,3
cimbalom_felt,73,C#5,0.9250,regular,felt_mallet,Felt,0.2950,1.4026,554.3650,1109.9380,1.5551,3.1136,-5.3556,-33.8039,,0.0000,26.9503,26.9501,27.6341,0.0000,8.7528,2.9614,0.1330,0,3
cimbalom_felt,73,C#5,0.9500,regular,felt_mallet,Felt,0.2950,1.3856,554.3650,1109.9380,1.5363,3.0759,-5.2142,-37.0445,,0.0000,30.3325,30.3332,31.3802,0.0000,9.1259,3.0100,0.0916,0,3
cimbalom_felt,73,C#5,0.9750,regular,felt_mallet,Felt,0.2950,1.3693,554.3650,1109.9380,1.5182,3.0396,-5.0803,-42.4447,,0.0000,35.8712,35.8704,38.0100,0.0000,9.4853,3.0568,0.0492,0,3
cimbalom_felt,73,C#5,1.0000,regular,felt_mallet,Felt,0.2950,1.3535,554.3650,1109.9380,1.5007,3.0047,-4.9536,-60.7754,,0.0000,50.4158,50.4220,55.6608,0.0000,9.8320,3.1017,0.0093,0,3
cimbalom_felt,73,C#5,0.4200,corpus,felt_mallet,Felt,0.2950,2.0114,554.3650,1109.9380,2.2301,4.4650,-12.5630,-28.1043,3,-0.5801,14.0413,14.0410,13.9287,0.0000,-5.3123,1.2916,0.2565,0,3
cimbalom_felt,73,C#5,0.4600,corpus,felt_mallet,Felt,0.2950,1.9295,554.3650,1109.9380,2.1393,4.2833,-11.2796,-25.6749,3,-0.2097,12.8950,12.8951,12.8457,0.0000,-3.2389,1.4973,0.3393,0,3
cimbalom_felt,74,D5,0.0500,regular,felt_mallet,Felt,0.2950,5.2425,587.3300,1176.0940,6.1582,12.3314,-31.6168,-44.8171,7,-0.2709,11.7043,11.7057,11.4961,0.0000,-42.7687,0.1454,0.0378,0,3
cimbalom_felt,74,D5,0.0750,regular,felt_mallet,Felt,0.2950,4.3529,587.3300,1176.0940,5.1131,10.2388,-43.0597,-40.9524,5,-15.0509,-3.6106,-3.6075,-4.9617,-3.6106,-50.6953,0.0389,0.0590,0,3
cimbalom_felt,74,D5,0.1000,regular,felt_mallet,Felt,0.2950,3.8148,587.3300,1176.0940,4.4811,8.9731,-28.3717,-65.5105,5,-2.7600,35.6170,35.6185,29.9374,0.0000,-33.5016,0.2113,0.0035,1,3
cimbalom_felt,74,D5,0.1250,regular,felt_mallet,Felt,0.2950,3.4437,587.3300,1176.0940,4.0452,8.1002,-23.7517,-36.3146,5,-0.0219,11.0653,11.0649,11.0308,0.0000,-26.9437,0.3597,0.1006,0,3
cimbalom_felt,74,D5,0.1500,regular,felt_mallet,Felt,0.2950,3.1674,587.3300,1176.0940,3.7207,7.4504,-23.0380,-38.4716,3,-0.8644,13.9355,13.9360,14.2186,0.0000,-24.6464,0.3905,0.0785,0,3
cimbalom_felt,74,D5,0.1750,regular,felt_mallet,Felt,0.2950,2.9512,587.3300,1176.0940,3.4667,6.9419,-24.3313,-54.2783,3,-3.4892,28.4416,28.4392,25.7348,0.0000,-24.6011,0.3364,0.0127,0,3
cimbalom_felt,74,D5,0.2000,regular,felt_mallet,Felt,0.2950,2.7759,587.3300,1176.0940,3.2608,6.5295,-27.6719,-35.8207,3,-7.9971,6.6480,6.6481,6.0770,0.0000,-26.7819,0.2290,0.1065,0,3
cimbalom_felt,74,D5,0.2250,regular,felt_mallet,Felt,0.2950,2.6299,587.3300,1176.0940,3.0893,6.1861,-35.7236,-31.8033,3,-17.0907,-5.4224,-5.4226,-6.3946,-5.4224,-33.8128,0.0906,0.1692,0,3
cimbalom_felt,74,D5,0.2500,regular,felt_mallet,Felt,0.2950,2.5059,587.3300,1176.0940,2.9435,5.8943,-38.7452,-30.6839,3,-21.0555,-9.5551,-9.5558,-8.3008,-9.5551,-35.9108,0.0640,0.1924,0,3
cimbalom_felt,74,D5,0.2750,regular,felt_mallet,Felt,0.2950,2.3987,587.3300,1176.0940,2.8176,5.6422,-27.8046,-31.2317,3,-10.9785,1.9298,1.9295,2.4443,0.0000,-24.1458,0.2256,0.1807,0,3
cimbalom_felt,74,D5,0.3000,regular,felt_mallet,Felt,0.2950,2.3049,587.3300,1176.0940,2.7074,5.4214,-23.0888,-33.2907,3,-7.0606,8.7037,8.7041,9.1999,0.0000,-18.6751,0.3883,0.1425,0,3
cimbalom_felt,74,D5,0.3250,regular,felt_mallet,Felt,0.2950,2.2218,587.3300,1176.0940,2.6098,5.2260,-20.0885,-37.5806,3,-4.8032,15.9942,15.9947,16.7164,0.0000,-14.9798,0.5484,0.0870,0,3
cimbalom_felt,74,D5,0.3500,regular,felt_mallet,Felt,0.2950,2.1475,587.3300,1176.0940,2.5226,5.0514,-17.9191,-49.6605,3,-3.3300,30.2468,30.2494,33.2374,0.0000,-12.1667,0.7040,0.0216,0,3
cimbalom_felt,74,D5,0.3750,regular,felt_mallet,Felt,0.2950,2.0806,587.3300,1176.0940,2.4440,4.8940,-16.2432,-42.8311,3,-2.3102,25.0847,25.0851,24.1004,0.0000,-9.8916,0.8539,0.0476,0,3
cimbalom_felt,74,D5,0.4000,regular,felt_mallet,Felt,0.2950,2.0199,587.3300,1176.0940,2.3728,4.7513,-14.8942,-35.0650,3,-1.5827,18.6703,18.6699,18.2987,0.0000,-7.9821,0.9973,0.1162,0,3
cimbalom_felt,74,D5,0.4250,regular,felt_mallet,Felt,0.2950,1.9646,587.3300,1176.0940,2.3077,4.6210,-13.7772,-31.1971,3,-1.0566,15.9195,15.9195,15.7134,0.0000,-6.3385,1.1342,0.1814,0,3
cimbalom_felt,74,D5,0.4500,regular,felt_mallet,Felt,0.2950,1.9137,587.3300,1176.0940,2.2480,4.5014,-12.8327,-28.7244,3,-0.6763,14.3913,14.3915,14.2619,0.0000,-4.8976,1.2645,0.2412,0,3
cimbalom_felt,74,D5,0.4750,regular,felt_mallet,Felt,0.2950,1.8669,587.3300,1176.0940,2.1929,4.3912,-12.0210,-26.9954,3,-0.4051,13.4743,13.4743,13.3912,0.0000,-3.6163,1.3883,0.2943,0,3
cimbalom_felt,74,D5,0.5000,regular,felt_mallet,Felt,0.2950,1.8234,587.3300,1176.0940,2.1419,4.2891,-11.3144,-25.7372,3,-0.2177,12.9228,12.9228,12.8716,0.0000,-2.4642,1.5060,0.3402,0,3
cimbalom_felt,74,D5,0.5250,regular,felt_mallet,Felt,0.2950,1.7831,587.3300,1176.0940,2.0945,4.1942,-10.6925,-24.8079,3,-0.0961,12.6153,12.6153,12.5883,0.0000,-1.4186,1.6178,0.3786,0,3
cimbalom_felt,74,D5,0.5500,regular,felt_mallet,Felt,0.2950,1.7455,587.3300,1176.0940,2.0503,4.1056,-10.1404,-24.1241,3,-0.0272,12.4836,12.4836,12.4761,0.0000,-0.4624,1.7239,0.4096,0,3
cimbalom_felt,74,D5,0.5750,regular,felt_mallet,Felt,0.2950,1.7102,587.3300,1176.0940,2.0089,4.0228,-9.6464,-23.6326,3,-0.0009,12.4862,12.4861,12.4952,0.0000,0.4177,1.8248,0.4334,0,3
cimbalom_felt,74,D5,0.6000,regular,felt_mallet,Felt,0.2950,1.6772,587.3300,1176.0940,1.9701,3.9450,-9.2014,-23.2975,,0.0000,12.5963,12.5962,12.6203,0.0000,1.2324,1.9207,0.4505,0,3
cimbalom_felt,74,D5,0.6250,regular,felt_mallet,Felt,0.2950,1.6461,587.3300,1176.0940,1.9336,3.8718,-8.7981,-23.0943,,0.0000,12.7962,12.7962,12.8345,0.0000,1.9903,2.0120,0.4611,0,3
cimbalom_felt,74,D5,0.6500,regular,felt_mallet,Felt,0.2950,1.6167,587.3300,1176.0940,1.8991,3.8028,-8.4309,-23.0053,,0.0000,13.0744,13.0745,13.1263,0.0000,2.6982,2.0989,0.4659,0,3
cimbalom_felt,74,D5,0.6750,regular,felt_mallet,Felt,0.2950,1.5890,587.3300,1176.0940,1.8665,3.7376,-8.0948,-23.0183,,0.0000,13.4234,13.4236,13.4887,0.0000,3.3621,2.1817,0.4652,0,3
cimbalom_felt,74,D5,0.7000,regular,felt_mallet,Felt,0.2950,1.5627,587.3300,1176.0940,1.8356,3.6757,-7.7860,-23.1250,,0.0000,13.8390,13.8391,13.9182,0.0000,3.9867,2.2607,0.4595,0,3
cimbalom_felt,74,D5,0.7250,regular,felt_mallet,Felt,0.2950,1.5377,587.3300,1176.0940,1.8063,3.6170,-7.5012,-23.3201,,0.0000,14.3188,14.3190,14.4127,0.0000,4.5763,2.3360,0.4493,0,3
cimbalom_felt,74,D5,0.7500,regular,felt_mallet,Felt,0.2950,1.5140,587.3300,1176.0940,1.7784,3.5612,-7.2376,-23.6011,,0.0000,14.8636,14.8636,14.9731,0.0000,5.1344,2.4080,0.4350,0,3
cimbalom_felt,74,D5,0.7750,regular,felt_mallet,Felt,0.2950,1.4914,587.3300,1176.0940,1.7519,3.5081,-6.9929,-23.9681,,0.0000,15.4754,15.4754,15.6020,0.0000,5.6639,2.4768,0.4170,0,3
cimbalom_felt,74,D5,0.8000,regular,felt_mallet,Felt,0.2950,1.4699,587.3300,1176.0940,1.7266,3.4574,-6.7650,-24.4237,,0.0000,16.1589,16.1589,16.3053,0.0000,6.1676,2.5427,0.3957,0,3
cimbalom_felt,74,D5,0.8250,regular,felt_mallet,Felt,0.2950,1.4493,587.3300,1176.0940,1.7024,3.4089,-6.5523,-24.9737,,0.0000,16.9217,16.9217,17.0908,0.0000,6.6476,2.6057,0.3714,0,3
cimbalom_felt,74,D5,0.8500,regular,felt_mallet,Felt,0.2950,1.4295,587.3300,1176.0940,1.6792,3.3626,-6.3532,-25.6272,,0.0000,17.7743,17.7743,17.9693,0.0000,7.1059,2.6661,0.3445,0,3
cimbalom_felt,74,D5,0.8750,regular,felt_mallet,Felt,0.2950,1.4107,587.3300,1176.0940,1.6571,3.3182,-6.1665,-26.3983,,0.0000,18.7323,18.7323,18.9593,0.0000,7.5445,2.7241,0.3152,0,3
cimbalom_felt,74,D5,0.9000,regular,felt_mallet,Felt,0.2950,1.3926,587.3300,1176.0940,1.6358,3.2756,-5.9909,-27.3080,,0.0000,19.8175,19.8176,20.0841,0.0000,7.9647,2.7797,0.2839,0,3
cimbalom_felt,74,D5,0.9250,regular,felt_mallet,Felt,0.2950,1.3752,587.3300,1176.0940,1.6154,3.2346,-5.8256,-28.3873,,0.0000,21.0625,21.0624,21.3801,0.0000,8.3680,2.8331,0.2507,0,3
cimbalom_felt,74,D5,0.9500,regular,felt_mallet,Felt,0.2950,1.3584,587.3300,1176.0940,1.5957,3.1953,-5.6695,-29.6844,,0.0000,22.5153,22.5157,22.9016,0.0000,8.7557,2.8844,0.2159,0,3
cimbalom_felt,74,D5,0.9750,regular,felt_mallet,Felt,0.2950,1.3424,587.3300,1176.0940,1.5768,3.1575,-5.5221,-31.2772,,0.0000,24.2563,24.2563,24.7407,0.0000,9.1288,2.9338,0.1797,0,3
cimbalom_felt,74,D5,1.0000,regular,felt_mallet,Felt,0.2950,1.3269,587.3300,1176.0940,1.5586,3.1210,-5.3824,-33.3030,,0.0000,26.4224,26.4222,27.0618,0.0000,9.4883,2.9814,0.1423,0,3
cimbalom_felt,74,D5,0.4200,corpus,felt_mallet,Felt,0.2950,1.9752,587.3300,1176.0940,2.3202,4.6462,-13.9852,-31.8250,3,-1.1487,16.3392,16.3393,16.1098,0.0000,-6.6494,1.1073,0.1688,0,3
cimbalom_felt,74,D5,0.4600,corpus,felt_mallet,Felt,0.2950,1.8945,587.3300,1176.0940,2.2254,4.4563,-12.4938,-27.9632,3,-0.5563,13.9693,13.9692,13.8608,0.0000,-4.3678,1.3148,0.2633,0,3
cimbalom_felt,75,D#5,0.0500,regular,felt_mallet,Felt,0.2950,5.1706,622.2540,1246.2140,6.4348,12.8873,-34.3357,-59.4386,7,-2.2065,23.6064,23.6021,21.3604,0.0000,-45.4875,0.1063,0.0070,0,3
cimbalom_felt,75,D#5,0.0750,regular,felt_mallet,Felt,0.2950,4.2896,622.2540,1246.2140,5.3385,10.6916,-34.6869,-47.7222,5,-5.9005,11.5380,11.5362,10.4127,0.0000,-42.3174,0.1021,0.0271,0,3
cimbalom_felt,75,D#5,0.1000,regular,felt_mallet,Felt,0.2950,3.7572,622.2540,1246.2140,4.6758,9.3645,-32.6290,-44.0830,5,-6.2412,9.9589,9.9598,10.8756,0.0000,-37.7580,0.1295,0.0411,0,3
cimbalom_felt,75,D#5,0.1250,regular,felt_mallet,Felt,0.2950,3.3901,622.2540,1246.2140,4.2191,8.4497,-25.0312,-39.3267,5,-0.5247,12.7977,12.7973,12.5823,0.0000,-28.2231,0.3104,0.0711,0,3
cimbalom_felt,75,D#5,0.1500,regular,felt_mallet,Felt,0.2950,3.1170,622.2540,1246.2140,3.8792,7.7690,-23.1097,-36.0543,3,-0.1574,11.4472,11.4468,11.5387,0.0000,-24.7179,0.3873,0.1037,0,3
cimbalom_felt,75,D#5,0.1750,regular,felt_mallet,Felt,0.2950,2.9034,622.2540,1246.2140,3.6133,7.2364,-23.3361,-43.0179,3,-1.7123,18.1847,18.1852,18.8513,0.0000,-23.6055,0.3773,0.0465,0,3
cimbalom_felt,75,D#5,0.2000,regular,felt_mallet,Felt,0.2950,2.7301,622.2540,1246.2140,3.3977,6.8047,-25.1195,-43.5226,3,-4.6592,16.9025,16.9012,15.9172,0.0000,-24.2296,0.3073,0.0439,0,3
cimbalom_felt,75,D#5,0.2250,regular,felt_mallet,Felt,0.2950,2.5860,622.2540,1246.2140,3.2182,6.4453,-28.8924,-34.4830,3,-9.4696,4.0896,4.0898,3.5232,0.0000,-26.9802,0.1990,0.1243,0,3
cimbalom_felt,75,D#5,0.2500,regular,felt_mallet,Felt,0.2950,2.4634,622.2540,1246.2140,3.0658,6.1399,-38.2169,-31.5046,3,-19.7324,-8.2158,-8.2155,-9.5101,-8.2158,-35.3923,0.0680,0.1751,0,3
cimbalom_felt,75,D#5,0.2750,regular,felt_mallet,Felt,0.2950,2.3576,622.2540,1246.2140,2.9341,5.8762,-37.3383,-30.6739,3,-19.7120,-8.1599,-8.1598,-7.0680,-8.1599,-33.6774,0.0753,0.1927,0,3
cimbalom_felt,75,D#5,0.3000,regular,felt_mallet,Felt,0.2950,2.2650,622.2540,1246.2140,2.8188,5.6453,-27.8658,-31.2148,3,-11.0316,1.8511,1.8514,2.3669,0.0000,-23.4515,0.2240,0.1810,0,3
cimbalom_felt,75,D#5,0.3250,regular,felt_mallet,Felt,0.2950,2.1830,622.2540,1246.2140,2.7167,5.4409,-23.4199,-33.0245,3,-7.3226,8.1068,8.1066,8.5953,0.0000,-18.3109,0.3737,0.1470,0,3
cimbalom_felt,75,D#5,0.3500,regular,felt_mallet,Felt,0.2950,2.1097,622.2540,1246.2140,2.6256,5.2583,-20.5243,-36.5880,3,-5.1167,14.5658,14.5662,15.2194,0.0000,-14.7719,0.5216,0.0975,0,3
cimbalom_felt,75,D#5,0.3750,regular,felt_mallet,Felt,0.2950,2.0437,622.2540,1246.2140,2.5434,5.0938,-18.4033,-44.6032,3,-3.6452,24.7045,24.7047,26.2859,0.0000,-12.0517,0.6659,0.0387,0,3
cimbalom_felt,75,D#5,0.4000,regular,felt_mallet,Felt,0.2950,1.9839,622.2540,1246.2140,2.4689,4.9446,-16.7501,-48.6220,3,-2.6063,30.3694,30.3658,28.4856,0.0000,-9.8380,0.8054,0.0244,0,3
cimbalom_felt,75,D#5,0.4250,regular,felt_mallet,Felt,0.2950,1.9292,622.2540,1246.2140,2.4009,4.8084,-15.4102,-37.4583,3,-1.8500,20.5473,20.5468,20.0367,0.0000,-7.9716,0.9398,0.0882,0,3
cimbalom_felt,75,D#5,0.4500,regular,felt_mallet,Felt,0.2950,1.8791,622.2540,1246.2140,2.3385,4.6835,-14.2943,-32.8474,3,-1.2907,17.0530,17.0525,16.7839,0.0000,-6.3592,1.0686,0.1500,0,3
cimbalom_felt,75,D#5,0.4750,regular,felt_mallet,Felt,0.2950,1.8329,622.2540,1246.2140,2.2810,4.5683,-13.3462,-30.0128,3,-0.8751,15.1667,15.1663,14.9989,0.0000,-4.9415,1.1919,0.2079,0,3
cimbalom_felt,75,D#5,0.5000,regular,felt_mallet,Felt,0.2950,1.7901,622.2540,1246.2140,2.2277,4.4616,-12.5280,-28.0483,3,-0.5680,14.0200,14.0200,13.9096,0.0000,-3.6778,1.3096,0.2607,0,3
cimbalom_felt,75,D#5,0.5250,regular,felt_mallet,Felt,0.2950,1.7503,622.2540,1246.2140,2.1782,4.3624,-11.8131,-26.6109,3,-0.3449,13.2977,13.2977,13.2241,0.0000,-2.5391,1.4220,0.3076,0,3
cimbalom_felt,75,D#5,0.5500,regular,felt_mallet,Felt,0.2950,1.7132,622.2540,1246.2140,2.1320,4.2699,-11.1819,-25.5321,3,-0.1882,12.8498,12.8501,12.8037,0.0000,-1.5039,1.5291,0.3483,0,3
cimbalom_felt,75,D#5,0.5750,regular,felt_mallet,Felt,0.2950,1.6784,622.2540,1246.2140,2.0888,4.1834,-10.6198,-24.7154,3,-0.0848,12.5956,12.5955,12.5710,0.0000,-0.5556,1.6314,0.3826,0,3
cimbalom_felt,75,D#5,0.6000,regular,felt_mallet,Felt,0.2950,1.6458,622.2540,1246.2140,2.0483,4.1021,-10.1155,-24.1006,3,-0.0250,12.4851,12.4851,12.4782,0.0000,0.3184,1.7289,0.4107,0,3
cimbalom_felt,75,D#5,0.6250,regular,felt_mallet,Felt,0.2950,1.6152,622.2540,1246.2140,2.0101,4.0257,-9.6601,-23.6476,3,-0.0011,12.4875,12.4876,12.4959,0.0000,1.1283,1.8219,0.4327,0,3
cimbalom_felt,75,D#5,0.6500,regular,felt_mallet,Felt,0.2950,1.5863,622.2540,1246.2140,1.9741,3.9536,-9.2465,-23.3287,,0.0000,12.5822,12.5822,12.6043,0.0000,1.8825,1.9108,0.4489,0,3
cimbalom_felt,75,D#5,0.6750,regular,felt_mallet,Felt,0.2950,1.5589,622.2540,1246.2140,1.9401,3.8855,-8.8691,-23.1238,,0.0000,12.7548,12.7548,12.7900,0.0000,2.5877,1.9956,0.4596,0,3
cimbalom_felt,75,D#5,0.7000,regular,felt_mallet,Felt,0.2950,1.5330,622.2540,1246.2140,1.9079,3.8209,-8.5231,-23.0187,,0.0000,12.9956,12.9957,13.0438,0.0000,3.2496,2.0768,0.4652,0,3
cimbalom_felt,75,D#5,0.7250,regular,felt_mallet,Felt,0.2950,1.5084,622.2540,1246.2140,1.8773,3.7597,-8.2046,-23.0029,,0.0000,13.2984,13.2983,13.3591,0.0000,3.8729,2.1543,0.4660,0,3
cimbalom_felt,75,D#5,0.7500,regular,felt_mallet,Felt,0.2950,1.4851,622.2540,1246.2140,1.8482,3.7014,-7.9104,-23.0690,,0.0000,13.6587,13.6587,13.7318,0.0000,4.4616,2.2285,0.4625,0,3
cimbalom_felt,75,D#5,0.7750,regular,felt_mallet,Felt,0.2950,1.4628,622.2540,1246.2140,1.8205,3.6459,-7.6377,-23.2120,,0.0000,14.0744,14.0744,14.1608,0.0000,5.0191,2.2996,0.4549,0,3
cimbalom_felt,75,D#5,0.8000,regular,felt_mallet,Felt,0.2950,1.4416,622.2540,1246.2140,1.7940,3.5930,-7.3841,-23.4291,,0.0000,14.5452,14.5451,14.6456,0.0000,5.5484,2.3677,0.4437,0,3
cimbalom_felt,75,D#5,0.8250,regular,felt_mallet,Felt,0.2950,1.4213,622.2540,1246.2140,1.7688,3.5424,-7.1478,-23.7193,,0.0000,15.0718,15.0717,15.1874,0.0000,6.0521,2.4330,0.4291,0,3
cimbalom_felt,75,D#5,0.8500,regular,felt_mallet,Felt,0.2950,1.4019,622.2540,1246.2140,1.7446,3.4940,-6.9268,-24.0833,,0.0000,15.6567,15.6567,15.7889,0.0000,6.5323,2.4957,0.4115,0,3
cimbalom_felt,75,D#5,0.8750,regular,felt_mallet,Felt,0.2950,1.3833,622.2540,1246.2140,1.7215,3.4477,-6.7198,-24.5241,,0.0000,16.3046,16.3046,16.4548,0.0000,6.9911,2.5559,0.3911,0,3
cimbalom_felt,75,D#5,0.9000,regular,felt_mallet,Felt,0.2950,1.3654,622.2540,1246.2140,1.6993,3.4032,-6.5254,-25.0467,,0.0000,17.0215,17.0216,17.1932,0.0000,7.4302,2.6138,0.3683,0,3
cimbalom_felt,75,D#5,0.9250,regular,felt_mallet,Felt,0.2950,1.3483,622.2540,1246.2140,1.6780,3.3605,-6.3425,-25.6590,,0.0000,17.8168,17.8169,18.0132,0.0000,7.8511,2.6694,0.3432,0,3
cimbalom_felt,75,D#5,0.9500,regular,felt_mallet,Felt,0.2950,1.3318,622.2540,1246.2140,1.6575,3.3195,-6.1700,-26.3724,,0.0000,18.7029,18.7028,18.9287,0.0000,8.2552,2.7229,0.3161,0,3
cimbalom_felt,75,D#5,0.9750,regular,felt_mallet,Felt,0.2950,1.3160,622.2540,1246.2140,1.6378,3.2800,-6.0071,-27.2034,,0.0000,19.6969,19.6968,19.9585,0.0000,8.6437,2.7745,0.2873,0,3
cimbalom_felt,75,D#5,1.0000,regular,felt_mallet,Felt,0.2950,1.3007,622.2540,1246.2140,1.6188,3.2420,-5.8530,-28.1760,,0.0000,20.8234,20.8237,21.1302,0.0000,9.0177,2.8241,0.2569,0,3
cimbalom_felt,75,D#5,0.4200,corpus,felt_mallet,Felt,0.2950,1.9398,622.2540,1246.2140,2.4140,4.8347,-15.6580,-38.8055,3,-1.9833,21.6459,21.6459,21.0412,0.0000,-8.3221,0.9134,0.0756,0,3
cimbalom_felt,75,D#5,0.4600,corpus,felt_mallet,Felt,0.2950,1.8601,622.2540,1246.2140,2.3150,4.6363,-13.8974,-31.5731,3,-1.1095,16.1750,16.1753,15.9552,0.0000,-5.7713,1.1186,0.1737,0,3
cimbalom_felt,76,E5,0.0500,regular,felt_mallet,Felt,0.2950,5.0995,659.2550,1320.5400,6.7237,13.4681,-40.4342,-48.5926,7,-7.5241,6.6690,6.6691,7.8305,0.0000,-51.5860,0.0527,0.0244,0,3
cimbalom_felt,76,E5,0.0750,regular,felt_mallet,Felt,0.2950,4.2272,659.2550,1320.5400,5.5736,11.1643,-31.6757,-53.7057,5,-2.1146,20.5409,20.5392,22.2096,0.0000,-39.3062,0.1444,0.0136,0,3
cimbalom_felt,76,E5,0.1000,regular,felt_mallet,Felt,0.2950,3.7003,659.2550,1320.5400,4.8789,9.7729,-41.6300,-40.0743,5,-14.4698,-3.0484,-3.0488,-1.9625,-3.0484,-46.7581,0.0459,0.0652,0,3
cimbalom_felt,76,E5,0.1250,regular,felt_mallet,Felt,0.2950,3.3374,659.2550,1320.5400,4.4003,8.8142,-27.1231,-48.5165,5,-1.8442,19.8931,19.8930,18.9375,0.0000,-30.3147,0.2440,0.0247,0,3
cimbalom_felt,76,E5,0.1500,regular,felt_mallet,Felt,0.2950,3.0674,659.2550,1320.5400,4.0444,8.1012,-23.7472,-36.3187,5,-0.0211,11.0735,11.0736,11.0377,0.0000,-25.3553,0.3599,0.1006,0,3
cimbalom_felt,76,E5,0.1750,regular,felt_mallet,Felt,0.2950,2.8562,659.2550,1320.5400,3.7660,7.5435,-23.0006,-37.4045,3,-0.6007,12.9059,12.9063,13.1146,0.0000,-23.2700,0.3922,0.0887,0,3
cimbalom_felt,76,E5,0.2000,regular,felt_mallet,Felt,0.2950,2.6851,659.2550,1320.5400,3.5403,7.0915,-23.7331,-50.7302,3,-2.4936,25.5067,25.5040,27.5628,0.0000,-22.8430,0.3604,0.0191,0,3
cimbalom_felt,76,E5,0.2250,regular,felt_mallet,Felt,0.2950,2.5427,659.2550,1320.5400,3.3525,6.7154,-25.7875,-40.1729,3,-5.5818,12.8840,12.8843,12.1407,0.0000,-23.8744,0.2845,0.0645,0,3
cimbalom_felt,76,E5,0.2500,regular,felt_mallet,Felt,0.2950,2.4217,659.2550,1320.5400,3.1930,6.3959,-29.7699,-33.8216,3,-10.4984,2.5506,2.5509,1.9681,0.0000,-26.9420,0.1799,0.1341,0,3
cimbalom_felt,76,E5,0.2750,regular,felt_mallet,Felt,0.2950,2.3172,659.2550,1320.5400,3.0553,6.1200,-39.6541,-31.3901,3,-21.2362,-9.7666,-9.7678,-11.3048,-9.7666,-36.0004,0.0576,0.1774,0,3
cimbalom_felt,76,E5,0.3000,regular,felt_mallet,Felt,0.2950,2.2258,659.2550,1320.5400,2.9347,5.8785,-37.4287,-30.6748,3,-19.7981,-8.2495,-8.2494,-7.1477,-8.2495,-33.0121,0.0745,0.1926,0,3
cimbalom_felt,76,E5,0.3250,regular,felt_mallet,Felt,0.2950,2.1449,659.2550,1320.5400,2.8280,5.6648,-28.3735,-31.1167,3,-11.4743,1.2456,1.2457,1.7738,0.0000,-23.2639,0.2113,0.1831,0,3
cimbalom_felt,76,E5,0.3500,regular,felt_mallet,Felt,0.2950,2.0726,659.2550,1320.5400,2.7327,5.4738,-24.0093,-32.6194,3,-7.7944,7.1127,7.1122,7.5930,0.0000,-18.2567,0.3492,0.1540,0,3
cimbalom_felt,76,E5,0.3750,regular,felt_mallet,Felt,0.2950,2.0075,659.2550,1320.5400,2.6468,5.3018,-21.1399,-35.4724,3,-5.5685,12.8352,12.8348,13.4233,0.0000,-14.7879,0.4859,0.1109,0,3
cimbalom_felt,76,E5,0.4000,regular,felt_mallet,Felt,0.2950,1.9484,659.2550,1320.5400,2.5690,5.1459,-19.0248,-40.9988,3,-4.0616,20.4778,20.4775,21.5225,0.0000,-12.1126,0.6199,0.0587,0,3
cimbalom_felt,76,E5,0.4250,regular,felt_mallet,Felt,0.2950,1.8945,659.2550,1320.5400,2.4979,5.0035,-17.3679,-72.7478,3,-2.9820,44.1540,44.1618,44.1988,0.0000,-9.9291,0.7502,0.0046,0,3
cimbalom_felt,76,E5,0.4500,regular,felt_mallet,Felt,0.2950,1.8451,659.2550,1320.5400,2.4327,4.8729,-16.0192,-41.1928,3,-2.1832,23.6719,23.6712,22.8581,0.0000,-8.0841,0.8762,0.0574,0,3
cimbalom_felt,76,E5,0.4750,regular,felt_mallet,Felt,0.2950,1.7995,659.2550,1320.5400,2.3726,4.7525,-14.8918,-35.1112,3,-1.5815,18.7184,18.7185,18.3456,0.0000,-6.4871,0.9976,0.1156,0,3
cimbalom_felt,76,E5,0.5000,regular,felt_mallet,Felt,0.2950,1.7573,659.2550,1320.5400,2.3170,4.6411,-13.9307,-31.6947,3,-1.1243,16.2635,16.2635,16.0385,0.0000,-5.0804,1.1143,0.1713,0,3
cimbalom_felt,76,E5,0.5250,regular,felt_mallet,Felt,0.2950,1.7180,659.2550,1320.5400,2.2653,4.5375,-13.0988,-29.3933,3,-0.7768,14.7938,14.7942,14.6451,0.0000,-3.8248,1.2263,0.2233,0,3
cimbalom_felt,76,E5,0.5500,regular,felt_mallet,Felt,0.2950,1.6815,659.2550,1320.5400,2.2170,4.4409,-12.3698,-27.7209,3,-0.5148,13.8509,13.8509,13.7490,0.0000,-2.6917,1.3337,0.2707,0,3
cimbalom_felt,76,E5,0.5750,regular,felt_mallet,Felt,0.2950,1.6472,659.2550,1320.5400,2.1719,4.3505,-11.7246,-26.4584,3,-0.3205,13.2336,13.2337,13.1640,0.0000,-1.6605,1.4365,0.3131,0,3
cimbalom_felt,76,E5,0.6000,regular,felt_mallet,Felt,0.2950,1.6151,659.2550,1320.5400,2.1295,4.2656,-11.1487,-25.4875,3,-0.1811,12.8390,12.8387,12.7939,0.0000,-0.7149,1.5350,0.3501,0,3
cimbalom_felt,76,E5,0.6250,regular,felt_mallet,Felt,0.2950,1.5849,659.2550,1320.5400,2.0897,4.1858,-10.6309,-24.7361,3,-0.0865,12.6050,12.6052,12.5796,0.0000,0.1575,1.6293,0.3817,0,3
cimbalom_felt,76,E5,0.6500,regular,felt_mallet,Felt,0.2950,1.5564,659.2550,1320.5400,2.0521,4.1105,-10.1624,-24.1577,3,-0.0291,12.4954,12.4953,12.4866,0.0000,0.9667,1.7196,0.4080,0,3
cimbalom_felt,76,E5,0.6750,regular,felt_mallet,Felt,0.2950,1.5294,659.2550,1320.5400,2.0166,4.0394,-9.7362,-23.7199,3,-0.0029,12.4838,12.4837,12.4896,0.0000,1.7207,1.8060,0.4291,0,3
cimbalom_felt,76,E5,0.7000,regular,felt_mallet,Felt,0.2950,1.5039,659.2550,1320.5400,1.9829,3.9720,-9.3466,-23.3999,,0.0000,12.5535,12.5534,12.5725,0.0000,2.4262,1.8889,0.4452,0,3
cimbalom_felt,76,E5,0.7250,regular,felt_mallet,Felt,0.2950,1.4797,659.2550,1320.5400,1.9510,3.9080,-8.9888,-23.1810,,0.0000,12.6922,12.6923,12.7235,0.0000,3.0887,1.9683,0.4566,0,3
cimbalom_felt,76,E5,0.7500,regular,felt_mallet,Felt,0.2950,1.4567,659.2550,1320.5400,1.9206,3.8472,-8.6590,-23.0508,,0.0000,12.8916,12.8918,12.9346,0.0000,3.7129,2.0445,0.4635,0,3
cimbalom_felt,76,E5,0.7750,regular,felt_mallet,Felt,0.2950,1.4347,659.2550,1320.5400,1.8917,3.7893,-8.3540,-23.0000,,0.0000,13.1461,13.1461,13.2003,0.0000,4.3028,2.1176,0.4662,0,3
cimbalom_felt,76,E5,0.8000,regular,felt_mallet,Felt,0.2950,1.4138,659.2550,1320.5400,1.8641,3.7340,-8.0708,-23.0219,,0.0000,13.4510,13.4511,13.5169,0.0000,4.8617,2.1877,0.4650,0,3
cimbalom_felt,76,E5,0.8250,regular,felt_mallet,Felt,0.2950,1.3938,659.2550,1320.5400,1.8378,3.6812,-7.8073,-23.1116,,0.0000,13.8043,13.8044,13.8823,0.0000,5.3925,2.2551,0.4602,0,3
cimbalom_felt,76,E5,0.8500,regular,felt_mallet,Felt,0.2950,1.3747,659.2550,1320.5400,1.8126,3.6307,-7.5613,-23.2659,,0.0000,14.2045,14.2047,14.2948,0.0000,5.8978,2.3199,0.4521,0,3
cimbalom_felt,76,E5,0.8750,regular,felt_mallet,Felt,0.2950,1.3564,659.2550,1320.5400,1.7884,3.5824,-7.3312,-23.4830,,0.0000,14.6520,14.6520,14.7557,0.0000,6.3798,2.3822,0.4409,0,3
cimbalom_felt,76,E5,0.9000,regular,felt_mallet,Felt,0.2950,1.3388,659.2550,1320.5400,1.7653,3.5360,-7.1153,-23.7626,,0.0000,15.1475,15.1475,15.2650,0.0000,6.8403,2.4421,0.4270,0,3
cimbalom_felt,76,E5,0.9250,regular,felt_mallet,Felt,0.2950,1.3220,659.2550,1320.5400,1.7430,3.4914,-6.9124,-24.1055,,0.0000,15.6934,15.6934,15.8263,0.0000,7.2812,2.4999,0.4104,0,3
cimbalom_felt,76,E5,0.9500,regular,felt_mallet,Felt,0.2950,1.3058,659.2550,1320.5400,1.7217,3.4486,-6.7213,-24.5143,,0.0000,16.2933,16.2932,16.4431,0.0000,7.7039,2.5555,0.3916,0,3
cimbalom_felt,76,E5,0.9750,regular,felt_mallet,Felt,0.2950,1.2902,659.2550,1320.5400,1.7011,3.4074,-6.5410,-24.9929,,0.0000,16.9523,16.9521,17.1219,0.0000,8.1098,2.6091,0.3706,0,3
cimbalom_felt,76,E5,1.0000,regular,felt_mallet,Felt,0.2950,1.2751,659.2550,1320.5400,1.6813,3.3677,-6.3706,-25.5473,,0.0000,17.6773,17.6771,17.8693,0.0000,8.5001,2.6608,0.3477,0,3
cimbalom_felt,76,E5,0.4200,corpus,felt_mallet,Felt,0.2950,1.9049,659.2550,1320.5400,2.5116,5.0310,-17.6711,-53.9701,3,-3.1719,34.8148,34.8125,40.3970,0.0000,-10.3351,0.7244,0.0132,0,3
cimbalom_felt,76,E5,0.4600,corpus,felt_mallet,Felt,0.2950,1.8264,659.2550,1320.5400,2.4081,4.8236,-15.5453,-38.2140,3,-1.9223,21.1677,21.1671,20.6060,0.0000,-7.4193,0.9253,0.0809,0,3
cimbalom_felt,77,F5,0.0500,regular,felt_mallet,Felt,0.2950,5.0291,698.4560,1399.3250,7.0253,14.0748,-61.7148,-45.9539,7,-28.0261,-17.2659,-17.2724,-31.4342,-17.2659,-72.8795,0.0045,0.0331,1,3
cimbalom_felt,77,F5,0.0750,regular,felt_mallet,Felt,0.2950,4.1655,698.4560,1399.3250,5.8188,11.6578,-30.6896,-43.9210,5,-0.3565,11.7368,11.7373,11.9497,0.0000,-38.3197,0.1618,0.0419,0,3
cimbalom_felt,77,F5,0.1000,regular,felt_mallet,Felt,0.2950,3.6443,698.4560,1399.3250,5.0907,10.1990,-44.8820,-40.6901,5,-16.9526,-5.6897,-5.6924,-7.3330,-5.6897,-50.0145,0.0316,0.0608,0,3
cimbalom_felt,77,F5,0.1250,regular,felt_mallet,Felt,0.2950,3.2853,698.4560,1399.3250,4.5893,9.1945,-30.4657,-48.8739,5,-4.4183,16.9166,16.9153,18.3851,0.0000,-33.6575,0.1660,0.0237,0,3
cimbalom_felt,77,F5,0.1500,regular,felt_mallet,Felt,0.2950,3.0184,698.4560,1399.3250,4.2165,8.4476,-25.0076,-39.2977,5,-0.5123,12.7922,12.7919,12.5773,0.0000,-26.6157,0.3113,0.0714,0,3
cimbalom_felt,77,F5,0.1750,regular,felt_mallet,Felt,0.2950,2.8098,698.4560,1399.3250,3.9250,7.8636,-23.2312,-35.8841,3,-0.0604,11.1548,11.1551,11.2078,0.0000,-23.5005,0.3819,0.1057,0,3
cimbalom_felt,77,F5,0.2000,regular,felt_mallet,Felt,0.2950,2.6407,698.4560,1399.3250,3.6889,7.3905,-23.0942,-39.3829,3,-1.0813,14.7910,14.7914,15.1391,0.0000,-22.2037,0.3880,0.0707,0,3
cimbalom_felt,77,F5,0.2250,regular,felt_mallet,Felt,0.2950,2.5001,698.4560,1399.3250,3.4924,6.9969,-24.0970,-79.8577,3,-3.1150,40.8894,40.8585,36.6365,0.0000,-22.1839,0.3456,0.0031,1,3
cimbalom_felt,77,F5,0.2500,regular,felt_mallet,Felt,0.2950,2.3806,698.4560,1399.3250,3.3255,6.6626,-26.2586,-38.6726,3,-6.2072,10.9127,10.9133,10.2475,0.0000,-23.4303,0.2695,0.0767,0,3
cimbalom_felt,77,F5,0.2750,regular,felt_mallet,Felt,0.2950,2.2775,698.4560,1399.3250,3.1815,6.3739,-30.2208,-33.5533,3,-11.0192,1.8323,1.8318,1.2349,0.0000,-26.5646,0.1708,0.1383,0,3
cimbalom_felt,77,F5,0.3000,regular,felt_mallet,Felt,0.2950,2.1873,698.4560,1399.3250,3.0554,6.1214,-39.6361,-31.3978,3,-21.2175,-9.7407,-9.7419,-11.2762,-9.7407,-35.2265,0.0577,0.1772,0,3
cimbalom_felt,77,F5,0.3250,regular,felt_mallet,Felt,0.2950,2.1074,698.4560,1399.3250,2.9438,5.8979,-38.7933,-30.6867,3,-21.1017,-9.6013,-9.6015,-8.3418,-9.6013,-33.6809,0.0637,0.1924,0,3
cimbalom_felt,77,F5,0.3500,regular,felt_mallet,Felt,0.2950,2.0361,698.4560,1399.3250,2.8442,5.6982,-29.3253,-30.9726,3,-12.3130,0.1499,0.1499,0.7066,0.0000,-23.5720,0.1894,0.1861,0,3
cimbalom_felt,77,F5,0.3750,regular,felt_mallet,Felt,0.2950,1.9718,698.4560,1399.3250,2.7545,5.5184,-24.8654,-32.1486,3,-8.4916,5.7850,5.7853,6.2596,0.0000,-18.5135,0.3164,0.1626,0,3
cimbalom_felt,77,F5,0.4000,regular,felt_mallet,Felt,0.2950,1.9136,698.4560,1399.3250,2.6731,5.3554,-21.9449,-34.3627,3,-6.1739,10.9194,10.9200,11.4528,0.0000,-15.0327,0.4429,0.1260,0,3
cimbalom_felt,77,F5,0.4250,regular,felt_mallet,Felt,0.2950,1.8604,698.4560,1399.3250,2.5988,5.2066,-19.7929,-38.2626,3,-4.5936,16.9719,16.9724,17.7462,0.0000,-12.3541,0.5674,0.0804,0,3
cimbalom_felt,77,F5,0.4500,regular,felt_mallet,Felt,0.2950,1.8116,698.4560,1399.3250,2.5307,5.0702,-18.1053,-47.0297,3,-3.4502,27.4314,27.4305,29.5602,0.0000,-10.1700,0.6891,0.0293,0,3
cimbalom_felt,77,F5,0.4750,regular,felt_mallet,Felt,0.2950,1.7667,698.4560,1399.3250,2.4679,4.9444,-16.7294,-48.5830,3,-2.5939,30.3475,30.3478,28.4722,0.0000,-8.3247,0.8074,0.0245,0,3
cimbalom_felt,77,F5,0.5000,regular,felt_mallet,Felt,0.2950,1.7251,698.4560,1399.3250,2.4098,4.8279,-15.5771,-38.4378,3,-1.9395,21.3588,21.3593,20.7793,0.0000,-6.7268,0.9219,0.0788,0,3
cimbalom_felt,77,F5,0.5250,regular,felt_mallet,Felt,0.2950,1.6864,698.4560,1399.3250,2.3558,4.7197,-14.5930,-33.9646,3,-1.4334,17.8709,17.8709,17.5534,0.0000,-5.3190,1.0325,0.1319,0,3
cimbalom_felt,77,F5,0.5500,regular,felt_mallet,Felt,0.2950,1.6503,698.4560,1399.3250,2.3054,4.6187,-13.7395,-31.1429,3,-1.0403,15.9026,15.9030,15.6980,0.0000,-4.0615,1.1391,0.1826,0,3
cimbalom_felt,77,F5,0.5750,regular,felt_mallet,Felt,0.2950,1.6166,698.4560,1399.3250,2.2583,4.5243,-12.9904,-29.1423,3,-0.7352,14.6515,14.6517,14.5097,0.0000,-2.9262,1.2417,0.2298,0,3
cimbalom_felt,77,F5,0.6000,regular,felt_mallet,Felt,0.2950,1.5850,698.4560,1399.3250,2.2140,4.4357,-12.3261,-27.6420,3,-0.5005,13.8154,13.8157,13.7153,0.0000,-1.8923,1.3404,0.2732,0,3
cimbalom_felt,77,F5,0.6250,regular,felt_mallet,Felt,0.2950,1.5552,698.4560,1399.3250,2.1724,4.3524,-11.7322,-26.4826,3,-0.3226,13.2504,13.2503,13.1802,0.0000,-0.9438,1.4352,0.3122,0,3
cimbalom_felt,77,F5,0.6500,regular,felt_mallet,Felt,0.2950,1.5271,698.4560,1399.3250,2.1332,4.2738,-11.1974,-25.5726,3,-0.1915,12.8753,12.8751,12.8282,0.0000,-0.0684,1.5264,0.3467,0,3
cimbalom_felt,77,F5,0.6750,regular,felt_mallet,Felt,0.2950,1.5005,698.4560,1399.3250,2.0961,4.1995,-10.7128,-24.8543,3,-0.0994,12.6415,12.6414,12.6131,0.0000,0.7440,1.6140,0.3765,0,3
cimbalom_felt,77,F5,0.7000,regular,felt_mallet,Felt,0.2950,1.4754,698.4560,1399.3250,2.0610,4.1291,-10.2714,-24.2891,3,-0.0399,12.5176,12.5177,12.5047,0.0000,1.5013,1.6981,0.4019,0,3
cimbalom_felt,77,F5,0.7250,regular,felt_mallet,Felt,0.2950,1.4515,698.4560,1399.3250,2.0277,4.0623,-9.8673,-23.8497,3,-0.0082,12.4824,12.4824,12.4835,0.0000,2.2102,1.7790,0.4227,0,3
cimbalom_felt,77,F5,0.7500,regular,felt_mallet,Felt,0.2950,1.4288,698.4560,1399.3250,1.9960,3.9988,-9.4958,-23.5164,,0.0000,12.5207,12.5207,12.5342,0.0000,2.8762,1.8567,0.4393,0,3
cimbalom_felt,77,F5,0.7750,regular,felt_mallet,Felt,0.2950,1.4072,698.4560,1399.3250,1.9658,3.9384,-9.1529,-23.2745,,0.0000,12.6216,12.6217,12.6471,0.0000,3.5039,1.9315,0.4517,0,3
cimbalom_felt,77,F5,0.8000,regular,felt_mallet,Felt,0.2950,1.3866,698.4560,1399.3250,1.9370,3.8807,-8.8354,-23.1130,,0.0000,12.7777,12.7776,12.8138,0.0000,4.0971,2.0034,0.4601,0,3
cimbalom_felt,77,F5,0.8250,regular,felt_mallet,Felt,0.2950,1.3669,698.4560,1399.3250,1.9095,3.8256,-8.5404,-23.0233,,0.0000,12.9828,12.9830,13.0299,0.0000,4.6594,2.0726,0.4649,0,3
cimbalom_felt,77,F5,0.8500,regular,felt_mallet,Felt,0.2950,1.3481,698.4560,1399.3250,1.8832,3.7729,-8.2656,-22.9991,,0.0000,13.2335,13.2337,13.2913,0.0000,5.1935,2.1392,0.4662,0,3
cimbalom_felt,77,F5,0.8750,regular,felt_mallet,Felt,0.2950,1.3301,698.4560,1399.3250,1.8580,3.7224,-8.0088,-23.0357,,0.0000,13.5267,13.5270,13.5954,0.0000,5.7021,2.2034,0.4643,0,3
cimbalom_felt,77,F5,0.9000,regular,felt_mallet,Felt,0.2950,1.3128,698.4560,1399.3250,1.8338,3.6740,-7.7683,-23.1294,,0.0000,13.8613,13.8612,13.9408,0.0000,6.1873,2.2653,0.4593,0,3
cimbalom_felt,77,F5,0.9250,regular,felt_mallet,Felt,0.2950,1.2962,698.4560,1399.3250,1.8106,3.6275,-7.5426,-23.2781,,0.0000,14.2358,14.2357,14.3268,0.0000,6.6510,2.3249,0.4515,0,3
cimbalom_felt,77,F5,0.9500,regular,felt_mallet,Felt,0.2950,1.2802,698.4560,1399.3250,1.7883,3.5828,-7.3302,-23.4805,,0.0000,14.6503,14.6504,14.7536,0.0000,7.0949,2.3824,0.4411,0,3
cimbalom_felt,77,F5,0.9750,regular,felt_mallet,Felt,0.2950,1.2648,698.4560,1399.3250,1.7669,3.5398,-7.1301,-23.7363,,0.0000,15.1065,15.1064,15.2227,0.0000,7.5207,2.4380,0.4283,0,3
cimbalom_felt,77,F5,1.0000,regular,felt_mallet,Felt,0.2950,1.2500,698.4560,1399.3250,1.7462,3.4984,-6.9412,-24.0462,,0.0000,15.6053,15.6053,15.7358,0.0000,7.9296,2.4916,0.4133,0,3
cimbalom_felt,77,F5,0.4200,corpus,felt_mallet,Felt,0.2950,1.8707,698.4560,1399.3250,2.6132,5.2353,-20.1794,-37.2773,3,-4.8682,15.5999,15.6004,16.2996,0.0000,-12.8435,0.5427,0.0901,0,3
cimbalom_felt,77,F5,0.4600,corpus,felt_mallet,Felt,0.2950,1.7932,698.4560,1399.3250,2.5050,5.0186,-17.5234,-58.3413,3,-3.0790,39.3292,39.3386,52.4006,0.0000,-9.3974,0.7368,0.0080,0,3
cimbalom_felt,78,F#5,0.0500,regular,felt_mallet,Felt,0.2950,4.9596,739.9890,1482.8460,7.3401,14.7087,-40.3270,-53.7600,7,-5.8616,11.9408,11.9371,10.3451,0.0000,-51.4795,0.0533,0.0135,0,3
cimbalom_felt,78,F#5,0.0750,regular,felt_mallet,Felt,0.2950,4.1046,739.9890,1482.8460,6.0748,12.1731,-31.1626,-43.6821,7,-0.0600,11.0248,11.0252,10.9261,0.0000,-38.7925,0.1532,0.0431,0,3
cimbalom_felt,78,F#5,0.1000,regular,felt_mallet,Felt,0.2950,3.5890,739.9890,1482.8460,5.3116,10.6438,-35.2512,-46.5075,5,-6.5557,9.7556,9.7576,8.7182,0.0000,-40.3836,0.0957,0.0311,0,3
cimbalom_felt,78,F#5,0.1250,regular,felt_mallet,Felt,0.2950,3.2340,739.9890,1482.8460,4.7863,9.5911,-36.4573,-41.1098,5,-9.6450,3.1589,3.1584,3.9724,0.0000,-39.6479,0.0833,0.0579,0,3
cimbalom_felt,78,F#5,0.1500,regular,felt_mallet,Felt,0.2950,2.9702,739.9890,1482.8460,4.3959,8.8088,-27.0609,-48.2649,5,-1.8005,19.7026,19.7039,18.7785,0.0000,-28.6687,0.2457,0.0254,0,3
cimbalom_felt,78,F#5,0.1750,regular,felt_mallet,Felt,0.2950,2.7641,739.9890,1482.8460,4.0908,8.1974,-24.0257,-36.8414,5,-0.0886,11.3173,11.3178,11.2423,0.0000,-24.2949,0.3485,0.0947,0,3
cimbalom_felt,78,F#5,0.2000,regular,felt_mallet,Felt,0.2950,2.5971,739.9890,1482.8460,3.8436,7.7022,-23.0456,-36.3041,3,-0.2646,11.7612,11.7608,11.8826,0.0000,-22.1550,0.3901,0.1007,0,3
cimbalom_felt,78,F#5,0.2250,regular,felt_mallet,Felt,0.2950,2.4582,739.9890,1482.8460,3.6381,7.2903,-23.2390,-41.4697,3,-1.4865,16.7340,16.7338,17.2497,0.0000,-21.3255,0.3815,0.0556,0,3
cimbalom_felt,78,F#5,0.2500,regular,felt_mallet,Felt,0.2950,2.3403,739.9890,1482.8460,3.4635,6.9405,-24.3623,-54.0704,3,-3.5376,28.2085,28.2005,25.5523,0.0000,-21.5338,0.3352,0.0130,0,3
cimbalom_felt,78,F#5,0.2750,regular,felt_mallet,Felt,0.2950,2.2384,739.9890,1482.8460,3.3129,6.6385,-26.5015,-38.0719,3,-6.5233,10.0695,10.0696,9.4283,0.0000,-22.8453,0.2621,0.0822,0,3
cimbalom_felt,78,F#5,0.3000,regular,felt_mallet,Felt,0.2950,2.1494,739.9890,1482.8460,3.1810,6.3744,-30.2390,-33.5586,3,-11.0401,1.8190,1.8188,1.2212,0.0000,-25.8272,0.1704,0.1382,0,3
cimbalom_felt,78,F#5,0.3250,regular,felt_mallet,Felt,0.2950,2.0706,739.9890,1482.8460,3.0644,6.1407,-38.3908,-31.5090,3,-19.9150,-8.3848,-8.3850,-9.7073,-8.3848,-33.2863,0.0667,0.1750,0,3
cimbalom_felt,78,F#5,0.3500,regular,felt_mallet,Felt,0.2950,2.0002,739.9890,1482.8460,2.9602,5.9319,-41.8930,-30.7272,3,-24.0924,-12.6592,-12.6585,-10.9474,-12.6592,-36.1358,0.0446,0.1915,0,3
cimbalom_felt,78,F#5,0.3750,regular,felt_mallet,Felt,0.2950,1.9368,739.9890,1482.8460,2.8664,5.7440,-30.7944,-30.8233,3,-13.6279,-1.4682,-1.4681,-0.8525,-1.4682,-24.4413,0.1599,0.1894,0,3
cimbalom_felt,78,F#5,0.4000,regular,felt_mallet,Felt,0.2950,1.8793,739.9890,1482.8460,2.7814,5.5736,-26.0240,-31.6756,3,-9.4558,4.1535,4.1539,4.6346,0.0000,-19.1114,0.2769,0.1717,0,3
cimbalom_felt,78,F#5,0.4250,regular,felt_mallet,Felt,0.2950,1.8269,739.9890,1482.8460,2.7038,5.4181,-22.9632,-33.3385,3,-6.9618,8.8777,8.8775,9.3734,0.0000,-15.5241,0.3939,0.1417,0,3
cimbalom_felt,78,F#5,0.4500,regular,felt_mallet,Felt,0.2950,1.7788,739.9890,1482.8460,2.6326,5.2755,-20.7255,-36.1211,3,-5.2633,13.8981,13.8980,14.5222,0.0000,-12.7901,0.5097,0.1029,0,3
cimbalom_felt,78,F#5,0.4750,regular,felt_mallet,Felt,0.2950,1.7345,739.9890,1482.8460,2.5670,5.1440,-18.9768,-41.0996,3,-4.0290,20.6272,20.6264,21.6833,0.0000,-10.5719,0.6233,0.0580,0,3
cimbalom_felt,78,F#5,0.5000,regular,felt_mallet,Felt,0.2950,1.6935,739.9890,1482.8460,2.5063,5.0224,-17.5530,-56.7704,3,-3.0975,37.7361,37.7352,46.8729,0.0000,-8.7027,0.7343,0.0095,0,3
cimbalom_felt,78,F#5,0.5250,regular,felt_mallet,Felt,0.2950,1.6554,739.9890,1482.8460,2.4499,4.9093,-16.3610,-44.2286,3,-2.3780,26.3651,26.3643,25.2077,0.0000,-7.0869,0.8424,0.0405,0,3
cimbalom_felt,78,F#5,0.5500,regular,felt_mallet,Felt,0.2950,1.6198,739.9890,1482.8460,2.3973,4.8039,-15.3426,-37.2439,3,-1.8142,20.4002,20.4002,19.9029,0.0000,-5.6644,0.9471,0.0905,0,3
cimbalom_felt,78,F#5,0.5750,regular,felt_mallet,Felt,0.2950,1.5866,739.9890,1482.8460,2.3481,4.7053,-14.4589,-33.5031,3,-1.3687,17.5435,17.5436,17.2466,0.0000,-4.3947,1.0486,0.1391,0,3
cimbalom_felt,78,F#5,0.6000,regular,felt_mallet,Felt,0.2950,1.5554,739.9890,1482.8460,2.3019,4.6127,-13.6825,-30.9999,3,-1.0157,15.8167,15.8171,15.6164,0.0000,-3.2487,1.1466,0.1856,0,3
cimbalom_felt,78,F#5,0.6250,regular,felt_mallet,Felt,0.2950,1.5260,739.9890,1482.8460,2.2585,4.5257,-12.9935,-29.1678,3,-0.7364,14.6745,14.6741,14.5320,0.0000,-2.2051,1.2413,0.2292,0,3
cimbalom_felt,78,F#5,0.6500,regular,felt_mallet,Felt,0.2950,1.4983,739.9890,1482.8460,2.2175,4.4436,-12.3769,-27.7633,3,-0.5171,13.8865,13.8863,13.7833,0.0000,-1.2479,1.3326,0.2694,0,3
cimbalom_felt,78,F#5,0.6750,regular,felt_mallet,Felt,0.2950,1.4722,739.9890,1482.8460,2.1788,4.3660,-11.8211,-26.6579,3,-0.3471,13.3367,13.3368,13.2620,0.0000,-0.3642,1.4206,0.3059,0,3
cimbalom_felt,78,F#5,0.7000,regular,felt_mallet,Felt,0.2950,1.4474,739.9890,1482.8460,2.1421,4.2926,-11.3170,-25.7753,3,-0.2183,12.9583,12.9583,12.9061,0.0000,0.4557,1.5055,0.3387,0,3
cimbalom_felt,78,F#5,0.7250,regular,felt_mallet,Felt,0.2950,1.4239,739.9890,1482.8460,2.1073,4.2228,-10.8573,-25.0662,3,-0.1240,12.7090,12.7089,12.6748,0.0000,1.2202,1.5874,0.3675,0,3
cimbalom_felt,78,F#5,0.7500,regular,felt_mallet,Felt,0.2950,1.4015,739.9890,1482.8460,2.0743,4.1565,-10.4362,-24.4967,3,-0.0592,12.5607,12.5606,12.5416,0.0000,1.9359,1.6662,0.3924,0,3
cimbalom_felt,78,F#5,0.7750,regular,felt_mallet,Felt,0.2950,1.3803,739.9890,1482.8460,2.0428,4.0934,-10.0486,-24.0429,3,-0.0196,12.4943,12.4944,12.4893,0.0000,2.6082,1.7422,0.4134,0,3
cimbalom_felt,78,F#5,0.8000,regular,felt_mallet,Felt,0.2950,1.3600,739.9890,1482.8460,2.0127,4.0332,-9.6906,-23.6869,3,-0.0017,12.4962,12.4963,12.5028,0.0000,3.2419,1.8155,0.4307,0,3
cimbalom_felt,78,F#5,0.8250,regular,felt_mallet,Felt,0.2950,1.3406,739.9890,1482.8460,1.9840,3.9757,-9.3588,-23.4153,,0.0000,12.5565,12.5566,12.5743,0.0000,3.8410,1.8862,0.4444,0,3
cimbalom_felt,78,F#5,0.8500,regular,felt_mallet,Felt,0.2950,1.3220,739.9890,1482.8460,1.9566,3.9207,-9.0503,-23.2179,,0.0000,12.6677,12.6677,12.6962,0.0000,4.4088,1.9544,0.4546,0,3
cimbalom_felt,78,F#5,0.8750,regular,felt_mallet,Felt,0.2950,1.3043,739.9890,1482.8460,1.9303,3.8680,-8.7626,-23.0867,,0.0000,12.8241,12.8242,12.8628,0.0000,4.9483,2.0202,0.4615,0,3
cimbalom_felt,78,F#5,0.9000,regular,felt_mallet,Felt,0.2950,1.2872,739.9890,1482.8460,1.9051,3.8175,-8.4937,-23.0156,,0.0000,13.0220,13.0221,13.0707,0.0000,5.4619,2.0838,0.4653,0,3
cimbalom_felt,78,F#5,0.9250,regular,felt_mallet,Felt,0.2950,1.2709,739.9890,1482.8460,1.8809,3.7690,-8.2416,-22.9998,,0.0000,13.2584,13.2583,13.3168,0.0000,5.9519,2.1451,0.4662,0,3
cimbalom_felt,78,F#5,0.9500,regular,felt_mallet,Felt,0.2950,1.2552,739.9890,1482.8460,1.8576,3.7224,-8.0049,-23.0356,,0.0000,13.5310,13.5309,13.5992,0.0000,6.4204,2.2044,0.4642,0,3
cimbalom_felt,78,F#5,0.9750,regular,felt_mallet,Felt,0.2950,1.2400,739.9890,1482.8460,1.8352,3.6776,-7.7820,-23.1204,,0.0000,13.8386,13.8386,13.9175,0.0000,6.8688,2.2617,0.4597,0,3
cimbalom_felt,78,F#5,1.0000,regular,felt_mallet,Felt,0.2950,1.2255,739.9890,1482.8460,1.8137,3.6344,-7.5719,-23.2524,,0.0000,14.1808,14.1807,14.2700,0.0000,7.2989,2.3171,0.4528,0,3
cimbalom_felt,78,F#5,0.4200,corpus,felt_mallet,Felt,0.2950,1.8370,739.9890,1482.8460,2.7188,5.4481,-23.4935,-32.9317,3,-7.3811,7.9404,7.9403,8.4259,0.0000,-16.1571,0.3706,0.1485,0,3
cimbalom_felt,78,F#5,0.4600,corpus,felt_mallet,Felt,0.2950,1.7607,739.9890,1482.8460,2.6058,5.2217,-19.9788,-37.7282,3,-4.7251,16.2518,16.2521,16.9844,0.0000,-11.8527,0.5554,0.0855,0,3
cimbalom_felt,79,G5,0.0500,regular,felt_mallet,Felt,0.2950,4.8909,783.9910,1571.3920,7.6689,15.3711,-36.4724,-52.6170,7,-1.2321,14.6550,14.6567,15.4524,0.0000,-47.6265,0.0831,0.0154,0,3
cimbalom_felt,79,G5,0.0750,regular,felt_mallet,Felt,0.2950,4.0445,783.9910,1571.3920,6.3417,12.7111,-33.1863,-51.2753,7,-1.3166,16.5968,16.5931,15.7776,0.0000,-40.8158,0.1214,0.0180,0,3
cimbalom_felt,79,G5,0.1000,regular,felt_mallet,Felt,0.2950,3.5344,783.9910,1571.3920,5.5419,11.1079,-31.9336,-57.2144,5,-2.4748,23.7930,23.7926,26.6431,0.0000,-37.0644,0.1402,0.0091,0,3
cimbalom_felt,79,G5,0.1250,regular,felt_mallet,Felt,0.2950,3.1835,783.9910,1571.3920,4.9916,10.0050,-65.1998,-39.9217,5,-37.6259,-23.3406,-23.3345,-18.0696,-23.3406,-64.9590,0.0045,0.0664,0,3
cimbalom_felt,79,G5,0.1500,regular,felt_mallet,Felt,0.2950,2.9228,783.9910,1571.3920,4.5828,9.1856,-30.3241,-49.2488,5,-4.3024,17.4330,17.4321,18.9617,0.0000,-31.9323,0.1688,0.0227,0,3
cimbalom_felt,79,G5,0.1750,regular,felt_mallet,Felt,0.2950,2.7191,783.9910,1571.3920,4.2635,8.5455,-25.4650,-40.8267,5,-0.7660,13.8622,13.8634,13.5600,0.0000,-25.7343,0.2953,0.0599,0,3
cimbalom_felt,79,G5,0.2000,regular,felt_mallet,Felt,0.2950,2.5541,783.9910,1571.3920,4.0048,8.0271,-23.5445,-36.0543,5,-0.0003,11.0124,11.0121,11.0028,0.0000,-22.6540,0.3684,0.1037,0,3
cimbalom_felt,79,G5,0.2250,regular,felt_mallet,Felt,0.2950,2.4170,783.9910,1571.3920,3.7898,7.5960,-23.0001,-36.9521,3,-0.4825,12.4544,12.4544,12.6293,0.0000,-21.0866,0.3922,0.0935,0,3
cimbalom_felt,79,G5,0.2500,regular,felt_mallet,Felt,0.2950,2.3005,783.9910,1571.3920,3.6072,7.2301,-23.3626,-43.2280,3,-1.7704,18.3682,18.3690,19.0577,0.0000,-20.5337,0.3762,0.0454,0,3
cimbalom_felt,79,G5,0.2750,regular,felt_mallet,Felt,0.2950,2.2000,783.9910,1571.3920,3.4496,6.9142,-24.5036,-50.8451,3,-3.7552,24.8322,24.8365,22.8763,0.0000,-20.8473,0.3298,0.0189,0,3
cimbalom_felt,79,G5,0.3000,regular,felt_mallet,Felt,0.2950,2.1121,783.9910,1571.3920,3.3118,6.6380,-26.5226,-38.0583,3,-6.5505,10.0346,10.0349,9.3939,0.0000,-22.1108,0.2614,0.0823,0,3
cimbalom_felt,79,G5,0.3250,regular,felt_mallet,Felt,0.2950,2.0344,783.9910,1571.3920,3.1899,6.3936,-29.8904,-33.7927,3,-10.6381,2.4016,2.4016,1.8139,0.0000,-24.7838,0.1774,0.1345,0,3
cimbalom_felt,79,G5,0.3500,regular,felt_mallet,Felt,0.2950,1.9649,783.9910,1571.3920,3.0810,6.1754,-36.5142,-31.7295,3,-17.9335,-6.2868,-6.2871,-7.3515,-6.2868,-30.7654,0.0827,0.1706,0,3
cimbalom_felt,79,G5,0.3750,regular,felt_mallet,Felt,0.2950,1.9024,783.9910,1571.3920,2.9830,5.9789,-49.3982,-30.8232,3,-31.4478,-20.0584,-20.0589,-16.5097,-20.0584,-43.0316,0.0188,0.1894,0,3
cimbalom_felt,79,G5,0.4000,regular,felt_mallet,Felt,0.2950,1.8457,783.9910,1571.3920,2.8941,5.8008,-32.9750,-30.7099,3,-15.6188,-3.7626,-3.7617,-3.0314,-3.7626,-26.0617,0.1244,0.1919,0,3
cimbalom_felt,79,G5,0.4250,regular,felt_mallet,Felt,0.2950,1.7940,783.9910,1571.3920,2.8130,5.6383,-27.5605,-31.2530,3,-10.7670,2.1956,2.1950,2.7021,0.0000,-20.1206,0.2321,0.1802,0,3
cimbalom_felt,79,G5,0.4500,regular,felt_mallet,Felt,0.2950,1.7466,783.9910,1571.3920,2.7387,5.4893,-24.2379,-32.4468,3,-7.9792,6.7112,6.7112,7.1861,0.0000,-16.3021,0.3402,0.1571,0,3
cimbalom_felt,79,G5,0.4750,regular,felt_mallet,Felt,0.2950,1.7029,783.9910,1571.3920,2.6702,5.3519,-21.8523,-34.4275,3,-6.1035,11.0778,11.0775,11.6142,0.0000,-13.4474,0.4476,0.1250,0,3
cimbalom_felt,79,G5,0.5000,regular,felt_mallet,Felt,0.2950,1.6625,783.9910,1571.3920,2.6067,5.2248,-20.0046,-37.6215,3,-4.7435,16.1191,16.1197,16.8433,0.0000,-11.1542,0.5538,0.0866,0,3
cimbalom_felt,79,G5,0.5250,regular,felt_mallet,Felt,0.2950,1.6249,783.9910,1571.3920,2.5478,5.1067,-18.5077,-43.5415,3,-3.7142,23.5378,23.5384,24.9329,0.0000,-9.2335,0.6579,0.0438,0,3
cimbalom_felt,79,G5,0.5500,regular,felt_mallet,Felt,0.2950,1.5899,783.9910,1571.3920,2.4929,4.9966,-17.2580,-72.9589,3,-2.9140,44.2638,44.2604,39.9926,0.0000,-7.5799,0.7597,0.0046,1,3
cimbalom_felt,79,G5,0.5750,regular,felt_mallet,Felt,0.2950,1.5571,783.9910,1571.3920,2.4415,4.8936,-16.1920,-42.7903,3,-2.2810,25.0940,25.0956,24.1126,0.0000,-6.1277,0.8589,0.0478,0,3
cimbalom_felt,79,G5,0.6000,regular,felt_mallet,Felt,0.2950,1.5263,783.9910,1571.3920,2.3933,4.7969,-15.2677,-36.9248,3,-1.7747,20.1553,20.1560,19.6789,0.0000,-4.8339,0.9553,0.0938,0,3
cimbalom_felt,79,G5,0.6250,regular,felt_mallet,Felt,0.2950,1.4974,783.9910,1571.3920,2.3479,4.7060,-14.4559,-33.5272,3,-1.3673,17.5709,17.5707,17.2728,0.0000,-3.6675,1.0489,0.1387,0,3
cimbalom_felt,79,G5,0.6500,regular,felt_mallet,Felt,0.2950,1.4701,783.9910,1571.3920,2.3051,4.6203,-13.7355,-31.1806,3,-1.0385,15.9449,15.9447,15.7380,0.0000,-2.6064,1.1396,0.1818,0,3
cimbalom_felt,79,G5,0.6750,regular,felt_mallet,Felt,0.2950,1.4444,783.9910,1571.3920,2.2647,4.5393,-13.0907,-29.4289,3,-0.7737,14.8382,14.8381,14.6885,0.0000,-1.6338,1.2275,0.2224,0,3
cimbalom_felt,79,G5,0.7000,regular,felt_mallet,Felt,0.2950,1.4200,783.9910,1571.3920,2.2265,4.4626,-12.5092,-28.0651,3,-0.5616,14.0558,14.0559,13.9449,0.0000,-0.7365,1.3124,0.2602,0,3
cimbalom_felt,79,G5,0.7250,regular,felt_mallet,Felt,0.2950,1.3968,783.9910,1571.3920,2.1901,4.3898,-11.9816,-26.9767,3,-0.3934,13.4951,13.4951,13.4119,0.0000,0.0959,1.3946,0.2949,0,3
cimbalom_felt,79,G5,0.7500,regular,felt_mallet,Felt,0.2950,1.3748,783.9910,1571.3920,2.1556,4.3206,-11.5002,-26.0953,3,-0.2622,13.0953,13.0951,13.0345,0.0000,0.8718,1.4741,0.3264,0,3
cimbalom_felt,79,G5,0.7750,regular,felt_mallet,Felt,0.2950,1.3538,783.9910,1571.3920,2.1228,4.2547,-11.0590,-25.3762,3,-0.1625,12.8172,12.8173,12.7748,0.0000,1.5978,1.5509,0.3546,0,3
cimbalom_felt,79,G5,0.8000,regular,felt_mallet,Felt,0.2950,1.3338,783.9910,1571.3920,2.0914,4.1919,-10.6527,-24.7884,3,-0.0898,12.6359,12.6357,12.6088,0.0000,2.2799,1.6252,0.3794,0,3
cimbalom_felt,79,G5,0.8250,regular,felt_mallet,Felt,0.2950,1.3147,783.9910,1571.3920,2.0615,4.1319,-10.2772,-24.3095,3,-0.0405,12.5323,12.5323,12.5188,0.0000,2.9226,1.6970,0.4009,0,3
cimbalom_felt,79,G5,0.8500,regular,felt_mallet,Felt,0.2950,1.2965,783.9910,1571.3920,2.0328,4.0745,-9.9290,-23.9229,3,-0.0116,12.4939,12.4940,12.4923,0.0000,3.5301,1.7664,0.4192,0,3
cimbalom_felt,79,G5,0.8750,regular,felt_mallet,Felt,0.2950,1.2790,783.9910,1571.3920,2.0054,4.0195,-9.6051,-23.6161,3,-0.0003,12.5110,12.5111,12.5206,0.0000,4.1058,1.8335,0.4342,0,3
cimbalom_felt,79,G5,0.9000,regular,felt_mallet,Felt,0.2950,1.2622,783.9910,1571.3920,1.9791,3.9668,-9.3029,-23.3791,,0.0000,12.5765,12.5764,12.5960,0.0000,4.6527,1.8984,0.4462,0,3
cimbalom_felt,79,G5,0.9250,regular,felt_mallet,Felt,0.2950,1.2461,783.9910,1571.3920,1.9538,3.9162,-9.0202,-23.2044,,0.0000,12.6845,12.6844,12.7140,0.0000,5.1734,1.9612,0.4553,0,3
cimbalom_felt,79,G5,0.9500,regular,felt_mallet,Felt,0.2950,1.2306,783.9910,1571.3920,1.9296,3.8676,-8.7551,-23.0858,,0.0000,12.8310,12.8309,12.8698,0.0000,5.6702,2.0220,0.4616,0,3
cimbalom_felt,79,G5,0.9750,regular,felt_mallet,Felt,0.2950,1.2157,783.9910,1571.3920,1.9062,3.8208,-8.5060,-23.0185,,0.0000,13.0128,13.0128,13.0607,0.0000,6.1449,2.0808,0.4652,0,3
cimbalom_felt,79,G5,1.0000,regular,felt_mallet,Felt,0.2950,1.2014,783.9910,1571.3920,1.8838,3.7757,-8.2714,-22.9988,,0.0000,13.2278,13.2277,13.2850,0.0000,6.5994,2.1378,0.4662,0,3
cimbalom_felt,79,G5,0.4200,corpus,felt_mallet,Felt,0.2950,1.8040,783.9910,1571.3920,2.8287,5.6696,-28.4095,-31.0938,3,-11.5059,1.1875,1.1869,1.7154,0.0000,-21.0724,0.2104,0.1835,0,3
cimbalom_felt,79,G5,0.4600,corpus,felt_mallet,Felt,0.2950,1.7287,783.9910,1571.3920,2.7106,5.4330,-23.2010,-33.1303,3,-7.1491,8.4314,8.4316,8.9214,0.0000,-15.0747,0.3833,0.1452,0,3
cimbalom_felt,80,G#5,0.0500,regular,felt_mallet,Felt,0.2950,4.8230,830.6090,1665.2730,8.0120,16.0632,-36.0149,-48.2424,9,-0.0016,10.7349,10.7382,10.6841,0.0000,-47.1685,0.0876,0.0255,0,3
cimbalom_felt,80,G#5,0.0750,regular,felt_mallet,Felt,0.2950,3.9852,830.6090,1665.2730,6.6203,13.2729,-37.6442,-52.4951,7,-5.0096,13.3622,13.3626,14.9658,0.0000,-45.2741,0.0726,0.0156,0,3
cimbalom_felt,80,G#5,0.1000,regular,felt_mallet,Felt,0.2950,3.4806,830.6090,1665.2730,5.7820,11.5923,-30.7388,-44.4199,5,-0.5193,12.1849,12.1872,12.4539,0.0000,-35.8700,0.1609,0.0396,0,3
cimbalom_felt,80,G#5,0.1250,regular,felt_mallet,Felt,0.2950,3.1336,830.6090,1665.2730,5.2057,10.4368,-38.2982,-42.8905,5,-9.9657,3.0942,3.0938,2.1369,0.0000,-41.4925,0.0674,0.0472,0,3
cimbalom_felt,80,G#5,0.1500,regular,felt_mallet,Felt,0.2950,2.8760,830.6090,1665.2730,4.7777,9.5786,-36.0940,-41.2171,5,-9.3145,3.6285,3.6290,4.4276,0.0000,-37.7018,0.0869,0.0572,0,3
cimbalom_felt,80,G#5,0.1750,regular,felt_mallet,Felt,0.2950,2.6748,830.6090,1665.2730,4.4434,8.9084,-27.7594,-54.7511,5,-2.3024,25.4840,25.4878,23.5117,0.0000,-28.0283,0.2268,0.0121,0,3
cimbalom_felt,80,G#5,0.2000,regular,felt_mallet,Felt,0.2950,2.5119,830.6090,1665.2730,4.1727,8.3658,-24.6268,-38.2962,5,-0.3237,12.1714,12.1714,12.0119,0.0000,-23.7364,0.3252,0.0801,0,3
cimbalom_felt,80,G#5,0.2250,regular,felt_mallet,Felt,0.2950,2.3764,830.6090,1665.2730,3.9477,7.9148,-23.3072,-35.8758,3,-0.0293,11.0713,11.0709,11.1048,0.0000,-21.3937,0.3786,0.1058,0,3
cimbalom_felt,80,G#5,0.2500,regular,felt_mallet,Felt,0.2950,2.2615,830.6090,1665.2730,3.7568,7.5319,-23.0043,-37.5179,3,-0.6500,13.0166,13.0162,13.2328,0.0000,-20.1755,0.3920,0.0876,0,3
cimbalom_felt,80,G#5,0.2750,regular,felt_mallet,Felt,0.2950,2.1623,830.6090,1665.2730,3.5920,7.2015,-23.4339,-44.2637,3,-1.9212,19.3340,19.3338,20.1431,0.0000,-19.7775,0.3731,0.0403,0,3
cimbalom_felt,80,G#5,0.3000,regular,felt_mallet,Felt,0.2950,2.0755,830.6090,1665.2730,3.4479,6.9126,-24.5218,-50.6787,3,-3.7829,24.6502,24.6519,22.7245,0.0000,-20.1097,0.3291,0.0193,0,3
cimbalom_felt,80,G#5,0.3250,regular,felt_mallet,Felt,0.2950,1.9988,830.6090,1665.2730,3.3204,6.6571,-26.3546,-38.5311,3,-6.3327,10.6753,10.6758,10.0134,0.0000,-21.2474,0.2665,0.0780,0,3
cimbalom_felt,80,G#5,0.3500,regular,felt_mallet,Felt,0.2950,1.9303,830.6090,1665.2730,3.2066,6.4289,-29.2799,-34.2544,3,-9.9266,3.4743,3.4739,2.8979,0.0000,-23.5294,0.1903,0.1276,0,3
cimbalom_felt,80,G#5,0.3750,regular,felt_mallet,Felt,0.2950,1.8686,830.6090,1665.2730,3.1042,6.2235,-34.4857,-32.0812,3,-15.7594,-3.9061,-3.9060,-4.7612,-3.9061,-28.1370,0.1045,0.1638,0,3
cimbalom_felt,80,G#5,0.4000,regular,felt_mallet,Felt,0.2950,1.8127,830.6090,1665.2730,3.0113,6.0374,-53.1244,-31.0073,3,-34.9889,-23.6350,-23.6376,-36.2388,-23.6350,-46.2316,0.0122,0.1854,0,3
cimbalom_felt,80,G#5,0.4250,regular,felt_mallet,Felt,0.2950,1.7617,830.6090,1665.2730,2.9266,5.8676,-36.3639,-30.6716,3,-18.7875,-7.1877,-7.1880,-6.1940,-7.1877,-28.9219,0.0842,0.1927,0,3
cimbalom_felt,80,G#5,0.4500,regular,felt_mallet,Felt,0.2950,1.7150,830.6090,1665.2730,2.8490,5.7118,-29.6233,-30.9226,3,-12.5778,-0.1980,-0.1980,0.3677,-0.1980,-21.6872,0.1830,0.1872,0,3
cimbalom_felt,80,G#5,0.4750,regular,felt_mallet,Felt,0.2950,1.6719,830.6090,1665.2730,2.7774,5.5683,-25.8441,-31.7157,3,-9.3046,4.3738,4.3739,4.8521,0.0000,-17.4390,0.2827,0.1709,0,3
cimbalom_felt,80,G#5,0.5000,regular,felt_mallet,Felt,0.2950,1.6320,830.6090,1665.2730,2.7112,5.4355,-23.2204,-33.0960,3,-7.1644,8.3780,8.3779,8.8656,0.0000,-14.3698,0.3824,0.1458,0,3
cimbalom_felt,80,G#5,0.5250,regular,felt_mallet,Felt,0.2950,1.5950,830.6090,1665.2730,2.6496,5.3122,-21.2224,-35.2382,3,-5.6298,12.5182,12.5183,13.0936,0.0000,-11.9481,0.4813,0.1139,0,3
cimbalom_felt,80,G#5,0.5500,regular,felt_mallet,Felt,0.2950,1.5604,830.6090,1665.2730,2.5922,5.1971,-19.6193,-38.6243,3,-4.4718,17.5084,17.5081,18.3137,0.0000,-9.9410,0.5789,0.0771,0,3
cimbalom_felt,80,G#5,0.5750,regular,felt_mallet,Felt,0.2950,1.5281,830.6090,1665.2730,2.5386,5.0896,-18.2889,-44.9899,3,-3.5699,25.2040,25.2063,26.8613,0.0000,-8.2246,0.6747,0.0371,0,3
cimbalom_felt,80,G#5,0.6000,regular,felt_mallet,Felt,0.2950,1.4978,830.6090,1665.2730,2.4882,4.9886,-17.1584,-62.5280,3,-2.8528,42.4141,42.4154,36.8657,0.0000,-6.7244,0.7685,0.0058,1,3
cimbalom_felt,80,G#5,0.6250,regular,felt_mallet,Felt,0.2950,1.4693,830.6090,1665.2730,2.4409,4.8937,-16.1807,-42.8035,3,-2.2746,25.1198,25.1201,24.1380,0.0000,-5.3922,0.8600,0.0477,0,3
cimbalom_felt,80,G#5,0.6500,regular,felt_mallet,Felt,0.2950,1.4425,830.6090,1665.2730,2.3963,4.8042,-15.3234,-37.2598,3,-1.8040,20.4356,20.4352,19.9377,0.0000,-4.1943,0.9492,0.0903,0,3
cimbalom_felt,80,G#5,0.6750,regular,felt_mallet,Felt,0.2950,1.4171,830.6090,1665.2730,2.3541,4.7196,-14.5634,-33.9636,3,-1.4190,17.8993,17.8996,17.5809,0.0000,-3.1065,1.0360,0.1320,0,3
cimbalom_felt,80,G#5,0.7000,regular,felt_mallet,Felt,0.2950,1.3930,830.6090,1665.2730,2.3141,4.6396,-13.8835,-31.6560,3,-1.1034,16.2717,16.2722,16.0485,0.0000,-2.1107,1.1204,0.1721,0,3
cimbalom_felt,80,G#5,0.7250,regular,felt_mallet,Felt,0.2950,1.3702,830.6090,1665.2730,2.2762,4.5636,-13.2708,-29.9156,3,-0.8447,15.1444,15.1446,14.9791,0.0000,-1.1933,1.2023,0.2103,0,3
cimbalom_felt,80,G#5,0.7500,regular,felt_mallet,Felt,0.2950,1.3485,830.6090,1665.2730,2.2402,4.4913,-12.7149,-28.5473,3,-0.6335,14.3323,14.3323,14.2075,0.0000,-0.3428,1.2817,0.2461,0,3
cimbalom_felt,80,G#5,0.7750,regular,felt_mallet,Felt,0.2950,1.3279,830.6090,1665.2730,2.2059,4.4226,-12.2077,-27.4443,3,-0.4625,13.7367,13.7366,13.6415,0.0000,0.4491,1.3588,0.2795,0,3
cimbalom_felt,80,G#5,0.8000,regular,felt_mallet,Felt,0.2950,1.3082,830.6090,1665.2730,2.1732,4.3570,-11.7428,-26.5413,3,-0.3255,13.2985,13.2986,13.2266,0.0000,1.1898,1.4335,0.3101,0,3
cimbalom_felt,80,G#5,0.8250,regular,felt_mallet,Felt,0.2950,1.2894,830.6090,1665.2730,2.1419,4.2944,-11.3146,-25.7952,3,-0.2177,12.9806,12.9806,12.9273,0.0000,1.8852,1.5059,0.3379,0,3
cimbalom_felt,80,G#5,0.8500,regular,felt_mallet,Felt,0.2950,1.2714,830.6090,1665.2730,2.1121,4.2344,-10.9189,-25.1762,3,-0.1353,12.7574,12.7574,12.7202,0.0000,2.5403,1.5761,0.3629,0,3
cimbalom_felt,80,G#5,0.8750,regular,felt_mallet,Felt,0.2950,1.2542,830.6090,1665.2730,2.0835,4.1771,-10.5518,-24.6627,3,-0.0748,12.6108,12.6110,12.5873,0.0000,3.1591,1.6442,0.3850,0,3
cimbalom_felt,80,G#5,0.9000,regular,felt_mallet,Felt,0.2950,1.2377,830.6090,1665.2730,2.0560,4.1221,-10.2102,-24.2384,3,-0.0337,12.5282,12.5284,12.5167,0.0000,3.7454,1.7101,0.4042,0,3
cimbalom_felt,80,G#5,0.9250,regular,felt_mallet,Felt,0.2950,1.2218,830.6090,1665.2730,2.0297,4.0693,-9.8914,-23.8911,3,-0.0094,12.5000,12.4998,12.4995,0.0000,4.3022,1.7741,0.4207,0,3
cimbalom_felt,80,G#5,0.9500,regular,felt_mallet,Felt,0.2950,1.2066,830.6090,1665.2730,2.0044,4.0185,-9.5931,-23.6110,3,-0.0002,12.5183,12.5181,12.5278,0.0000,4.8322,1.8360,0.4345,0,3
cimbalom_felt,80,G#5,0.9750,regular,felt_mallet,Felt,0.2950,1.1919,830.6090,1665.2730,1.9800,3.9697,-9.3133,-23.3907,,0.0000,12.5776,12.5776,12.5967,0.0000,5.3375,1.8962,0.4456,0,3
cimbalom_felt,80,G#5,1.0000,regular,felt_mallet,Felt,0.2950,1.1778,830.6090,1665.2730,1.9566,3.9227,-9.0502,-23.2239,,0.0000,12.6737,12.6738,12.7019,0.0000,5.8205,1.9545,0.4543,0,3
cimbalom_felt,80,G#5,0.4200,corpus,felt_mallet,Felt,0.2950,1.7716,830.6090,1665.2730,2.9430,5.9003,-38.6550,-30.6888,3,-20.9691,-9.4611,-9.4610,-8.2211,-9.4611,-31.3156,0.0647,0.1923,0,3
cimbalom_felt,80,G#5,0.4600,corpus,felt_mallet,Felt,0.2950,1.6973,830.6090,1665.2730,2.8197,5.6531,-27.9121,-31.1744,3,-11.0719,1.7651,1.7648,2.2790,0.0000,-19.7850,0.2228,0.1819,0,3
cimbalom_felt,81,A5,0.0500,regular,felt_mallet,Felt,0.2950,4.7558,880.0000,1764.8190,8.3703,16.7864,-38.3452,-58.6173,9,-1.5605,18.7804,18.7794,17.2759,0.0000,-49.4991,0.0670,0.0077,0,3
cimbalom_felt,81,A5,0.0750,regular,felt_mallet,Felt,0.2950,3.9266,880.0000,1764.8190,6.9109,13.8596,-50.5028,-45.8377,7,-17.1053,-6.1509,-6.1509,-4.2869,-6.1509,-58.1281,0.0165,0.0336,0,3
cimbalom_felt,81,A5,0.1000,regular,felt_mallet,Felt,0.2950,3.4275,880.0000,1764.8190,6.0325,12.0980,-30.9891,-43.3523,7,-0.0113,10.8691,10.8690,10.8146,0.0000,-36.1208,0.1563,0.0447,0,3
cimbalom_felt,81,A5,0.1250,regular,felt_mallet,Felt,0.2950,3.0845,880.0000,1764.8190,5.4288,10.8873,-33.1880,-56.4883,5,-4.0997,21.7945,21.7974,19.4125,0.0000,-36.3810,0.1214,0.0099,0,3
cimbalom_felt,81,A5,0.1500,regular,felt_mallet,Felt,0.2950,2.8299,880.0000,1764.8190,4.9807,9.9886,-57.8877,-39.8941,5,-30.3536,-19.4592,-19.4697,-14.6510,-19.4592,-59.4653,0.0071,0.0666,0,3
cimbalom_felt,81,A5,0.1750,regular,felt_mallet,Felt,0.2950,2.6311,880.0000,1764.8190,4.6308,9.2869,-31.4356,-45.8325,5,-5.2243,12.9026,12.9032,13.9693,0.0000,-31.7047,0.1485,0.0336,0,3
cimbalom_felt,81,A5,0.2000,regular,felt_mallet,Felt,0.2950,2.4702,880.0000,1764.8190,4.3476,8.7190,-26.4227,-44.8919,5,-1.3648,16.9715,16.9703,16.3835,0.0000,-25.5319,0.2645,0.0375,0,3
cimbalom_felt,81,A5,0.2250,regular,felt_mallet,Felt,0.2950,2.3365,880.0000,1764.8190,4.1123,8.2470,-24.1695,-37.1942,5,-0.1357,11.5274,11.5269,11.4292,0.0000,-22.2558,0.3428,0.0909,0,3
cimbalom_felt,81,A5,0.2500,regular,felt_mallet,Felt,0.2950,2.2230,880.0000,1764.8190,3.9125,7.8465,-23.1938,-35.8998,3,-0.0822,11.2087,11.2084,11.2672,0.0000,-20.3650,0.3835,0.1055,0,3
cimbalom_felt,81,A5,0.2750,regular,felt_mallet,Felt,0.2950,2.1251,880.0000,1764.8190,3.7402,7.5010,-23.0158,-37.8462,3,-0.7441,13.3323,13.3330,13.5719,0.0000,-19.3594,0.3915,0.0843,0,3
cimbalom_felt,81,A5,0.3000,regular,felt_mallet,Felt,0.2950,2.0395,880.0000,1764.8190,3.5896,7.1988,-23.4460,-44.3720,3,-1.9460,19.4304,19.4299,20.2520,0.0000,-19.0339,0.3725,0.0398,0,3
cimbalom_felt,81,A5,0.3250,regular,felt_mallet,Felt,0.2950,1.9638,880.0000,1764.8190,3.4563,6.9316,-24.4342,-52.8452,3,-3.6488,26.9080,26.9048,24.5458,0.0000,-19.3268,0.3325,0.0150,0,3
cimbalom_felt,81,A5,0.3500,regular,felt_mallet,Felt,0.2950,1.8963,880.0000,1764.8190,3.3374,6.6931,-26.0444,-39.5052,3,-5.9252,11.9592,11.9600,11.2499,0.0000,-20.2935,0.2762,0.0697,0,3
cimbalom_felt,81,A5,0.3750,regular,felt_mallet,Felt,0.2950,1.8354,880.0000,1764.8190,3.2304,6.4784,-28.5151,-34.9746,3,-9.0201,4.9593,4.9590,4.3892,0.0000,-22.1652,0.2078,0.1174,0,3
cimbalom_felt,81,A5,0.4000,regular,felt_mallet,Felt,0.2950,1.7803,880.0000,1764.8190,3.1333,6.2838,-32.5500,-32.5995,3,-13.6428,-1.4519,-1.4516,-2.1626,-1.4519,-25.6406,0.1306,0.1543,0,3
cimbalom_felt,81,A5,0.4250,regular,felt_mallet,Felt,0.2950,1.7300,880.0000,1764.8190,3.0448,6.1064,-41.4026,-31.3169,3,-23.0514,-11.5923,-11.5904,-13.5108,-11.5923,-33.9718,0.0471,0.1789,0,3
cimbalom_felt,81,A5,0.4500,regular,felt_mallet,Felt,0.2950,1.6839,880.0000,1764.8190,2.9637,5.9436,-42.7085,-30.7468,3,-24.8850,-13.4546,-13.4537,-11.5987,-13.4546,-34.7674,0.0406,0.1910,0,3
cimbalom_felt,81,A5,0.4750,regular,felt_mallet,Felt,0.2950,1.6414,880.0000,1764.8190,2.8889,5.7937,-32.5320,-30.7198,3,-15.2109,-3.3085,-3.3087,-2.6063,-3.3085,-24.1253,0.1309,0.1916,0,3
cimbalom_felt,81,A5,0.5000,regular,felt_mallet,Felt,0.2950,1.6021,880.0000,1764.8190,2.8198,5.6550,-27.9183,-31.1647,3,-11.0772,1.7493,1.7491,2.2622,0.0000,-19.0670,0.2227,0.1821,0,3
cimbalom_felt,81,A5,0.5250,regular,felt_mallet,Felt,0.2950,1.5656,880.0000,1764.8190,2.7555,5.5261,-24.9080,-32.0761,3,-8.5266,5.6700,5.6704,6.1419,0.0000,-15.6336,0.3149,0.1639,0,3
cimbalom_felt,81,A5,0.5500,regular,felt_mallet,Felt,0.2950,1.5316,880.0000,1764.8190,2.6956,5.4059,-22.6821,-33.5176,3,-6.7420,9.3384,9.3378,9.8383,0.0000,-13.0034,0.4069,0.1389,0,3
cimbalom_felt,81,A5,0.5750,regular,felt_mallet,Felt,0.2950,1.4998,880.0000,1764.8190,2.6396,5.2936,-20.9256,-35.6676,3,-5.4101,13.2441,13.2445,13.8412,0.0000,-10.8612,0.4980,0.1084,0,3
cimbalom_felt,81,A5,0.6000,regular,felt_mallet,Felt,0.2950,1.4699,880.0000,1764.8190,2.5870,5.1882,-19.4830,-38.9847,3,-4.3768,18.0045,18.0048,18.8404,0.0000,-9.0490,0.5880,0.0740,0,3
cimbalom_felt,81,A5,0.6250,regular,felt_mallet,Felt,0.2950,1.4418,880.0000,1764.8190,2.5376,5.0891,-18.2655,-45.0354,3,-3.5546,25.2767,25.2751,26.9430,0.0000,-7.4769,0.6765,0.0369,0,3
cimbalom_felt,81,A5,0.6500,regular,felt_mallet,Felt,0.2950,1.4153,880.0000,1764.8190,2.4910,4.9956,-17.2175,-70.8321,3,-2.8891,44.0466,44.0447,39.5736,0.0000,-6.0884,0.7632,0.0048,0,3
cimbalom_felt,81,A5,0.6750,regular,felt_mallet,Felt,0.2950,1.3903,880.0000,1764.8190,2.4470,4.9073,-16.3017,-44.0339,3,-2.3438,26.2293,26.2291,25.0961,0.0000,-4.8446,0.8481,0.0414,0,3
cimbalom_felt,81,A5,0.7000,regular,felt_mallet,Felt,0.2950,1.3666,880.0000,1764.8190,2.4053,4.8237,-15.4917,-38.2180,3,-1.8935,21.2245,21.2250,20.6618,0.0000,-3.7189,0.9310,0.0809,0,3
cimbalom_felt,81,A5,0.7250,regular,felt_mallet,Felt,0.2950,1.3442,880.0000,1764.8190,2.3657,4.7444,-14.7685,-34.8129,3,-1.5197,18.5441,18.5439,18.1846,0.0000,-2.6909,1.0118,0.1197,0,3
cimbalom_felt,81,A5,0.7500,regular,felt_mallet,Felt,0.2950,1.3228,880.0000,1764.8190,2.3281,4.6690,-14.1174,-32.4367,3,-1.2087,16.8194,16.8190,16.5656,0.0000,-1.7453,1.0906,0.1573,0,3
cimbalom_felt,81,A5,0.7750,regular,felt_mallet,Felt,0.2950,1.3025,880.0000,1764.8190,2.2923,4.5972,-13.5273,-30.6420,3,-0.9498,15.6144,15.6146,15.4258,0.0000,-0.8705,1.1673,0.1934,0,3
cimbalom_felt,81,A5,0.8000,regular,felt_mallet,Felt,0.2950,1.2831,880.0000,1764.8190,2.2582,4.5287,-12.9893,-29.2258,3,-0.7348,14.7361,14.7364,14.5916,0.0000,-0.0567,1.2419,0.2276,0,3
cimbalom_felt,81,A5,0.8250,regular,felt_mallet,Felt,0.2950,1.2645,880.0000,1764.8190,2.2256,4.4634,-12.4963,-28.0775,3,-0.5572,14.0814,14.0813,13.9694,0.0000,0.7036,1.3144,0.2598,0,3
cimbalom_felt,81,A5,0.8500,regular,felt_mallet,Felt,0.2950,1.2468,880.0000,1764.8190,2.1944,4.4009,-12.0425,-27.1304,3,-0.4115,13.5878,13.5880,13.5010,0.0000,1.4167,1.3849,0.2898,0,3
cimbalom_felt,81,A5,0.8750,regular,felt_mallet,Felt,0.2950,1.2299,880.0000,1764.8190,2.1646,4.3410,-11.6231,-26.3404,3,-0.2935,13.2175,13.2175,13.1509,0.0000,2.0879,1.4534,0.3173,0,3
cimbalom_felt,81,A5,0.9000,regular,felt_mallet,Felt,0.2950,1.2136,880.0000,1764.8190,2.1359,4.2836,-11.2341,-25.6774,3,-0.1996,12.9432,12.9435,12.8932,0.0000,2.7216,1.5200,0.3425,0,3
cimbalom_felt,81,A5,0.9250,regular,felt_mallet,Felt,0.2950,1.1980,880.0000,1764.8190,2.1085,4.2285,-10.8721,-25.1193,3,-0.1267,12.7473,12.7474,12.7114,0.0000,3.3215,1.5847,0.3652,0,3
cimbalom_felt,81,A5,0.9500,regular,felt_mallet,Felt,0.2950,1.1830,880.0000,1764.8190,2.0821,4.1755,-10.5343,-24.6499,3,-0.0724,12.6160,12.6158,12.5927,0.0000,3.8910,1.6475,0.3855,0,3
cimbalom_felt,81,A5,0.9750,regular,felt_mallet,Felt,0.2950,1.1686,880.0000,1764.8190,2.0567,4.1246,-10.2182,-24.2565,3,-0.0345,12.5385,12.5385,12.5267,0.0000,4.4327,1.7086,0.4034,0,3
cimbalom_felt,81,A5,1.0000,regular,felt_mallet,Felt,0.2950,1.1547,880.0000,1764.8190,2.0322,4.0755,-9.9216,-23.9294,3,-0.0111,12.5079,12.5080,12.5058,0.0000,4.9491,1.7679,0.4189,0,3
cimbalom_felt,81,A5,0.4200,corpus,felt_mallet,Felt,0.2950,1.7397,880.0000,1764.8190,3.0619,6.1406,-38.7154,-31.5085,3,-20.2553,-8.7119,-8.7100,-10.0889,-8.7119,-31.3857,0.0642,0.1750,0,3
cimbalom_felt,81,A5,0.4600,corpus,felt_mallet,Felt,0.2950,1.6665,880.0000,1764.8190,2.9331,5.8822,-37.2025,-30.6764,3,-19.5828,-8.0206,-8.0212,-6.9455,-8.0206,-29.0728,0.0765,0.1926,0,3
cimbalom_felt,82,A#5,0.0500,regular,felt_mallet,Felt,0.2950,4.6895,932.3280,1870.3840,8.7443,17.5423,-45.7119,-52.2052,9,-8.1573,5.0157,5.0108,6.4180,0.0000,-56.8630,0.0287,0.0161,0,3
cimbalom_felt,82,A#5,0.0750,regular,felt_mallet,Felt,0.2950,3.8688,932.3280,1870.3840,7.2140,14.4724,-43.7914,-49.0291,7,-9.6328,3.7430,3.7426,2.3930,0.0000,-51.4235,0.0358,0.0233,0,3
cimbalom_felt,82,A#5,0.1000,regular,felt_mallet,Felt,0.2950,3.3752,932.3280,1870.3840,6.2936,12.6259,-32.6924,-49.1191,7,-0.9585,14.9308,14.9316,14.3408,0.0000,-37.8233,0.1285,0.0230,0,3
cimbalom_felt,82,A#5,0.1250,regular,felt_mallet,Felt,0.2950,3.0361,932.3280,1870.3840,5.6614,11.3575,-31.1331,-47.6173,5,-1.2916,14.9934,14.9911,15.6059,0.0000,-34.3261,0.1537,0.0274,0,3
cimbalom_felt,82,A#5,0.1500,regular,felt_mallet,Felt,0.2950,2.7845,932.3280,1870.3840,5.1922,10.4163,-38.8200,-42.6353,5,-10.5342,2.3177,2.3168,1.3338,0.0000,-40.4295,0.0635,0.0486,0,3
cimbalom_felt,82,A#5,0.1750,regular,felt_mallet,Felt,0.2950,2.5882,932.3280,1870.3840,4.8260,9.6817,-38.3387,-40.4790,5,-11.3763,0.6476,0.6467,1.5144,0.0000,-38.6061,0.0671,0.0623,0,3
cimbalom_felt,82,A#5,0.2000,regular,felt_mallet,Felt,0.2950,2.4293,932.3280,1870.3840,4.5298,9.0874,-29.2450,-55.5111,5,-3.4360,24.7732,24.7775,28.0280,0.0000,-28.3546,0.1911,0.0110,0,3
cimbalom_felt,82,A#5,0.2250,regular,felt_mallet,Felt,0.2950,2.2972,932.3280,1870.3840,4.2836,8.5935,-25.6773,-41.7424,5,-0.8918,14.5673,14.5668,14.2077,0.0000,-23.7637,0.2882,0.0539,0,3
cimbalom_felt,82,A#5,0.2500,regular,felt_mallet,Felt,0.2950,2.1852,932.3280,1870.3840,4.0747,8.1744,-23.9242,-36.6976,5,-0.0599,11.2761,11.2757,11.2081,0.0000,-21.0953,0.3526,0.0963,0,3
cimbalom_felt,82,A#5,0.2750,regular,felt_mallet,Felt,0.2950,2.0886,932.3280,1870.3840,3.8945,7.8130,-23.1456,-35.9494,3,-0.1197,11.3065,11.3063,11.3782,0.0000,-19.4888,0.3857,0.1049,0,3
cimbalom_felt,82,A#5,0.3000,regular,felt_mallet,Felt,0.2950,2.0041,932.3280,1870.3840,3.7370,7.4971,-23.0188,-37.8904,3,-0.7630,13.3748,13.3743,13.6158,0.0000,-18.6065,0.3913,0.0839,0,3
cimbalom_felt,82,A#5,0.3250,regular,felt_mallet,Felt,0.2950,1.9295,932.3280,1870.3840,3.5978,7.2177,-23.4059,-43.6588,3,-1.8629,18.7580,18.7567,19.4927,0.0000,-18.2986,0.3743,0.0432,0,3
cimbalom_felt,82,A#5,0.3500,regular,felt_mallet,Felt,0.2950,1.8628,932.3280,1870.3840,3.4735,6.9683,-24.2667,-59.6065,3,-3.3876,33.8260,33.8248,29.4389,0.0000,-18.5157,0.3390,0.0069,0,3
cimbalom_felt,82,A#5,0.3750,regular,felt_mallet,Felt,0.2950,1.8028,932.3280,1870.3840,3.3616,6.7439,-25.6419,-41.1083,3,-5.3847,13.9650,13.9655,13.1611,0.0000,-19.2918,0.2893,0.0580,0,3
cimbalom_felt,82,A#5,0.4000,regular,felt_mallet,Felt,0.2950,1.7484,932.3280,1870.3840,3.2602,6.5405,-27.6849,-36.0191,3,-8.0131,6.8339,6.8338,6.2510,0.0000,-20.7742,0.2287,0.1041,0,3
cimbalom_felt,82,A#5,0.4250,regular,felt_mallet,Felt,0.2950,1.6989,932.3280,1870.3840,3.1678,6.3551,-30.8007,-33.3346,3,-11.6821,1.0330,1.0332,0.4101,0.0000,-23.3645,0.1597,0.1418,0,3
cimbalom_felt,82,A#5,0.4500,regular,felt_mallet,Felt,0.2950,1.6534,932.3280,1870.3840,3.0831,6.1851,-36.3086,-31.7959,3,-17.7148,-6.0150,-6.0148,-7.0573,-6.0150,-28.3771,0.0847,0.1693,0,3
cimbalom_felt,82,A#5,0.4750,regular,felt_mallet,Felt,0.2950,1.6115,932.3280,1870.3840,3.0050,6.0284,-60.2374,-30.9744,3,-42.1432,-27.2898,-27.2858,-33.3713,-27.2898,-48.3610,0.0080,0.1861,0,3
cimbalom_felt,82,A#5,0.5000,regular,felt_mallet,Felt,0.2950,1.5728,932.3280,1870.3840,2.9327,5.8835,-37.1543,-30.6771,3,-19.5370,-7.9726,-7.9722,-6.9035,-7.9726,-28.3009,0.0769,0.1926,0,3
cimbalom_felt,82,A#5,0.5250,regular,felt_mallet,Felt,0.2950,1.5368,932.3280,1870.3840,2.8656,5.7488,-30.7362,-30.8106,3,-13.5754,-1.4231,-1.4225,-0.8130,-1.4231,-21.4608,0.1610,0.1896,0,3
cimbalom_felt,82,A#5,0.5500,regular,felt_mallet,Felt,0.2950,1.5033,932.3280,1870.3840,2.8031,5.6233,-27.0529,-31.3389,3,-10.3300,2.7884,2.7886,3.2817,0.0000,-17.3740,0.2460,0.1784,0,3
cimbalom_felt,82,A#5,0.5750,regular,felt_mallet,Felt,0.2950,1.4719,932.3280,1870.3840,2.7446,5.5060,-24.4681,-32.2714,3,-8.1663,6.3058,6.3058,6.7769,0.0000,-14.4033,0.3313,0.1603,0,3
cimbalom_felt,82,A#5,0.6000,regular,felt_mallet,Felt,0.2950,1.4425,932.3280,1870.3840,2.6897,5.3959,-22.4847,-33.6717,3,-6.5887,9.6895,9.6895,10.1943,0.0000,-12.0505,0.4162,0.1364,0,3
cimbalom_felt,82,A#5,0.6250,regular,felt_mallet,Felt,0.2950,1.4148,932.3280,1870.3840,2.6381,5.2924,-20.8833,-35.6954,3,-5.3790,13.3144,13.3147,13.9126,0.0000,-10.0947,0.5005,0.1081,0,3
cimbalom_felt,82,A#5,0.6500,regular,felt_mallet,Felt,0.2950,1.3887,932.3280,1870.3840,2.5895,5.1948,-19.5469,-38.7146,3,-4.4213,17.6715,17.6708,18.4831,0.0000,-8.4175,0.5837,0.0763,0,3
cimbalom_felt,82,A#5,0.6750,regular,felt_mallet,Felt,0.2950,1.3641,932.3280,1870.3840,2.5435,5.1027,-18.4055,-43.8591,3,-3.6466,23.9571,23.9584,25.4041,0.0000,-6.9485,0.6657,0.0422,0,3
cimbalom_felt,82,A#5,0.7000,regular,felt_mallet,Felt,0.2950,1.3407,932.3280,1870.3840,2.5000,5.0154,-17.4136,-60.0053,3,-3.0104,41.1193,41.1175,65.7928,0.0000,-5.6407,0.7462,0.0066,1,3
cimbalom_felt,82,A#5,0.7250,regular,felt_mallet,Felt,0.2950,1.3186,932.3280,1870.3840,2.4587,4.9326,-16.5400,-46.8737,3,-2.4822,28.8291,28.8291,27.2697,0.0000,-4.4624,0.8252,0.0299,0,3
cimbalom_felt,82,A#5,0.7500,regular,felt_mallet,Felt,0.2950,1.2976,932.3280,1870.3840,2.4195,4.8539,-15.7623,-39.9251,3,-2.0404,22.6613,22.6611,21.9658,0.0000,-3.3902,0.9025,0.0664,0,3
cimbalom_felt,82,A#5,0.7750,regular,felt_mallet,Felt,0.2950,1.2775,932.3280,1870.3840,2.3821,4.7789,-15.0639,-36.1465,3,-1.6690,19.5822,19.5817,19.1524,0.0000,-2.4071,0.9780,0.1026,0,3
cimbalom_felt,82,A#5,0.8000,regular,felt_mallet,Felt,0.2950,1.2584,932.3280,1870.3840,2.3465,4.7075,-14.4321,-33.5728,3,-1.3559,17.6405,17.6403,17.3393,0.0000,-1.4995,1.0518,0.1380,0,3
cimbalom_felt,82,A#5,0.8250,regular,felt_mallet,Felt,0.2950,1.2402,932.3280,1870.3840,2.3125,4.6393,-13.8569,-31.6481,3,-1.0916,16.2908,16.2911,16.0676,0.0000,-0.6569,1.1238,0.1722,0,3
cimbalom_felt,82,A#5,0.8500,regular,felt_mallet,Felt,0.2950,1.2227,932.3280,1870.3840,2.2800,4.5740,-13.3303,-30.1341,3,-0.8687,15.3038,15.3037,15.1318,0.0000,0.1289,1.1941,0.2050,0,3
cimbalom_felt,82,A#5,0.8750,regular,felt_mallet,Felt,0.2950,1.2060,932.3280,1870.3840,2.2489,4.5115,-12.8461,-28.9058,3,-0.6812,14.5599,14.5598,14.4251,0.0000,0.8649,1.2625,0.2362,0,3
cimbalom_felt,82,A#5,0.9000,regular,felt_mallet,Felt,0.2950,1.1900,932.3280,1870.3840,2.2190,4.4516,-12.3989,-27.8891,3,-0.5244,13.9903,13.9904,13.8835,0.0000,1.5567,1.3292,0.2655,0,3
cimbalom_felt,82,A#5,0.9250,regular,felt_mallet,Felt,0.2950,1.1747,932.3280,1870.3840,2.1903,4.3941,-11.9843,-27.0363,3,-0.3941,13.5521,13.5521,13.4676,0.0000,2.2093,1.3942,0.2929,0,3
cimbalom_felt,82,A#5,0.9500,regular,felt_mallet,Felt,0.2950,1.1599,932.3280,1870.3840,2.1628,4.3389,-11.5987,-26.3146,3,-0.2872,13.2162,13.2161,13.1502,0.0000,2.8266,1.4575,0.3183,0,3
cimbalom_felt,82,A#5,0.9750,regular,felt_mallet,Felt,0.2950,1.1457,932.3280,1870.3840,2.1363,4.2857,-11.2389,-25.7008,3,-0.2006,12.9620,12.9620,12.9110,0.0000,3.4119,1.5191,0.3416,0,3
cimbalom_felt,82,A#5,1.0000,regular,felt_mallet,Felt,0.2950,1.1320,932.3280,1870.3840,2.1108,4.2346,-10.9024,-25.1774,3,-0.1322,12.7753,12.7752,12.7380,0.0000,3.9684,1.5791,0.3628,0,3
cimbalom_felt,82,A#5,0.4200,corpus,felt_mallet,Felt,0.2950,1.7084,932.3280,1870.3840,3.1856,6.3909,-30.0542,-33.7587,3,-10.8273,2.2044,2.2039,1.6087,0.0000,-22.7200,0.1741,0.1351,0,3
cimbalom_felt,82,A#5,0.4600,corpus,felt_mallet,Felt,0.2950,1.6363,932.3280,1870.3840,3.0511,6.1209,-40.3141,-31.3952,3,-21.9231,-10.4233,-10.4231,-12.0995,-10.4233,-32.1940,0.0534,0.1773,0,3
cimbalom_felt,83,B5,0.0500,regular,felt_mallet,Felt,0.2950,4.6239,987.7670,1982.3440,9.1347,18.3323,-51.8791,-51.7445,9,-13.5561,-1.6246,-1.6264,-3.8637,-1.6246,-63.0362,0.0141,0.0170,0,3
cimbalom_felt,83,B5,0.0750,regular,felt_mallet,Felt,0.2950,3.8118,987.7670,1982.3440,7.5303,15.1124,-37.5343,-62.2395,7,-2.6164,23.2156,23.2240,27.1442,0.0000,-45.1659,0.0736,0.0051,0,3
cimbalom_felt,83,B5,0.1000,regular,felt_mallet,Felt,0.2950,3.3236,987.7670,1982.3440,6.5659,13.1771,-36.4975,-55.9702,7,-4.0096,17.9898,17.9865,20.3413,0.0000,-41.6279,0.0829,0.0105,0,3
cimbalom_felt,83,B5,0.1250,regular,felt_mallet,Felt,0.2950,2.9884,987.7670,1982.3440,5.9038,11.8482,-30.6919,-43.1332,5,-0.0996,10.9482,10.9473,11.0298,0.0000,-33.8849,0.1618,0.0459,0,3
cimbalom_felt,83,B5,0.1500,regular,felt_mallet,Felt,0.2950,2.7398,987.7670,1982.3440,5.4127,10.8626,-33.4176,-54.7506,5,-4.3828,19.8304,19.8312,17.7985,0.0000,-35.0280,0.1182,0.0120,0,3
cimbalom_felt,83,B5,0.1750,regular,felt_mallet,Felt,0.2950,2.5459,987.7670,1982.3440,5.0294,10.0935,-54.4132,-40.1702,5,-26.7028,-15.7536,-15.7528,-21.7001,-15.7536,-54.6989,0.0105,0.0645,0,3
cimbalom_felt,83,B5,0.2000,regular,felt_mallet,Felt,0.2950,2.3890,987.7670,1982.3440,4.7195,9.4715,-33.9580,-42.3765,5,-7.4012,6.9246,6.9246,7.7287,0.0000,-33.0667,0.1111,0.0500,0,3
cimbalom_felt,83,B5,0.2250,regular,felt_mallet,Felt,0.2950,2.2586,987.7670,1982.3440,4.4620,8.9547,-28.0548,-60.9376,5,-2.5213,31.3692,31.3718,27.6240,0.0000,-26.1407,0.2192,0.0059,0,3
cimbalom_felt,83,B5,0.2500,regular,felt_mallet,Felt,0.2950,2.1481,987.7670,1982.3440,4.2436,8.5164,-25.2647,-40.3290,5,-0.6518,13.5666,13.5662,13.2904,0.0000,-22.4356,0.3022,0.0634,0,3
cimbalom_felt,83,B5,0.2750,regular,felt_mallet,Felt,0.2950,2.0527,987.7670,1982.3440,4.0552,8.1383,-23.8082,-36.4960,5,-0.0327,11.1896,11.1902,11.1369,0.0000,-20.1515,0.3574,0.0985,0,3
cimbalom_felt,83,B5,0.3000,regular,felt_mallet,Felt,0.2950,1.9694,987.7670,1982.3440,3.8905,7.8079,-23.1358,-35.9593,3,-0.1290,11.3262,11.3260,11.3994,0.0000,-18.7234,0.3861,0.1048,0,3
cimbalom_felt,83,B5,0.3250,regular,felt_mallet,Felt,0.2950,1.8957,987.7670,1982.3440,3.7450,7.5158,-23.0118,-37.6838,3,-0.7163,13.1741,13.1746,13.4010,0.0000,-17.9044,0.3917,0.0859,0,3
cimbalom_felt,83,B5,0.3500,regular,felt_mallet,Felt,0.2950,1.8299,987.7670,1982.3440,3.6151,7.2551,-23.3283,-42.4359,3,-1.6949,17.6107,17.6112,18.2150,0.0000,-17.5773,0.3776,0.0497,0,3
cimbalom_felt,83,B5,0.3750,regular,felt_mallet,Felt,0.2950,1.7708,987.7670,1982.3440,3.4982,7.0205,-24.0481,-63.5023,3,-3.0348,37.9723,37.9812,75.1737,0.0000,-17.6978,0.3476,0.0044,1,3
cimbalom_felt,83,B5,0.4000,regular,felt_mallet,Felt,0.2950,1.7172,987.7670,1982.3440,3.3923,6.8080,-25.1922,-43.6745,3,-4.7621,16.9796,16.9807,15.9767,0.0000,-18.2816,0.3047,0.0431,0,3
cimbalom_felt,83,B5,0.4250,regular,felt_mallet,Felt,0.2950,1.6683,987.7670,1982.3440,3.2957,6.6142,-26.8534,-37.5067,3,-6.9742,9.1533,9.1528,8.5296,0.0000,-19.4159,0.2517,0.0877,0,3
cimbalom_felt,83,B5,0.4500,regular,felt_mallet,Felt,0.2950,1.6235,987.7670,1982.3440,3.2072,6.4365,-29.2601,-34.3593,3,-9.9034,3.5987,3.5987,3.0190,0.0000,-21.3269,0.1907,0.1260,0,3
cimbalom_felt,83,B5,0.4750,regular,felt_mallet,Felt,0.2950,1.5822,987.7670,1982.3440,3.1257,6.2729,-33.0099,-32.4986,3,-14.1502,-2.0122,-2.0125,-2.7542,-2.0122,-24.6075,0.1239,0.1562,0,3
cimbalom_felt,83,B5,0.5000,regular,felt_mallet,Felt,0.2950,1.5440,987.7670,1982.3440,3.0502,6.1215,-40.4561,-31.3983,3,-22.0705,-10.5626,-10.5620,-12.2680,-10.5626,-31.6125,0.0525,0.1772,0,3
cimbalom_felt,83,B5,0.5250,regular,felt_mallet,Felt,0.2950,1.5085,987.7670,1982.3440,2.9801,5.9808,-48.0498,-30.8281,3,-30.1179,-18.7085,-18.7072,-15.5850,-18.7085,-38.7642,0.0220,0.1893,0,3
cimbalom_felt,83,B5,0.5500,regular,felt_mallet,Felt,0.2950,1.4755,987.7670,1982.3440,2.9148,5.8497,-34.9938,-30.6721,3,-17.4970,-5.8166,-5.8174,-4.9464,-5.8166,-25.3126,0.0986,0.1927,0,3
cimbalom_felt,83,B5,0.5750,regular,felt_mallet,Felt,0.2950,1.4445,987.7670,1982.3440,2.8537,5.7272,-29.9308,-30.8720,3,-12.8521,-0.5557,-0.5558,0.0195,-0.5557,-19.8654,0.1766,0.1883,0,3
cimbalom_felt,83,B5,0.6000,regular,felt_mallet,Felt,0.2950,1.4156,987.7670,1982.3440,2.7965,5.6122,-26.7297,-31.4072,3,-10.0537,3.1806,3.1801,3.6671,0.0000,-16.2949,0.2553,0.1770,0,3
cimbalom_felt,83,B5,0.6250,regular,felt_mallet,Felt,0.2950,1.3883,987.7670,1982.3440,2.7426,5.5041,-24.3916,-32.2901,3,-8.1040,6.4007,6.4011,6.8709,0.0000,-13.6025,0.3342,0.1599,0,3
cimbalom_felt,83,B5,0.6500,regular,felt_mallet,Felt,0.2950,1.3626,987.7670,1982.3440,2.6919,5.4023,-22.5565,-33.5734,3,-6.6443,9.5191,9.5195,10.0186,0.0000,-11.4269,0.4128,0.1380,0,3
cimbalom_felt,83,B5,0.6750,regular,felt_mallet,Felt,0.2950,1.3383,987.7670,1982.3440,2.6439,5.3060,-21.0525,-35.3765,3,-5.5038,12.8265,12.8267,13.4062,0.0000,-9.5953,0.4908,0.1121,0,3
cimbalom_felt,83,B5,0.7000,regular,felt_mallet,Felt,0.2950,1.3153,987.7670,1982.3440,2.5985,5.2149,-19.7838,-37.9636,3,-4.5872,16.6827,16.6829,17.4322,0.0000,-8.0108,0.5680,0.0832,0,3
cimbalom_felt,83,B5,0.7250,regular,felt_mallet,Felt,0.2950,1.2935,987.7670,1982.3440,2.5554,5.1284,-18.6909,-42.0258,3,-3.8362,21.8401,21.8391,23.0086,0.0000,-6.6131,0.6442,0.0521,0,3
cimbalom_felt,83,B5,0.7500,regular,felt_mallet,Felt,0.2950,1.2728,987.7670,1982.3440,2.5145,5.0463,-17.7347,-50.5490,3,-3.2123,31.3222,31.3238,34.6914,0.0000,-5.3625,0.7191,0.0195,0,3
cimbalom_felt,83,B5,0.7750,regular,felt_mallet,Felt,0.2950,1.2531,987.7670,1982.3440,2.4755,4.9681,-16.8877,-53.4845,3,-2.6886,35.0856,35.0858,31.9781,0.0000,-4.2307,0.7928,0.0140,0,3
cimbalom_felt,83,B5,0.8000,regular,felt_mallet,Felt,0.2950,1.2343,987.7670,1982.3440,2.4383,4.8935,-16.1300,-42.7850,3,-2.2457,25.1505,25.1525,24.1688,0.0000,-3.1973,0.8651,0.0478,0,3
cimbalom_felt,83,B5,0.8250,regular,felt_mallet,Felt,0.2950,1.2163,987.7670,1982.3440,2.4029,4.8223,-15.4465,-38.1447,3,-1.8693,21.1970,21.1970,20.6382,0.0000,-2.2465,0.9359,0.0815,0,3
cimbalom_felt,83,B5,0.8500,regular,felt_mallet,Felt,0.2950,1.1991,987.7670,1982.3440,2.3689,4.7542,-14.8258,-35.1727,3,-1.5483,18.8455,18.8463,18.4684,0.0000,-1.3665,1.0052,0.1148,0,3
cimbalom_felt,83,B5,0.8750,regular,felt_mallet,Felt,0.2950,1.1827,987.7670,1982.3440,2.3364,4.6890,-14.2587,-33.0095,3,-1.2740,17.2505,17.2505,16.9734,0.0000,-0.5477,1.0730,0.1473,0,3
cimbalom_felt,83,B5,0.9000,regular,felt_mallet,Felt,0.2950,1.1669,987.7670,1982.3440,2.3053,4.6265,-13.7380,-31.3303,3,-1.0396,16.0923,16.0922,15.8805,0.0000,0.2177,1.1393,0.1787,0,3
cimbalom_felt,83,B5,0.9250,regular,felt_mallet,Felt,0.2950,1.1518,987.7670,1982.3440,2.2754,4.5665,-13.2578,-29.9763,3,-0.8395,15.2185,15.2185,15.0512,0.0000,0.9359,1.2041,0.2088,0,3
cimbalom_felt,83,B5,0.9500,regular,felt_mallet,Felt,0.2950,1.1373,987.7670,1982.3440,2.2467,4.5089,-12.8130,-28.8574,3,-0.6691,14.5445,14.5445,14.4106,0.0000,1.6122,1.2673,0.2375,0,3
cimbalom_felt,83,B5,0.9750,regular,felt_mallet,Felt,0.2950,1.1233,987.7670,1982.3440,2.2191,4.4534,-12.3997,-27.9173,3,-0.5247,14.0176,14.0178,13.9097,0.0000,2.2512,1.3291,0.2646,0,3
cimbalom_felt,83,B5,1.0000,regular,felt_mallet,Felt,0.2950,1.1098,987.7670,1982.3440,2.1925,4.4000,-12.0144,-27.1186,3,-0.4031,13.6043,13.6044,13.5175,0.0000,2.8564,1.3894,0.2901,0,3
cimbalom_felt,83,B5,0.4200,corpus,felt_mallet,Felt,0.2950,1.6777,987.7670,1982.3440,3.3144,6.6516,-26.4718,-38.3921,3,-6.4848,10.4211,10.4198,9.7619,0.0000,-19.1372,0.2630,0.0792,0,3
cimbalom_felt,83,B5,0.4600,corpus,felt_mallet,Felt,0.2950,1.6066,987.7670,1982.3440,3.1738,6.3695,-30.5396,-33.5007,3,-11.3846,1.4596,1.4605,0.8456,0.0000,-22.4162,0.1646,0.1391,0,3
cimbalom_felt,84,C6,0.0500,regular,felt_mallet,Felt,0.2950,4.5591,1046.5020,2101.0990,9.5422,19.1582,-41.5610,-63.4520,9,-2.4710,20.4153,20.4146,23.7399,0.0000,-52.7165,0.0463,0.0044,0,3
cimbalom_felt,84,C6,0.0750,regular,felt_mallet,Felt,0.2950,3.7554,1046.5020,2101.0990,7.8602,15.7811,-35.8868,-48.4144,7,-0.2113,11.0421,11.0388,11.2045,0.0000,-43.5188,0.0889,0.0249,0,3
cimbalom_felt,84,C6,0.1000,regular,felt_mallet,Felt,0.2950,3.2727,1046.5020,2101.0990,6.8498,13.7526,-45.8651,-46.1625,7,-12.6251,-1.1925,-1.1906,0.0900,-1.1925,-50.9950,0.0282,0.0324,0,3
cimbalom_felt,84,C6,0.1250,regular,felt_mallet,Felt,0.2950,2.9414,1046.5020,2101.0990,6.1564,12.3605,-31.6059,-45.0986,7,-0.2649,12.0001,11.9984,11.7612,0.0000,-34.7992,0.1456,0.0366,0,3
cimbalom_felt,84,C6,0.1500,regular,felt_mallet,Felt,0.2950,2.6958,1046.5020,2101.0990,5.6424,11.3284,-31.2307,-48.2380,5,-1.4495,15.5140,15.5145,16.1970,0.0000,-32.8402,0.1520,0.0255,0,3
cimbalom_felt,84,C6,0.1750,regular,felt_mallet,Felt,0.2950,2.5042,1046.5020,2101.0990,5.2413,10.5232,-37.0896,-44.1462,5,-8.6340,5.5586,5.5583,4.5997,0.0000,-37.3611,0.0774,0.0408,0,3
cimbalom_felt,84,C6,0.2000,regular,felt_mallet,Felt,0.2950,2.3493,1046.5020,2101.0990,4.9171,9.8722,-45.0303,-39.8632,5,-17.7289,-6.6580,-6.6584,-5.2141,-6.6580,-44.1354,0.0311,0.0668,0,3
cimbalom_felt,84,C6,0.2250,regular,felt_mallet,Felt,0.2950,2.2206,1046.5020,2101.0990,4.6478,9.3315,-31.8665,-44.7628,5,-5.5884,11.4015,11.4026,12.3589,0.0000,-29.9523,0.1413,0.0380,0,3
cimbalom_felt,84,C6,0.2500,regular,felt_mallet,Felt,0.2950,2.1115,1046.5020,2101.0990,4.4194,8.8729,-27.3968,-51.8638,5,-2.0389,22.9671,22.9655,21.5298,0.0000,-24.5679,0.2364,0.0168,0,3
cimbalom_felt,84,C6,0.2750,regular,felt_mallet,Felt,0.2950,2.0174,1046.5020,2101.0990,4.2224,8.4775,-25.0624,-39.7232,5,-0.5413,13.1638,13.1629,12.9236,0.0000,-21.4057,0.3093,0.0679,0,3
cimbalom_felt,84,C6,0.3000,regular,felt_mallet,Felt,0.2950,1.9352,1046.5020,2101.0990,4.0503,8.1320,-23.7805,-36.4635,5,-0.0272,11.1856,11.1855,11.1350,0.0000,-19.3680,0.3585,0.0989,0,3
cimbalom_felt,84,C6,0.3250,regular,felt_mallet,Felt,0.2950,1.8625,1046.5020,2101.0990,3.8982,7.8266,-23.1548,-35.9263,3,-0.1115,11.2739,11.2740,11.3395,0.0000,-18.0473,0.3853,0.1052,0,3
cimbalom_felt,84,C6,0.3500,regular,felt_mallet,Felt,0.2950,1.7976,1046.5020,2101.0990,3.7625,7.5540,-23.0018,-37.3061,3,-0.6192,12.8075,12.8071,13.0073,0.0000,-17.2505,0.3921,0.0897,0,3
cimbalom_felt,84,C6,0.3750,regular,felt_mallet,Felt,0.2950,1.7393,1046.5020,2101.0990,3.6403,7.3088,-23.2310,-41.0164,3,-1.4669,16.2882,16.2887,16.7626,0.0000,-16.8806,0.3819,0.0585,0,3
cimbalom_felt,84,C6,0.4000,regular,felt_mallet,Felt,0.2950,1.6864,1046.5020,2101.0990,3.5297,7.0867,-23.8063,-51.1892,3,-2.6236,25.8906,25.8904,28.0802,0.0000,-16.8955,0.3574,0.0181,0,3
cimbalom_felt,84,C6,0.4250,regular,felt_mallet,Felt,0.2950,1.6382,1046.5020,2101.0990,3.4288,6.8842,-24.7329,-48.1769,3,-4.0992,21.9416,21.9409,20.4176,0.0000,-17.2954,0.3213,0.0257,0,3
cimbalom_felt,84,C6,0.4500,regular,felt_mallet,Felt,0.2950,1.5941,1046.5020,2101.0990,3.3364,6.6985,-26.0629,-39.6628,3,-5.9496,12.0991,12.0993,11.3795,0.0000,-18.1292,0.2756,0.0684,0,3
cimbalom_felt,84,C6,0.4750,regular,felt_mallet,Felt,0.2950,1.5534,1046.5020,2101.0990,3.2512,6.5275,-27.9226,-35.7862,3,-8.3042,6.3630,6.3633,5.7815,0.0000,-19.5195,0.2225,0.1069,0,3
cimbalom_felt,84,C6,0.5000,regular,felt_mallet,Felt,0.2950,1.5157,1046.5020,2101.0990,3.1724,6.3693,-30.5998,-33.4990,3,-11.4532,1.3978,1.3987,0.7806,0.0000,-21.7518,0.1635,0.1392,0,3
cimbalom_felt,84,C6,0.5250,regular,felt_mallet,Felt,0.2950,1.4808,1046.5020,2101.0990,3.0992,6.2224,-34.8751,-32.0725,3,-16.1798,-4.3038,-4.3040,-5.1991,-4.3038,-25.6038,0.0999,0.1640,0,3
cimbalom_felt,84,C6,0.5500,regular,felt_mallet,Felt,0.2950,1.4482,1046.5020,2101.0990,3.0310,6.0855,-44.5055,-31.2128,3,-26.2428,-14.8020,-14.7997,-17.6893,-14.8020,-34.8383,0.0329,0.1811,0,3
cimbalom_felt,84,C6,0.5750,regular,felt_mallet,Felt,0.2950,1.4177,1046.5020,2101.0990,2.9673,5.9575,-43.6326,-30.7737,3,-25.7854,-14.3498,-14.3500,-12.3209,-14.3498,-33.5608,0.0365,0.1905,0,3
cimbalom_felt,84,C6,0.6000,regular,felt_mallet,Felt,0.2950,1.3891,1046.5020,2101.0990,2.9075,5.8375,-34.2320,-30.6765,3,-16.7848,-5.0516,-5.0515,-4.2401,-5.0516,-23.7959,0.1077,0.1926,0,3
cimbalom_felt,84,C6,0.6250,regular,felt_mallet,Felt,0.2950,1.3623,1046.5020,2101.0990,2.8513,5.7246,-29.7709,-30.8800,3,-12.7093,-0.3876,-0.3878,0.1807,-0.3876,-18.9813,0.1799,0.1881,0,3
cimbalom_felt,84,C6,0.6500,regular,felt_mallet,Felt,0.2950,1.3370,1046.5020,2101.0990,2.7983,5.6182,-26.8180,-31.3698,3,-10.1291,3.0544,3.0544,3.5416,0.0000,-15.6883,0.2527,0.1778,0,3
cimbalom_felt,84,C6,0.6750,regular,felt_mallet,Felt,0.2950,1.3131,1046.5020,2101.0990,2.7482,5.5177,-24.6140,-32.1553,3,-8.2854,6.0436,6.0438,6.5119,0.0000,-13.1565,0.3257,0.1624,0,3
cimbalom_felt,84,C6,0.7000,regular,felt_mallet,Felt,0.2950,1.2904,1046.5020,2101.0990,2.7009,5.4226,-22.8613,-33.2744,3,-6.8819,8.9159,8.9157,9.4046,0.0000,-11.0882,0.3986,0.1428,0,3
cimbalom_felt,84,C6,0.7250,regular,felt_mallet,Felt,0.2950,1.2689,1046.5020,2101.0990,2.6559,5.3323,-21.4117,-34.8097,3,-5.7711,11.9005,11.9006,12.4511,0.0000,-9.3337,0.4709,0.1197,0,3
cimbalom_felt,84,C6,0.7500,regular,felt_mallet,Felt,0.2950,1.2485,1046.5020,2101.0990,2.6132,5.2466,-20.1803,-36.9301,3,-4.8688,15.2524,15.2528,15.9270,0.0000,-7.8079,0.5427,0.0937,0,3
cimbalom_felt,84,C6,0.7750,regular,felt_mallet,Felt,0.2950,1.2291,1046.5020,2101.0990,2.5725,5.1650,-19.1137,-40.0186,3,-4.1222,19.4099,19.4086,20.3443,0.0000,-6.4567,0.6136,0.0657,0,3
cimbalom_felt,84,C6,0.8000,regular,felt_mallet,Felt,0.2950,1.2106,1046.5020,2101.0990,2.5338,5.0871,-18.1761,-45.2190,3,-3.4962,25.5472,25.5485,27.2521,0.0000,-5.2433,0.6835,0.0361,0,3
cimbalom_felt,84,C6,0.8250,regular,felt_mallet,Felt,0.2950,1.1929,1046.5020,2101.0990,2.4967,5.0128,-17.3423,-61.5839,3,-2.9661,42.0382,42.0477,60.5378,0.0000,-4.1424,0.7524,0.0060,1,3
cimbalom_felt,84,C6,0.8500,regular,felt_mallet,Felt,0.2950,1.1760,1046.5020,2101.0990,2.4613,4.9417,-16.5938,-48.1742,3,-2.5138,30.0752,30.0751,28.2758,0.0000,-3.1344,0.8201,0.0257,0,3
cimbalom_felt,84,C6,0.8750,regular,felt_mallet,Felt,0.2950,1.1598,1046.5020,2101.0990,2.4275,4.8737,-15.9164,-41.2474,3,-2.1257,23.8309,23.8291,23.0124,0.0000,-2.2054,0.8866,0.0570,0,3
cimbalom_felt,84,C6,0.9000,regular,felt_mallet,Felt,0.2950,1.1443,1046.5020,2101.0990,2.3950,4.8085,-15.2995,-37.4609,3,-1.7915,20.6610,20.6605,20.1488,0.0000,-1.3438,0.9518,0.0882,0,3
cimbalom_felt,84,C6,0.9250,regular,felt_mallet,Felt,0.2950,1.1294,1046.5020,2101.0990,2.3638,4.7459,-14.7345,-34.8669,3,-1.5029,18.6321,18.6320,18.2700,0.0000,-0.5407,1.0158,0.1189,0,3
cimbalom_felt,84,C6,0.9500,regular,felt_mallet,Felt,0.2950,1.1151,1046.5020,2101.0990,2.3338,4.6857,-14.2144,-32.9135,3,-1.2534,17.1992,17.1990,16.9263,0.0000,0.2110,1.0785,0.1489,0,3
cimbalom_felt,84,C6,0.9750,regular,felt_mallet,Felt,0.2950,1.1013,1046.5020,2101.0990,2.3050,4.6279,-13.7335,-31.3643,3,-1.0377,16.1308,16.1308,15.9171,0.0000,0.9174,1.1399,0.1780,0,3
cimbalom_felt,84,C6,1.0000,regular,felt_mallet,Felt,0.2950,1.0880,1046.5020,2101.0990,2.2773,4.5722,-13.2874,-30.0955,3,-0.8513,15.3087,15.3082,15.1376,0.0000,1.5835,1.2000,0.2059,0,3
cimbalom_felt,84,C6,0.4200,corpus,felt_mallet,Felt,0.2950,1.6475,1046.5020,2101.0990,3.4483,6.9232,-24.5177,-51.8241,3,-3.7767,25.7992,25.8010,23.6534,0.0000,-17.1832,0.3293,0.0169,0,3
cimbalom_felt,84,C6,0.4600,corpus,felt_mallet,Felt,0.2950,1.5774,1046.5020,2101.0990,3.3015,6.6285,-26.7323,-37.8331,3,-6.8199,9.6012,9.6004,8.9643,0.0000,-18.6076,0.2552,0.0845,0,3
cimbalom_felt,85,C#6,0.0500,regular,felt_mallet,Felt,0.2950,4.4951,1108.7310,2227.0830,9.9676,20.0217,-39.8670,-52.0434,9,-0.0112,10.6956,10.6939,10.6601,0.0000,-51.0228,0.0562,0.0164,0,3
cimbalom_felt,85,C#6,0.0750,regular,felt_mallet,Felt,0.2950,3.6999,1108.7310,2227.0830,8.2043,16.4798,-36.8869,-51.3894,9,-0.4552,13.0107,13.0130,12.5363,0.0000,-44.5188,0.0793,0.0177,0,3
cimbalom_felt,85,C#6,0.1000,regular,felt_mallet,Felt,0.2950,3.2225,1108.7310,2227.0830,7.1458,14.3537,-46.8665,-47.6520,7,-12.8762,-0.7136,-0.7104,-2.3477,-0.7136,-52.0031,0.0251,0.0273,0,3
cimbalom_felt,85,C#6,0.1250,regular,felt_mallet,Felt,0.2950,2.8951,1108.7310,2227.0830,6.4198,12.8953,-34.1313,-60.0857,7,-2.0438,24.4665,24.4532,22.0424,0.0000,-37.3236,0.1089,0.0065,0,3
cimbalom_felt,85,C#6,0.1500,regular,felt_mallet,Felt,0.2950,2.6525,1108.7310,2227.0830,5.8817,11.8145,-30.6762,-43.2083,5,-0.1508,11.0404,11.0384,11.1415,0.0000,-32.2852,0.1620,0.0455,0,3
cimbalom_felt,85,C#6,0.1750,regular,felt_mallet,Felt,0.2950,2.4632,1108.7310,2227.0830,5.4621,10.9716,-32.7577,-68.5536,5,-3.5594,33.6126,33.6219,27.5625,0.0000,-33.0290,0.1275,0.0027,1,3
cimbalom_felt,85,C#6,0.2000,regular,felt_mallet,Felt,0.2950,2.3103,1108.7310,2227.0830,5.1229,10.2902,-42.3842,-41.3504,5,-14.3410,-2.5333,-2.5331,-3.8192,-2.5333,-41.4979,0.0421,0.0563,0,3
cimbalom_felt,85,C#6,0.2250,regular,felt_mallet,Felt,0.2950,2.1832,1108.7310,2227.0830,4.8412,9.7244,-39.1714,-40.2626,5,-12.1519,-0.4010,-0.4019,0.4953,-0.4010,-37.2555,0.0610,0.0638,0,3
cimbalom_felt,85,C#6,0.2500,regular,felt_mallet,Felt,0.2950,2.0755,1108.7310,2227.0830,4.6024,9.2447,-30.7603,-47.0520,5,-4.6609,14.7970,14.7988,15.9972,0.0000,-27.9306,0.1605,0.0292,0,3
cimbalom_felt,85,C#6,0.2750,regular,felt_mallet,Felt,0.2950,1.9827,1108.7310,2227.0830,4.3965,8.8312,-27.0697,-49.3615,5,-1.8067,20.7915,20.7917,19.7236,0.0000,-23.4130,0.2455,0.0224,0,3
cimbalom_felt,85,C#6,0.3000,regular,felt_mallet,Felt,0.2950,1.9016,1108.7310,2227.0830,4.2166,8.4699,-25.0088,-39.6111,5,-0.5129,13.1033,13.1046,12.8689,0.0000,-20.5962,0.3112,0.0688,0,3
cimbalom_felt,85,C#6,0.3250,regular,felt_mallet,Felt,0.2950,1.8299,1108.7310,2227.0830,4.0577,8.1505,-23.8224,-36.5608,5,-0.0357,11.2414,11.2408,11.1834,0.0000,-18.7151,0.3568,0.0978,0,3
cimbalom_felt,85,C#6,0.3500,regular,felt_mallet,Felt,0.2950,1.7659,1108.7310,2227.0830,3.9158,7.8656,-23.2033,-35.8827,3,-0.0762,11.1819,11.1821,11.2312,0.0000,-17.4519,0.3831,0.1057,0,3
cimbalom_felt,85,C#6,0.3750,regular,felt_mallet,Felt,0.2950,1.7084,1108.7310,2227.0830,3.7882,7.6093,-22.9998,-36.8524,3,-0.4897,12.3551,12.3554,12.5219,0.0000,-16.6492,0.3922,0.0946,0,3
cimbalom_felt,85,C#6,0.4000,regular,felt_mallet,Felt,0.2950,1.6562,1108.7310,2227.0830,3.6726,7.3771,-23.1329,-39.6162,3,-1.2029,14.9866,14.9865,15.3498,0.0000,-16.2217,0.3862,0.0688,0,3
cimbalom_felt,85,C#6,0.4250,regular,felt_mallet,Felt,0.2950,1.6087,1108.7310,2227.0830,3.5673,7.1655,-23.5659,-45.8391,3,-2.1833,20.7772,20.7781,21.7976,0.0000,-16.1283,0.3674,0.0336,0,3
cimbalom_felt,85,C#6,0.4500,regular,felt_mallet,Felt,0.2950,1.5652,1108.7310,2227.0830,3.4707,6.9715,-24.2930,-60.5405,3,-3.4291,34.7287,34.7306,29.9576,0.0000,-16.3592,0.3379,0.0062,0,3
cimbalom_felt,85,C#6,0.4750,regular,felt_mallet,Felt,0.2950,1.5251,1108.7310,2227.0830,3.3818,6.7929,-25.3397,-42.9980,3,-4.9688,16.1585,16.1571,15.2113,0.0000,-16.9362,0.2996,0.0466,0,3
cimbalom_felt,85,C#6,0.5000,regular,felt_mallet,Felt,0.2950,1.4880,1108.7310,2227.0830,3.2995,6.6276,-26.7737,-37.8130,3,-6.8728,9.5390,9.5389,8.9008,0.0000,-17.9250,0.2540,0.0847,0,3
cimbalom_felt,85,C#6,0.5250,regular,felt_mallet,Felt,0.2950,1.4535,1108.7310,2227.0830,3.2231,6.4742,-28.7382,-34.9092,3,-9.2864,4.6710,4.6707,4.0920,0.0000,-19.4662,0.2026,0.1183,0,3
cimbalom_felt,85,C#6,0.5500,regular,felt_mallet,Felt,0.2950,1.4214,1108.7310,2227.0830,3.1519,6.3311,-31.5505,-33.0721,3,-12.5291,0.0208,0.0210,-0.6385,0.0000,-21.8748,0.1465,0.1462,0,3
cimbalom_felt,85,C#6,0.5750,regular,felt_mallet,Felt,0.2950,1.3914,1108.7310,2227.0830,3.0853,6.1975,-36.0887,-31.8840,3,-17.4806,-5.7076,-5.7066,-6.7273,-5.7076,-26.0292,0.0869,0.1676,0,3
cimbalom_felt,85,C#6,0.6000,regular,felt_mallet,Felt,0.2950,1.3632,1108.7310,2227.0830,3.0229,6.0721,-47.0814,-31.1505,3,-28.8709,-17.4424,-17.4411,-21.6021,-17.4424,-36.6607,0.0245,0.1824,0,3
cimbalom_felt,85,C#6,0.6250,regular,felt_mallet,Felt,0.2950,1.3368,1108.7310,2227.0830,2.9643,5.9542,-42.8457,-30.7670,3,-25.0184,-13.5699,-13.5700,-11.6915,-13.5699,-32.0499,0.0400,0.1906,0,3
cimbalom_felt,85,C#6,0.6500,regular,felt_mallet,Felt,0.2950,1.3118,1108.7310,2227.0830,2.9090,5.8432,-34.3795,-30.6740,3,-16.9224,-5.2019,-5.2013,-4.3799,-5.2019,-23.2487,0.1058,0.1926,0,3
cimbalom_felt,85,C#6,0.6750,regular,felt_mallet,Felt,0.2950,1.2883,1108.7310,2227.0830,2.8567,5.7382,-30.1266,-30.8392,3,-13.0273,-0.7843,-0.7842,-0.2034,-0.7843,-18.6681,0.1727,0.1890,0,3
cimbalom_felt,85,C#6,0.7000,regular,felt_mallet,Felt,0.2950,1.2660,1108.7310,2227.0830,2.8073,5.6389,-27.2644,-31.2495,3,-10.5117,2.4877,2.4880,2.9810,0.0000,-15.4909,0.2401,0.1803,0,3
cimbalom_felt,85,C#6,0.7250,regular,felt_mallet,Felt,0.2950,1.2448,1108.7310,2227.0830,2.7604,5.5447,-25.1094,-31.9094,3,-8.6928,5.3025,5.3027,5.7698,0.0000,-13.0313,0.3077,0.1671,0,3
cimbalom_felt,85,C#6,0.7500,regular,felt_mallet,Felt,0.2950,1.2247,1108.7310,2227.0830,2.7158,5.4552,-23.3859,-32.8427,3,-7.2955,7.9596,7.9595,8.4361,0.0000,-11.0133,0.3752,0.1501,0,3
cimbalom_felt,85,C#6,0.7750,regular,felt_mallet,Felt,0.2950,1.2056,1108.7310,2227.0830,2.6734,5.3699,-21.9543,-34.1015,3,-6.1811,10.6503,10.6499,11.1684,0.0000,-9.2969,0.4424,0.1298,0,3
cimbalom_felt,85,C#6,0.8000,regular,felt_mallet,Felt,0.2950,1.1874,1108.7310,2227.0830,2.6329,5.2887,-20.7339,-35.7859,3,-5.2694,13.5545,13.5549,14.1554,0.0000,-7.8009,0.5092,0.1069,0,3
cimbalom_felt,85,C#6,0.8250,regular,felt_mallet,Felt,0.2950,1.1699,1108.7310,2227.0830,2.5943,5.2111,-19.6737,-38.0972,3,-4.5099,16.9265,16.9268,17.6852,0.0000,-6.4735,0.5753,0.0819,0,3
cimbalom_felt,85,C#6,0.8500,regular,felt_mallet,Felt,0.2950,1.1533,1108.7310,2227.0830,2.5574,5.1370,-18.7393,-41.5041,3,-3.8687,21.2694,21.2691,22.3706,0.0000,-5.2799,0.6406,0.0553,0,3
cimbalom_felt,85,C#6,0.8750,regular,felt_mallet,Felt,0.2950,1.1374,1108.7310,2227.0830,2.5220,5.0660,-17.9063,-47.5461,3,-3.3218,28.1465,28.1470,30.4161,0.0000,-4.1952,0.7051,0.0276,0,3
cimbalom_felt,85,C#6,0.9000,regular,felt_mallet,Felt,0.2950,1.1221,1108.7310,2227.0830,2.4882,4.9979,-17.1567,-77.3113,3,-2.8518,44.7275,44.7405,40.7569,0.0000,-3.2009,0.7686,0.0045,1,3
cimbalom_felt,85,C#6,0.9250,regular,felt_mallet,Felt,0.2950,1.1074,1108.7310,2227.0830,2.4556,4.9326,-16.4772,-46.8792,3,-2.4455,28.8977,28.8975,27.3388,0.0000,-2.2835,0.8312,0.0298,0,3
cimbalom_felt,85,C#6,0.9500,regular,felt_mallet,Felt,0.2950,1.0933,1108.7310,2227.0830,2.4244,4.8698,-15.8570,-40.9752,3,-2.0927,23.6160,23.6165,22.8251,0.0000,-1.4316,0.8927,0.0589,0,3
cimbalom_felt,85,C#6,0.9750,regular,felt_mallet,Felt,0.2950,1.0798,1108.7310,2227.0830,2.3944,4.8095,-15.2880,-37.5091,3,-1.7854,20.7199,20.7202,20.2042,0.0000,-0.6370,0.9531,0.0877,0,3
cimbalom_felt,85,C#6,1.0000,regular,felt_mallet,Felt,0.2950,1.0667,1108.7310,2227.0830,2.3654,4.7514,-14.7633,-35.0678,3,-1.5172,18.8041,18.8041,18.4320,0.0000,0.1075,1.0125,0.1162,0,3
cimbalom_felt,85,C#6,0.4200,corpus,felt_mallet,Felt,0.2950,1.6179,1108.7310,2227.0830,3.5876,7.2063,-23.4560,-44.0788,3,-1.9663,19.1265,19.1271,19.9075,0.0000,-16.1211,0.3721,0.0411,0,3
cimbalom_felt,85,C#6,0.4600,corpus,felt_mallet,Felt,0.2950,1.5487,1108.7310,2227.0830,3.4343,6.8983,-24.6707,-49.3360,3,-4.0069,23.1593,23.1616,21.4589,0.0000,-16.5457,0.3236,0.0225,0,3
cimbalom_felt,86,D6,0.0500,regular,felt_mallet,Felt,0.2950,4.4318,1174.6590,2360.7530,10.4116,20.9246,-42.5788,-71.3616,11,-1.9585,27.2769,27.2828,22.5069,0.0000,-53.7353,0.0411,0.0018,1,3
cimbalom_felt,86,D6,0.0750,regular,felt_mallet,Felt,0.2950,3.6450,1174.6590,2360.7530,8.5633,17.2099,-41.1524,-59.1953,9,-3.9660,16.5682,16.5631,19.2340,0.0000,-48.7839,0.0485,0.0072,0,3
cimbalom_felt,86,D6,0.1000,regular,felt_mallet,Felt,0.2950,3.1730,1174.6590,2360.7530,7.4545,14.9816,-38.4168,-77.7499,7,-3.6778,32.2596,32.2516,26.9669,0.0000,-43.5501,0.0664,0.0016,1,3
cimbalom_felt,86,D6,0.1250,regular,felt_mallet,Felt,0.2950,2.8495,1174.6590,2360.7530,6.6943,13.4538,-39.5409,-48.7944,7,-6.7086,7.7691,7.7647,8.8963,0.0000,-42.7321,0.0584,0.0239,0,3
cimbalom_felt,86,D6,0.1500,regular,felt_mallet,Felt,0.2950,2.6097,1174.6590,2360.7530,6.1311,12.3219,-31.4530,-44.7311,7,-0.1856,11.7836,11.7842,11.5759,0.0000,-33.0624,0.1482,0.0382,0,3
cimbalom_felt,86,D6,0.1750,regular,felt_mallet,Felt,0.2950,2.4229,1174.6590,2360.7530,5.6921,11.4396,-30.9968,-46.1884,5,-1.0583,13.7014,13.6985,14.1492,0.0000,-31.2673,0.1562,0.0323,0,3
cimbalom_felt,86,D6,0.2000,regular,felt_mallet,Felt,0.2950,2.2718,1174.6590,2360.7530,5.3373,10.7265,-34.7110,-48.7486,5,-5.9287,12.5388,12.5387,11.3040,0.0000,-33.8219,0.1018,0.0240,0,3
cimbalom_felt,86,D6,0.2250,regular,felt_mallet,Felt,0.2950,2.1464,1174.6590,2360.7530,5.0427,10.1344,-51.2376,-40.3422,5,-23.4796,-12.4029,-12.4002,-16.0855,-12.4029,-49.3366,0.0152,0.0633,0,3
cimbalom_felt,86,D6,0.2500,regular,felt_mallet,Felt,0.2950,2.0402,1174.6590,2360.7530,4.7930,9.6326,-36.7487,-40.7902,5,-9.9110,2.5478,2.5479,3.3409,0.0000,-33.9188,0.0806,0.0601,0,3
cimbalom_felt,86,D6,0.2750,regular,felt_mallet,Felt,0.2950,1.9486,1174.6590,2360.7530,4.5778,9.2001,-30.2144,-48.6446,5,-4.2130,16.9366,16.9378,18.3546,0.0000,-26.5575,0.1709,0.0243,0,3
cimbalom_felt,86,D6,0.3000,regular,felt_mallet,Felt,0.2950,1.8685,1174.6590,2360.7530,4.3897,8.8222,-26.9756,-48.9039,5,-1.7409,20.4294,20.4284,19.4207,0.0000,-22.5626,0.2482,0.0236,0,3
cimbalom_felt,86,D6,0.3250,regular,felt_mallet,Felt,0.2950,1.7978,1174.6590,2360.7530,4.2236,8.4883,-25.0734,-39.8854,5,-0.5472,13.3154,13.3142,13.0651,0.0000,-19.9657,0.3089,0.0667,0,3
cimbalom_felt,86,D6,0.3500,regular,felt_mallet,Felt,0.2950,1.7347,1174.6590,2360.7530,4.0754,8.1905,-23.9285,-36.7966,5,-0.0611,11.3705,11.3707,11.2947,0.0000,-18.1772,0.3524,0.0952,0,3
cimbalom_felt,86,D6,0.3750,regular,felt_mallet,Felt,0.2950,1.6780,1174.6590,2360.7530,3.9421,7.9226,-23.2873,-35.8795,3,-0.0360,11.0954,11.0949,11.1233,0.0000,-16.9367,0.3794,0.1058,0,3
cimbalom_felt,86,D6,0.4000,regular,felt_mallet,Felt,0.2950,1.6266,1174.6590,2360.7530,3.8214,7.6799,-23.0191,-36.4133,3,-0.3466,11.8970,11.8970,12.0246,0.0000,-16.1079,0.3913,0.0995,0,3
cimbalom_felt,86,D6,0.4250,regular,felt_mallet,Felt,0.2950,1.5797,1174.6590,2360.7530,3.7113,7.4587,-23.0519,-38.3607,3,-0.9255,13.8117,13.8118,14.0865,0.0000,-15.6143,0.3899,0.0795,0,3
cimbalom_felt,86,D6,0.4500,regular,felt_mallet,Felt,0.2950,1.5368,1174.6590,2360.7530,3.6104,7.2560,-23.3482,-42.4085,3,-1.7391,17.5647,17.5641,18.1660,0.0000,-15.4142,0.3768,0.0499,0,3
cimbalom_felt,86,D6,0.4750,regular,felt_mallet,Felt,0.2950,1.4973,1174.6590,2360.7530,3.5176,7.0694,-23.8948,-53.0702,3,-2.7771,27.6817,27.6846,30.5482,0.0000,-15.4915,0.3538,0.0146,0,3
cimbalom_felt,86,D6,0.5000,regular,felt_mallet,Felt,0.2950,1.4607,1174.6590,2360.7530,3.4317,6.8967,-24.7002,-49.1979,3,-4.0508,22.9918,22.9942,21.3128,0.0000,-15.8511,0.3225,0.0228,0,3
cimbalom_felt,86,D6,0.5250,regular,felt_mallet,Felt,0.2950,1.4268,1174.6590,2360.7530,3.3519,6.7364,-25.7981,-40.8530,3,-5.5961,13.5550,13.5543,12.7636,0.0000,-16.5252,0.2842,0.0597,0,3
cimbalom_felt,86,D6,0.5500,regular,felt_mallet,Felt,0.2950,1.3951,1174.6590,2360.7530,3.2776,6.5871,-27.2603,-36.9229,3,-7.4869,8.1621,8.1624,7.5525,0.0000,-17.5838,0.2401,0.0938,0,3
cimbalom_felt,86,D6,0.5750,regular,felt_mallet,Felt,0.2950,1.3655,1174.6590,2360.7530,3.2081,6.4474,-29.2296,-34.5132,3,-9.8675,3.7839,3.7834,3.1973,0.0000,-19.1669,0.1914,0.1238,0,3
cimbalom_felt,86,D6,0.6000,regular,felt_mallet,Felt,0.2950,1.3378,1174.6590,2360.7530,3.1430,6.3165,-32.0131,-32.9195,3,-13.0466,-0.5944,-0.5942,-1.2800,-0.5944,-21.5811,0.1389,0.1488,0,3
cimbalom_felt,86,D6,0.6250,regular,felt_mallet,Felt,0.2950,1.3117,1174.6590,2360.7530,3.0817,6.1934,-36.4404,-31.8551,3,-17.8551,-6.0875,-6.0872,-7.1493,-6.0875,-25.6560,0.0834,0.1681,0,3
cimbalom_felt,86,D6,0.6500,regular,felt_mallet,Felt,0.2950,1.2872,1174.6590,2360.7530,3.0240,6.0774,-46.6910,-31.1749,3,-28.4736,-17.0222,-17.0253,-20.9552,-17.0222,-35.5702,0.0256,0.1818,0,3
cimbalom_felt,86,D6,0.6750,regular,felt_mallet,Felt,0.2950,1.2640,1174.6590,2360.7530,2.9695,5.9679,-44.2544,-30.7965,3,-26.3926,-14.9483,-14.9482,-12.7940,-14.9483,-32.7895,0.0340,0.1900,0,3
cimbalom_felt,86,D6,0.7000,regular,felt_mallet,Felt,0.2950,1.2420,1174.6590,2360.7530,2.9179,5.8642,-35.3314,-30.6712,3,-17.8139,-6.1560,-6.1557,-5.2599,-6.1560,-23.5564,0.0949,0.1927,0,3
cimbalom_felt,86,D6,0.7250,regular,felt_mallet,Felt,0.2950,1.2212,1174.6590,2360.7530,2.8690,5.7658,-30.9742,-30.7705,3,-13.7904,-1.7003,-1.7002,-1.0827,-1.7003,-18.8952,0.1566,0.1905,0,3
cimbalom_felt,86,D6,0.7500,regular,felt_mallet,Felt,0.2950,1.2014,1174.6590,2360.7530,2.8225,5.6724,-28.0641,-31.0812,3,-11.2041,1.5198,1.5202,2.0309,0.0000,-15.6911,0.2190,0.1838,0,3
cimbalom_felt,86,D6,0.7750,regular,felt_mallet,Felt,0.2950,1.1826,1174.6590,2360.7530,2.7782,5.5834,-25.8798,-31.6025,3,-9.3345,4.2253,4.2255,4.6961,0.0000,-13.2222,0.2816,0.1731,0,3
cimbalom_felt,86,D6,0.8000,regular,felt_mallet,Felt,0.2950,1.1646,1174.6590,2360.7530,2.7360,5.4986,-24.1350,-32.3470,3,-7.8959,6.7151,6.7147,7.1819,0.0000,-11.2017,0.3442,0.1589,0,3
cimbalom_felt,86,D6,0.8250,regular,felt_mallet,Felt,0.2950,1.1474,1174.6590,2360.7530,2.6957,5.4177,-22.6864,-33.3445,3,-6.7454,9.1611,9.1608,9.6507,0.0000,-9.4861,0.4067,0.1416,0,3
cimbalom_felt,86,D6,0.8500,regular,felt_mallet,Felt,0.2950,1.1311,1174.6590,2360.7530,2.6572,5.3403,-21.4513,-34.6510,3,-5.8008,11.7034,11.7025,12.2449,0.0000,-7.9917,0.4688,0.1218,0,3
cimbalom_felt,86,D6,0.8750,regular,felt_mallet,Felt,0.2950,1.1154,1174.6590,2360.7530,2.6203,5.2662,-20.3778,-36.3695,3,-5.0107,14.4950,14.4947,15.1299,0.0000,-6.6666,0.5305,0.1000,0,3
cimbalom_felt,86,D6,0.9000,regular,felt_mallet,Felt,0.2950,1.1003,1174.6590,2360.7530,2.5850,5.1952,-19.4310,-38.7024,3,-4.3407,17.7736,17.7749,18.5821,0.0000,-5.4752,0.5916,0.0764,0,3
cimbalom_felt,86,D6,0.9250,regular,felt_mallet,Felt,0.2950,1.0859,1174.6590,2360.7530,2.5511,5.1270,-18.5863,-42.1171,3,-3.7664,22.0367,22.0353,23.2186,0.0000,-4.3925,0.6520,0.0516,0,3
cimbalom_felt,86,D6,0.9500,regular,felt_mallet,Felt,0.2950,1.0720,1174.6590,2360.7530,2.5185,5.0615,-17.8256,-48.1372,3,-3.2702,28.8197,28.8193,31.2754,0.0000,-3.4002,0.7117,0.0258,0,3
cimbalom_felt,86,D6,0.9750,regular,felt_mallet,Felt,0.2950,1.0587,1174.6590,2360.7530,2.4872,4.9985,-17.1352,-80.3609,3,-2.8386,44.9262,44.9392,41.1116,0.0000,-2.4841,0.7705,0.0044,1,3
cimbalom_felt,86,D6,1.0000,regular,felt_mallet,Felt,0.2950,1.0458,1174.6590,2360.7530,2.4570,4.9379,-16.5046,-47.6084,3,-2.4615,29.5986,29.5988,27.9058,0.0000,-1.6337,0.8285,0.0274,0,3
cimbalom_felt,86,D6,0.4200,corpus,felt_mallet,Felt,0.2950,1.5888,1174.6590,2360.7530,3.7325,7.5014,-23.0235,-37.8412,3,-0.7903,13.3214,13.3208,13.5588,0.0000,-15.6888,0.3911,0.0844,0,3
cimbalom_felt,86,D6,0.4600,corpus,felt_mallet,Felt,0.2950,1.5206,1174.6590,2360.7530,3.5724,7.1796,-23.5369,-45.1822,3,-2.1272,20.1492,20.1500,21.0717,0.0000,-15.4119,0.3687,0.0362,0,3
cimbalom_felt,87,D#6,0.0500,regular,felt_mallet,Felt,0.2950,4.3692,1244.5080,2502.6040,10.8751,21.8690,-55.5875,-53.7602,11,-14.2039,-3.2957,-3.2990,-1.1796,-3.2957,-66.7354,0.0092,0.0135,0,3
cimbalom_felt,87,D#6,0.0750,regular,felt_mallet,Felt,0.2950,3.5909,1244.5080,2502.6040,8.9378,17.9731,-58.1501,-50.1657,9,-20.2104,-9.4449,-9.4592,-6.4125,-9.4449,-65.7596,0.0069,0.0204,0,3
cimbalom_felt,87,D#6,0.1000,regular,felt_mallet,Felt,0.2950,3.1243,1244.5080,2502.6040,7.7763,15.6376,-36.0337,-49.2222,7,-0.5475,11.7012,11.7002,11.9963,0.0000,-41.1668,0.0874,0.0227,0,3
cimbalom_felt,87,D#6,0.1250,regular,felt_mallet,Felt,0.2950,2.8045,1244.5080,2502.6040,6.9804,14.0371,-63.8256,-45.8616,7,-30.2504,-19.2287,-19.2472,-13.3186,-19.2287,-66.7922,0.0037,0.0335,1,3
cimbalom_felt,87,D#6,0.1500,regular,felt_mallet,Felt,0.2950,2.5677,1244.5080,2502.6040,6.3910,12.8518,-33.7605,-57.0444,7,-1.7530,21.7863,21.7857,20.0605,0.0000,-35.3691,0.1136,0.0092,0,3
cimbalom_felt,87,D#6,0.1750,regular,felt_mallet,Felt,0.2950,2.3831,1244.5080,2502.6040,5.9317,11.9281,-30.7267,-43.0571,5,-0.0502,10.8359,10.8367,10.8693,0.0000,-30.9973,0.1611,0.0463,0,3
cimbalom_felt,87,D#6,0.2000,regular,felt_mallet,Felt,0.2950,2.2340,1244.5080,2502.6040,5.5605,11.1817,-31.7776,-52.8776,5,-2.2586,19.6097,19.6092,21.0779,0.0000,-30.8885,0.1427,0.0149,0,3
cimbalom_felt,87,D#6,0.2250,regular,felt_mallet,Felt,0.2950,2.1103,1244.5080,2502.6040,5.2525,10.5623,-36.7561,-44.8215,5,-8.2623,6.5664,6.5673,5.5717,0.0000,-34.8447,0.0805,0.0378,0,3
cimbalom_felt,87,D#6,0.2500,regular,felt_mallet,Felt,0.2950,2.0054,1244.5080,2502.6040,4.9914,10.0373,-64.9678,-39.9930,5,-37.3947,-23.2313,-23.2090,-17.9565,-23.2313,-58.9001,0.0045,0.0659,0,3
cimbalom_felt,87,D#6,0.2750,regular,felt_mallet,Felt,0.2950,1.9150,1244.5080,2502.6040,4.7664,9.5849,-35.6422,-41.1625,5,-8.9054,4.0275,4.0267,4.7973,0.0000,-31.9849,0.0915,0.0575,0,3
cimbalom_felt,87,D#6,0.3000,regular,felt_mallet,Felt,0.2950,1.8360,1244.5080,2502.6040,4.5699,9.1898,-30.0480,-49.0715,5,-4.0778,17.5314,17.5313,19.0184,0.0000,-25.6351,0.1742,0.0232,0,3
cimbalom_felt,87,D#6,0.3250,regular,felt_mallet,Felt,0.2950,1.7663,1244.5080,2502.6040,4.3963,8.8406,-27.0667,-49.8682,5,-1.8046,21.3011,21.3014,20.1701,0.0000,-21.9592,0.2456,0.0211,0,3
cimbalom_felt,87,D#6,0.3500,regular,felt_mallet,Felt,0.2950,1.7041,1244.5080,2502.6040,4.2415,8.5292,-25.2442,-40.5443,5,-0.6404,13.8017,13.8024,13.5127,0.0000,-19.4929,0.3029,0.0618,0,3
cimbalom_felt,87,D#6,0.3750,regular,felt_mallet,Felt,0.2950,1.6481,1244.5080,2502.6040,4.1022,8.2492,-24.1010,-37.2111,5,-0.1124,11.6123,11.6127,11.5093,0.0000,-17.7502,0.3455,0.0907,0,3
cimbalom_felt,87,D#6,0.4000,regular,felt_mallet,Felt,0.2950,1.5975,1244.5080,2502.6040,3.9761,7.9956,-23.4168,-35.9773,3,-0.0061,11.0634,11.0633,11.0639,0.0000,-16.5055,0.3738,0.1046,0,3
cimbalom_felt,87,D#6,0.4250,regular,felt_mallet,Felt,0.2950,1.5513,1244.5080,2502.6040,3.8611,7.7644,-23.0738,-36.0678,3,-0.2083,11.4967,11.4969,11.5854,0.0000,-15.6359,0.3889,0.1035,0,3
cimbalom_felt,87,D#6,0.4500,regular,felt_mallet,Felt,0.2950,1.5090,1244.5080,2502.6040,3.7558,7.5526,-23.0048,-37.3188,3,-0.6553,12.8170,12.8171,13.0175,0.0000,-15.0707,0.3920,0.0896,0,3
cimbalom_felt,87,D#6,0.4750,regular,felt_mallet,Felt,0.2950,1.4700,1244.5080,2502.6040,3.6588,7.3576,-23.1714,-39.9787,3,-1.3120,15.3114,15.3107,15.7001,0.0000,-14.7677,0.3845,0.0660,0,3
cimbalom_felt,87,D#6,0.5000,regular,felt_mallet,Felt,0.2950,1.4340,1244.5080,2502.6040,3.5691,7.1772,-23.5552,-45.2867,3,-2.1628,20.2369,20.2363,21.1741,0.0000,-14.7060,0.3679,0.0358,0,3
cimbalom_felt,87,D#6,0.5250,regular,felt_mallet,Felt,0.2950,1.4005,1244.5080,2502.6040,3.4859,7.0098,-24.1540,-69.9143,3,-3.2075,39.6139,39.6088,43.5818,0.0000,-14.8811,0.3434,0.0036,0,3
cimbalom_felt,87,D#6,0.5500,regular,felt_mallet,Felt,0.2950,1.3693,1244.5080,2502.6040,3.4083,6.8538,-24.9818,-46.1032,3,-4.4623,19.6208,19.6194,18.3643,0.0000,-15.3049,0.3122,0.0326,0,3
cimbalom_felt,87,D#6,0.5750,regular,felt_mallet,Felt,0.2950,1.3402,1244.5080,2502.6040,3.3357,6.7079,-26.0736,-39.9427,3,-5.9638,12.3698,12.3688,11.6301,0.0000,-16.0105,0.2753,0.0663,0,3
cimbalom_felt,87,D#6,0.6000,regular,felt_mallet,Felt,0.2950,1.3129,1244.5080,2502.6040,3.2678,6.5712,-27.4963,-36.6016,3,-7.7804,7.6047,7.6053,7.0008,0.0000,-17.0638,0.2337,0.0974,0,3
cimbalom_felt,87,D#6,0.6250,regular,felt_mallet,Felt,0.2950,1.2872,1244.5080,2502.6040,3.2038,6.4427,-29.3771,-34.4455,3,-10.0406,3.5683,3.5682,2.9788,0.0000,-18.5905,0.1882,0.1248,0,3
cimbalom_felt,87,D#6,0.6500,regular,felt_mallet,Felt,0.2950,1.2630,1244.5080,2502.6040,3.1436,6.3216,-31.9779,-32.9714,3,-13.0074,-0.5067,-0.5070,-1.1924,-0.5067,-20.8509,0.1395,0.1479,0,3
cimbalom_felt,87,D#6,0.6750,regular,felt_mallet,Felt,0.2950,1.2401,1244.5080,2502.6040,3.0867,6.2072,-35.9580,-31.9555,3,-17.3412,-5.5038,-5.5040,-6.5114,-5.5038,-24.5046,0.0882,0.1662,0,3
cimbalom_felt,87,D#6,0.7000,regular,felt_mallet,Felt,0.2950,1.2185,1244.5080,2502.6040,3.0329,6.0989,-44.0157,-31.2785,3,-25.7411,-14.2434,-14.2435,-16.9451,-14.2434,-32.2515,0.0349,0.1797,0,3
cimbalom_felt,87,D#6,0.7250,regular,felt_mallet,Felt,0.2950,1.1980,1244.5080,2502.6040,2.9818,5.9962,-48.8317,-30.8702,3,-30.8888,-19.4474,-19.4459,-16.0920,-19.4474,-36.7423,0.0201,0.1883,0,3
cimbalom_felt,87,D#6,0.7500,regular,felt_mallet,Felt,0.2950,1.1785,1244.5080,2502.6040,2.9333,5.8986,-37.2334,-30.6873,3,-19.6122,-8.0400,-8.0406,-6.9672,-8.0400,-24.8574,0.0762,0.1923,0,3
cimbalom_felt,87,D#6,0.7750,regular,felt_mallet,Felt,0.2950,1.1600,1244.5080,2502.6040,2.8871,5.8058,-32.3807,-30.7035,3,-15.0721,-3.1735,-3.1734,-2.4861,-3.1735,-19.7219,0.1332,0.1920,0,3
cimbalom_felt,87,D#6,0.8000,regular,felt_mallet,Felt,0.2950,1.1423,1244.5080,2502.6040,2.8431,5.7173,-29.2592,-30.9039,3,-12.2545,0.1474,0.1480,0.6930,0.0000,-16.3257,0.1908,0.1876,0,3
cimbalom_felt,87,D#6,0.8250,regular,felt_mallet,Felt,0.2950,1.1254,1244.5080,2502.6040,2.8011,5.6328,-26.9558,-31.2838,3,-10.2468,2.8313,2.8310,3.3165,0.0000,-13.7550,0.2488,0.1796,0,3
cimbalom_felt,87,D#6,0.8500,regular,felt_mallet,Felt,0.2950,1.1092,1244.5080,2502.6040,2.7609,5.5520,-25.1331,-31.8473,3,-8.7123,5.2171,5.2171,5.6798,0.0000,-11.6734,0.3068,0.1683,0,3
cimbalom_felt,87,D#6,0.8750,regular,felt_mallet,Felt,0.2950,1.0938,1244.5080,2502.6040,2.7225,5.4747,-23.6282,-32.6095,3,-7.4885,7.4841,7.4841,7.9533,0.0000,-9.9168,0.3649,0.1542,0,3
cimbalom_felt,87,D#6,0.9000,regular,felt_mallet,Felt,0.2950,1.0790,1244.5080,2502.6040,2.6856,5.4006,-22.3498,-33.5996,3,-6.4844,9.7529,9.7527,10.2495,0.0000,-8.3937,0.4227,0.1375,0,3
cimbalom_felt,87,D#6,0.9250,regular,felt_mallet,Felt,0.2950,1.0648,1244.5080,2502.6040,2.6502,5.3294,-21.2413,-34.8693,3,-5.6438,12.1314,12.1310,12.6816,0.0000,-7.0473,0.4803,0.1188,0,3
cimbalom_felt,87,D#6,0.9500,regular,felt_mallet,Felt,0.2950,1.0511,1244.5080,2502.6040,2.6163,5.2611,-20.2651,-36.5097,3,-4.9296,14.7480,14.7478,15.3924,0.0000,-5.8394,0.5374,0.0984,0,3
cimbalom_felt,87,D#6,0.9750,regular,felt_mallet,Felt,0.2950,1.0380,1244.5080,2502.6040,2.5836,5.1954,-19.3949,-38.6931,3,-4.3157,17.8028,17.8017,18.6101,0.0000,-4.7439,0.5940,0.0765,0,3
cimbalom_felt,87,D#6,1.0000,regular,felt_mallet,Felt,0.2950,1.0254,1244.5080,2502.6040,2.5521,5.1321,-18.6117,-41.7954,3,-3.7833,21.6890,21.6882,22.8269,0.0000,-3.7407,0.6501,0.0535,0,3
cimbalom_felt,87,D#6,0.4200,corpus,felt_mallet,Felt,0.2950,1.5602,1244.5080,2502.6040,3.8833,7.8090,-23.1189,-35.9571,3,-0.1467,11.3414,11.3411,11.4117,0.0000,-15.7839,0.3869,0.1048,0,3
cimbalom_felt,87,D#6,0.4600,corpus,felt_mallet,Felt,0.2950,1.4930,1244.5080,2502.6040,3.7161,7.4727,-23.0445,-38.1809,3,-0.8940,13.6406,13.6395,13.9008,0.0000,-14.9195,0.3902,0.0811,0,3
cimbalom_felt,88,E6,0.0500,regular,felt_mallet,Felt,0.2950,4.3075,1318.5100,2653.1670,11.3589,22.8569,-47.5893,-67.3811,11,-5.4435,18.2981,18.3020,14.3030,0.0000,-58.7484,0.0231,0.0028,0,3
cimbalom_felt,88,E6,0.0750,regular,felt_mallet,Felt,0.2950,3.5375,1318.5100,2653.1670,9.3284,18.7710,-44.8308,-59.9831,9,-6.1389,13.6704,13.6607,11.2414,0.0000,-52.4639,0.0318,0.0066,0,3
cimbalom_felt,88,E6,0.1000,regular,felt_mallet,Felt,0.2950,3.0762,1318.5100,2653.1670,8.1119,16.3231,-36.3667,-49.6496,9,-0.1348,11.7909,11.7941,11.5044,0.0000,-41.4999,0.0841,0.0217,0,3
cimbalom_felt,88,E6,0.1250,regular,felt_mallet,Felt,0.2950,2.7602,1318.5100,2653.1670,7.2786,14.6464,-41.7721,-52.1481,7,-7.4556,8.8814,8.8811,7.3740,0.0000,-44.9686,0.0451,0.0162,0,3
cimbalom_felt,88,E6,0.1500,regular,felt_mallet,Felt,0.2950,2.5263,1318.5100,2653.1670,6.6618,13.4052,-38.6522,-49.5617,7,-5.9065,9.4211,9.4210,10.5984,0.0000,-40.2601,0.0647,0.0219,0,3
cimbalom_felt,88,E6,0.1750,regular,felt_mallet,Felt,0.2950,2.3440,1318.5100,2653.1670,6.1812,12.4381,-31.7694,-45.9773,7,-0.3568,12.7134,12.7140,12.3955,0.0000,-32.0398,0.1429,0.0331,0,3
cimbalom_felt,88,E6,0.2000,regular,felt_mallet,Felt,0.2950,2.1968,1318.5100,2653.1670,5.7930,11.6570,-30.7208,-43.9260,5,-0.4673,11.7098,11.7119,11.9140,0.0000,-29.8316,0.1612,0.0419,0,3
cimbalom_felt,88,E6,0.2250,regular,felt_mallet,Felt,0.2950,2.0747,1318.5100,2653.1670,5.4709,11.0089,-32.6529,-78.7269,5,-3.4256,35.8964,35.8782,36.0948,0.0000,-30.7405,0.1291,0.0021,1,3
cimbalom_felt,88,E6,0.2500,regular,felt_mallet,Felt,0.2950,1.9712,1318.5100,2653.1670,5.1980,10.4597,-38.5907,-43.1943,5,-10.2849,3.1053,3.1055,2.1006,0.0000,-35.7642,0.0651,0.0456,0,3
cimbalom_felt,88,E6,0.2750,regular,felt_mallet,Felt,0.2950,1.8820,1318.5100,2653.1670,4.9628,9.9865,-52.1525,-39.8909,5,-24.6832,-13.7466,-13.7471,-10.9145,-13.7466,-48.4853,0.0137,0.0666,0,3
cimbalom_felt,88,E6,0.3000,regular,felt_mallet,Felt,0.2950,1.8041,1318.5100,2653.1670,4.7575,9.5732,-35.2962,-41.2654,5,-8.5936,4.4754,4.4755,5.2360,0.0000,-30.8830,0.0952,0.0569,0,3
cimbalom_felt,88,E6,0.3250,regular,felt_mallet,Felt,0.2950,1.7353,1318.5100,2653.1670,4.5761,9.2082,-30.1780,-48.3284,5,-4.1833,16.6575,16.6580,18.0193,0.0000,-25.0700,0.1716,0.0252,0,3
cimbalom_felt,88,E6,0.3500,regular,felt_mallet,Felt,0.2950,1.6740,1318.5100,2653.1670,4.4143,8.8826,-27.3225,-52.5654,5,-1.9858,23.7409,23.7414,22.1873,0.0000,-21.5711,0.2384,0.0155,0,3
cimbalom_felt,88,E6,0.3750,regular,felt_mallet,Felt,0.2950,1.6188,1318.5100,2653.1670,4.2688,8.5899,-25.5204,-41.6697,5,-0.7984,14.6503,14.6515,14.2912,0.0000,-19.1699,0.2934,0.0543,0,3
cimbalom_felt,88,E6,0.4000,regular,felt_mallet,Felt,0.2950,1.5688,1318.5100,2653.1670,4.1371,8.3248,-24.3476,-37.8718,5,-0.2029,12.0272,12.0269,11.8859,0.0000,-17.4367,0.3358,0.0841,0,3
cimbalom_felt,88,E6,0.4250,regular,felt_mallet,Felt,0.2950,1.5233,1318.5100,2653.1670,4.0170,8.0832,-23.6036,-36.2439,5,-0.0031,11.1441,11.1432,11.1108,0.0000,-16.1657,0.3659,0.1014,0,3
cimbalom_felt,88,E6,0.4500,regular,felt_mallet,Felt,0.2950,1.4816,1318.5100,2653.1670,3.9070,7.8619,-23.1783,-35.8854,3,-0.0930,11.2093,11.2100,11.2584,0.0000,-15.2442,0.3842,0.1057,0,3
cimbalom_felt,88,E6,0.4750,regular,felt_mallet,Felt,0.2950,1.4432,1318.5100,2653.1670,3.8058,7.6581,-23.0070,-36.5332,3,-0.4107,12.0288,12.0293,12.1670,0.0000,-14.6031,0.3919,0.0981,0,3
cimbalom_felt,88,E6,0.5000,regular,felt_mallet,Felt,0.2950,1.4077,1318.5100,2653.1670,3.7121,7.4697,-23.0506,-38.2192,3,-0.9201,13.6721,13.6718,13.9333,0.0000,-14.2013,0.3899,0.0808,0,3
cimbalom_felt,88,E6,0.5250,regular,felt_mallet,Felt,0.2950,1.3747,1318.5100,2653.1670,3.6252,7.2948,-23.2872,-41.3566,3,-1.6014,16.5725,16.5732,17.0734,0.0000,-14.0142,0.3794,0.0563,0,3
cimbalom_felt,88,E6,0.5500,regular,felt_mallet,Felt,0.2950,1.3440,1318.5100,2653.1670,3.5442,7.1318,-23.7076,-47.6984,3,-2.4475,22.4929,22.4967,23.8219,0.0000,-14.0308,0.3615,0.0271,0,3
cimbalom_felt,88,E6,0.5750,regular,felt_mallet,Felt,0.2950,1.3153,1318.5100,2653.1670,3.4685,6.9794,-24.3141,-63.3935,3,-3.4623,37.5495,37.5562,31.4900,0.0000,-14.2510,0.3371,0.0045,1,3
cimbalom_felt,88,E6,0.6000,regular,felt_mallet,Felt,0.2950,1.2884,1318.5100,2653.1670,3.3975,6.8366,-25.1218,-45.1165,3,-4.6624,18.4925,18.4933,17.3446,0.0000,-14.6891,0.3072,0.0365,0,3
cimbalom_felt,88,E6,0.6250,regular,felt_mallet,Felt,0.2950,1.2631,1318.5100,2653.1670,3.3308,6.7024,-26.1619,-39.7781,3,-6.0803,12.1164,12.1160,11.3846,0.0000,-15.3748,0.2725,0.0675,0,3
cimbalom_felt,88,E6,0.6500,regular,felt_mallet,Felt,0.2950,1.2393,1318.5100,2653.1670,3.2680,6.5760,-27.4912,-36.6965,3,-7.7740,7.7046,7.7055,7.0956,0.0000,-16.3637,0.2338,0.0963,0,3
cimbalom_felt,88,E6,0.6750,regular,felt_mallet,Felt,0.2950,1.2168,1318.5100,2653.1670,3.2086,6.4565,-29.2121,-34.6447,3,-9.8470,3.9331,3.9326,3.3411,0.0000,-17.7565,0.1918,0.1220,0,3
cimbalom_felt,88,E6,0.7000,regular,felt_mallet,Felt,0.2950,1.1955,1318.5100,2653.1670,3.1524,6.3435,-31.5241,-33.2051,3,-12.4995,0.1809,0.1808,-0.4839,0.0000,-19.7535,0.1470,0.1439,0,3
cimbalom_felt,88,E6,0.7250,regular,felt_mallet,Felt,0.2950,1.1752,1318.5100,2653.1670,3.0992,6.2363,-34.8815,-32.1831,3,-16.1868,-4.1994,-4.1995,-5.0994,-4.1994,-22.8071,0.0998,0.1619,0,3
cimbalom_felt,88,E6,0.7500,regular,felt_mallet,Felt,0.2950,1.1561,1318.5100,2653.1670,3.0485,6.1344,-40.7393,-31.4720,3,-22.3645,-10.7711,-10.7709,-12.5466,-10.7711,-28.3730,0.0508,0.1757,0,3
cimbalom_felt,88,E6,0.7750,regular,felt_mallet,Felt,0.2950,1.1378,1318.5100,2653.1670,3.0004,6.0375,-82.7915,-31.0077,3,-64.7273,-29.2241,-29.2175,-26.2826,-29.2241,-46.0768,0.0064,0.1854,1,3
cimbalom_felt,88,E6,0.8000,regular,felt_mallet,Felt,0.2950,1.1204,1318.5100,2653.1670,2.9545,5.9451,-40.6787,-30.7494,3,-22.9164,-11.4220,-11.4222,-9.9147,-11.4220,-27.7409,0.0513,0.1910,0,3
cimbalom_felt,88,E6,0.8250,regular,felt_mallet,Felt,0.2950,1.1038,1318.5100,2653.1670,2.9106,5.8569,-34.5504,-30.6710,3,-17.0820,-5.3745,-5.3750,-4.5440,-5.3745,-21.3478,0.1038,0.1927,0,3
cimbalom_felt,88,E6,0.8500,regular,felt_mallet,Felt,0.2950,1.0879,1318.5100,2653.1670,2.8687,5.7726,-30.9580,-30.7566,3,-13.7757,-1.6979,-1.6979,-1.0851,-1.6979,-17.4975,0.1569,0.1908,0,3
cimbalom_felt,88,E6,0.8750,regular,felt_mallet,Felt,0.2950,1.0727,1318.5100,2653.1670,2.8286,5.6919,-28.4068,-30.9976,3,-11.5035,1.0940,1.0940,1.6124,0.0000,-14.6948,0.2105,0.1856,0,3
cimbalom_felt,88,E6,0.9000,regular,felt_mallet,Felt,0.2950,1.0581,1318.5100,2653.1670,2.7902,5.6145,-26.4296,-31.3928,3,-9.7984,3.4663,3.4662,3.9413,0.0000,-12.4732,0.2643,0.1773,0,3
cimbalom_felt,88,E6,0.9250,regular,felt_mallet,Felt,0.2950,1.0441,1318.5100,2653.1670,2.7533,5.5403,-24.8178,-31.9475,3,-8.4525,5.6325,5.6326,6.0935,0.0000,-10.6237,0.3182,0.1664,0,3
cimbalom_felt,88,E6,0.9500,regular,felt_mallet,Felt,0.2950,1.0307,1318.5100,2653.1670,2.7179,5.4690,-23.4601,-32.6755,3,-7.3545,7.7181,7.7182,8.1863,0.0000,-9.0342,0.3720,0.1530,0,3
cimbalom_felt,88,E6,0.9750,regular,felt_mallet,Felt,0.2950,1.0177,1318.5100,2653.1670,2.6838,5.4004,-22.2897,-33.6016,3,-6.4381,9.8146,9.8148,10.3099,0.0000,-7.6387,0.4257,0.1375,0,3
cimbalom_felt,88,E6,1.0000,regular,felt_mallet,Felt,0.2950,1.0053,1318.5100,2653.1670,2.6510,5.3344,-21.2633,-34.7675,3,-5.6602,12.0068,12.0072,12.5514,0.0000,-6.3922,0.4791,0.1202,0,3
cimbalom_felt,88,E6,0.4200,corpus,felt_mallet,Felt,0.2950,1.5321,1318.5100,2653.1670,4.0402,8.1298,-23.7242,-36.4527,5,-0.0173,11.2322,11.2314,11.1811,0.0000,-16.3892,0.3608,0.0990,0,3
cimbalom_felt,88,E6,0.4600,corpus,felt_mallet,Felt,0.2950,1.4659,1318.5100,2653.1670,3.8655,7.7784,-23.0819,-36.0280,3,-0.1952,11.4490,11.4490,11.5325,0.0000,-14.9568,0.3885,0.1040,0,3
cimbalom_felt,89,F6,0.0500,regular,felt_mallet,Felt,0.2950,4.2464,1396.9130,2813.0110,11.8638,23.8906,-43.1073,-55.2428,11,-0.2003,10.6620,10.6614,10.7469,0.0000,-54.2664,0.0387,0.0113,0,3
cimbalom_felt,89,F6,0.0750,regular,felt_mallet,Felt,0.2950,3.4848,1396.9130,2813.0110,9.7358,19.6053,-40.2132,-53.4608,9,-0.7704,11.7674,11.7661,12.1792,0.0000,-47.8461,0.0540,0.0139,0,3
cimbalom_felt,89,F6,0.1000,regular,felt_mallet,Felt,0.2950,3.0287,1396.9130,2813.0110,8.4617,17.0397,-39.4945,-73.3435,9,-2.5183,31.1275,31.0965,45.3392,0.0000,-44.6287,0.0587,0.0016,1,3
cimbalom_felt,89,F6,0.1250,regular,felt_mallet,Felt,0.2950,2.7165,1396.9130,2813.0110,7.5895,15.2832,-37.0035,-54.6566,7,-1.9471,16.1726,16.1667,17.3128,0.0000,-40.1977,0.0782,0.0122,0,3
cimbalom_felt,89,F6,0.1500,regular,felt_mallet,Felt,0.2950,2.4855,1396.9130,2813.0110,6.9440,13.9833,-54.5998,-45.7828,7,-21.1175,-10.2938,-10.2986,-7.6381,-10.2938,-56.1962,0.0103,0.0338,0,3
cimbalom_felt,89,F6,0.1750,regular,felt_mallet,Felt,0.2950,2.3055,1396.9130,2813.0110,6.4412,12.9709,-34.4248,-71.2616,7,-2.2780,33.7957,33.7988,28.3622,0.0000,-34.6948,0.1053,0.0022,1,3
cimbalom_felt,89,F6,0.2000,regular,felt_mallet,Felt,0.2950,2.1602,1396.9130,2813.0110,6.0352,12.1533,-30.9992,-43.5832,7,-0.0133,11.0894,11.0905,10.9906,0.0000,-30.1102,0.1561,0.0435,0,3
cimbalom_felt,89,F6,0.2250,regular,felt_mallet,Felt,0.2950,2.0396,1396.9130,2813.0110,5.6984,11.4751,-30.9719,-45.6877,5,-1.0134,13.2240,13.2230,13.6134,0.0000,-29.0594,0.1566,0.0342,0,3
cimbalom_felt,89,F6,0.2500,regular,felt_mallet,Felt,0.2950,1.9375,1396.9130,2813.0110,5.4131,10.9005,-33.4112,-57.5836,5,-4.3750,22.6671,22.6692,20.0181,0.0000,-30.5837,0.1183,0.0087,0,3
cimbalom_felt,89,F6,0.2750,regular,felt_mallet,Felt,0.2950,1.8495,1396.9130,2813.0110,5.1673,10.4056,-39.9063,-42.5069,5,-11.7072,1.1020,1.1024,0.0203,0.0000,-36.2527,0.0560,0.0493,0,3
cimbalom_felt,89,F6,0.3000,regular,felt_mallet,Felt,0.2950,1.7727,1396.9130,2813.0110,4.9527,9.9734,-50.0187,-39.8735,5,-22.5866,-11.6309,-11.6323,-9.3312,-11.6309,-45.5968,0.0175,0.0668,0,3
cimbalom_felt,89,F6,0.3250,regular,felt_mallet,Felt,0.2950,1.7049,1396.9130,2813.0110,4.7631,9.5917,-35.5132,-41.1052,5,-8.7890,4.0989,4.0987,4.8548,0.0000,-30.4039,0.0929,0.0579,0,3
cimbalom_felt,89,F6,0.3500,regular,felt_mallet,Felt,0.2950,1.6444,1396.9130,2813.0110,4.5941,9.2513,-30.5726,-46.8459,5,-4.5061,14.7811,14.7807,15.9430,0.0000,-24.8212,0.1640,0.0299,0,3
cimbalom_felt,89,F6,0.3750,regular,felt_mallet,Felt,0.2950,1.5900,1396.9130,2813.0110,4.4421,8.9453,-27.7408,-59.2843,5,-2.2887,30.0432,30.0359,26.8518,0.0000,-21.3901,0.2272,0.0072,0,3
cimbalom_felt,89,F6,0.4000,regular,felt_mallet,Felt,0.2950,1.5407,1396.9130,2813.0110,4.3046,8.6682,-25.9095,-43.4583,5,-1.0343,16.0501,16.0508,15.5676,0.0000,-18.9983,0.2806,0.0442,0,3
cimbalom_felt,89,F6,0.4250,regular,felt_mallet,Felt,0.2950,1.4959,1396.9130,2813.0110,4.1792,8.4158,-24.6802,-38.8814,5,-0.3487,12.7024,12.7040,12.5044,0.0000,-17.2425,0.3232,0.0749,0,3
cimbalom_felt,89,F6,0.4500,regular,felt_mallet,Felt,0.2950,1.4548,1396.9130,2813.0110,4.0643,8.1845,-23.8616,-36.7589,5,-0.0444,11.3993,11.4003,11.3241,0.0000,-15.9273,0.3552,0.0956,0,3
cimbalom_felt,89,F6,0.4750,regular,felt_mallet,Felt,0.2950,1.4169,1396.9130,2813.0110,3.9586,7.9716,-23.3473,-35.9326,3,-0.0184,11.0881,11.0884,11.0973,0.0000,-14.9434,0.3768,0.1051,0,3
cimbalom_felt,89,F6,0.5000,regular,felt_mallet,Felt,0.2950,1.3819,1396.9130,2813.0110,3.8608,7.7747,-23.0733,-36.0382,3,-0.2092,11.4684,11.4681,11.5525,0.0000,-14.2241,0.3889,0.1038,0,3
cimbalom_felt,89,F6,0.5250,regular,felt_mallet,Felt,0.2950,1.3494,1396.9130,2813.0110,3.7701,7.5919,-22.9996,-36.9841,3,-0.5793,12.4886,12.4877,12.6623,0.0000,-13.7264,0.3922,0.0931,0,3
cimbalom_felt,89,F6,0.5500,regular,felt_mallet,Felt,0.2950,1.3192,1396.9130,2813.0110,3.6855,7.4217,-23.1016,-38.8838,3,-1.1059,14.2854,14.2857,14.5932,0.0000,-13.4246,0.3876,0.0748,0,3
cimbalom_felt,89,F6,0.5750,regular,felt_mallet,Felt,0.2950,1.2909,1396.9130,2813.0110,3.6065,7.2626,-23.3656,-42.2183,3,-1.7770,17.3562,17.3568,17.9359,0.0000,-13.3024,0.3760,0.0510,0,3
cimbalom_felt,89,F6,0.6000,regular,felt_mallet,Felt,0.2950,1.2644,1396.9130,2813.0110,3.5324,7.1134,-23.7869,-48.9405,3,-2.5894,23.6616,23.6602,25.2504,0.0000,-13.3540,0.3582,0.0235,0,3
cimbalom_felt,89,F6,0.6250,regular,felt_mallet,Felt,0.2950,1.2395,1396.9130,2813.0110,3.4628,6.9732,-24.3691,-61.0849,3,-3.5482,35.2022,35.1984,30.2035,0.0000,-13.5818,0.3350,0.0058,1,3
cimbalom_felt,89,F6,0.6500,regular,felt_mallet,Felt,0.2950,1.2160,1396.9130,2813.0110,3.3973,6.8412,-25.1254,-45.3662,3,-4.6675,18.7421,18.7394,17.5661,0.0000,-13.9976,0.3070,0.0355,0,3
cimbalom_felt,89,F6,0.6750,regular,felt_mallet,Felt,0.2950,1.1938,1396.9130,2813.0110,3.3353,6.7164,-26.0813,-40.2044,3,-5.9740,12.6227,12.6229,11.8642,0.0000,-14.6257,0.2751,0.0643,0,3
cimbalom_felt,89,F6,0.7000,regular,felt_mallet,Felt,0.2950,1.1728,1396.9130,2813.0110,3.2767,6.5984,-27.2810,-37.1612,3,-7.5128,8.3811,8.3803,7.7574,0.0000,-15.5094,0.2396,0.0913,0,3
cimbalom_felt,89,F6,0.7250,regular,felt_mallet,Felt,0.2950,1.1529,1396.9130,2813.0110,3.2211,6.4865,-28.8006,-35.1009,3,-9.3607,4.8005,4.8004,4.2075,0.0000,-16.7246,0.2011,0.1157,0,3
cimbalom_felt,89,F6,0.7500,regular,felt_mallet,Felt,0.2950,1.1340,1396.9130,2813.0110,3.1683,6.3801,-30.7784,-33.6274,3,-11.6568,1.3486,1.3489,0.7130,0.0000,-18.4088,0.1601,0.1371,0,3
cimbalom_felt,89,F6,0.7750,regular,felt_mallet,Felt,0.2950,1.1161,1396.9130,2813.0110,3.1181,6.2789,-33.4978,-32.5543,3,-14.6852,-2.4435,-2.4442,-3.2309,-2.4435,-20.8436,0.1171,0.1551,0,3
cimbalom_felt,89,F6,0.8000,regular,felt_mallet,Felt,0.2950,1.0989,1396.9130,2813.0110,3.0702,6.1825,-37.6845,-31.7782,3,-19.1721,-7.4090,-7.4083,-8.6383,-7.4090,-24.7566,0.0723,0.1696,0,3
cimbalom_felt,89,F6,0.8250,regular,felt_mallet,Felt,0.2950,1.0825,1396.9130,2813.0110,3.0245,6.0904,-46.5332,-31.2365,3,-28.3129,-16.8058,-16.8055,-20.6482,-16.8058,-33.3448,0.0261,0.1805,0,3
cimbalom_felt,89,F6,0.8500,regular,felt_mallet,Felt,0.2950,1.0669,1396.9130,2813.0110,2.9808,6.0024,-48.3274,-30.8887,3,-30.3914,-18.9246,-18.9235,-15.7230,-18.9246,-34.8563,0.0213,0.1879,0,3
cimbalom_felt,89,F6,0.8750,regular,felt_mallet,Felt,0.2950,1.0519,1396.9130,2813.0110,2.9389,5.9182,-38.0321,-30.7079,3,-20.3733,-8.8184,-8.8182,-7.6605,-8.8184,-24.3176,0.0695,0.1919,0,3
cimbalom_felt,89,F6,0.9000,regular,felt_mallet,Felt,0.2950,1.0376,1396.9130,2813.0110,2.8988,5.8375,-33.4019,-30.6765,3,-16.0135,-4.2215,-4.2211,-3.4725,-4.2215,-19.4444,0.1184,0.1926,0,3
cimbalom_felt,89,F6,0.9250,regular,felt_mallet,Felt,0.2950,1.0238,1396.9130,2813.0110,2.8604,5.7600,-30.3722,-30.7835,3,-13.2477,-1.0851,-1.0851,-0.4999,-1.0851,-16.1772,0.1679,0.1902,0,3
cimbalom_felt,89,F6,0.9500,regular,felt_mallet,Felt,0.2950,1.0106,1396.9130,2813.0110,2.8234,5.6856,-28.1171,-31.0234,3,-11.2504,1.4099,1.4096,1.9172,0.0000,-13.6908,0.2176,0.1850,0,3
cimbalom_felt,89,F6,0.9750,regular,felt_mallet,Felt,0.2950,0.9979,1396.9130,2813.0110,2.7879,5.6141,-26.3223,-31.3957,3,-9.7076,3.5767,3.5765,4.0476,0.0000,-11.6705,0.2676,0.1773,0,3
cimbalom_felt,89,F6,1.0000,regular,felt_mallet,Felt,0.2950,0.9856,1396.9130,2813.0110,2.7537,5.5452,-24.8338,-31.9050,3,-8.4656,5.5744,5.5743,6.0333,0.0000,-9.9624,0.3176,0.1672,0,3
cimbalom_felt,89,F6,0.4200,corpus,felt_mallet,Felt,0.2950,1.5045,1396.9130,2813.0110,4.2034,8.4645,-24.8888,-39.5334,5,-0.4509,13.1467,13.1473,12.9130,0.0000,-17.5537,0.3155,0.0695,0,3
cimbalom_felt,89,F6,0.4600,corpus,felt_mallet,Felt,0.2950,1.4392,1396.9130,2813.0110,4.0210,8.0972,-23.6236,-36.3017,5,-0.0047,11.1817,11.1811,11.1427,0.0000,-15.4983,0.3650,0.1007,0,3
cimbalom_felt,90,F#6,0.0500,regular,felt_mallet,Felt,0.2950,4.1862,1479.9780,2982.7480,12.3908,24.9725,-45.4185,-83.1680,13,-1.7512,29.8890,29.8857,25.4748,0.0000,-56.5772,0.0297,0.0009,1,3
cimbalom_felt,90,F#6,0.0750,regular,felt_mallet,Felt,0.2950,3.4328,1479.9780,2982.7480,10.1608,20.4781,-40.4726,-55.1521,11,-0.2801,13.1928,13.1967,12.5959,0.0000,-48.1072,0.0524,0.0115,0,3
cimbalom_felt,90,F#6,0.1000,regular,felt_mallet,Felt,0.2950,2.9820,1479.9780,2982.7480,8.8265,17.7889,-49.1178,-50.4650,9,-11.3985,-0.1334,-0.1337,1.2826,-0.1334,-54.2484,0.0194,0.0197,0,3
cimbalom_felt,90,F#6,0.1250,regular,felt_mallet,Felt,0.2950,2.6735,1479.9780,2982.7480,7.9134,15.9487,-35.8753,-48.1030,7,-0.0806,10.7425,10.7395,10.7551,0.0000,-39.0701,0.0890,0.0258,0,3
cimbalom_felt,90,F#6,0.1500,regular,felt_mallet,Felt,0.2950,2.4453,1479.9780,2982.7480,7.2379,14.5874,-42.9685,-50.9012,7,-8.7513,6.4367,6.4382,4.9601,0.0000,-44.5815,0.0393,0.0187,0,3
cimbalom_felt,90,F#6,0.1750,regular,felt_mallet,Felt,0.2950,2.2676,1479.9780,2982.7480,6.7120,13.5274,-40.0682,-47.8527,7,-7.1890,6.2935,6.2961,7.3300,0.0000,-40.3383,0.0550,0.0266,0,3
cimbalom_felt,90,F#6,0.2000,regular,felt_mallet,Felt,0.2950,2.1242,1479.9780,2982.7480,6.2875,12.6717,-32.6338,-50.2009,7,-0.9173,16.0726,16.0724,15.3599,0.0000,-31.7441,0.1293,0.0203,0,3
cimbalom_felt,90,F#6,0.2250,regular,felt_mallet,Felt,0.2950,2.0052,1479.9780,2982.7480,5.9353,11.9620,-30.7325,-43.0667,5,-0.0449,10.8399,10.8410,10.8475,0.0000,-28.8198,0.1610,0.0462,0,3
cimbalom_felt,90,F#6,0.2500,regular,felt_mallet,Felt,0.2950,1.9044,1479.9780,2982.7480,5.6370,11.3609,-31.2599,-47.5494,5,-1.4956,14.7969,14.7972,15.3858,0.0000,-28.4324,0.1515,0.0276,0,3
cimbalom_felt,90,F#6,0.2750,regular,felt_mallet,Felt,0.2950,1.8176,1479.9780,2982.7480,5.3802,10.8432,-33.9272,-53.5892,5,-5.0008,18.1621,18.1616,16.3103,0.0000,-30.2725,0.1114,0.0138,0,3
cimbalom_felt,90,F#6,0.3000,regular,felt_mallet,Felt,0.2950,1.7419,1479.9780,2982.7480,5.1559,10.3912,-40.4679,-42.3402,5,-12.3088,0.3755,0.3741,-0.7558,0.0000,-36.0594,0.0525,0.0503,0,3
cimbalom_felt,90,F#6,0.3250,regular,felt_mallet,Felt,0.2950,1.6750,1479.9780,2982.7480,4.9578,9.9920,-51.0345,-39.8994,5,-23.5836,-12.6241,-12.6210,-10.0890,-12.6241,-45.9221,0.0156,0.0666,0,3
cimbalom_felt,90,F#6,0.3500,regular,felt_mallet,Felt,0.2950,1.6153,1479.9780,2982.7480,4.7813,9.6361,-36.2434,-40.7655,5,-9.4503,3.0290,3.0290,3.7876,0.0000,-30.4905,0.0854,0.0602,0,3
cimbalom_felt,90,F#6,0.3750,regular,felt_mallet,Felt,0.2950,1.5617,1479.9780,2982.7480,4.6225,9.3162,-31.2336,-45.1068,5,-5.0548,12.3791,12.3802,13.3499,0.0000,-24.8825,0.1520,0.0365,0,3
cimbalom_felt,90,F#6,0.4000,regular,felt_mallet,Felt,0.2950,1.5131,1479.9780,2982.7480,4.4788,9.0266,-28.3329,-65.6988,5,-2.7306,35.9082,35.8954,71.1898,0.0000,-21.4210,0.2123,0.0034,1,3
cimbalom_felt,90,F#6,0.4250,regular,felt_mallet,Felt,0.2950,1.4689,1479.9780,2982.7480,4.3479,8.7627,-26.4261,-46.3665,5,-1.3671,18.4392,18.4419,17.7080,0.0000,-18.9883,0.2644,0.0316,0,3
cimbalom_felt,90,F#6,0.4500,regular,felt_mallet,Felt,0.2950,1.4284,1479.9780,2982.7480,4.2280,8.5210,-25.1143,-40.4060,5,-0.5692,13.7935,13.7944,13.5105,0.0000,-17.1803,0.3075,0.0628,0,3
cimbalom_felt,90,F#6,0.4750,regular,felt_mallet,Felt,0.2950,1.3911,1479.9780,2982.7480,4.1176,8.2985,-24.2065,-37.6252,5,-0.1489,11.9224,11.9217,11.7930,0.0000,-15.8024,0.3413,0.0865,0,3
cimbalom_felt,90,F#6,0.5000,regular,felt_mallet,Felt,0.2950,1.3566,1479.9780,2982.7480,4.0155,8.0928,-23.5960,-36.2830,5,-0.0026,11.1900,11.1901,11.1510,0.0000,-14.7467,0.3662,0.1010,0,3
cimbalom_felt,90,F#6,0.5250,regular,felt_mallet,Felt,0.2950,1.3246,1479.9780,2982.7480,3.9208,7.9019,-23.2180,-35.8726,3,-0.0675,11.1573,11.1578,11.1905,0.0000,-13.9449,0.3825,0.1059,0,3
cimbalom_felt,90,F#6,0.5500,regular,felt_mallet,Felt,0.2950,1.2948,1479.9780,2982.7480,3.8325,7.7240,-23.0310,-36.2100,3,-0.3042,11.6822,11.6822,11.7873,0.0000,-13.3539,0.3908,0.1018,0,3
cimbalom_felt,90,F#6,0.5750,regular,felt_mallet,Felt,0.2950,1.2669,1479.9780,2982.7480,3.7500,7.5578,-23.0082,-37.2715,3,-0.6875,12.7663,12.7668,12.9594,0.0000,-12.9449,0.3918,0.0901,0,3
cimbalom_felt,90,F#6,0.6000,regular,felt_mallet,Felt,0.2950,1.2408,1479.9780,2982.7480,3.6727,7.4020,-23.1326,-39.1915,3,-1.2021,14.5616,14.5625,14.8906,0.0000,-12.6998,0.3862,0.0722,0,3
cimbalom_felt,90,F#6,0.6250,regular,felt_mallet,Felt,0.2950,1.2163,1479.9780,2982.7480,3.6001,7.2556,-23.3950,-42.4202,3,-1.8399,17.5285,17.5295,18.1271,0.0000,-12.6076,0.3748,0.0498,0,3
cimbalom_felt,90,F#6,0.6500,regular,felt_mallet,Felt,0.2950,1.1931,1479.9780,2982.7480,3.5317,7.1177,-23.7924,-48.6314,3,-2.5991,23.3436,23.3456,24.8637,0.0000,-12.6646,0.3580,0.0244,0,3
cimbalom_felt,90,F#6,0.6750,regular,felt_mallet,Felt,0.2950,1.1713,1479.9780,2982.7480,3.4670,6.9875,-24.3281,-67.7060,3,-3.4842,38.9002,38.8933,33.4060,0.0000,-12.8724,0.3366,0.0038,0,3
cimbalom_felt,90,F#6,0.7000,regular,felt_mallet,Felt,0.2950,1.1507,1479.9780,2982.7480,3.4059,6.8642,-25.0124,-46.7632,3,-4.5063,20.2513,20.2489,18.9131,0.0000,-13.2409,0.3111,0.0302,0,3
cimbalom_felt,90,F#6,0.7250,regular,felt_mallet,Felt,0.2950,1.1311,1479.9780,2982.7480,3.3479,6.7473,-25.8646,-41.2284,3,-5.6855,13.8628,13.8636,13.0379,0.0000,-13.7886,0.2820,0.0572,0,3
cimbalom_felt,90,F#6,0.7500,regular,felt_mallet,Felt,0.2950,1.1125,1479.9780,2982.7480,3.2928,6.6363,-26.9166,-38.0185,3,-7.0544,9.6028,9.6021,8.9468,0.0000,-14.5459,0.2498,0.0827,0,3
cimbalom_felt,90,F#6,0.7750,regular,felt_mallet,Felt,0.2950,1.0947,1479.9780,2982.7480,3.2404,6.5307,-28.2212,-35.8421,3,-8.6666,6.1210,6.1211,5.5212,0.0000,-15.5664,0.2150,0.1062,0,3
cimbalom_felt,90,F#6,0.8000,regular,felt_mallet,Felt,0.2950,1.0779,1479.9780,2982.7480,3.1904,6.4300,-29.8684,-34.2691,3,-10.6126,2.9006,2.9010,2.2900,0.0000,-16.9376,0.1778,0.1273,0,3
cimbalom_felt,90,F#6,0.8250,regular,felt_mallet,Felt,0.2950,1.0618,1479.9780,2982.7480,3.1428,6.3339,-32.0241,-33.1015,3,-13.0589,-0.4227,-0.4227,-1.1170,-0.4227,-18.8263,0.1388,0.1457,0,3
cimbalom_felt,90,F#6,0.8500,regular,felt_mallet,Felt,0.2950,1.0464,1479.9780,2982.7480,3.0972,6.2420,-35.0427,-32.2308,3,-16.3604,-4.3122,-4.3129,-5.2317,-4.3122,-21.5862,0.0980,0.1610,0,3
cimbalom_felt,90,F#6,0.8750,regular,felt_mallet,Felt,0.2950,1.0316,1479.9780,2982.7480,3.0535,6.1541,-39.9196,-31.5913,3,-21.5128,-9.8323,-9.8314,-11.4377,-9.8323,-26.2147,0.0559,0.1733,0,3
cimbalom_felt,90,F#6,0.9000,regular,felt_mallet,Felt,0.2950,1.0175,1479.9780,2982.7480,3.0117,6.0699,-52.8208,-31.1406,3,-34.6827,-23.2000,-23.2007,-34.8555,-23.2000,-38.8871,0.0126,0.1826,0,3
cimbalom_felt,90,F#6,0.9250,regular,felt_mallet,Felt,0.2950,1.0039,1479.9780,2982.7480,2.9716,5.9890,-44.8994,-30.8499,3,-27.0235,-15.5359,-15.5384,-13.2439,-15.5359,-30.6944,0.0316,0.1888,0,3
cimbalom_felt,90,F#6,0.9500,regular,felt_mallet,Felt,0.2950,0.9909,1479.9780,2982.7480,2.9331,5.9114,-37.2051,-30.6998,3,-19.5853,-7.9996,-7.9995,-6.9350,-7.9996,-22.7768,0.0765,0.1920,0,3
cimbalom_felt,90,F#6,0.9750,regular,felt_mallet,Felt,0.2950,0.9784,1479.9780,2982.7480,2.8961,5.8367,-33.1496,-30.6769,3,-15.7801,-3.9677,-3.9682,-3.2393,-3.9677,-18.4963,0.1220,0.1926,0,3
cimbalom_felt,90,F#6,1.0000,regular,felt_mallet,Felt,0.2950,0.9664,1479.9780,2982.7480,2.8604,5.7648,-30.3740,-30.7727,3,-13.2493,-1.0972,-1.0974,-0.5137,-1.0972,-15.5016,0.1678,0.1905,0,3
cimbalom_felt,90,F#6,0.4200,corpus,felt_mallet,Felt,0.2950,1.4774,1479.9780,2982.7480,4.3731,8.8136,-26.7514,-48.4879,5,-1.5862,20.2400,20.2373,19.2788,0.0000,-19.4165,0.2546,0.0248,0,3
cimbalom_felt,90,F#6,0.4600,corpus,felt_mallet,Felt,0.2950,1.4131,1479.9780,2982.7480,4.1827,8.4299,-24.7100,-39.0616,5,-0.3628,12.8545,12.8545,12.6455,0.0000,-16.5848,0.3221,0.0733,0,3
cimbalom_felt,91,G6,0.0500,regular,felt_mallet,Felt,0.2950,4.1266,1567.9820,3163.0400,12.9409,26.1052,-65.0778,-56.7754,13,-20.6513,-9.7553,-9.7559,-5.7047,-9.7553,-76.2214,0.0031,0.0095,1,3
cimbalom_felt,91,G6,0.0750,regular,felt_mallet,Felt,0.2950,3.3814,1567.9820,3163.0400,10.6041,21.3913,-45.6340,-57.9725,11,-4.6927,10.8694,10.8648,12.7308,0.0000,-53.2688,0.0289,0.0083,0,3
cimbalom_felt,91,G6,0.1000,regular,felt_mallet,Felt,0.2950,2.9359,1567.9820,3163.0400,9.2068,18.5725,-48.3824,-54.8517,9,-9.9212,4.9852,4.9793,2.9648,0.0000,-53.5185,0.0211,0.0119,0,3
cimbalom_felt,91,G6,0.1250,regular,felt_mallet,Felt,0.2950,2.6311,1567.9820,3163.0400,8.2510,16.6445,-37.2253,-54.3374,9,-0.6935,15.6213,15.6223,14.7672,0.0000,-40.4193,0.0762,0.0126,0,3
cimbalom_felt,91,G6,0.1500,regular,felt_mallet,Felt,0.2950,2.4057,1567.9820,3163.0400,7.5443,15.2188,-37.3972,-56.7056,7,-2.4465,17.8154,17.8234,19.4162,0.0000,-39.0083,0.0747,0.0096,0,3
cimbalom_felt,91,G6,0.1750,regular,felt_mallet,Felt,0.2950,2.2303,1567.9820,3163.0400,6.9942,14.1091,-74.3486,-46.0643,7,-40.7386,-21.3505,-21.3407,-16.9177,-21.3505,-66.1961,0.0028,0.0327,1,3
cimbalom_felt,91,G6,0.2000,regular,felt_mallet,Felt,0.2950,2.0887,1567.9820,3163.0400,6.5502,13.2134,-36.1968,-54.4472,7,-3.7516,16.7614,16.7640,18.6941,0.0000,-35.3076,0.0858,0.0125,0,3
cimbalom_felt,91,G6,0.2250,regular,felt_mallet,Felt,0.2950,1.9713,1567.9820,3163.0400,6.1820,12.4707,-31.7746,-46.4079,7,-0.3598,13.1394,13.1397,12.7828,0.0000,-29.8618,0.1428,0.0315,0,3
cimbalom_felt,91,G6,0.2500,regular,felt_mallet,Felt,0.2950,1.8719,1567.9820,3163.0400,5.8702,11.8418,-30.6721,-43.1456,5,-0.1818,10.9794,10.9805,11.0550,0.0000,-27.8445,0.1621,0.0458,0,3
cimbalom_felt,91,G6,0.2750,regular,felt_mallet,Felt,0.2950,1.7863,1567.9820,3163.0400,5.6017,11.3002,-31.4754,-48.9093,5,-1.8238,15.9426,15.9423,16.7043,0.0000,-27.8199,0.1478,0.0236,0,3
cimbalom_felt,91,G6,0.3000,regular,felt_mallet,Felt,0.2950,1.7116,1567.9820,3163.0400,5.3674,10.8274,-34.1467,-52.7510,5,-5.2631,17.1017,17.1045,15.3672,0.0000,-29.7362,0.1087,0.0152,0,3
cimbalom_felt,91,G6,0.3250,regular,felt_mallet,Felt,0.2950,1.6456,1567.9820,3163.0400,5.1604,10.4100,-40.2381,-42.5592,5,-12.0631,0.8211,0.8231,-0.3013,0.0000,-35.1338,0.0539,0.0490,0,3
cimbalom_felt,91,G6,0.3500,regular,felt_mallet,Felt,0.2950,1.5867,1567.9820,3163.0400,4.9760,10.0379,-55.9885,-39.9945,5,-28.4714,-17.4703,-17.4732,-13.4392,-17.4703,-50.2191,0.0088,0.0658,0,3
cimbalom_felt,91,G6,0.3750,regular,felt_mallet,Felt,0.2950,1.5339,1567.9820,3163.0400,4.8102,9.7034,-37.5432,-40.3629,5,-10.6404,1.3273,1.3269,2.1169,0.0000,-31.1901,0.0735,0.0631,0,3
cimbalom_felt,91,G6,0.4000,regular,felt_mallet,Felt,0.2950,1.4860,1567.9820,3163.0400,4.6601,9.4007,-32.1937,-43.4304,5,-5.8674,9.7432,9.7436,10.5735,0.0000,-25.2816,0.1361,0.0443,0,3
cimbalom_felt,91,G6,0.4250,regular,felt_mallet,Felt,0.2950,1.4424,1567.9820,3163.0400,4.5234,9.1249,-29.1247,-52.5073,5,-3.3414,21.8944,21.8927,24.1047,0.0000,-21.6865,0.1938,0.0156,0,3
cimbalom_felt,91,G6,0.4500,regular,felt_mallet,Felt,0.2950,1.4025,1567.9820,3163.0400,4.3982,8.8723,-27.0925,-51.8207,5,-1.8227,23.2251,23.2275,21.7862,0.0000,-19.1581,0.2448,0.0169,0,3
cimbalom_felt,91,G6,0.4750,regular,felt_mallet,Felt,0.2950,1.3657,1567.9820,3163.0400,4.2829,8.6398,-25.6700,-42.7573,5,-0.8874,15.5896,15.5898,15.1554,0.0000,-17.2662,0.2884,0.0479,0,3
cimbalom_felt,91,G6,0.5000,regular,felt_mallet,Felt,0.2950,1.3318,1567.9820,3163.0400,4.1763,8.4248,-24.6566,-38.9963,5,-0.3376,12.8416,12.8427,12.6358,0.0000,-15.8073,0.3241,0.0739,0,3
cimbalom_felt,91,G6,0.5250,regular,felt_mallet,Felt,0.2950,1.3002,1567.9820,3163.0400,4.0775,8.2253,-23.9412,-37.0326,5,-0.0644,11.5948,11.5946,11.5010,0.0000,-14.6679,0.3519,0.0926,0,3
cimbalom_felt,91,G6,0.5500,regular,felt_mallet,Felt,0.2950,1.2709,1567.9820,3163.0400,3.9853,8.0395,-23.4561,-36.0905,3,-0.0023,11.1384,11.1377,11.1192,0.0000,-13.7791,0.3721,0.1032,0,3
cimbalom_felt,91,G6,0.5750,regular,felt_mallet,Felt,0.2950,1.2434,1567.9820,3163.0400,3.8993,7.8659,-23.1576,-35.8826,3,-0.1092,11.2282,11.2283,11.2749,0.0000,-13.0945,0.3851,0.1057,0,3
cimbalom_felt,91,G6,0.6000,regular,felt_mallet,Felt,0.2950,1.2177,1567.9820,3163.0400,3.8186,7.7032,-23.0166,-36.2997,3,-0.3574,11.7858,11.7865,11.9000,0.0000,-12.5837,0.3914,0.1008,0,3
cimbalom_felt,91,G6,0.6250,regular,felt_mallet,Felt,0.2950,1.1935,1567.9820,3163.0400,3.7428,7.5503,-23.0136,-37.3409,3,-0.7290,12.8314,12.8309,13.0293,0.0000,-12.2262,0.3916,0.0894,0,3
cimbalom_felt,91,G6,0.6500,regular,felt_mallet,Felt,0.2950,1.1707,1567.9820,3163.0400,3.6714,7.4062,-23.1361,-39.1244,3,-1.2124,14.4923,14.4921,14.8161,0.0000,-12.0080,0.3861,0.0728,0,3
cimbalom_felt,91,G6,0.6750,regular,felt_mallet,Felt,0.2950,1.1492,1567.9820,3163.0400,3.6040,7.2702,-23.3771,-42.0029,3,-1.8017,17.1309,17.1302,17.6903,0.0000,-11.9213,0.3755,0.0523,0,3
cimbalom_felt,91,G6,0.7000,regular,felt_mallet,Felt,0.2950,1.1289,1567.9820,3163.0400,3.5402,7.1415,-23.7342,-47.1157,3,-2.4955,21.8907,21.8877,23.1112,0.0000,-11.9623,0.3604,0.0290,0,3
cimbalom_felt,91,G6,0.7250,regular,felt_mallet,Felt,0.2950,1.1096,1567.9820,3163.0400,3.4797,7.0194,-24.2095,-63.9829,3,-3.2967,38.0516,38.0614,65.4623,0.0000,-12.1331,0.3412,0.0043,1,3
cimbalom_felt,91,G6,0.7500,regular,felt_mallet,Felt,0.2950,1.0913,1567.9820,3163.0400,3.4222,6.9035,-24.8104,-49.8004,3,-4.2134,23.4875,23.4867,21.7081,0.0000,-12.4396,0.3184,0.0213,0,3
cimbalom_felt,91,G6,0.7750,regular,felt_mallet,Felt,0.2950,1.0738,1567.9820,3163.0400,3.3675,6.7932,-25.5502,-43.0136,3,-5.2596,15.9649,15.9629,15.0072,0.0000,-12.8944,0.2924,0.0465,0,3
cimbalom_felt,91,G6,0.8000,regular,felt_mallet,Felt,0.2950,1.0572,1567.9820,3163.0400,3.3154,6.6881,-26.4510,-39.3637,3,-6.4579,11.4130,11.4129,10.6969,0.0000,-13.5196,0.2636,0.0708,0,3
cimbalom_felt,91,G6,0.8250,regular,felt_mallet,Felt,0.2950,1.0414,1567.9820,3163.0400,3.2657,6.5878,-27.5473,-36.9380,3,-7.8435,7.8910,7.8911,7.2655,0.0000,-14.3488,0.2323,0.0937,0,3
cimbalom_felt,91,G6,0.8500,regular,felt_mallet,Felt,0.2950,1.0262,1567.9820,3163.0400,3.2182,6.4919,-28.8950,-35.1874,3,-9.4726,4.7922,4.7929,4.1908,0.0000,-15.4381,0.1989,0.1146,0,3
cimbalom_felt,91,G6,0.8750,regular,felt_mallet,Felt,0.2950,1.0117,1567.9820,3163.0400,3.1727,6.4001,-30.5882,-33.8749,3,-11.4401,1.7871,1.7870,1.1522,0.0000,-16.8794,0.1637,0.1332,0,3
cimbalom_felt,91,G6,0.9000,regular,felt_mallet,Felt,0.2950,0.9978,1567.9820,3163.0400,3.1291,6.3122,-32.8014,-32.8754,3,-13.9205,-1.4269,-1.4261,-2.1722,-1.4269,-18.8487,0.1269,0.1495,0,3
cimbalom_felt,91,G6,0.9250,regular,felt_mallet,Felt,0.2950,0.9845,1567.9820,3163.0400,3.0872,6.2278,-35.9101,-32.1149,3,-17.2900,-5.2974,-5.2962,-6.3097,-5.2974,-21.7207,0.0887,0.1632,0,3
cimbalom_felt,91,G6,0.9500,regular,felt_mallet,Felt,0.2950,0.9717,1567.9820,3163.0400,3.0471,6.1468,-40.9960,-31.5457,3,-22.6306,-10.9537,-10.9537,-12.7937,-10.9537,-26.5763,0.0494,0.1742,0,3
cimbalom_felt,91,G6,0.9750,regular,felt_mallet,Felt,0.2950,0.9593,1567.9820,3163.0400,3.0084,6.0688,-55.6657,-31.1360,3,-37.5490,-25.9002,-25.8970,-57.7044,-25.9002,-40.8877,0.0093,0.1827,1,3
cimbalom_felt,91,G6,1.0000,regular,felt_mallet,Felt,0.2950,0.9475,1567.9820,3163.0400,2.9713,5.9938,-44.7852,-30.8634,3,-26.9117,-15.4100,-15.4109,-13.1437,-15.4100,-29.9051,0.0320,0.1885,0,3
cimbalom_felt,91,G6,0.4200,corpus,felt_mallet,Felt,0.2950,1.4508,1567.9820,3163.0400,4.5498,9.1781,-29.6347,-49.5852,5,-3.7452,18.4582,18.4592,20.0194,0.0000,-22.2998,0.1827,0.0218,0,3
cimbalom_felt,91,G6,0.4600,corpus,felt_mallet,Felt,0.2950,1.3874,1567.9820,3163.0400,4.3509,8.7770,-26.4645,-46.9106,5,-1.3925,18.9447,18.9476,18.1606,0.0000,-18.3391,0.2632,0.0297,0,3
cimbalom_felt,92,G#6,0.0500,regular,felt_mallet,Felt,0.2950,4.0678,1661.2190,3354.5980,13.5149,27.2914,-47.9965,-64.5215,13,-2.8117,15.0876,15.0641,17.1043,0.0000,-59.1564,0.0220,0.0039,0,3
cimbalom_felt,92,G#6,0.0750,regular,felt_mallet,Felt,0.2950,3.3308,1661.2190,3354.5980,11.0664,22.3471,-61.3358,-55.3119,11,-19.6467,-7.5152,-7.5148,-13.6596,-7.5152,-68.9832,0.0047,0.0113,0,3
cimbalom_felt,92,G#6,0.1000,regular,felt_mallet,Felt,0.2950,2.8904,1661.2190,3354.5980,9.6032,19.3924,-41.0109,-56.2424,9,-1.8089,13.7498,13.7514,14.6273,0.0000,-46.1466,0.0493,0.0101,0,3
cimbalom_felt,92,G#6,0.1250,regular,felt_mallet,Felt,0.2950,2.5893,1661.2190,3354.5980,8.6029,17.3724,-41.9382,-54.7248,9,-4.6705,11.3011,11.3054,12.8613,0.0000,-45.1337,0.0443,0.0121,0,3
cimbalom_felt,92,G#6,0.1500,regular,felt_mallet,Felt,0.2950,2.3668,1661.2190,3354.5980,7.8634,15.8791,-35.8843,-48.1561,7,-0.2014,10.7843,10.7840,10.8447,0.0000,-37.4953,0.0890,0.0257,0,3
cimbalom_felt,92,G#6,0.1750,regular,felt_mallet,Felt,0.2950,2.1936,1661.2190,3354.5980,7.2880,14.7172,-41.5265,-54.0071,7,-7.1871,10.9810,10.9857,9.2426,0.0000,-41.7995,0.0464,0.0131,0,3
cimbalom_felt,92,G#6,0.2000,regular,felt_mallet,Felt,0.2950,2.0538,1661.2190,3354.5980,6.8237,13.7796,-44.4383,-46.0549,7,-11.2660,0.1290,0.1292,1.2213,0.0000,-43.5462,0.0332,0.0328,0,3
cimbalom_felt,92,G#6,0.2250,regular,felt_mallet,Felt,0.2950,1.9380,1661.2190,3354.5980,6.4388,13.0023,-34.3914,-93.3365,7,-2.2512,36.4494,36.4689,33.9245,0.0000,-32.4790,0.1056,0.0016,1,3
cimbalom_felt,92,G#6,0.2500,regular,felt_mallet,Felt,0.2950,1.8399,1661.2190,3354.5980,6.1129,12.3442,-31.3518,-44.9382,7,-0.1374,12.0941,12.0932,11.8558,0.0000,-28.5246,0.1499,0.0372,0,3
cimbalom_felt,92,G#6,0.2750,regular,felt_mallet,Felt,0.2950,1.7555,1661.2190,3354.5980,5.8324,11.7777,-30.6793,-43.3204,5,-0.3046,11.1482,11.1483,11.2592,0.0000,-27.0241,0.1620,0.0449,0,3
cimbalom_felt,92,G#6,0.3000,regular,felt_mallet,Felt,0.2950,1.6817,1661.2190,3354.5980,5.5875,11.2832,-31.5733,-49.3540,5,-1.9674,16.2904,16.2893,17.1142,0.0000,-27.1622,0.1461,0.0224,0,3
cimbalom_felt,92,G#6,0.3250,regular,felt_mallet,Felt,0.2950,1.6167,1661.2190,3354.5980,5.3713,10.8466,-34.0777,-53.7842,5,-5.1809,18.2090,18.2064,16.3088,0.0000,-28.9725,0.1095,0.0135,0,3
cimbalom_felt,92,G#6,0.3500,regular,felt_mallet,Felt,0.2950,1.5587,1661.2190,3354.5980,5.1786,10.4575,-39.3911,-43.1652,5,-11.1526,2.2774,2.2764,1.1938,0.0000,-33.6429,0.0594,0.0457,0,3
cimbalom_felt,92,G#6,0.3750,regular,felt_mallet,Felt,0.2950,1.5066,1661.2190,3354.5980,5.0055,10.1078,-68.9455,-40.2261,5,-41.3215,-23.7972,-23.8032,-25.9606,-23.7972,-56.1794,0.0041,0.0641,0,3
cimbalom_felt,92,G#6,0.4000,regular,felt_mallet,Felt,0.2950,1.4594,1661.2190,3354.5980,4.8487,9.7913,-39.6118,-40.0178,5,-12.5642,-1.0849,-1.0862,-0.1986,-1.0849,-32.6977,0.0580,0.0657,0,3
cimbalom_felt,92,G#6,0.4250,regular,felt_mallet,Felt,0.2950,1.4164,1661.2190,3354.5980,4.7060,9.5030,-33.5253,-41.9869,5,-7.0206,6.9685,6.9686,7.7113,0.0000,-26.0871,0.1168,0.0523,0,3
cimbalom_felt,92,G#6,0.4500,regular,felt_mallet,Felt,0.2950,1.3771,1661.2190,3354.5980,4.5752,9.2390,-30.1599,-47.2371,5,-4.1686,15.5832,15.5851,16.7854,0.0000,-22.2252,0.1720,0.0286,0,3
cimbalom_felt,92,G#6,0.4750,regular,felt_mallet,Felt,0.2950,1.3408,1661.2190,3354.5980,4.4549,8.9960,-27.9408,-82.1183,5,-2.4365,39.2887,39.2723,35.3099,0.0000,-19.5371,0.2220,0.0024,1,3
cimbalom_felt,92,G#6,0.5000,regular,felt_mallet,Felt,0.2950,1.3074,1661.2190,3354.5980,4.3437,8.7714,-26.3734,-46.6925,5,-1.3322,18.8192,18.8208,18.0541,0.0000,-17.5239,0.2660,0.0305,0,3
cimbalom_felt,92,G#6,0.5250,regular,felt_mallet,Felt,0.2950,1.2763,1661.2190,3354.5980,4.2404,8.5629,-25.2341,-41.1459,5,-0.6347,14.4155,14.4148,14.0834,0.0000,-15.9608,0.3033,0.0577,0,3
cimbalom_felt,92,G#6,0.5500,regular,felt_mallet,Felt,0.2950,1.2474,1661.2190,3354.5980,4.1443,8.3688,-24.4020,-38.3289,5,-0.2250,12.4309,12.4302,12.2603,0.0000,-14.7251,0.3337,0.0798,0,3
cimbalom_felt,92,G#6,0.5750,regular,felt_mallet,Felt,0.2950,1.2203,1661.2190,3354.5980,4.0545,8.1874,-23.8040,-36.7773,5,-0.0318,11.4769,11.4767,11.3980,0.0000,-13.7406,0.3575,0.0954,0,3
cimbalom_felt,92,G#6,0.6000,regular,felt_mallet,Felt,0.2950,1.1950,1661.2190,3354.5980,3.9703,8.0174,-23.3931,-36.0285,3,-0.0095,11.1388,11.1389,11.1265,0.0000,-12.9601,0.3748,0.1040,0,3
cimbalom_felt,92,G#6,0.6250,regular,felt_mallet,Felt,0.2950,1.1712,1661.2190,3354.5980,3.8912,7.8577,-23.1373,-35.8888,3,-0.1275,11.2553,11.2550,11.3036,0.0000,-12.3498,0.3860,0.1056,0,3
cimbalom_felt,92,G#6,0.6500,regular,felt_mallet,Felt,0.2950,1.1488,1661.2190,3354.5980,3.8167,7.7073,-23.0149,-36.2812,3,-0.3652,11.7695,11.7699,11.8805,0.0000,-11.8867,0.3915,0.1010,0,3
cimbalom_felt,92,G#6,0.6750,regular,felt_mallet,Felt,0.2950,1.1276,1661.2190,3354.5980,3.7463,7.5652,-23.0108,-37.2060,3,-0.7086,12.6983,12.6990,12.8853,0.0000,-11.5549,0.3917,0.0908,0,3
cimbalom_felt,92,G#6,0.7000,regular,felt_mallet,Felt,0.2950,1.1075,1661.2190,3354.5980,3.6798,7.4308,-23.1151,-38.7485,3,-1.1486,14.1373,14.1375,14.4313,0.0000,-11.3434,0.3870,0.0760,0,3
cimbalom_felt,92,G#6,0.7250,regular,felt_mallet,Felt,0.2950,1.0886,1661.2190,3354.5980,3.6167,7.3033,-23.3217,-41.1468,3,-1.6802,16.3292,16.3295,16.8082,0.0000,-11.2450,0.3779,0.0577,0,3
cimbalom_felt,92,G#6,0.7500,regular,felt_mallet,Felt,0.2950,1.0705,1661.2190,3354.5980,3.5567,7.1823,-23.6283,-45.0617,3,-2.3016,19.9388,19.9388,20.8394,0.0000,-11.2572,0.3648,0.0367,0,3
cimbalom_felt,92,G#6,0.7750,regular,felt_mallet,Felt,0.2950,1.0534,1661.2190,3354.5980,3.4997,7.0671,-24.0359,-53.3491,3,-3.0145,27.8248,27.8235,30.8106,0.0000,-11.3801,0.3481,0.0141,0,3
cimbalom_felt,92,G#6,0.8000,regular,felt_mallet,Felt,0.2950,1.0370,1661.2190,3354.5980,3.4453,6.9574,-24.5489,-57.0100,3,-3.8240,30.9419,30.9510,27.4536,0.0000,-11.6173,0.3281,0.0093,0,3
cimbalom_felt,92,G#6,0.8250,regular,felt_mallet,Felt,0.2950,1.0214,1661.2190,3354.5980,3.3935,6.8526,-25.1762,-46.0355,3,-4.7395,19.3550,19.3580,18.0992,0.0000,-11.9772,0.3053,0.0329,0,3
cimbalom_felt,92,G#6,0.8500,regular,felt_mallet,Felt,0.2950,1.0065,1661.2190,3354.5980,3.3439,6.7525,-25.9319,-41.4134,3,-5.7755,13.9831,13.9815,13.1429,0.0000,-12.4740,0.2798,0.0559,0,3
cimbalom_felt,92,G#6,0.8750,regular,felt_mallet,Felt,0.2950,0.9922,1661.2190,3354.5980,3.2965,6.6567,-26.8379,-38.5222,3,-6.9545,10.1840,10.1848,9.5023,0.0000,-13.1284,0.2521,0.0781,0,3
cimbalom_felt,92,G#6,0.9000,regular,felt_mallet,Felt,0.2950,0.9785,1661.2190,3354.5980,3.2510,6.5649,-27.9277,-36.4787,3,-8.3104,7.0517,7.0516,6.4334,0.0000,-13.9736,0.2224,0.0987,0,3
cimbalom_felt,92,G#6,0.9250,regular,felt_mallet,Felt,0.2950,0.9654,1661.2190,3354.5980,3.2074,6.4769,-29.2541,-34.9508,3,-9.8963,4.1977,4.1972,3.5887,0.0000,-15.0624,0.1909,0.1177,0,3
cimbalom_felt,92,G#6,0.9500,regular,felt_mallet,Felt,0.2950,0.9528,1661.2190,3354.5980,3.1655,6.3923,-30.9045,-33.7762,3,-11.8000,1.3719,1.3720,0.7209,0.0000,-16.4817,0.1578,0.1348,0,3
cimbalom_felt,92,G#6,0.9750,regular,felt_mallet,Felt,0.2950,0.9406,1661.2190,3354.5980,3.1252,6.3109,-33.0373,-32.8629,3,-14.1803,-1.6738,-1.6744,-2.4359,-1.6738,-18.3887,0.1235,0.1497,0,3
cimbalom_felt,92,G#6,1.0000,regular,felt_mallet,Felt,0.2950,0.9290,1661.2190,3354.5980,3.0865,6.2327,-35.9835,-32.1539,3,-17.3684,-5.3307,-5.3305,-6.3535,-5.3307,-21.1163,0.0879,0.1625,0,3
cimbalom_felt,92,G#6,0.4200,corpus,felt_mallet,Felt,0.2950,1.4247,1661.2190,3354.5980,4.7335,9.5586,-34.4295,-41.4001,5,-7.8188,5.4782,5.4776,6.2058,0.0000,-27.0930,0.1052,0.0560,0,3
cimbalom_felt,92,G#6,0.4600,corpus,felt_mallet,Felt,0.2950,1.3622,1661.2190,3354.5980,4.5259,9.1394,-29.1722,-51.5913,5,-3.3787,20.9271,20.9290,22.9015,0.0000,-21.0468,0.1927,0.0173,0,3
cimbalom_felt,93,A6,0.0500,regular,felt_mallet,Felt,0.2950,4.0097,1760.0000,3558.1920,14.1140,28.5343,-46.0823,-61.7083,15,-0.1400,14.1615,14.1601,13.1016,0.0000,-57.2434,0.0275,0.0054,0,3
cimbalom_felt,93,A6,0.0750,regular,felt_mallet,Felt,0.2950,3.2809,1760.0000,3558.1920,11.5487,23.3479,-44.8307,-60.3988,11,-2.3948,14.0868,14.0968,15.3770,0.0000,-52.4666,0.0317,0.0063,0,3
cimbalom_felt,93,A6,0.1000,regular,felt_mallet,Felt,0.2950,2.8456,1760.0000,3558.1920,10.0166,20.2505,-39.9447,-52.9269,11,-0.0029,11.5048,11.5006,11.2007,0.0000,-45.0782,0.0557,0.0148,0,3
cimbalom_felt,93,A6,0.1250,regular,felt_mallet,Felt,0.2950,2.5482,1760.0000,3558.1920,8.9696,18.1339,-64.4355,-50.5068,9,-26.4331,-15.3962,-15.3914,-10.2182,-15.3962,-67.6129,0.0033,0.0196,1,3
cimbalom_felt,93,A6,0.1500,regular,felt_mallet,Felt,0.2950,2.3284,1760.0000,3558.1920,8.1960,16.5698,-36.8320,-52.8168,9,-0.4182,14.4907,14.4960,13.8203,0.0000,-38.4425,0.0798,0.0150,0,3
cimbalom_felt,93,A6,0.1750,regular,felt_mallet,Felt,0.2950,2.1574,1760.0000,3558.1920,7.5942,15.3531,-36.9665,-52.9803,7,-1.8993,14.5308,14.5274,15.3358,0.0000,-37.2385,0.0785,0.0147,0,3
cimbalom_felt,93,A6,0.2000,regular,felt_mallet,Felt,0.2950,2.0195,1760.0000,3558.1920,7.1087,14.3716,-49.2947,-47.8305,7,-15.3967,-2.9643,-2.9600,-5.1110,-2.9643,-48.4135,0.0190,0.0267,0,3
cimbalom_felt,93,A6,0.2250,regular,felt_mallet,Felt,0.2950,1.9052,1760.0000,3558.1920,6.7063,13.5581,-39.8934,-47.5265,7,-7.0294,6.1438,6.1452,7.1191,0.0000,-37.9786,0.0561,0.0277,0,3
cimbalom_felt,93,A6,0.2500,regular,felt_mallet,Felt,0.2950,1.8084,1760.0000,3558.1920,6.3657,12.8695,-33.4561,-58.1544,7,-1.5194,23.2001,23.2000,21.2237,0.0000,-30.6286,0.1177,0.0081,0,3
cimbalom_felt,93,A6,0.2750,regular,felt_mallet,Felt,0.2950,1.7251,1760.0000,3558.1920,6.0725,12.2767,-31.1522,-44.3532,7,-0.0564,11.7058,11.7081,11.5169,0.0000,-27.4968,0.1534,0.0399,0,3
cimbalom_felt,93,A6,0.3000,regular,felt_mallet,Felt,0.2950,1.6524,1760.0000,3558.1920,5.8166,11.7594,-30.6917,-43.3879,5,-0.3655,11.2038,11.2036,11.3243,0.0000,-26.2807,0.1618,0.0445,0,3
cimbalom_felt,93,A6,0.3250,regular,felt_mallet,Felt,0.2950,1.5883,1760.0000,3558.1920,5.5908,11.3029,-31.5501,-48.8419,5,-1.9337,15.8016,15.8004,16.5506,0.0000,-26.4438,0.1465,0.0238,0,3
cimbalom_felt,93,A6,0.3500,regular,felt_mallet,Felt,0.2950,1.5311,1760.0000,3558.1920,5.3895,10.8960,-33.7738,-57.1902,5,-4.8161,21.9137,21.9141,19.3418,0.0000,-28.0241,0.1134,0.0091,0,3
cimbalom_felt,93,A6,0.3750,regular,felt_mallet,Felt,0.2950,1.4797,1760.0000,3558.1920,5.2087,10.5303,-38.1881,-44.2635,5,-9.8453,4.5764,4.5781,3.5116,0.0000,-31.8411,0.0682,0.0403,0,3
cimbalom_felt,93,A6,0.4000,regular,felt_mallet,Felt,0.2950,1.4332,1760.0000,3558.1920,5.0450,10.1994,-50.7929,-40.6924,5,-23.0268,-11.6063,-11.6041,-15.1087,-11.6063,-43.8927,0.0160,0.0608,0,3
cimbalom_felt,93,A6,0.4250,regular,felt_mallet,Felt,0.2950,1.3909,1760.0000,3558.1920,4.8959,9.8980,-42.9905,-39.8447,5,-15.7673,-4.6377,-4.6367,-3.4810,-4.6377,-35.5510,0.0393,0.0670,0,3
cimbalom_felt,93,A6,0.4500,regular,felt_mallet,Felt,0.2950,1.3521,1760.0000,3558.1920,4.7594,9.6221,-35.3690,-40.8664,5,-8.6591,4.0060,4.0046,4.7271,0.0000,-27.4335,0.0944,0.0595,0,3
cimbalom_felt,93,A6,0.4750,regular,felt_mallet,Felt,0.2950,1.3164,1760.0000,3558.1920,4.6338,9.3681,-31.5101,-44.0145,5,-5.2870,11.0121,11.0117,11.8741,0.0000,-23.1056,0.1472,0.0414,0,3
cimbalom_felt,93,A6,0.5000,regular,felt_mallet,Felt,0.2950,1.2834,1760.0000,3558.1920,4.5177,9.1334,-29.0182,-51.9617,5,-3.2580,21.4553,21.4537,23.5218,0.0000,-20.1684,0.1962,0.0166,0,3
cimbalom_felt,93,A6,0.5250,regular,felt_mallet,Felt,0.2950,1.2528,1760.0000,3558.1920,4.4099,8.9155,-27.2595,-55.4647,5,-1.9408,26.7046,26.7023,24.5528,0.0000,-17.9857,0.2402,0.0111,0,3
cimbalom_felt,93,A6,0.5500,regular,felt_mallet,Felt,0.2950,1.2243,1760.0000,3558.1920,4.3096,8.7127,-25.9669,-44.6980,5,-1.0702,17.2323,17.2336,16.6482,0.0000,-16.2897,0.2787,0.0383,0,3
cimbalom_felt,93,A6,0.5750,regular,felt_mallet,Felt,0.2950,1.1977,1760.0000,3558.1920,4.2158,8.5232,-25.0014,-40.4417,5,-0.5091,13.9429,13.9435,13.6520,0.0000,-14.9378,0.3115,0.0626,0,3
cimbalom_felt,93,A6,0.6000,regular,felt_mallet,Felt,0.2950,1.1727,1760.0000,3558.1920,4.1280,8.3456,-24.2811,-38.0806,5,-0.1768,12.3041,12.3031,12.1455,0.0000,-13.8481,0.3384,0.0821,0,3
cimbalom_felt,93,A6,0.6250,regular,felt_mallet,Felt,0.2950,1.1493,1760.0000,3558.1920,4.0455,8.1787,-23.7533,-36.7234,5,-0.0222,11.4748,11.4738,11.3981,0.0000,-12.9658,0.3596,0.0960,0,3
cimbalom_felt,93,A6,0.6500,regular,felt_mallet,Felt,0.2950,1.1272,1760.0000,3558.1920,3.9677,8.0215,-23.3828,-36.0393,3,-0.0112,11.1600,11.1602,11.1461,0.0000,-12.2544,0.3753,0.1038,0,3
cimbalom_felt,93,A6,0.6750,regular,felt_mallet,Felt,0.2950,1.1063,1760.0000,3558.1920,3.8943,7.8732,-23.1450,-35.8782,3,-0.1202,11.2375,11.2370,11.2789,0.0000,-11.6892,0.3857,0.1058,0,3
cimbalom_felt,93,A6,0.7000,regular,felt_mallet,Felt,0.2950,1.0866,1760.0000,3558.1920,3.8249,7.7328,-23.0226,-36.1757,3,-0.3328,11.6564,11.6570,11.7552,0.0000,-11.2510,0.3912,0.1022,0,3
cimbalom_felt,93,A6,0.7250,regular,felt_mallet,Felt,0.2950,1.0679,1760.0000,3558.1920,3.7591,7.5997,-23.0032,-36.9241,3,-0.6375,12.4256,12.4249,12.5903,0.0000,-10.9264,0.3921,0.0938,0,3
cimbalom_felt,93,A6,0.7500,regular,felt_mallet,Felt,0.2950,1.0502,1760.0000,3558.1920,3.6965,7.4733,-23.0783,-38.1741,3,-1.0266,13.6003,13.5999,13.8546,0.0000,-10.7074,0.3887,0.0812,0,3
cimbalom_felt,93,A6,0.7750,regular,felt_mallet,Felt,0.2950,1.0333,1760.0000,3558.1920,3.6371,7.3530,-23.2427,-40.0678,3,-1.4954,15.3302,15.3295,15.7230,0.0000,-10.5868,0.3814,0.0653,0,3
cimbalom_felt,93,A6,0.8000,regular,felt_mallet,Felt,0.2950,1.0172,1760.0000,3558.1920,3.5804,7.2384,-23.4935,-42.9527,3,-2.0419,17.9639,17.9643,18.6111,0.0000,-10.5620,0.3705,0.0468,0,3
cimbalom_felt,93,A6,0.8250,regular,felt_mallet,Felt,0.2950,1.0018,1760.0000,3558.1920,3.5263,7.1291,-23.8306,-47.8694,3,-2.6662,22.5446,22.5456,23.8978,0.0000,-10.6319,0.3564,0.0266,0,3
cimbalom_felt,93,A6,0.8500,regular,felt_mallet,Felt,0.2950,0.9871,1760.0000,3558.1920,3.4746,7.0246,-24.2565,-61.9651,3,-3.3714,36.2263,36.2327,51.1486,0.0000,-10.7987,0.3393,0.0052,1,3
cimbalom_felt,93,A6,0.8750,regular,felt_mallet,Felt,0.2950,0.9730,1760.0000,3558.1920,3.4251,6.9245,-24.7762,-51.9750,3,-4.1631,25.6966,25.6945,23.5070,0.0000,-11.0663,0.3196,0.0166,0,3
cimbalom_felt,93,A6,0.9000,regular,felt_mallet,Felt,0.2950,0.9596,1760.0000,3558.1920,3.3777,6.8287,-25.3984,-44.6923,3,-5.0504,17.7914,17.7932,16.6778,0.0000,-11.4440,0.2975,0.0384,0,3
cimbalom_felt,93,A6,0.9250,regular,felt_mallet,Felt,0.2950,0.9467,1760.0000,3558.1920,3.3322,6.7368,-26.1365,-40.8637,3,-6.0469,13.2267,13.2275,12.4190,0.0000,-11.9441,0.2733,0.0596,0,3
cimbalom_felt,93,A6,0.9500,regular,felt_mallet,Felt,0.2950,0.9342,1760.0000,3558.1920,3.2885,6.6485,-27.0102,-38.3140,3,-7.1728,9.8054,9.8045,9.1288,0.0000,-12.5860,0.2472,0.0799,0,3
cimbalom_felt,93,A6,0.9750,regular,felt_mallet,Felt,0.2950,0.9223,1760.0000,3558.1920,3.2466,6.5636,-28.0487,-36.4520,3,-8.4576,6.9046,6.9042,6.2817,0.0000,-13.3991,0.2193,0.0990,0,3
cimbalom_felt,93,A6,1.0000,regular,felt_mallet,Felt,0.2950,0.9108,1760.0000,3558.1920,3.2061,6.4819,-29.2969,-35.0285,3,-9.9466,4.2319,4.2323,3.6178,0.0000,-14.4281,0.1899,0.1167,0,3
cimbalom_felt,93,A6,0.4200,corpus,felt_mallet,Felt,0.2950,1.3990,1760.0000,3558.1920,4.9246,9.9562,-45.8854,-39.8562,5,-18.5561,-7.5177,-7.5187,-6.0012,-7.5177,-38.5454,0.0282,0.0669,0,3
cimbalom_felt,93,A6,0.4600,corpus,felt_mallet,Felt,0.2950,1.3375,1760.0000,3558.1920,4.7079,9.5180,-33.5866,-41.8170,5,-7.0744,6.7380,6.7375,7.4695,0.0000,-25.4609,0.1159,0.0534,0,3
cimbalom_felt,94,A#6,0.0500,regular,felt_mallet,Felt,0.2950,3.9523,1864.6550,3774.6570,14.7392,29.8369,-54.6962,-59.2685,15,-7.9973,3.1139,3.1184,4.7132,0.0000,-65.8571,0.0102,0.0071,0,3
cimbalom_felt,94,A#6,0.0750,regular,felt_mallet,Felt,0.2950,3.2316,1864.6550,3774.6570,12.0516,24.3963,-43.2104,-57.2830,13,-0.0286,12.5945,12.5987,11.9807,0.0000,-50.8484,0.0382,0.0090,0,3
cimbalom_felt,94,A#6,0.1000,regular,felt_mallet,Felt,0.2950,2.8015,1864.6550,3774.6570,10.4475,21.1491,-43.0308,-65.6799,11,-2.3502,21.1796,21.1815,26.0270,0.0000,-48.1654,0.0391,0.0034,0,3
cimbalom_felt,94,A#6,0.1250,regular,felt_mallet,Felt,0.2950,2.5077,1864.6550,3774.6570,9.3518,18.9311,-44.3336,-70.3922,9,-5.5976,24.5523,24.5542,18.9046,0.0000,-47.5324,0.0336,0.0020,1,3
cimbalom_felt,94,A#6,0.1500,regular,felt_mallet,Felt,0.2950,2.2906,1864.6550,3774.6570,8.5425,17.2927,-40.7736,-56.5437,9,-3.6301,14.2865,14.2898,16.1560,0.0000,-42.3849,0.0507,0.0098,0,3
cimbalom_felt,94,A#6,0.1750,regular,felt_mallet,Felt,0.2950,2.1219,1864.6550,3774.6570,7.9130,16.0185,-35.8752,-48.1547,7,-0.0813,10.7930,10.7920,10.7349,0.0000,-36.1475,0.0890,0.0257,0,3
cimbalom_felt,94,A#6,0.2000,regular,felt_mallet,Felt,0.2950,1.9857,1864.6550,3774.6570,7.4054,14.9910,-39.1367,-83.9484,7,-4.5145,32.3255,32.3595,27.6666,0.0000,-38.2486,0.0612,0.0015,1,3
cimbalom_felt,94,A#6,0.2250,regular,felt_mallet,Felt,0.2950,1.8729,1864.6550,3774.6570,6.9848,14.1394,-66.0190,-46.1837,7,-32.4328,-19.5950,-19.5894,-14.1071,-19.5950,-62.3780,0.0034,0.0323,1,3
cimbalom_felt,94,A#6,0.2500,regular,felt_mallet,Felt,0.2950,1.7775,1864.6550,3774.6570,6.6288,13.4188,-37.8405,-49.3336,7,-5.1831,10.0084,10.0055,11.1058,0.0000,-35.0124,0.0710,0.0224,0,3
cimbalom_felt,94,A#6,0.2750,regular,felt_mallet,Felt,0.2950,1.6953,1864.6550,3774.6570,6.3224,12.7986,-32.9803,-54.3741,7,-1.1650,19.9020,19.8982,18.6233,0.0000,-29.3246,0.1243,0.0126,0,3
cimbalom_felt,94,A#6,0.3000,regular,felt_mallet,Felt,0.2950,1.6236,1864.6550,3774.6570,6.0551,12.2574,-31.0772,-44.2084,7,-0.0326,11.6381,11.6385,11.4598,0.0000,-26.6661,0.1547,0.0405,0,3
cimbalom_felt,94,A#6,0.3250,regular,felt_mallet,Felt,0.2950,1.5604,1864.6550,3774.6570,5.8192,11.7799,-30.6893,-43.3128,5,-0.3552,11.1308,11.1311,11.2388,0.0000,-25.5828,0.1618,0.0449,0,3
cimbalom_felt,94,A#6,0.3500,regular,felt_mallet,Felt,0.2950,1.5040,1864.6550,3774.6570,5.6089,11.3543,-31.4282,-47.6822,5,-1.7535,14.7650,14.7625,15.3578,0.0000,-25.6783,0.1486,0.0272,0,3
cimbalom_felt,94,A#6,0.3750,regular,felt_mallet,Felt,0.2950,1.4534,1864.6550,3774.6570,5.4201,10.9719,-33.3104,-68.6569,5,-4.2510,33.0926,33.1025,27.0269,0.0000,-26.9618,0.1196,0.0027,1,3
cimbalom_felt,94,A#6,0.4000,regular,felt_mallet,Felt,0.2950,1.4075,1864.6550,3774.6570,5.2491,10.6259,-36.8541,-46.1017,5,-8.3717,7.7522,7.7504,6.6362,0.0000,-29.9449,0.0796,0.0326,0,3
cimbalom_felt,94,A#6,0.4250,regular,felt_mallet,Felt,0.2950,1.3658,1864.6550,3774.6570,5.0935,10.3109,-44.6326,-41.5291,5,-16.6934,-4.6017,-4.6024,-6.2764,-4.6017,-37.1999,0.0325,0.0552,0,3
cimbalom_felt,94,A#6,0.4500,regular,felt_mallet,Felt,0.2950,1.3276,1864.6550,3774.6570,4.9510,10.0224,-49.7034,-39.9572,5,-22.2775,-11.2387,-11.2327,-9.0407,-11.2387,-41.7678,0.0181,0.0661,0,3
cimbalom_felt,94,A#6,0.4750,regular,felt_mallet,Felt,0.2950,1.2924,1864.6550,3774.6570,4.8198,9.7569,-38.0195,-40.1301,5,-11.0804,0.6180,0.6184,1.4027,0.0000,-29.6139,0.0696,0.0648,0,3
cimbalom_felt,94,A#6,0.5000,regular,felt_mallet,Felt,0.2950,1.2599,1864.6550,3774.6570,4.6986,9.5115,-33.2989,-41.8892,5,-6.8226,7.0964,7.0976,7.8198,0.0000,-24.4486,0.1198,0.0529,0,3
cimbalom_felt,94,A#6,0.5250,regular,felt_mallet,Felt,0.2950,1.2298,1864.6550,3774.6570,4.5862,9.2839,-30.3969,-45.9121,5,-4.3619,14.0241,14.0232,15.0610,0.0000,-21.1238,0.1674,0.0333,0,3
cimbalom_felt,94,A#6,0.5500,regular,felt_mallet,Felt,0.2950,1.2017,1864.6550,3774.6570,4.4815,9.0719,-28.3778,-57.1609,5,-2.7647,27.3019,27.2976,31.3652,0.0000,-18.7005,0.2112,0.0091,0,3
cimbalom_felt,94,A#6,0.5750,regular,felt_mallet,Felt,0.2950,1.1755,1864.6550,3774.6570,4.3836,8.8739,-26.8922,-51.9332,5,-1.6830,23.5392,23.5409,22.0842,0.0000,-16.8288,0.2505,0.0167,0,3
cimbalom_felt,94,A#6,0.6000,regular,felt_mallet,Felt,0.2950,1.1509,1864.6550,3774.6570,4.2920,8.6883,-25.7690,-43.9955,5,-0.9475,16.7318,16.7294,16.2013,0.0000,-15.3358,0.2851,0.0415,0,3
cimbalom_felt,94,A#6,0.6250,regular,felt_mallet,Felt,0.2950,1.1278,1864.6550,3774.6570,4.2059,8.5140,-24.9111,-40.2906,5,-0.4623,13.8842,13.8830,13.6010,0.0000,-14.1236,0.3147,0.0636,0,3
cimbalom_felt,94,A#6,0.6500,regular,felt_mallet,Felt,0.2950,1.1060,1864.6550,3774.6570,4.1248,8.3498,-24.2577,-38.1249,5,-0.1679,12.3712,12.3710,12.2086,0.0000,-13.1293,0.3393,0.0817,0,3
cimbalom_felt,94,A#6,0.6750,regular,felt_mallet,Felt,0.2950,1.0855,1864.6550,3774.6570,4.0482,8.1948,-23.7685,-36.8245,5,-0.0249,11.5597,11.5599,11.4750,0.0000,-12.3125,0.3590,0.0949,0,3
cimbalom_felt,94,A#6,0.7000,regular,felt_mallet,Felt,0.2950,1.0661,1864.6550,3774.6570,3.9757,8.0482,-23.4154,-36.1177,3,-0.0063,11.2063,11.2062,11.1800,0.0000,-11.6434,0.3739,0.1029,0,3
cimbalom_felt,94,A#6,0.7250,regular,felt_mallet,Felt,0.2950,1.0477,1864.6550,3774.6570,3.9071,7.9092,-23.1784,-35.8740,3,-0.0929,11.2000,11.1995,11.2264,0.0000,-11.1019,0.3842,0.1058,0,3
cimbalom_felt,94,A#6,0.7500,regular,felt_mallet,Felt,0.2950,1.0302,1864.6550,3774.6570,3.8419,7.7772,-23.0431,-36.0314,3,-0.2708,11.4923,11.4923,11.5709,0.0000,-10.6717,0.3903,0.1039,0,3
cimbalom_felt,94,A#6,0.7750,regular,felt_mallet,Felt,0.2950,1.0135,1864.6550,3774.6570,3.7798,7.6516,-22.9988,-36.5720,3,-0.5302,12.0769,12.0773,12.2123,0.0000,-10.3427,0.3922,0.0977,0,3
cimbalom_felt,94,A#6,0.8000,regular,felt_mallet,Felt,0.2950,0.9977,1864.6550,3774.6570,3.7207,7.5319,-23.0379,-37.5179,3,-0.8642,12.9837,12.9842,13.1925,0.0000,-10.1064,0.3905,0.0876,0,3
cimbalom_felt,94,A#6,0.8250,regular,felt_mallet,Felt,0.2950,0.9826,1864.6550,3774.6570,3.6643,7.4177,-23.1555,-38.9442,3,-1.2682,14.2932,14.2931,14.5990,0.0000,-9.9567,0.3852,0.0743,0,3
cimbalom_felt,94,A#6,0.8500,regular,felt_mallet,Felt,0.2950,0.9681,1864.6550,3774.6570,3.6104,7.3086,-23.3485,-41.0226,3,-1.7397,16.1782,16.1789,16.6457,0.0000,-9.8903,0.3768,0.0585,0,3
cimbalom_felt,94,A#6,0.8750,regular,felt_mallet,Felt,0.2950,0.9543,1864.6550,3774.6570,3.5588,7.2041,-23.6158,-44.1631,3,-2.2781,19.0535,19.0529,19.8363,0.0000,-9.9059,0.3653,0.0407,0,3
cimbalom_felt,94,A#6,0.9000,regular,felt_mallet,Felt,0.2950,0.9410,1864.6550,3774.6570,3.5094,7.1041,-23.9580,-49.6564,3,-2.8844,24.2064,24.2064,25.9602,0.0000,-10.0036,0.3512,0.0216,0,3
cimbalom_felt,94,A#6,0.9250,regular,felt_mallet,Felt,0.2950,0.9283,1864.6550,3774.6570,3.4619,7.0081,-24.3779,-71.5736,3,-3.5619,39.6850,39.6802,42.0588,0.0000,-10.1856,0.3346,0.0035,0,3
cimbalom_felt,94,A#6,0.9500,regular,felt_mallet,Felt,0.2950,0.9161,1864.6550,3774.6570,3.4164,6.9159,-24.8805,-51.0173,3,-4.3157,24.6362,24.6335,22.6289,0.0000,-10.4565,0.3158,0.0185,0,3
cimbalom_felt,94,A#6,0.9750,regular,felt_mallet,Felt,0.2950,0.9044,1864.6550,3774.6570,3.3726,6.8273,-25.4733,-44.6190,3,-5.1538,17.6467,17.6454,16.5335,0.0000,-10.8235,0.2950,0.0387,0,3
cimbalom_felt,94,A#6,1.0000,regular,felt_mallet,Felt,0.2950,0.8931,1864.6550,3774.6570,3.3305,6.7420,-26.1677,-41.0424,3,-6.0879,13.3766,13.3753,12.5551,0.0000,-11.2981,0.2723,0.0584,0,3
cimbalom_felt,94,A#6,0.4200,corpus,felt_mallet,Felt,0.2950,1.3738,1864.6550,3774.6570,5.1235,10.3716,-42.3436,-42.1251,5,-14.2983,-1.7151,-1.7165,-3.0633,-1.7151,-35.0123,0.0423,0.0515,0,3
cimbalom_felt,94,A#6,0.4600,corpus,felt_mallet,Felt,0.2950,1.3132,1864.6550,3774.6570,4.8972,9.9136,-43.1069,-39.8407,5,-15.8788,-4.7574,-4.7569,-3.5922,-4.7574,-34.9794,0.0387,0.0670,0,3
cimbalom_felt,95,B6,0.0500,regular,felt_mallet,Felt,0.2950,3.8956,1975.5330,4004.9020,15.3917,31.2029,-52.2275,-69.8365,15,-4.7727,16.1467,16.1628,20.1933,0.0000,-63.3882,0.0135,0.0021,1,3
cimbalom_felt,95,B6,0.0750,regular,felt_mallet,Felt,0.2950,3.1830,1975.5330,4004.9020,12.5762,25.4951,-48.1124,-59.3225,13,-4.1855,9.7525,9.7456,11.4612,0.0000,-55.7456,0.0218,0.0071,0,3
cimbalom_felt,95,B6,0.1000,regular,felt_mallet,Felt,0.2950,2.7579,1975.5330,4004.9020,10.8968,22.0905,-57.2573,-53.8384,11,-15.8388,-4.8983,-4.8883,-2.7254,-4.8983,-62.3952,0.0076,0.0133,0,3
cimbalom_felt,95,B6,0.1250,regular,felt_mallet,Felt,0.2950,2.4677,1975.5330,4004.9020,9.7501,19.7660,-40.1554,-52.4149,9,-0.6869,10.7813,10.7789,10.9398,0.0000,-43.3514,0.0544,0.0157,0,3
cimbalom_felt,95,B6,0.1500,regular,felt_mallet,Felt,0.2950,2.2534,1975.5330,4004.9020,8.9035,18.0495,-54.2884,-50.2583,9,-16.4164,-5.5146,-5.5076,-3.5282,-5.5146,-55.8986,0.0107,0.0202,0,3
cimbalom_felt,95,B6,0.1750,regular,felt_mallet,Felt,0.2950,2.0868,1975.5330,4004.9020,8.2452,16.7151,-37.1803,-56.1694,9,-0.6609,17.4978,17.4994,16.3689,0.0000,-37.4524,0.0766,0.0102,0,3
cimbalom_felt,95,B6,0.2000,regular,felt_mallet,Felt,0.2950,1.9525,1975.5330,4004.9020,7.7145,15.6392,-36.2496,-49.2097,7,-0.9045,11.4735,11.4732,11.7346,0.0000,-35.3625,0.0853,0.0228,0,3
cimbalom_felt,95,B6,0.2250,regular,felt_mallet,Felt,0.2950,1.8412,1975.5330,4004.9020,7.2748,14.7478,-41.8764,-54.9803,7,-7.5694,11.6120,11.6091,9.6938,0.0000,-39.9658,0.0446,0.0117,0,3
cimbalom_felt,95,B6,0.2500,regular,felt_mallet,Felt,0.2950,1.7471,1975.5330,4004.9020,6.9027,13.9936,-49.7282,-45.7931,7,-16.3516,-5.4141,-5.4197,-3.8070,-5.4141,-46.8924,0.0181,0.0337,0,3
cimbalom_felt,95,B6,0.2750,regular,felt_mallet,Felt,0.2950,1.6660,1975.5330,4004.9020,6.5826,13.3446,-36.8308,-50.7240,7,-4.2978,12.4081,12.4061,13.6662,0.0000,-33.1755,0.0798,0.0191,0,3
cimbalom_felt,95,B6,0.3000,regular,felt_mallet,Felt,0.2950,1.5953,1975.5330,4004.9020,6.3033,12.7784,-32.7868,-53.5471,7,-1.0255,19.2651,19.2653,18.1162,0.0000,-28.3760,0.1271,0.0138,0,3
cimbalom_felt,95,B6,0.3250,regular,felt_mallet,Felt,0.2950,1.5330,1975.5330,4004.9020,6.0569,12.2788,-31.0845,-44.3693,7,-0.0347,11.7931,11.7923,11.5980,0.0000,-25.9781,0.1546,0.0398,0,3
cimbalom_felt,95,B6,0.3500,regular,felt_mallet,Felt,0.2950,1.4774,1975.5330,4004.9020,5.8373,11.8337,-30.6766,-43.1625,5,-0.2868,10.9917,10.9937,11.0603,0.0000,-24.9267,0.1620,0.0457,0,3
cimbalom_felt,95,B6,0.3750,regular,felt_mallet,Felt,0.2950,1.4275,1975.5330,4004.9020,5.6400,11.4338,-31.2433,-46.2761,5,-1.4695,13.5409,13.5412,13.9742,0.0000,-24.8945,0.1518,0.0319,0,3
cimbalom_felt,95,B6,0.4000,regular,felt_mallet,Felt,0.2950,1.3823,1975.5330,4004.9020,5.4616,11.0719,-32.7643,-60.6539,5,-3.5679,26.3975,26.4070,31.2291,0.0000,-25.8547,0.1274,0.0061,0,3
cimbalom_felt,95,B6,0.4250,regular,felt_mallet,Felt,0.2950,1.3412,1975.5330,4004.9020,5.2990,10.7425,-35.5376,-49.2688,5,-6.8846,12.2328,12.2336,10.8828,0.0000,-28.1019,0.0926,0.0226,0,3
cimbalom_felt,95,B6,0.4500,regular,felt_mallet,Felt,0.2950,1.3035,1975.5330,4004.9020,5.1503,10.4409,-40.7609,-42.9437,5,-12.6215,0.6854,0.6855,-0.5262,0.0000,-32.8287,0.0507,0.0469,0,3
cimbalom_felt,95,B6,0.4750,regular,felt_mallet,Felt,0.2950,1.2689,1975.5330,4004.9020,5.0134,10.1634,-61.2098,-40.4861,5,-33.5573,-21.7770,-21.7823,-44.2068,-21.7770,-52.3660,0.0051,0.0622,1,3
cimbalom_felt,95,B6,0.5000,regular,felt_mallet,Felt,0.2950,1.2368,1975.5330,4004.9020,4.8869,9.9069,-42.2409,-39.8418,5,-15.0513,-3.8886,-3.8900,-2.8227,-3.8886,-33.3877,0.0428,0.0670,0,3
cimbalom_felt,95,B6,0.5250,regular,felt_mallet,Felt,0.2950,1.2071,1975.5330,4004.9020,4.7695,9.6690,-35.7630,-40.5531,5,-9.0146,3.2981,3.2978,4.0035,0.0000,-26.4888,0.0902,0.0617,0,3
cimbalom_felt,95,B6,0.5500,regular,felt_mallet,Felt,0.2950,1.1795,1975.5330,4004.9020,4.6602,9.4474,-32.1967,-42.7051,5,-5.8699,9.0166,9.0160,9.7715,0.0000,-22.5188,0.1361,0.0482,0,3
cimbalom_felt,95,B6,0.5750,regular,felt_mallet,Felt,0.2950,1.1536,1975.5330,4004.9020,4.5581,9.2405,-29.8038,-47.1890,5,-3.8807,15.8935,15.8938,17.0786,0.0000,-19.7404,0.1792,0.0287,0,3
cimbalom_felt,95,B6,0.6000,regular,felt_mallet,Felt,0.2950,1.1294,1975.5330,4004.9020,4.4625,9.0466,-28.0632,-60.8715,5,-2.5276,31.3166,31.3282,38.5814,0.0000,-17.6301,0.2190,0.0059,0,3
cimbalom_felt,95,B6,0.6250,regular,felt_mallet,Felt,0.2950,1.1067,1975.5330,4004.9020,4.3726,8.8644,-26.7448,-51.2959,5,-1.5817,23.0537,23.0515,21.6988,0.0000,-15.9570,0.2548,0.0179,0,3
cimbalom_felt,95,B6,0.6500,regular,felt_mallet,Felt,0.2950,1.0853,1975.5330,4004.9020,4.2880,8.6929,-25.7256,-44.1223,5,-0.9210,16.8992,16.8998,16.3537,0.0000,-14.5974,0.2866,0.0410,0,3
cimbalom_felt,95,B6,0.6750,regular,felt_mallet,Felt,0.2950,1.0651,1975.5330,4004.9020,4.2081,8.5310,-24.9315,-40.5737,5,-0.4728,14.1456,14.1459,13.8436,0.0000,-13.4753,0.3140,0.0616,0,3
cimbalom_felt,95,B6,0.7000,regular,felt_mallet,Felt,0.2950,1.0459,1975.5330,4004.9020,4.1326,8.3778,-24.3145,-38.4289,5,-0.1897,12.6183,12.6184,12.4373,0.0000,-12.5426,0.3371,0.0789,0,3
cimbalom_felt,95,B6,0.7250,regular,felt_mallet,Felt,0.2950,1.0278,1975.5330,4004.9020,4.0609,8.2326,-23.8416,-37.0852,5,-0.0399,11.7468,11.7477,11.6430,0.0000,-11.7650,0.3560,0.0921,0,3
cimbalom_felt,95,B6,0.7500,regular,felt_mallet,Felt,0.2950,1.0106,1975.5330,4004.9020,3.9929,8.0947,-23.4896,-36.2908,3,-0.0005,11.3052,11.3054,11.2598,0.0000,-11.1183,0.3707,0.1009,0,3
cimbalom_felt,95,B6,0.7750,regular,felt_mallet,Felt,0.2950,0.9942,1975.5330,4004.9020,3.9282,7.9635,-23.2412,-35.9204,3,-0.0553,11.1833,11.1834,11.1885,0.0000,-10.5854,0.3814,0.1053,0,3
cimbalom_felt,95,B6,0.8000,regular,felt_mallet,Felt,0.2950,0.9786,1975.5330,4004.9020,3.8666,7.8385,-23.0839,-35.9093,3,-0.1922,11.3292,11.3297,11.3803,0.0000,-10.1522,0.3884,0.1054,0,3
cimbalom_felt,95,B6,0.8250,regular,felt_mallet,Felt,0.2950,0.9637,1975.5330,4004.9020,3.8077,7.7192,-23.0082,-36.2295,3,-0.4023,11.7264,11.7256,11.8279,0.0000,-9.8092,0.3918,0.1016,0,3
cimbalom_felt,95,B6,0.8500,regular,felt_mallet,Felt,0.2950,0.9495,1975.5330,4004.9020,3.7515,7.6053,-23.0072,-36.8821,3,-0.6791,12.3798,12.3793,12.5390,0.0000,-9.5490,0.3919,0.0942,0,3
cimbalom_felt,95,B6,0.8750,regular,felt_mallet,Felt,0.2950,0.9359,1975.5330,4004.9020,3.6977,7.4962,-23.0760,-37.8999,3,-1.0183,13.3277,13.3285,13.5610,0.0000,-9.3662,0.3888,0.0838,0,3
cimbalom_felt,95,B6,0.9000,regular,felt_mallet,Felt,0.2950,0.9228,1975.5330,4004.9020,3.6462,7.3917,-23.2111,-39.3624,3,-1.4168,14.6556,14.6561,14.9910,0.0000,-9.2564,0.3828,0.0708,0,3
cimbalom_felt,95,B6,0.9250,regular,felt_mallet,Felt,0.2950,0.9103,1975.5330,4004.9020,3.5967,7.2915,-23.4109,-41.4380,3,-1.8733,16.5324,16.5323,17.0354,0.0000,-9.2183,0.3741,0.0558,0,3
cimbalom_felt,95,B6,0.9500,regular,felt_mallet,Felt,0.2950,0.8983,1975.5330,4004.9020,3.5493,7.1953,-23.6748,-44.5143,3,-2.3876,19.3448,19.3456,20.1710,0.0000,-9.2505,0.3629,0.0391,0,3
cimbalom_felt,95,B6,0.9750,regular,felt_mallet,Felt,0.2950,0.8868,1975.5330,4004.9020,3.5036,7.1027,-24.0037,-49.7639,3,-2.9611,24.2701,24.2685,26.0477,0.0000,-9.3537,0.3494,0.0214,0,3
cimbalom_felt,95,B6,1.0000,regular,felt_mallet,Felt,0.2950,0.8756,1975.5330,4004.9020,3.4597,7.0137,-24.4002,-67.0032,3,-3.5964,38.7155,38.7262,47.3843,0.0000,-9.5303,0.3338,0.0039,1,3
cimbalom_felt,95,B6,0.4200,corpus,felt_mallet,Felt,0.2950,1.3491,1975.5330,4004.9020,5.3304,10.8060,-34.8498,-51.7297,5,-6.0906,15.3829,15.3815,13.7608,0.0000,-27.5177,0.1002,0.0170,0,3
cimbalom_felt,95,B6,0.4600,corpus,felt_mallet,Felt,0.2950,1.2893,1975.5330,4004.9020,5.0942,10.3272,-44.5730,-41.6787,5,-16.6314,-4.3954,-4.3929,-6.0766,-4.3954,-36.4539,0.0327,0.0542,0,3
cimbalom_felt,96,C7,0.0500,regular,felt_mallet,Felt,0.2950,3.8396,2093.0040,4249.9060,16.0727,32.6361,-48.2666,-65.8751,17,-0.0567,16.1391,16.1527,14.4243,0.0000,-59.4326,0.0214,0.0033,0,3
cimbalom_felt,96,C7,0.0750,regular,felt_mallet,Felt,0.2950,3.1350,2093.0040,4249.9060,13.1233,26.6472,-58.9843,-62.5908,13,-14.3132,2.1431,2.1276,-2.5287,0.0000,-66.6230,0.0062,0.0049,0,3
cimbalom_felt,96,C7,0.1000,regular,felt_mallet,Felt,0.2950,2.7150,2093.0040,4249.9060,11.3651,23.0772,-47.4662,-72.8599,11,-5.3107,23.9317,23.9392,40.2808,0.0000,-52.6046,0.0234,0.0015,1,3
cimbalom_felt,96,C7,0.1250,regular,felt_mallet,Felt,0.2950,2.4284,2093.0040,4249.9060,10.1653,20.6409,-40.4963,-58.0067,11,-0.2960,16.0288,16.0278,14.9579,0.0000,-43.6934,0.0523,0.0083,0,3
cimbalom_felt,96,C7,0.1500,regular,felt_mallet,Felt,0.2950,2.2168,2093.0040,4249.9060,9.2796,18.8424,-46.0285,-63.1984,9,-7.4288,15.6768,15.6768,12.3342,0.0000,-47.6411,0.0277,0.0046,0,3
cimbalom_felt,96,C7,0.1750,regular,felt_mallet,Felt,0.2950,2.0524,2093.0040,4249.9060,8.5912,17.4447,-41.6967,-53.4723,9,-4.4530,10.2907,10.2948,11.5881,0.0000,-41.9695,0.0456,0.0139,0,3
cimbalom_felt,96,C7,0.2000,regular,felt_mallet,Felt,0.2950,1.9198,2093.0040,4249.9060,8.0363,16.3180,-36.0810,-49.6062,9,-0.0142,12.0372,12.0379,11.7172,0.0000,-35.1930,0.0870,0.0217,0,3
cimbalom_felt,96,C7,0.2250,regular,felt_mallet,Felt,0.2950,1.8100,2093.0040,4249.9060,7.5767,15.3848,-37.1071,-52.3556,7,-2.0805,13.7651,13.7626,14.4611,0.0000,-35.1961,0.0773,0.0158,0,3
cimbalom_felt,96,C7,0.2500,regular,felt_mallet,Felt,0.2950,1.7171,2093.0040,4249.9060,7.1879,14.5953,-44.8189,-51.0555,7,-10.7245,4.7400,4.7429,3.0254,0.0000,-41.9954,0.0318,0.0184,0,3
cimbalom_felt,96,C7,0.2750,regular,felt_mallet,Felt,0.2950,1.6372,2093.0040,4249.9060,6.8534,13.9161,-46.0821,-45.7714,7,-12.8328,-1.7962,-1.7967,-0.6413,-1.7962,-42.4235,0.0275,0.0338,0,3
cimbalom_felt,96,C7,0.3000,regular,felt_mallet,Felt,0.2950,1.5675,2093.0040,4249.9060,6.5616,13.3236,-36.4151,-51.1902,7,-3.9387,13.2855,13.2885,14.5889,0.0000,-32.0041,0.0837,0.0181,0,3
cimbalom_felt,96,C7,0.3250,regular,felt_mallet,Felt,0.2950,1.5060,2093.0040,4249.9060,6.3042,12.8009,-32.7959,-54.4754,7,-1.0320,20.1839,20.1843,18.8860,0.0000,-27.6890,0.1270,0.0124,0,3
cimbalom_felt,96,C7,0.3500,regular,felt_mallet,Felt,0.2950,1.4512,2093.0040,4249.9060,6.0749,12.3353,-31.1632,-44.8534,7,-0.0603,12.1991,12.1979,11.9557,0.0000,-25.4135,0.1532,0.0376,0,3
cimbalom_felt,96,C7,0.3750,regular,felt_mallet,Felt,0.2950,1.4020,2093.0040,4249.9060,5.8689,11.9170,-30.6719,-43.0593,5,-0.1854,10.8945,10.8956,10.9127,0.0000,-24.3226,0.1621,0.0462,0,3
cimbalom_felt,96,C7,0.4000,regular,felt_mallet,Felt,0.2950,1.3575,2093.0040,4249.9060,5.6826,11.5386,-31.0363,-44.9351,5,-1.1278,12.4070,12.4073,12.6993,0.0000,-24.1270,0.1555,0.0373,0,3
cimbalom_felt,96,C7,0.4250,regular,felt_mallet,Felt,0.2950,1.3170,2093.0040,4249.9060,5.5129,11.1941,-32.2026,-52.3431,5,-2.8380,18.6541,18.6513,19.9766,0.0000,-24.7666,0.1359,0.0159,0,3
cimbalom_felt,96,C7,0.4500,regular,felt_mallet,Felt,0.2950,1.2799,2093.0040,4249.9060,5.3576,10.8787,-34.3228,-55.8414,5,-5.4722,20.0147,20.0180,17.7073,0.0000,-26.3904,0.1065,0.0106,0,3
cimbalom_felt,96,C7,0.4750,regular,felt_mallet,Felt,0.2950,1.2457,2093.0040,4249.9060,5.2147,10.5885,-37.9711,-45.3200,5,-9.6075,5.8534,5.8522,4.7180,0.0000,-29.5691,0.0700,0.0357,0,3
cimbalom_felt,96,C7,0.5000,regular,felt_mallet,Felt,0.2950,1.2142,2093.0040,4249.9060,5.0826,10.3204,-45.6599,-41.6161,5,-17.7593,-5.5427,-5.5427,-7.4447,-5.5427,-36.8147,0.0289,0.0546,0,3
cimbalom_felt,96,C7,0.5250,regular,felt_mallet,Felt,0.2950,1.1849,2093.0040,4249.9060,4.9601,10.0717,-51.5315,-40.0933,5,-24.0722,-12.9180,-12.9227,-10.3123,-12.9180,-42.2446,0.0147,0.0651,0,3
cimbalom_felt,96,C7,0.5500,regular,felt_mallet,Felt,0.2950,1.1577,2093.0040,4249.9060,4.8461,9.8401,-39.4552,-39.9066,5,-12.4174,-1.0381,-1.0399,-0.1954,-1.0381,-29.7757,0.0590,0.0665,0,3
cimbalom_felt,96,C7,0.5750,regular,felt_mallet,Felt,0.2950,1.1322,2093.0040,4249.9060,4.7396,9.6238,-34.6417,-40.8532,5,-8.0076,4.7196,4.7195,5.4013,0.0000,-24.5778,0.1027,0.0596,0,3
cimbalom_felt,96,C7,0.6000,regular,felt_mallet,Felt,0.2950,1.1084,2093.0040,4249.9060,4.6398,9.4212,-31.6616,-43.0966,5,-5.4149,9.9442,9.9429,10.7191,0.0000,-21.2282,0.1447,0.0461,0,3
cimbalom_felt,96,C7,0.6250,regular,felt_mallet,Felt,0.2950,1.0860,2093.0040,4249.9060,4.5460,9.2309,-29.5608,-47.5086,5,-3.6863,16.4537,16.4567,17.6725,0.0000,-18.7728,0.1843,0.0277,0,3
cimbalom_felt,96,C7,0.6500,regular,felt_mallet,Felt,0.2950,1.0649,2093.0040,4249.9060,4.4578,9.0516,-27.9868,-59.9941,5,-2.4707,30.5186,30.5260,36.7966,0.0000,-16.8586,0.2209,0.0066,0,3
cimbalom_felt,96,C7,0.6750,regular,felt_mallet,Felt,0.2950,1.0450,2093.0040,4249.9060,4.3744,8.8824,-26.7686,-52.5501,5,-1.5979,24.2836,24.2816,22.7109,0.0000,-15.3125,0.2541,0.0155,0,3
cimbalom_felt,96,C7,0.7000,regular,felt_mallet,Felt,0.2950,1.0262,2093.0040,4249.9060,4.2956,8.7224,-25.8091,-44.9953,5,-0.9721,17.6898,17.6894,17.0736,0.0000,-14.0372,0.2838,0.0370,0,3
cimbalom_felt,96,C7,0.7250,regular,felt_mallet,Felt,0.2950,1.0083,2093.0040,4249.9060,4.2209,8.5706,-25.0481,-41.2916,5,-0.5337,14.7487,14.7473,14.4013,0.0000,-12.9713,0.3098,0.0567,0,3
cimbalom_felt,96,C7,0.7500,regular,felt_mallet,Felt,0.2950,0.9914,2093.0040,4249.9060,4.1499,8.4266,-24.4453,-39.0192,5,-0.2432,13.0776,13.0780,12.8632,0.0000,-12.0742,0.3321,0.0737,0,3
cimbalom_felt,96,C7,0.7750,regular,felt_mallet,Felt,0.2950,0.9753,2093.0040,4249.9060,4.0825,8.2896,-23.9725,-37.5453,5,-0.0731,12.0772,12.0771,11.9445,0.0000,-11.3165,0.3507,0.0873,0,3
cimbalom_felt,96,C7,0.8000,regular,felt_mallet,Felt,0.2950,0.9599,2093.0040,4249.9060,4.0182,8.1590,-23.6093,-36.6079,5,-0.0035,11.5028,11.5030,11.4289,0.0000,-10.6776,0.3656,0.0973,0,3
cimbalom_felt,96,C7,0.8250,regular,felt_mallet,Felt,0.2950,0.9452,2093.0040,4249.9060,3.9568,8.0344,-23.3406,-36.0753,3,-0.0200,11.2390,11.2393,11.2153,0.0000,-10.1416,0.3771,0.1034,0,3
cimbalom_felt,96,C7,0.8500,regular,felt_mallet,Felt,0.2950,0.9312,2093.0040,4249.9060,3.8982,7.9154,-23.1548,-35.8761,3,-0.1115,11.2254,11.2258,11.2455,0.0000,-9.6965,0.3853,0.1058,0,3
cimbalom_felt,96,C7,0.8750,regular,felt_mallet,Felt,0.2950,0.9178,2093.0040,4249.9060,3.8421,7.8015,-23.0434,-35.9725,3,-0.2699,11.4341,11.4336,11.4998,0.0000,-9.3334,0.3902,0.1046,0,3
cimbalom_felt,96,C7,0.9000,regular,felt_mallet,Felt,0.2950,0.9050,2093.0040,4249.9060,3.7884,7.6924,-22.9998,-36.3505,3,-0.4890,11.8545,11.8553,11.9671,0.0000,-9.0450,0.3922,0.1002,0,3
cimbalom_felt,96,C7,0.9250,regular,felt_mallet,Felt,0.2950,0.8927,2093.0040,4249.9060,3.7368,7.5877,-23.0190,-37.0173,3,-0.7644,12.5027,12.5029,12.6716,0.0000,-8.8263,0.3913,0.0928,0,3
cimbalom_felt,96,C7,0.9500,regular,felt_mallet,Felt,0.2950,0.8809,2093.0040,4249.9060,3.6873,7.4872,-23.0976,-38.0046,3,-1.0927,13.4115,13.4119,13.6495,0.0000,-8.6734,0.3878,0.0828,0,3
cimbalom_felt,96,C7,0.9750,regular,felt_mallet,Felt,0.2950,0.8695,2093.0040,4249.9060,3.6397,7.3906,-23.2331,-39.3814,3,-1.4720,14.6545,14.6534,14.9901,0.0000,-8.5832,0.3818,0.0707,0,3
cimbalom_felt,96,C7,1.0000,regular,felt_mallet,Felt,0.2950,0.8586,2093.0040,4249.9060,3.5940,7.2976,-23.4243,-41.2851,3,-1.9013,16.3660,16.3662,16.8530,0.0000,-8.5547,0.3735,0.0567,0,3
cimbalom_felt,96,C7,0.4200,corpus,felt_mallet,Felt,0.2950,1.3248,2093.0040,4249.9060,5.5456,11.2605,-31.9015,-49.9984,5,-2.4307,16.6058,16.6067,17.5078,0.0000,-24.5679,0.1407,0.0208,0,3
cimbalom_felt,96,C7,0.4600,corpus,felt_mallet,Felt,0.2950,1.2659,2093.0040,4249.9060,5.2990,10.7598,-35.5385,-49.8697,5,-6.8857,12.8365,12.8337,11.4126,0.0000,-27.4145,0.0926,0.0211,0,3
cimbalom_felt,97,C#7,0.0500,regular,felt_mallet,Felt,0.2950,3.7693,2217.4610,4510.7450,16.7166,34.0047,-56.2120,-61.2543,17,-7.3173,3.6085,3.6006,4.8935,0.0000,-67.3711,0.0086,0.0057,0,3
cimbalom_felt,97,C#7,0.0750,regular,felt_mallet,Felt,0.2950,3.0776,2217.4610,4510.7450,13.6490,27.7647,-46.7502,-58.3356,13,-1.3929,10.1249,10.1225,10.2483,0.0000,-54.3884,0.0254,0.0079,0,3
cimbalom_felt,97,C#7,0.1000,regular,felt_mallet,Felt,0.2950,2.6653,2217.4610,4510.7450,11.8204,24.0450,-43.1932,-55.2476,11,-0.3504,10.5839,10.5819,10.3937,0.0000,-48.3315,0.0383,0.0113,0,3
cimbalom_felt,97,C#7,0.1250,regular,felt_mallet,Felt,0.2950,2.3839,2217.4610,4510.7450,10.5725,21.5065,-45.0105,-56.2068,11,-4.1214,9.7259,9.7232,11.1245,0.0000,-48.2066,0.0311,0.0101,0,3
cimbalom_felt,97,C#7,0.1500,regular,felt_mallet,Felt,0.2950,2.1762,2217.4610,4510.7450,9.6513,19.6326,-40.6635,-53.2310,9,-1.3738,11.0939,11.0877,11.3864,0.0000,-42.2775,0.0513,0.0143,0,3
cimbalom_felt,97,C#7,0.1750,regular,felt_mallet,Felt,0.2950,2.0148,2217.4610,4510.7450,8.9354,18.1763,-57.8199,-50.6912,9,-19.8848,-8.6074,-8.6023,-5.9024,-8.6074,-58.0896,0.0071,0.0192,0,3
cimbalom_felt,97,C#7,0.2000,regular,felt_mallet,Felt,0.2950,1.8847,2217.4610,4510.7450,8.3583,17.0024,-38.2144,-97.8095,9,-1.4549,35.0678,35.0559,32.3983,0.0000,-37.3279,0.0680,0.0012,1,3
cimbalom_felt,97,C#7,0.2250,regular,felt_mallet,Felt,0.2950,1.7769,2217.4610,4510.7450,7.8803,16.0300,-35.8752,-48.1731,7,-0.1545,10.8133,10.8112,10.7303,0.0000,-33.9646,0.0890,0.0256,0,3
cimbalom_felt,97,C#7,0.2500,regular,felt_mallet,Felt,0.2950,1.6857,2217.4610,4510.7450,7.4759,15.2074,-38.1419,-57.1412,7,-3.3523,17.5145,17.5160,19.1597,0.0000,-35.3173,0.0686,0.0091,0,3
cimbalom_felt,97,C#7,0.2750,regular,felt_mallet,Felt,0.2950,1.6072,2217.4610,4510.7450,7.1280,14.4997,-47.9403,-49.4186,7,-13.9943,-0.0195,-0.0160,-2.0649,-0.0195,-44.2902,0.0222,0.0222,0,3
cimbalom_felt,97,C#7,0.3000,regular,felt_mallet,Felt,0.2950,1.5388,2217.4610,4510.7450,6.8245,13.8824,-44.4770,-45.8025,7,-11.3027,-0.1612,-0.1608,0.8448,-0.1612,-40.0636,0.0331,0.0337,0,3
cimbalom_felt,97,C#7,0.3250,regular,felt_mallet,Felt,0.2950,1.4784,2217.4610,4510.7450,6.5568,13.3377,-36.3217,-50.8714,7,-3.8585,13.0653,13.0633,14.3171,0.0000,-31.2139,0.0846,0.0188,0,3
cimbalom_felt,97,C#7,0.3500,regular,felt_mallet,Felt,0.2950,1.4247,2217.4610,4510.7450,6.3183,12.8526,-32.9375,-57.0909,7,-1.1339,22.6555,22.6569,20.8873,0.0000,-27.1874,0.1249,0.0092,0,3
cimbalom_felt,97,C#7,0.3750,regular,felt_mallet,Felt,0.2950,1.3764,2217.4610,4510.7450,6.1040,12.4168,-31.3048,-45.7156,7,-0.1165,12.9191,12.9187,12.5939,0.0000,-24.9554,0.1507,0.0341,0,3
cimbalom_felt,97,C#7,0.4000,regular,felt_mallet,Felt,0.2950,1.3326,2217.4610,4510.7450,5.9102,12.0225,-30.6985,-43.1449,5,-0.0867,10.9545,10.9547,10.9112,0.0000,-23.7889,0.1616,0.0458,0,3
cimbalom_felt,97,C#7,0.4250,regular,felt_mallet,Felt,0.2950,1.2929,2217.4610,4510.7450,5.7337,11.6635,-30.8522,-43.8834,5,-0.7830,11.5411,11.5398,11.7157,0.0000,-23.4158,0.1588,0.0421,0,3
cimbalom_felt,97,C#7,0.4500,regular,felt_mallet,Felt,0.2950,1.2564,2217.4610,4510.7450,5.5722,11.3349,-31.6862,-48.0924,5,-2.1295,14.9203,14.9157,15.5520,0.0000,-23.7528,0.1443,0.0259,0,3
cimbalom_felt,97,C#7,0.4750,regular,felt_mallet,Felt,0.2950,1.2229,2217.4610,4510.7450,5.4236,11.0326,-33.2607,-67.4557,5,-4.1897,32.7266,32.7266,65.8207,0.0000,-24.8586,0.1203,0.0028,1,3
cimbalom_felt,97,C#7,0.5000,regular,felt_mallet,Felt,0.2950,1.1920,2217.4610,4510.7450,5.2862,10.7532,-35.8470,-49.6367,5,-7.2376,12.2917,12.2926,10.8753,0.0000,-26.9997,0.0893,0.0217,0,3
cimbalom_felt,97,C#7,0.5250,regular,felt_mallet,Felt,0.2950,1.1632,2217.4610,4510.7450,5.1588,10.4941,-40.3180,-43.6889,5,-12.1486,1.8742,1.8742,0.6486,0.0000,-31.0492,0.0534,0.0430,0,3
cimbalom_felt,97,C#7,0.5500,regular,felt_mallet,Felt,0.2950,1.1365,2217.4610,4510.7450,5.0402,10.2528,-51.7410,-41.0544,5,-23.9918,-12.1900,-12.1899,-16.2387,-12.1900,-42.0739,0.0143,0.0583,0,3
cimbalom_felt,97,C#7,0.5750,regular,felt_mallet,Felt,0.2950,1.1115,2217.4610,4510.7450,4.9294,10.0274,-46.4717,-39.9689,5,-19.1248,-7.9878,-7.9911,-6.4174,-7.9878,-36.4009,0.0263,0.0660,0,3
cimbalom_felt,97,C#7,0.6000,regular,felt_mallet,Felt,0.2950,1.0881,2217.4610,4510.7450,4.8257,9.8163,-38.3193,-39.9540,5,-11.3583,0.1433,0.1434,0.9112,0.0000,-27.8844,0.0672,0.0661,0,3
cimbalom_felt,97,C#7,0.6250,regular,felt_mallet,Felt,0.2950,1.0661,2217.4610,4510.7450,4.7282,9.6180,-34.2470,-40.8967,5,-7.6568,5.1572,5.1579,5.8203,0.0000,-23.4583,0.1074,0.0593,0,3
cimbalom_felt,97,C#7,0.6500,regular,felt_mallet,Felt,0.2950,1.0454,2217.4610,4510.7450,4.6363,9.4312,-31.5745,-42.9429,5,-5.3413,9.8762,9.8766,10.6310,0.0000,-20.4458,0.1462,0.0469,0,3
cimbalom_felt,97,C#7,0.6750,regular,felt_mallet,Felt,0.2950,1.0259,2217.4610,4510.7450,4.5497,9.2549,-29.6330,-46.7360,5,-3.7439,15.6145,15.6121,16.7252,0.0000,-18.1763,0.1828,0.0303,0,3
cimbalom_felt,97,C#7,0.7000,regular,felt_mallet,Felt,0.2950,1.0074,2217.4610,4510.7450,4.4677,9.0881,-28.1480,-55.4347,5,-2.5911,25.8003,25.8005,28.9902,0.0000,-16.3757,0.2168,0.0111,0,3
cimbalom_felt,97,C#7,0.7250,regular,felt_mallet,Felt,0.2950,0.9899,2217.4610,4510.7450,4.3900,8.9301,-26.9789,-57.1273,5,-1.7432,28.6437,28.6449,26.0567,0.0000,-14.9021,0.2481,0.0092,0,3
cimbalom_felt,97,C#7,0.7500,regular,felt_mallet,Felt,0.2950,0.9732,2217.4610,4510.7450,4.3162,8.7800,-26.0434,-47.0283,5,-1.1186,19.4867,19.4878,18.6718,0.0000,-13.6718,0.2763,0.0293,0,3
cimbalom_felt,97,C#7,0.7750,regular,felt_mallet,Felt,0.2950,0.9574,2217.4610,4510.7450,4.2460,8.6372,-25.2889,-42.6975,5,-0.6653,15.9109,15.9125,15.4680,0.0000,-12.6331,0.3013,0.0483,0,3
cimbalom_felt,97,C#7,0.8000,regular,felt_mallet,Felt,0.2950,0.9423,2217.4610,4510.7450,4.1791,8.5012,-24.6799,-40.0846,5,-0.3485,13.9093,13.9091,13.6310,0.0000,-11.7480,0.3232,0.0652,0,3
cimbalom_felt,97,C#7,0.8250,regular,felt_mallet,Felt,0.2950,0.9279,2217.4610,4510.7450,4.1153,8.3714,-24.1909,-38.3574,5,-0.1433,12.6708,12.6711,12.4896,0.0000,-10.9917,0.3419,0.0795,0,3
cimbalom_felt,97,C#7,0.8500,regular,felt_mallet,Felt,0.2950,0.9142,2217.4610,4510.7450,4.0544,8.2474,-23.8034,-37.1968,5,-0.0317,11.8981,11.8980,11.7833,0.0000,-10.3451,0.3575,0.0909,0,3
cimbalom_felt,97,C#7,0.8750,regular,felt_mallet,Felt,0.2950,0.9010,2217.4610,4510.7450,3.9960,8.1287,-23.5036,-36.4470,3,-0.0002,11.4484,11.4482,11.3856,0.0000,-9.7935,0.3701,0.0991,0,3
cimbalom_felt,97,C#7,0.9000,regular,felt_mallet,Felt,0.2950,0.8884,2217.4610,4510.7450,3.9401,8.0150,-23.2806,-36.0223,3,-0.0385,11.2472,11.2465,11.2291,0.0000,-9.3257,0.3797,0.1040,0,3
cimbalom_felt,97,C#7,0.9250,regular,felt_mallet,Felt,0.2950,0.8763,2217.4610,4510.7450,3.8865,7.9059,-23.1262,-35.8732,3,-0.1387,11.2517,11.2518,11.2742,0.0000,-8.9333,0.3865,0.1058,0,3
cimbalom_felt,97,C#7,0.9500,regular,felt_mallet,Felt,0.2950,0.8647,2217.4610,4510.7450,3.8350,7.8012,-23.0341,-35.9731,3,-0.2949,11.4435,11.4439,11.5078,0.0000,-8.6098,0.3907,0.1046,0,3
cimbalom_felt,97,C#7,0.9750,regular,felt_mallet,Felt,0.2950,0.8536,2217.4610,4510.7450,3.7856,7.7006,-22.9993,-36.3117,3,-0.5024,11.8178,11.8174,11.9251,0.0000,-8.3493,0.3922,0.1006,0,3
cimbalom_felt,97,C#7,1.0000,regular,felt_mallet,Felt,0.2950,0.8428,2217.4610,4510.7450,3.7379,7.6037,-23.0180,-36.8939,3,-0.7577,12.3811,12.3810,12.5392,0.0000,-8.1480,0.3914,0.0941,0,3
cimbalom_felt,97,C#7,0.4200,corpus,felt_mallet,Felt,0.2950,1.3005,2217.4610,4510.7450,5.7678,11.7327,-30.7664,-43.5016,5,-0.5912,11.2447,11.2437,11.3680,0.0000,-23.4331,0.1604,0.0439,0,3
cimbalom_felt,97,C#7,0.4600,corpus,felt_mallet,Felt,0.2950,1.2427,2217.4610,4510.7450,5.5113,11.2110,-32.2184,-51.6670,5,-2.8590,17.9600,17.9595,19.1437,0.0000,-24.0945,0.1357,0.0172,0,3
cimbalom_felt,98,D7,0.0500,regular,felt_mallet,Felt,0.2950,3.7003,2349.3180,4788.5870,17.3862,35.4381,-54.4598,-65.9142,17,-4.8803,9.9941,10.0158,10.8674,0.0000,-65.6300,0.0105,0.0033,0,3
cimbalom_felt,98,D7,0.0750,regular,felt_mallet,Felt,0.2950,3.0213,2349.3180,4788.5870,14.1958,28.9351,-46.4606,-78.2964,15,-0.4174,28.7537,28.8130,23.3686,0.0000,-54.0997,0.0263,0.0010,1,3
cimbalom_felt,98,D7,0.1000,regular,felt_mallet,Felt,0.2950,2.6165,2349.3180,4788.5870,12.2939,25.0585,-44.4905,-76.6845,13,-0.9606,29.4665,29.4777,43.0534,0.0000,-49.6271,0.0330,0.0011,1,3
cimbalom_felt,98,D7,0.1250,regular,felt_mallet,Felt,0.2950,2.3403,2349.3180,4788.5870,10.9960,22.4130,-85.6430,-55.9757,11,-44.0658,-16.0688,-16.1027,-12.7134,-16.0688,-73.7649,0.0016,0.0104,1,3
cimbalom_felt,98,D7,0.1500,regular,felt_mallet,Felt,0.2950,2.1364,2349.3180,4788.5870,10.0379,20.4602,-39.9946,-54.9157,11,-0.0154,13.4399,13.4404,12.7910,0.0000,-41.6080,0.0554,0.0118,0,3
cimbalom_felt,98,D7,0.1750,regular,felt_mallet,Felt,0.2950,1.9779,2349.3180,4788.5870,9.2933,18.9425,-45.6658,-71.9662,9,-7.0401,24.7977,24.7929,18.2704,0.0000,-45.9393,0.0288,0.0017,1,3
cimbalom_felt,98,D7,0.2000,regular,felt_mallet,Felt,0.2950,1.8501,2349.3180,4788.5870,8.6931,17.7191,-44.1284,-50.7846,9,-6.6771,5.1774,5.1757,6.1546,0.0000,-43.2407,0.0344,0.0190,0,3
cimbalom_felt,98,D7,0.2250,regular,felt_mallet,Felt,0.2950,1.7443,2349.3180,4788.5870,8.1959,16.7057,-36.8318,-55.8967,9,-0.4181,17.5707,17.5764,16.4515,0.0000,-34.9206,0.0798,0.0106,0,3
cimbalom_felt,98,D7,0.2500,regular,felt_mallet,Felt,0.2950,1.6548,2349.3180,4788.5870,7.7754,15.8484,-36.0363,-48.2134,7,-0.5524,10.6936,10.6909,10.7384,0.0000,-33.2100,0.0874,0.0255,0,3
cimbalom_felt,98,D7,0.2750,regular,felt_mallet,Felt,0.2950,1.5778,2349.3180,4788.5870,7.4135,15.1109,-39.0089,-62.3587,7,-4.3675,21.8782,21.8711,25.8007,0.0000,-35.3557,0.0621,0.0050,0,3
cimbalom_felt,98,D7,0.3000,regular,felt_mallet,Felt,0.2950,1.5106,2349.3180,4788.5870,7.0979,14.4676,-50.1676,-48.9637,7,-16.2965,-2.7000,-2.6989,-5.2127,-2.7000,-45.7622,0.0172,0.0234,0,3
cimbalom_felt,98,D7,0.3250,regular,felt_mallet,Felt,0.2950,1.4514,2349.3180,4788.5870,6.8194,13.9000,-44.2230,-45.7831,7,-11.0618,0.0717,0.0742,1.0360,0.0000,-39.1149,0.0341,0.0338,0,3
cimbalom_felt,98,D7,0.3500,regular,felt_mallet,Felt,0.2950,1.3986,2349.3180,4788.5870,6.5714,13.3944,-36.6052,-49.7509,7,-4.1025,11.6593,11.6593,12.7497,0.0000,-30.8551,0.0819,0.0214,0,3
cimbalom_felt,98,D7,0.3750,regular,felt_mallet,Felt,0.2950,1.3511,2349.3180,4788.5870,6.3486,12.9402,-33.2614,-64.9786,7,-1.3726,30.1966,30.2118,26.1592,0.0000,-26.9119,0.1203,0.0037,1,3
cimbalom_felt,98,D7,0.4000,regular,felt_mallet,Felt,0.2950,1.3082,2349.3180,4788.5870,6.1470,12.5293,-31.5469,-47.2902,7,-0.2335,14.2527,14.2512,13.7918,0.0000,-24.6367,0.1466,0.0284,0,3
cimbalom_felt,98,D7,0.4250,regular,felt_mallet,Felt,0.2950,1.2692,2349.3180,4788.5870,5.9634,12.1552,-30.7864,-43.5921,5,-0.0143,11.3146,11.3143,11.1892,0.0000,-23.3498,0.1600,0.0435,0,3
cimbalom_felt,98,D7,0.4500,regular,felt_mallet,Felt,0.2950,1.2334,2349.3180,4788.5870,5.7954,11.8127,-30.7173,-43.2129,5,-0.4565,11.0042,11.0045,11.0731,0.0000,-22.7847,0.1613,0.0454,0,3
cimbalom_felt,98,D7,0.4750,regular,felt_mallet,Felt,0.2950,1.2005,2349.3180,4788.5870,5.6408,11.4976,-31.2389,-45.4009,5,-1.4625,12.6745,12.6712,13.0046,0.0000,-22.8361,0.1519,0.0353,0,3
cimbalom_felt,98,D7,0.5000,regular,felt_mallet,Felt,0.2950,1.1701,2349.3180,4788.5870,5.4980,11.2065,-32.3536,-51.8406,5,-3.0376,17.9983,17.9982,19.1970,0.0000,-23.5058,0.1336,0.0168,0,3
cimbalom_felt,98,D7,0.5250,regular,felt_mallet,Felt,0.2950,1.1419,2349.3180,4788.5870,5.3655,10.9364,-34.1796,-61.5112,5,-5.3023,25.8341,25.8258,22.0169,0.0000,-24.9083,0.1082,0.0055,0,3
cimbalom_felt,98,D7,0.5500,regular,felt_mallet,Felt,0.2950,1.1157,2349.3180,4788.5870,5.2421,10.6850,-37.0650,-47.5433,5,-8.6066,8.9804,8.9820,7.7106,0.0000,-27.3910,0.0776,0.0276,0,3
cimbalom_felt,98,D7,0.5750,regular,felt_mallet,Felt,0.2950,1.0912,2349.3180,4788.5870,5.1269,10.4501,-42.1221,-43.0656,5,-14.0648,-0.5547,-0.5533,-1.9490,-0.5547,-32.0629,0.0434,0.0462,0,3
cimbalom_felt,98,D7,0.6000,regular,felt_mallet,Felt,0.2950,1.0682,2349.3180,4788.5870,5.0190,10.2301,-58.1900,-40.8920,5,-30.5173,-18.8197,-18.8115,-31.4763,-18.8197,-47.7868,0.0068,0.0594,0,3
cimbalom_felt,98,D7,0.6250,regular,felt_mallet,Felt,0.2950,1.0466,2349.3180,4788.5870,4.9176,10.0234,-45.0830,-39.9596,5,-17.7798,-6.6105,-6.6121,-5.2531,-6.6105,-34.2889,0.0309,0.0661,0,3
cimbalom_felt,98,D7,0.6500,regular,felt_mallet,Felt,0.2950,1.0263,2349.3180,4788.5870,4.8221,9.8288,-38.1336,-39.9276,5,-11.1860,0.3011,0.3031,1.0494,0.0000,-27.0051,0.0687,0.0663,0,3
cimbalom_felt,98,D7,0.6750,regular,felt_mallet,Felt,0.2950,1.0071,2349.3180,4788.5870,4.7319,9.6450,-34.3756,-40.7048,5,-7.7709,4.8366,4.8377,5.4840,0.0000,-22.9193,0.1059,0.0607,0,3
cimbalom_felt,98,D7,0.7000,regular,felt_mallet,Felt,0.2950,0.9889,2349.3180,4788.5870,4.6467,9.4712,-31.8382,-42.3799,5,-5.5645,9.0512,9.0502,9.7589,0.0000,-20.0657,0.1418,0.0500,0,3
cimbalom_felt,98,D7,0.7250,regular,felt_mallet,Felt,0.2950,0.9717,2349.3180,4788.5870,4.5658,9.3065,-29.9626,-45.3375,5,-4.0088,13.8837,13.8839,14.8310,0.0000,-17.8855,0.1759,0.0356,0,3
cimbalom_felt,98,D7,0.7500,regular,felt_mallet,Felt,0.2950,0.9554,2349.3180,4788.5870,4.4891,9.1501,-28.5085,-50.9840,5,-2.8641,20.9854,20.9866,22.8037,0.0000,-16.1371,0.2080,0.0186,0,3
cimbalom_felt,98,D7,0.7750,regular,felt_mallet,Felt,0.2950,0.9399,2349.3180,4788.5870,4.4161,9.0013,-27.3492,-91.8966,5,-2.0048,40.2864,40.3090,37.5745,0.0000,-14.6930,0.2377,0.0023,1,3
cimbalom_felt,98,D7,0.8000,regular,felt_mallet,Felt,0.2950,0.9251,2349.3180,4788.5870,4.3466,8.8595,-26.4095,-50.9818,5,-1.3561,23.0751,23.0739,21.7593,0.0000,-13.4775,0.2649,0.0186,0,3
cimbalom_felt,98,D7,0.8250,regular,felt_mallet,Felt,0.2950,0.9109,2349.3180,4788.5870,4.2802,8.7243,-25.6409,-45.0553,5,-0.8699,17.9168,17.9183,17.2883,0.0000,-12.4419,0.2894,0.0368,0,3
cimbalom_felt,98,D7,0.8500,regular,felt_mallet,Felt,0.2950,0.8974,2349.3180,4788.5870,4.2168,8.5950,-25.0101,-41.7742,5,-0.5136,15.2686,15.2686,14.8857,0.0000,-11.5517,0.3112,0.0537,0,3
cimbalom_felt,98,D7,0.8750,regular,felt_mallet,Felt,0.2950,0.8845,2349.3180,4788.5870,4.1561,8.4713,-24.4932,-39.6325,5,-0.2638,13.6438,13.6441,13.3887,0.0000,-10.7832,0.3302,0.0687,0,3
cimbalom_felt,98,D7,0.9000,regular,felt_mallet,Felt,0.2950,0.8722,2349.3180,4788.5870,4.0980,8.3528,-24.0728,-38.1566,5,-0.1033,12.5889,12.5888,12.4173,0.0000,-10.1181,0.3466,0.0814,0,3
cimbalom_felt,98,D7,0.9250,regular,felt_mallet,Felt,0.2950,0.8603,2349.3180,4788.5870,4.0422,8.2392,-23.7353,-37.1346,5,-0.0191,11.9044,11.9043,11.7921,0.0000,-9.5424,0.3604,0.0915,0,3
cimbalom_felt,98,D7,0.9500,regular,felt_mallet,Felt,0.2950,0.8489,2349.3180,4788.5870,3.9887,8.1301,-23.4706,-36.4539,3,-0.0014,11.4885,11.4884,11.4241,0.0000,-9.0461,0.3715,0.0990,0,3
cimbalom_felt,98,D7,0.9750,regular,felt_mallet,Felt,0.2950,0.8379,2349.3180,4788.5870,3.9372,8.0252,-23.2706,-36.0490,3,-0.0423,11.2835,11.2835,11.2604,0.0000,-8.6208,0.3801,0.1037,0,3
cimbalom_felt,98,D7,1.0000,regular,felt_mallet,Felt,0.2950,0.8274,2349.3180,4788.5870,3.8877,7.9242,-23.1289,-35.8805,3,-0.1359,11.2572,11.2568,11.2715,0.0000,-8.2588,0.3864,0.1057,0,3
cimbalom_felt,98,D7,0.4200,corpus,felt_mallet,Felt,0.2950,1.2767,2349.3180,4788.5870,5.9988,12.2273,-30.8779,-44.0009,5,-0.0000,11.6324,11.6316,11.4590,0.0000,-23.5437,0.1583,0.0415,0,3
cimbalom_felt,98,D7,0.4600,corpus,felt_mallet,Felt,0.2950,1.2199,2349.3180,4788.5870,5.7321,11.6836,-30.8571,-43.7592,5,-0.7931,11.4106,11.4111,11.5640,0.0000,-22.7339,0.1587,0.0427,0,3
cimbalom_felt,99,D#7,0.0500,regular,felt_mallet,Felt,0.2950,3.6325,2489.0160,5084.7130,18.0827,36.9405,-50.3375,-83.2896,19,-0.0735,27.7395,27.7821,22.6373,0.0000,-61.5041,0.0168,0.0007,1,3
cimbalom_felt,99,D#7,0.0750,regular,felt_mallet,Felt,0.2950,2.9659,2489.0160,5084.7130,14.7645,30.1618,-55.5648,-59.4522,15,-8.8360,2.4300,2.4349,3.5338,0.0000,-63.2042,0.0092,0.0070,0,3
cimbalom_felt,99,D#7,0.1000,regular,felt_mallet,Felt,0.2950,2.5686,2489.0160,5084.7130,12.7864,26.1209,-53.8663,-56.8242,13,-9.6496,1.4927,1.4953,2.6454,0.0000,-59.0079,0.0112,0.0094,0,3
cimbalom_felt,99,D#7,0.1250,regular,felt_mallet,Felt,0.2950,2.2974,2489.0160,5084.7130,11.4365,23.3632,-46.2343,-60.0763,11,-3.9692,12.3557,12.3721,13.3665,0.0000,-49.4345,0.0270,0.0065,0,3
cimbalom_felt,99,D#7,0.1500,regular,felt_mallet,Felt,0.2950,2.0972,2489.0160,5084.7130,10.4401,21.3276,-42.9332,-59.2963,11,-2.2651,14.8967,14.8918,16.8830,0.0000,-44.5440,0.0395,0.0071,0,3
cimbalom_felt,99,D#7,0.1750,regular,felt_mallet,Felt,0.2950,1.9417,2489.0160,5084.7130,9.6656,19.7455,-40.5734,-52.5097,9,-1.2577,10.4570,10.4571,10.5764,0.0000,-40.8476,0.0518,0.0155,0,3
cimbalom_felt,99,D#7,0.2000,regular,felt_mallet,Felt,0.2950,1.8163,2489.0160,5084.7130,9.0414,18.4702,-61.8949,-53.2560,9,-23.7524,-10.1469,-10.1386,-19.4289,-10.1469,-61.0317,0.0044,0.0143,0,3
cimbalom_felt,99,D#7,0.2250,regular,felt_mallet,Felt,0.2950,1.7124,2489.0160,5084.7130,8.5243,17.4139,-40.4604,-53.9675,9,-3.3545,12.0280,12.0273,13.3360,0.0000,-38.5499,0.0525,0.0132,0,3
cimbalom_felt,99,D#7,0.2500,regular,felt_mallet,Felt,0.2950,1.6245,2489.0160,5084.7130,8.0868,16.5203,-36.2584,-51.9848,9,-0.0811,14.2371,14.2397,13.6236,0.0000,-33.4334,0.0852,0.0165,0,3
cimbalom_felt,99,D#7,0.2750,regular,felt_mallet,Felt,0.2950,1.5489,2489.0160,5084.7130,7.7105,15.7515,-36.2668,-48.5372,7,-0.9309,10.7844,10.7846,10.8969,0.0000,-32.6137,0.0851,0.0246,0,3
cimbalom_felt,99,D#7,0.3000,regular,felt_mallet,Felt,0.2950,1.4830,2489.0160,5084.7130,7.3822,15.0809,-39.5259,-65.0425,7,-4.9592,24.0468,24.0420,30.2961,0.0000,-35.1174,0.0585,0.0037,0,3
cimbalom_felt,99,D#7,0.3250,regular,felt_mallet,Felt,0.2950,1.4248,2489.0160,5084.7130,7.0926,14.4892,-50.6316,-49.2664,7,-16.7737,-2.8621,-2.8602,-5.5385,-2.8621,-45.5346,0.0163,0.0226,0,3
cimbalom_felt,99,D#7,0.3500,regular,felt_mallet,Felt,0.2950,1.3730,2489.0160,5084.7130,6.8346,13.9622,-45.0067,-45.7688,7,-11.8061,-0.7197,-0.7233,0.2726,-0.7197,-39.2523,0.0311,0.0338,0,3
cimbalom_felt,99,D#7,0.3750,regular,felt_mallet,Felt,0.2950,1.3264,2489.0160,5084.7130,6.6029,13.4888,-37.2576,-48.3175,7,-4.6699,9.5722,9.5735,10.4970,0.0000,-30.9088,0.0759,0.0252,0,3
cimbalom_felt,99,D#7,0.4000,regular,felt_mallet,Felt,0.2950,1.2843,2489.0160,5084.7130,6.3932,13.0604,-33.7878,-65.0530,7,-1.7743,29.7646,29.7919,38.3235,0.0000,-26.8773,0.1133,0.0037,1,3
cimbalom_felt,99,D#7,0.4250,regular,felt_mallet,Felt,0.2950,1.2459,2489.0160,5084.7130,6.2023,12.6705,-31.9196,-50.1687,7,-0.4462,16.7566,16.7568,16.0132,0.0000,-24.4830,0.1404,0.0204,0,3
cimbalom_felt,99,D#7,0.4500,regular,felt_mallet,Felt,0.2950,1.2108,2489.0160,5084.7130,6.0276,12.3135,-30.9714,-44.6564,7,-0.0081,12.1922,12.1939,11.9508,0.0000,-23.0388,0.1566,0.0385,0,3
cimbalom_felt,99,D#7,0.4750,regular,felt_mallet,Felt,0.2950,1.1785,2489.0160,5084.7130,5.8668,11.9851,-30.6715,-43.0873,5,-0.1915,10.9232,10.9250,10.8886,0.0000,-22.2689,0.1621,0.0461,0,3
cimbalom_felt,99,D#7,0.5000,regular,felt_mallet,Felt,0.2950,1.1487,2489.0160,5084.7130,5.7183,11.6816,-30.9007,-43.7711,5,-0.8799,11.3820,11.3798,11.5348,0.0000,-22.0524,0.1579,0.0426,0,3
cimbalom_felt,99,D#7,0.5250,regular,felt_mallet,Felt,0.2950,1.1210,2489.0160,5084.7130,5.5804,11.4001,-31.6243,-46.8234,5,-2.0410,13.7104,13.7090,14.1837,0.0000,-22.3527,0.1453,0.0300,0,3
cimbalom_felt,99,D#7,0.5500,regular,felt_mallet,Felt,0.2950,1.0952,2489.0160,5084.7130,5.4521,11.1380,-32.8804,-55.1519,5,-3.7150,20.7899,20.7849,22.7899,0.0000,-23.2040,0.1257,0.0115,0,3
cimbalom_felt,99,D#7,0.5750,regular,felt_mallet,Felt,0.2950,1.0712,2489.0160,5084.7130,5.3323,10.8932,-34.8106,-56.9556,5,-6.0450,20.6418,20.6446,18.0672,0.0000,-24.7486,0.1007,0.0094,0,3
cimbalom_felt,99,D#7,0.6000,regular,felt_mallet,Felt,0.2950,1.0486,2489.0160,5084.7130,5.2200,10.6638,-37.7837,-46.9929,5,-9.4016,7.7150,7.7132,6.4417,0.0000,-27.3521,0.0715,0.0294,0,3
cimbalom_felt,99,D#7,0.6250,regular,felt_mallet,Felt,0.2950,1.0274,2489.0160,5084.7130,5.1146,10.4483,-42.9573,-43.0418,5,-14.9435,-1.4133,-1.4122,-2.9322,-1.4133,-32.1747,0.0394,0.0464,0,3
cimbalom_felt,99,D#7,0.6500,regular,felt_mallet,Felt,0.2950,1.0075,2489.0160,5084.7130,5.0152,10.2454,-60.0761,-41.0003,5,-32.4168,-20.6027,-20.5939,-46.9444,-20.6027,-48.9820,0.0055,0.0586,1,3
cimbalom_felt,99,D#7,0.6750,regular,felt_mallet,Felt,0.2950,0.9886,2489.0160,5084.7130,4.9215,10.0539,-45.5190,-40.0383,5,-18.2014,-6.9697,-6.9688,-5.5676,-6.9697,-34.0588,0.0294,0.0655,0,3
cimbalom_felt,99,D#7,0.7000,regular,felt_mallet,Felt,0.2950,0.9708,2489.0160,5084.7130,4.8328,9.8728,-38.7013,-39.8626,5,-11.7134,-0.3285,-0.3292,0.4312,-0.3285,-26.9271,0.0644,0.0668,0,3
cimbalom_felt,99,D#7,0.7250,regular,felt_mallet,Felt,0.2950,0.9539,2489.0160,5084.7130,4.7488,9.7010,-34.9715,-40.3751,5,-8.3023,3.9127,3.9125,4.5457,0.0000,-22.8937,0.0988,0.0630,0,3
cimbalom_felt,99,D#7,0.7500,regular,felt_mallet,Felt,0.2950,0.9379,2489.0160,5084.7130,4.6689,9.5380,-32.4353,-41.6040,5,-6.0745,7.6770,7.6775,8.3339,0.0000,-20.0636,0.1324,0.0547,0,3
cimbalom_felt,99,D#7,0.7750,regular,felt_mallet,Felt,0.2950,0.9227,2489.0160,5084.7130,4.5930,9.3829,-30.5480,-43.7405,5,-4.4859,11.7015,11.7015,12.4957,0.0000,-17.8917,0.1645,0.0428,0,3
cimbalom_felt,99,D#7,0.8000,regular,felt_mallet,Felt,0.2950,0.9081,2489.0160,5084.7130,4.5207,9.2351,-29.0742,-47.3655,5,-3.3018,16.8005,16.8013,17.9867,0.0000,-16.1420,0.1949,0.0282,0,3
cimbalom_felt,99,D#7,0.8250,regular,felt_mallet,Felt,0.2950,0.8943,2489.0160,5084.7130,4.4517,9.0941,-27.8896,-54.8808,5,-2.3985,25.4988,25.5053,28.4512,0.0000,-14.6904,0.2234,0.0119,0,3
cimbalom_felt,99,D#7,0.8500,regular,felt_mallet,Felt,0.2950,0.8810,2489.0160,5084.7130,4.3857,8.9594,-26.9203,-61.8910,5,-1.7024,33.4642,33.4612,29.3302,0.0000,-13.4619,0.2497,0.0053,0,3
cimbalom_felt,99,D#7,0.8750,regular,felt_mallet,Felt,0.2950,0.8683,2489.0160,5084.7130,4.3226,8.8305,-26.1185,-49.3224,5,-1.1664,21.7040,21.7067,20.6144,0.0000,-12.4083,0.2739,0.0225,0,3
cimbalom_felt,99,D#7,0.9000,regular,felt_mallet,Felt,0.2950,0.8562,2489.0160,5084.7130,4.2621,8.7070,-25.4514,-44.5271,5,-0.7581,17.5797,17.5800,16.9927,0.0000,-11.4964,0.2958,0.0391,0,3
cimbalom_felt,99,D#7,0.9250,regular,felt_mallet,Felt,0.2950,0.8445,2489.0160,5084.7130,4.2041,8.5885,-24.8957,-41.6415,5,-0.4545,15.2511,15.2508,14.8728,0.0000,-10.7030,0.3153,0.0545,0,3
cimbalom_felt,99,D#7,0.9500,regular,felt_mallet,Felt,0.2950,0.8334,2489.0160,5084.7130,4.1485,8.4747,-24.4339,-39.6820,5,-0.2384,13.7530,13.7534,13.4938,0.0000,-10.0092,0.3325,0.0683,0,3
cimbalom_felt,99,D#7,0.9750,regular,felt_mallet,Felt,0.2950,0.8226,2489.0160,5084.7130,4.0949,8.3654,-24.0527,-38.2911,5,-0.0969,12.7436,12.7438,12.5620,0.0000,-9.4026,0.3474,0.0801,0,3
cimbalom_felt,99,D#7,1.0000,regular,felt_mallet,Felt,0.2950,0.8123,2489.0160,5084.7130,4.0434,8.2601,-23.7419,-37.2976,5,-0.0202,12.0615,12.0611,11.9377,0.0000,-8.8720,0.3601,0.0898,0,3
cimbalom_felt,99,D#7,0.4200,corpus,felt_mallet,Felt,0.2950,1.2533,2489.0160,5084.7130,6.2391,12.7457,-32.2067,-52.3629,7,-0.6277,18.6619,18.6632,17.6601,0.0000,-24.8725,0.1359,0.0158,0,3
cimbalom_felt,99,D#7,0.4600,corpus,felt_mallet,Felt,0.2950,1.1976,2489.0160,5084.7130,5.9617,12.1789,-30.7826,-43.7132,5,-0.0157,11.4391,11.4396,11.2930,0.0000,-22.6586,0.1601,0.0429,0,3
cimbalom_felt,100,E7,0.0500,regular,felt_mallet,Felt,0.2950,3.5660,2637.0200,5400.5230,18.8071,38.5163,-61.4528,-66.6581,19,-10.5045,3.7575,3.7783,4.3934,0.0000,-72.6343,0.0047,0.0030,0,3
cimbalom_felt,100,E7,0.0750,regular,felt_mallet,Felt,0.2950,2.9116,2637.0200,5400.5230,15.3559,31.4484,-52.9216,-63.6697,15,-5.5075,9.3024,9.2977,9.8999,0.0000,-60.5675,0.0125,0.0043,0,3
cimbalom_felt,100,E7,0.1000,regular,felt_mallet,Felt,0.2950,2.5215,2637.0200,5400.5230,13.2986,27.2351,-51.7988,-66.2435,13,-6.8958,12.9822,12.9866,15.1985,0.0000,-56.9420,0.0142,0.0032,0,3
cimbalom_felt,100,E7,0.1250,regular,felt_mallet,Felt,0.2950,2.2553,2637.0200,5400.5230,11.8947,24.3598,-43.0719,-56.9207,11,-0.1195,12.3761,12.3769,11.7176,0.0000,-46.2695,0.0389,0.0094,0,3
cimbalom_felt,100,E7,0.1500,regular,felt_mallet,Felt,0.2950,2.0588,2637.0200,5400.5230,10.8583,22.2374,-54.4777,-54.4842,11,-13.1213,-1.4555,-1.4634,-0.0810,-1.4555,-56.0792,0.0105,0.0124,0,3
cimbalom_felt,100,E7,0.1750,regular,felt_mallet,Felt,0.2950,1.9061,2637.0200,5400.5230,10.0528,20.5878,-40.0351,-56.9153,11,-0.0299,15.4038,15.3996,14.4360,0.0000,-40.3099,0.0551,0.0094,0,3
cimbalom_felt,100,E7,0.2000,regular,felt_mallet,Felt,0.2950,1.7830,2637.0200,5400.5230,9.4036,19.2581,-43.3822,-59.4409,9,-4.5493,14.5787,14.5824,16.0302,0.0000,-42.4988,0.0375,0.0070,0,3
cimbalom_felt,100,E7,0.2250,regular,felt_mallet,Felt,0.2950,1.6810,2637.0200,5400.5230,8.8658,18.1567,-51.3815,-50.6011,9,-13.5841,-2.2498,-2.2579,-0.9268,-2.2498,-49.4635,0.0150,0.0194,0,3
cimbalom_felt,100,E7,0.2500,regular,felt_mallet,Felt,0.2950,1.5948,2637.0200,5400.5230,8.4108,17.2250,-38.8196,-58.6324,9,-1.9498,18.3301,18.3356,20.6510,0.0000,-35.9926,0.0635,0.0077,0,3
cimbalom_felt,100,E7,0.2750,regular,felt_mallet,Felt,0.2950,1.5205,2637.0200,5400.5230,8.0194,16.4234,-36.0335,-50.6682,9,-0.0040,13.1491,13.1486,12.6735,0.0000,-32.3801,0.0874,0.0192,0,3
cimbalom_felt,100,E7,0.3000,regular,felt_mallet,Felt,0.2950,1.4558,2637.0200,5400.5230,7.6780,15.7242,-36.4234,-48.6695,7,-1.1622,10.7560,10.7608,10.8829,0.0000,-32.0145,0.0836,0.0242,0,3
cimbalom_felt,100,E7,0.3250,regular,felt_mallet,Felt,0.2950,1.3987,2637.0200,5400.5230,7.3768,15.1073,-39.6230,-62.6339,7,-5.0695,21.5297,21.5333,25.5751,0.0000,-34.5178,0.0578,0.0049,0,3
cimbalom_felt,100,E7,0.3500,regular,felt_mallet,Felt,0.2950,1.3478,2637.0200,5400.5230,7.1084,14.5578,-49.3149,-50.3578,7,-15.4176,-0.4513,-0.4512,-2.9057,-0.4513,-43.5710,0.0189,0.0200,0,3
cimbalom_felt,100,E7,0.3750,regular,felt_mallet,Felt,0.2950,1.3021,2637.0200,5400.5230,6.8674,14.0642,-46.9741,-45.9247,7,-13.6886,-2.5346,-2.5336,-1.4011,-2.5346,-40.6233,0.0248,0.0332,0,3
cimbalom_felt,100,E7,0.4000,regular,felt_mallet,Felt,0.2950,1.2608,2637.0200,5400.5230,6.6493,13.6176,-38.3355,-46.9888,7,-5.6231,7.1692,7.1672,7.9643,0.0000,-31.4256,0.0671,0.0294,0,3
cimbalom_felt,100,E7,0.4250,regular,felt_mallet,Felt,0.2950,1.2231,2637.0200,5400.5230,6.4508,13.2110,-34.5615,-54.5400,7,-2.3882,18.4950,18.4947,20.3739,0.0000,-27.1250,0.1036,0.0123,0,3
cimbalom_felt,100,E7,0.4500,regular,felt_mallet,Felt,0.2950,1.1887,2637.0200,5400.5230,6.2690,12.8388,-32.4640,-56.3093,7,-0.7999,22.3443,22.3506,20.7027,0.0000,-24.5309,0.1319,0.0101,0,3
cimbalom_felt,100,E7,0.4750,regular,felt_mallet,Felt,0.2950,1.1570,2637.0200,5400.5230,6.1018,12.4963,-31.2935,-46.7760,7,-0.1116,13.9926,13.9915,13.5673,0.0000,-22.8906,0.1509,0.0301,0,3
cimbalom_felt,100,E7,0.5000,regular,felt_mallet,Felt,0.2950,1.1277,2637.0200,5400.5230,5.9473,12.1799,-30.7535,-43.7186,5,-0.0298,11.4744,11.4745,11.3232,0.0000,-21.9051,0.1606,0.0429,0,3
cimbalom_felt,100,E7,0.5250,regular,felt_mallet,Felt,0.2950,1.1005,2637.0200,5400.5230,5.8040,11.8864,-30.7057,-43.0794,5,-0.4183,10.8827,10.8833,10.8984,0.0000,-21.4344,0.1615,0.0461,0,3
cimbalom_felt,100,E7,0.5500,regular,felt_mallet,Felt,0.2950,1.0752,2637.0200,5400.5230,5.6706,11.6131,-31.0896,-44.2471,5,-1.2190,11.6666,11.6674,11.8677,0.0000,-21.4136,0.1545,0.0403,0,3
cimbalom_felt,100,E7,0.5750,regular,felt_mallet,Felt,0.2950,1.0515,2637.0200,5400.5230,5.5459,11.3578,-31.8989,-47.6105,5,-2.4270,14.2209,14.2222,14.7706,0.0000,-21.8371,0.1408,0.0274,0,3
cimbalom_felt,100,E7,0.6000,regular,felt_mallet,Felt,0.2950,1.0294,2637.0200,5400.5230,5.4291,11.1187,-33.1831,-56.4111,5,-4.0936,21.7374,21.7428,24.1753,0.0000,-22.7519,0.1214,0.0099,0,3
cimbalom_felt,100,E7,0.6250,regular,felt_mallet,Felt,0.2950,1.0086,2637.0200,5400.5230,5.3195,10.8940,-35.0793,-57.0297,5,-6.3571,20.4465,20.4504,17.8236,0.0000,-24.2943,0.0976,0.0093,0,3
cimbalom_felt,100,E7,0.6500,regular,felt_mallet,Felt,0.2950,0.9890,2637.0200,5400.5230,5.2162,10.6825,-37.9187,-47.4761,5,-9.5499,8.0618,8.0618,6.7270,0.0000,-26.7927,0.0704,0.0278,0,3
cimbalom_felt,100,E7,0.6750,regular,felt_mallet,Felt,0.2950,0.9705,2637.0200,5400.5230,5.1186,10.4828,-42.6711,-43.5216,5,-14.6429,-0.6452,-0.6457,-2.1587,-0.6452,-31.2178,0.0407,0.0439,0,3
cimbalom_felt,100,E7,0.7000,regular,felt_mallet,Felt,0.2950,0.9530,2637.0200,5400.5230,5.0264,10.2939,-55.3442,-41.3814,5,-27.6446,-15.4706,-15.4699,-22.5774,-15.4706,-43.5894,0.0095,0.0561,0,3
cimbalom_felt,100,E7,0.7250,regular,felt_mallet,Felt,0.2950,0.9365,2637.0200,5400.5230,4.9390,10.1149,-47.7645,-40.2553,5,-20.3826,-8.9983,-8.9954,-7.2503,-8.9983,-35.6842,0.0227,0.0639,0,3
cimbalom_felt,100,E7,0.7500,regular,felt_mallet,Felt,0.2950,0.9207,2637.0200,5400.5230,4.8560,9.9449,-40.0576,-39.8483,5,-12.9830,-1.6986,-1.6990,-0.8699,-1.6986,-27.6836,0.0551,0.0669,0,3
cimbalom_felt,100,E7,0.7750,regular,felt_mallet,Felt,0.2950,0.9058,2637.0200,5400.5230,4.7770,9.7831,-36.0672,-40.0419,5,-9.2902,2.4825,2.4842,3.1213,0.0000,-23.4106,0.0871,0.0655,0,3
cimbalom_felt,100,E7,0.8000,regular,felt_mallet,Felt,0.2950,0.8915,2637.0200,5400.5230,4.7018,9.6291,-33.3952,-40.8154,5,-6.9068,5.9287,5.9295,6.5414,0.0000,-20.4624,0.1185,0.0599,0,3
cimbalom_felt,100,E7,0.8250,regular,felt_mallet,Felt,0.2950,0.8779,2637.0200,5400.5230,4.6300,9.4821,-31.4162,-42.2411,5,-5.2080,9.3348,9.3342,10.0137,0.0000,-18.2171,0.1488,0.0508,0,3
cimbalom_felt,100,E7,0.8500,regular,felt_mallet,Felt,0.2950,0.8649,2637.0200,5400.5230,4.5614,9.3416,-29.8705,-44.5455,5,-3.9345,13.1828,13.1846,14.0393,0.0000,-16.4120,0.1778,0.0390,0,3
cimbalom_felt,100,E7,0.8750,regular,felt_mallet,Felt,0.2950,0.8524,2637.0200,5400.5230,4.4958,9.2072,-28.6242,-48.3676,5,-2.9528,18.2557,18.2541,19.5786,0.0000,-14.9142,0.2052,0.0251,0,3
cimbalom_felt,100,E7,0.9000,regular,felt_mallet,Felt,0.2950,0.8405,2637.0200,5400.5230,4.4329,9.0784,-27.5987,-56.4303,5,-2.1849,27.3500,27.3475,30.9935,0.0000,-13.6437,0.2310,0.0099,0,3
cimbalom_felt,100,E7,0.9250,regular,felt_mallet,Felt,0.2950,0.8291,2637.0200,5400.5230,4.3726,8.9549,-26.7438,-60.9657,5,-1.5809,32.7241,32.7146,28.9221,0.0000,-12.5508,0.2549,0.0059,0,3
cimbalom_felt,100,E7,0.9500,regular,felt_mallet,Felt,0.2950,0.8181,2637.0200,5400.5230,4.3146,8.8362,-26.0253,-49.6282,5,-1.1071,22.1034,22.1060,20.9697,0.0000,-11.6010,0.2768,0.0217,0,3
cimbalom_felt,100,E7,0.9750,regular,felt_mallet,Felt,0.2950,0.8075,2637.0200,5400.5230,4.2590,8.7222,-25.4190,-44.9911,5,-0.7394,18.0753,18.0768,17.4456,0.0000,-10.7689,0.2969,0.0370,0,3
cimbalom_felt,100,E7,1.0000,regular,felt_mallet,Felt,0.2950,0.7974,2637.0200,5400.5230,4.2054,8.6125,-24.9069,-42.1426,5,-0.4601,15.7422,15.7411,15.3268,0.0000,-10.0368,0.3149,0.0514,0,3
cimbalom_felt,100,E7,0.4200,corpus,felt_mallet,Felt,0.2950,1.2304,2637.0200,5400.5230,6.4891,13.2894,-35.1422,-52.0403,7,-2.8637,15.4093,15.4132,16.7986,0.0000,-27.8076,0.0969,0.0164,0,3
cimbalom_felt,100,E7,0.4600,corpus,felt_mallet,Felt,0.2950,1.1757,2637.0200,5400.5230,6.2005,12.6984,-31.9064,-50.9135,7,-0.4382,17.5114,17.5150,16.6714,0.0000,-23.7827,0.1406,0.0187,0,3
cimbalom_felt,101,F7,0.0500,regular,felt_mallet,Felt,0.2950,3.5007,2793.8260,5737.5570,19.5605,40.1706,-53.8910,-64.4665,19,-2.2585,9.1543,9.1497,8.1107,0.0000,-65.0673,0.0112,0.0039,0,3
cimbalom_felt,101,F7,0.0750,regular,felt_mallet,Felt,0.2950,2.8583,2793.8260,5737.5570,15.9711,32.7991,-48.1082,-70.7907,15,-0.0090,21.2160,21.2235,17.9430,0.0000,-55.7536,0.0217,0.0019,1,3
cimbalom_felt,101,F7,0.1000,regular,felt_mallet,Felt,0.2950,2.4753,2793.8260,5737.5570,13.8314,28.4049,-45.8974,-60.0146,13,-0.3083,12.6635,12.6548,11.7455,0.0000,-51.0382,0.0281,0.0065,0,3
cimbalom_felt,101,F7,0.1250,regular,felt_mallet,Felt,0.2950,2.2140,2793.8260,5737.5570,12.3712,25.4061,-45.2078,-60.6862,13,-1.5683,14.0052,14.0164,15.8134,0.0000,-48.4072,0.0304,0.0061,0,3
cimbalom_felt,101,F7,0.1500,regular,felt_mallet,Felt,0.2950,2.0211,2793.8260,5737.5570,11.2933,23.1925,-49.0860,-65.1198,11,-7.0416,14.5519,14.5678,17.1586,0.0000,-50.7042,0.0194,0.0036,0,3
cimbalom_felt,101,F7,0.1750,regular,felt_mallet,Felt,0.2950,1.8712,2793.8260,5737.5570,10.4555,21.4721,-43.1382,-56.6646,11,-2.4442,12.0547,12.0548,13.3931,0.0000,-43.4120,0.0386,0.0096,0,3
cimbalom_felt,101,F7,0.2000,regular,felt_mallet,Felt,0.2950,1.7503,2793.8260,5737.5570,9.7803,20.0853,-40.0508,-52.1717,9,-0.5280,10.6463,10.6423,10.4067,0.0000,-39.1643,0.0551,0.0162,0,3
cimbalom_felt,101,F7,0.2250,regular,felt_mallet,Felt,0.2950,1.6502,2793.8260,5737.5570,9.2209,18.9366,-47.8562,-71.1169,9,-9.3680,21.7559,21.7559,15.3053,0.0000,-45.9514,0.0224,0.0018,1,3
cimbalom_felt,101,F7,0.2500,regular,felt_mallet,Felt,0.2950,1.5655,2793.8260,5737.5570,8.7477,17.9648,-45.8304,-50.1632,9,-8.2688,2.8547,2.8537,3.6949,0.0000,-43.0024,0.0283,0.0204,0,3
cimbalom_felt,101,F7,0.2750,regular,felt_mallet,Felt,0.2950,1.4927,2793.8260,5737.5570,8.3406,17.1288,-38.0299,-63.2586,9,-1.3077,23.7537,23.7560,28.0726,0.0000,-34.3761,0.0695,0.0045,0,3
cimbalom_felt,101,F7,0.3000,regular,felt_mallet,Felt,0.2950,1.4291,2793.8260,5737.5570,7.9855,16.3996,-35.9571,-50.3975,7,-0.0022,12.9498,12.9549,12.4938,0.0000,-31.5482,0.0882,0.0199,0,3
cimbalom_felt,101,F7,0.3250,regular,felt_mallet,Felt,0.2950,1.3731,2793.8260,5737.5570,7.6723,15.7562,-36.4538,-48.5162,7,-1.2057,10.5766,10.5775,10.6652,0.0000,-31.3494,0.0833,0.0246,0,3
cimbalom_felt,101,F7,0.3500,regular,felt_mallet,Felt,0.2950,1.3231,2793.8260,5737.5570,7.3932,15.1831,-39.3380,-58.1628,7,-4.7451,17.3371,17.3437,19.2132,0.0000,-33.5904,0.0598,0.0081,0,3
cimbalom_felt,101,F7,0.3750,regular,felt_mallet,Felt,0.2950,1.2783,2793.8260,5737.5570,7.1425,14.6682,-47.0565,-52.6721,7,-13.0744,4.1256,4.1225,1.8557,0.0000,-40.7113,0.0246,0.0153,0,3
cimbalom_felt,101,F7,0.4000,regular,felt_mallet,Felt,0.2950,1.2377,2793.8260,5737.5570,6.9157,14.2024,-50.9952,-46.4981,7,-17.5853,-5.9760,-5.9786,-4.3207,-5.9760,-44.0796,0.0156,0.0311,0,3
cimbalom_felt,101,F7,0.4250,regular,felt_mallet,Felt,0.2950,1.2007,2793.8260,5737.5570,6.7092,13.7784,-39.9817,-46.0593,7,-7.1100,4.5954,4.5921,5.3199,0.0000,-32.5432,0.0555,0.0327,0,3
cimbalom_felt,101,F7,0.4500,regular,felt_mallet,Felt,0.2950,1.1669,2793.8260,5737.5570,6.5202,13.3902,-35.6581,-49.8257,7,-3.2945,12.6846,12.6825,13.7433,0.0000,-27.7244,0.0913,0.0212,0,3
cimbalom_felt,101,F7,0.4750,regular,felt_mallet,Felt,0.2950,1.1358,2793.8260,5737.5570,6.3463,13.0331,-33.2361,-70.2470,7,-1.3537,34.8238,34.7845,53.2047,0.0000,-24.8334,0.1207,0.0022,1,3
cimbalom_felt,101,F7,0.5000,regular,felt_mallet,Felt,0.2950,1.1070,2793.8260,5737.5570,6.1856,12.7031,-31.7996,-51.0436,7,-0.3744,17.7491,17.7524,16.8857,0.0000,-22.9516,0.1424,0.0185,0,3
cimbalom_felt,101,F7,0.5250,regular,felt_mallet,Felt,0.2950,1.0803,2793.8260,5737.5570,6.0365,12.3969,-31.0040,-45.4862,7,-0.0143,12.9914,12.9919,12.6666,0.0000,-21.7315,0.1560,0.0350,0,3
cimbalom_felt,101,F7,0.5500,regular,felt_mallet,Felt,0.2950,1.0555,2793.8260,5737.5570,5.8977,12.1119,-30.6866,-43.4039,5,-0.1126,11.2268,11.2273,11.1077,0.0000,-21.0105,0.1618,0.0444,0,3
cimbalom_felt,101,F7,0.5750,regular,felt_mallet,Felt,0.2950,1.0323,2793.8260,5737.5570,5.7681,11.8457,-30.7658,-43.1381,5,-0.5896,10.8819,10.8824,10.9165,0.0000,-20.7036,0.1604,0.0458,0,3
cimbalom_felt,101,F7,0.6000,regular,felt_mallet,Felt,0.2950,1.0106,2793.8260,5737.5570,5.6466,11.5962,-31.2078,-44.3861,5,-1.4130,11.6872,11.6887,11.8939,0.0000,-20.7761,0.1524,0.0397,0,3
cimbalom_felt,101,F7,0.6250,regular,felt_mallet,Felt,0.2950,0.9901,2793.8260,5737.5570,5.5326,11.3620,-32.0167,-47.5282,5,-2.5882,14.0208,14.0226,14.5533,0.0000,-21.2309,0.1389,0.0276,0,3
cimbalom_felt,101,F7,0.6500,regular,felt_mallet,Felt,0.2950,0.9709,2793.8260,5737.5570,5.4251,11.1413,-33.2390,-54.9526,5,-4.1629,20.2283,20.2278,22.1491,0.0000,-22.1126,0.1206,0.0118,0,3
cimbalom_felt,101,F7,0.6750,regular,felt_mallet,Felt,0.2950,0.9528,2793.8260,5737.5570,5.3237,10.9330,-34.9888,-61.0548,5,-6.2523,24.5659,24.5620,20.8471,0.0000,-23.5346,0.0986,0.0058,0,3
cimbalom_felt,101,F7,0.7000,regular,felt_mallet,Felt,0.2950,0.9356,2793.8260,5737.5570,5.2278,10.7360,-37.5227,-49.0552,5,-9.1138,10.0349,10.0369,8.5671,0.0000,-25.7534,0.0737,0.0232,0,3
cimbalom_felt,101,F7,0.7250,regular,felt_mallet,Felt,0.2950,0.9193,2793.8260,5737.5570,5.1368,10.5493,-41.5123,-44.5887,5,-13.4201,1.5803,1.5808,0.1382,0.0000,-29.4386,0.0465,0.0388,0,3
cimbalom_felt,101,F7,0.7500,regular,felt_mallet,Felt,0.2950,0.9039,2793.8260,5737.5570,5.0505,10.3720,-49.8061,-42.1292,5,-22.0201,-9.1757,-9.1767,-12.3746,-9.1757,-37.4417,0.0179,0.0515,0,3
cimbalom_felt,101,F7,0.7750,regular,felt_mallet,Felt,0.2950,0.8892,2793.8260,5737.5570,4.9684,10.2033,-53.5706,-40.7167,5,-26.0812,-14.3336,-14.3338,-11.2252,-14.3336,-40.9024,0.0116,0.0606,0,3
cimbalom_felt,101,F7,0.8000,regular,felt_mallet,Felt,0.2950,0.8752,2793.8260,5737.5570,4.8901,10.0426,-42.5050,-40.0069,5,-15.3032,-3.9880,-3.9865,-2.9754,-3.9880,-29.5710,0.0415,0.0657,0,3
cimbalom_felt,101,F7,0.8250,regular,felt_mallet,Felt,0.2950,0.8618,2793.8260,5737.5570,4.8155,9.8893,-37.8008,-39.8493,5,-10.8781,0.5591,0.5589,1.2414,0.0000,-24.5994,0.0714,0.0669,0,3
cimbalom_felt,101,F7,0.8500,regular,felt_mallet,Felt,0.2950,0.8490,2793.8260,5737.5570,4.7441,9.7428,-34.8036,-40.1844,5,-8.1521,3.8898,3.8907,4.4860,0.0000,-21.3441,0.1008,0.0644,0,3
cimbalom_felt,101,F7,0.8750,regular,felt_mallet,Felt,0.2950,0.8368,2793.8260,5737.5570,4.6759,9.6026,-32.6293,-41.0160,5,-6.2415,6.8960,6.8964,7.4988,0.0000,-18.9178,0.1295,0.0585,0,3
cimbalom_felt,101,F7,0.9000,regular,felt_mallet,Felt,0.2950,0.8251,2793.8260,5737.5570,4.6105,9.4683,-30.9467,-42.4186,5,-4.8155,9.9812,9.9817,10.6601,0.0000,-16.9911,0.1571,0.0498,0,3
cimbalom_felt,101,F7,0.9250,regular,felt_mallet,Felt,0.2950,0.8139,2793.8260,5737.5570,4.5477,9.3395,-29.5943,-44.5899,5,-3.7130,13.5061,13.5058,14.3568,0.0000,-15.4011,0.1836,0.0388,0,3
cimbalom_felt,101,F7,0.9500,regular,felt_mallet,Felt,0.2950,0.8031,2793.8260,5737.5570,4.4875,9.2158,-28.4807,-48.0434,5,-2.8429,18.0730,18.0738,19.3368,0.0000,-14.0563,0.2087,0.0261,0,3
cimbalom_felt,101,F7,0.9750,regular,felt_mallet,Felt,0.2950,0.7927,2793.8260,5737.5570,4.4296,9.0968,-27.5490,-54.6397,5,-2.1488,25.6013,25.6055,28.4556,0.0000,-12.8985,0.2323,0.0122,0,3
cimbalom_felt,101,F7,1.0000,regular,felt_mallet,Felt,0.2950,0.7828,2793.8260,5737.5570,4.3739,8.9824,-26.7610,-69.2029,5,-1.5927,38.5376,38.5323,33.2030,0.0000,-11.8910,0.2544,0.0030,1,3
cimbalom_felt,101,F7,0.4200,corpus,felt_mallet,Felt,0.2950,1.2078,2793.8260,5737.5570,6.7490,13.8602,-41.2878,-45.8366,7,-8.3110,3.0667,3.0635,3.8069,0.0000,-33.9519,0.0478,0.0336,0,3
cimbalom_felt,101,F7,0.4600,corpus,felt_mallet,Felt,0.2950,1.1541,2793.8260,5737.5570,6.4489,13.2438,-34.5345,-53.3796,7,-2.3664,17.3628,17.3612,18.9713,0.0000,-26.4100,0.1039,0.0141,0,3
cimbalom_felt,102,F#7,0.0500,regular,felt_mallet,Felt,0.2950,3.4366,2959.9550,6097.5060,20.3441,41.9089,-53.6525,-64.9766,21,-1.3360,9.9055,9.9107,10.6382,0.0000,-64.8218,0.0115,0.0037,0,3
cimbalom_felt,102,F#7,0.0750,regular,felt_mallet,Felt,0.2950,2.8059,2959.9550,6097.5060,16.6109,34.2184,-53.6082,-61.8847,17,-4.8240,6.8244,6.8355,7.2854,0.0000,-61.2547,0.0115,0.0053,0,3
cimbalom_felt,102,F#7,0.1000,regular,felt_mallet,Felt,0.2950,2.4300,2959.9550,6097.5060,14.3855,29.6340,-47.9750,-60.3837,15,-1.7001,10.9485,10.9563,12.1429,0.0000,-53.1200,0.0221,0.0063,0,3
cimbalom_felt,102,F#7,0.1250,regular,felt_mallet,Felt,0.2950,2.1735,2959.9550,6097.5060,12.8667,26.5055,-57.9736,-60.0069,13,-13.6475,0.5647,0.5735,1.6656,0.0000,-61.1723,0.0070,0.0066,0,3
cimbalom_felt,102,F#7,0.1500,regular,felt_mallet,Felt,0.2950,1.9841,2959.9550,6097.5060,11.7457,24.1961,-43.4443,-55.7537,11,-0.7124,10.8383,10.8389,10.3632,0.0000,-45.0603,0.0372,0.0107,0,3
cimbalom_felt,102,F#7,0.1750,regular,felt_mallet,Felt,0.2950,1.8369,2959.9550,6097.5060,10.8744,22.4012,-55.5356,-55.8466,11,-14.1532,-1.1481,-1.1575,0.1585,-1.1481,-55.7976,0.0093,0.0106,0,3
cimbalom_felt,102,F#7,0.2000,regular,felt_mallet,Felt,0.2950,1.7183,2959.9550,6097.5060,10.1721,20.9544,-40.5332,-75.7425,11,-0.3212,31.9863,31.9828,26.5632,0.0000,-39.6476,0.0521,0.0013,1,3
cimbalom_felt,102,F#7,0.2250,regular,felt_mallet,Felt,0.2950,1.6200,2959.9550,6097.5060,9.5903,19.7560,-41.1168,-52.4598,9,-1.9385,9.8641,9.8651,9.9018,0.0000,-39.2076,0.0487,0.0156,0,3
cimbalom_felt,102,F#7,0.2500,regular,felt_mallet,Felt,0.2950,1.5369,2959.9550,6097.5060,9.0982,18.7422,-54.5257,-58.9791,9,-16.2731,2.9594,2.9619,-1.2610,0.0000,-51.7089,0.0104,0.0074,0,3
cimbalom_felt,102,F#7,0.2750,regular,felt_mallet,Felt,0.2950,1.4654,2959.9550,6097.5060,8.6748,17.8700,-43.6288,-50.2401,9,-6.2147,5.1317,5.1324,5.8757,0.0000,-39.9746,0.0365,0.0202,0,3
cimbalom_felt,102,F#7,0.3000,regular,felt_mallet,Felt,0.2950,1.4030,2959.9550,6097.5060,8.3054,17.1092,-37.6883,-64.6537,9,-1.0407,25.5152,25.4948,30.8288,0.0000,-33.2784,0.0723,0.0038,0,3
cimbalom_felt,102,F#7,0.3250,regular,felt_mallet,Felt,0.2950,1.3479,2959.9550,6097.5060,7.9796,16.4380,-35.9462,-50.8437,7,-0.0045,13.4094,13.4125,12.8955,0.0000,-30.8421,0.0883,0.0189,0,3
cimbalom_felt,102,F#7,0.3500,regular,felt_mallet,Felt,0.2950,1.2989,2959.9550,6097.5060,7.6894,15.8401,-36.3654,-48.2326,7,-1.0780,10.3839,10.3829,10.3919,0.0000,-30.6176,0.0842,0.0255,0,3
cimbalom_felt,102,F#7,0.3750,regular,felt_mallet,Felt,0.2950,1.2549,2959.9550,6097.5060,7.4286,15.3030,-38.7801,-54.1343,7,-4.1026,13.8737,13.8715,14.7607,0.0000,-32.4339,0.0637,0.0129,0,3
cimbalom_felt,102,F#7,0.4000,regular,felt_mallet,Felt,0.2950,1.2150,2959.9550,6097.5060,7.1927,14.8170,-44.6180,-57.7402,7,-10.5117,11.6165,11.6281,8.8917,0.0000,-37.7131,0.0325,0.0085,0,3
cimbalom_felt,102,F#7,0.4250,regular,felt_mallet,Felt,0.2950,1.1787,2959.9550,6097.5060,6.9780,14.3746,-62.7889,-47.8613,7,-29.2200,-16.3850,-16.3915,-11.1279,-16.3850,-55.3261,0.0040,0.0266,1,3
cimbalom_felt,102,F#7,0.4500,regular,felt_mallet,Felt,0.2950,1.1455,2959.9550,6097.5060,6.7814,13.9696,-42.5166,-45.7727,7,-9.4548,1.7691,1.7715,2.5122,0.0000,-34.5832,0.0415,0.0338,0,3
cimbalom_felt,102,F#7,0.4750,regular,felt_mallet,Felt,0.2950,1.1150,2959.9550,6097.5060,6.6005,13.5970,-37.2064,-47.1611,7,-4.6250,8.4691,8.4696,9.2258,0.0000,-28.8031,0.0764,0.0288,0,3
cimbalom_felt,102,F#7,0.5000,regular,felt_mallet,Felt,0.2950,1.0867,2959.9550,6097.5060,6.4334,13.2527,-34.3155,-53.0960,7,-2.1904,17.2954,17.2970,18.8390,0.0000,-25.4679,0.1066,0.0146,0,3
cimbalom_felt,102,F#7,0.5250,regular,felt_mallet,Felt,0.2950,1.0605,2959.9550,6097.5060,6.2783,12.9334,-32.5486,-64.0344,7,-0.8580,29.9802,29.9840,26.2527,0.0000,-23.2766,0.1306,0.0041,0,3
cimbalom_felt,102,F#7,0.5500,regular,felt_mallet,Felt,0.2950,1.0362,2959.9550,6097.5060,6.1340,12.6360,-31.4695,-49.3438,7,-0.1938,16.3867,16.3838,15.7035,0.0000,-21.7934,0.1479,0.0224,0,3
cimbalom_felt,102,F#7,0.5750,regular,felt_mallet,Felt,0.2950,1.0134,2959.9550,6097.5060,5.9992,12.3582,-30.8788,-45.0759,5,-0.0000,12.7058,12.7073,12.4072,0.0000,-20.8170,0.1583,0.0367,0,3
cimbalom_felt,102,F#7,0.6000,regular,felt_mallet,Felt,0.2950,0.9920,2959.9550,6097.5060,5.8728,12.0980,-30.6728,-43.3525,5,-0.1744,11.1900,11.1902,11.0722,0.0000,-20.2408,0.1621,0.0447,0,3
cimbalom_felt,102,F#7,0.6250,regular,felt_mallet,Felt,0.2950,0.9720,2959.9550,6097.5060,5.7542,11.8536,-30.7972,-43.1237,5,-0.6643,10.8372,10.8371,10.8560,0.0000,-20.0109,0.1598,0.0459,0,3
cimbalom_felt,102,F#7,0.6500,regular,felt_mallet,Felt,0.2950,0.9531,2959.9550,6097.5060,5.6424,11.6234,-31.2302,-44.1663,5,-1.4487,11.4461,11.4470,11.6203,0.0000,-20.1037,0.1520,0.0407,0,3
cimbalom_felt,102,F#7,0.6750,regular,felt_mallet,Felt,0.2950,0.9353,2959.9550,6097.5060,5.5370,11.4061,-31.9770,-46.7199,5,-2.5342,13.2540,13.2543,13.6862,0.0000,-20.5224,0.1395,0.0303,0,3
cimbalom_felt,102,F#7,0.7000,regular,felt_mallet,Felt,0.2950,0.9185,2959.9550,6097.5060,5.4372,11.2006,-33.0740,-52.0748,5,-3.9579,17.5182,17.5139,18.7274,0.0000,-21.3042,0.1229,0.0164,0,3
cimbalom_felt,102,F#7,0.7250,regular,felt_mallet,Felt,0.2950,0.9025,2959.9550,6097.5060,5.3426,11.0058,-34.6051,-82.3939,5,-5.8047,34.2856,34.2970,32.9111,0.0000,-22.5306,0.1031,0.0020,1,3
cimbalom_felt,102,F#7,0.7500,regular,felt_mallet,Felt,0.2950,0.8873,2959.9550,6097.5060,5.2528,10.8208,-36.7458,-52.4227,5,-8.2507,14.1757,14.1808,12.3183,0.0000,-24.3775,0.0805,0.0158,0,3
cimbalom_felt,102,F#7,0.7750,regular,felt_mallet,Felt,0.2950,0.8729,2959.9550,6097.5060,5.1674,10.6449,-39.9017,-46.5335,5,-11.7024,5.1381,5.1369,3.7087,0.0000,-27.2487,0.0560,0.0310,0,3
cimbalom_felt,102,F#7,0.8000,regular,felt_mallet,Felt,0.2950,0.8591,2959.9550,6097.5060,5.0860,10.4772,-45.3240,-43.4406,5,-17.4113,-3.3778,-3.3797,-5.3569,-3.3778,-32.3958,0.0300,0.0443,0,3
cimbalom_felt,102,F#7,0.8250,regular,felt_mallet,Felt,0.2950,0.8460,2959.9550,6097.5060,5.0084,10.3172,-65.2539,-41.5869,5,-37.6194,-21.7307,-21.7476,-28.1124,-21.7307,-48.6260,0.0045,0.0548,0,3
cimbalom_felt,102,F#7,0.8500,regular,felt_mallet,Felt,0.2950,0.8335,2959.9550,6097.5060,4.9342,10.1644,-47.0891,-40.4916,5,-19.7248,-8.0855,-8.0831,-6.4948,-8.0855,-33.6283,0.0245,0.0621,0,3
cimbalom_felt,102,F#7,0.8750,regular,felt_mallet,Felt,0.2950,0.8215,2959.9550,6097.5060,4.8632,10.0181,-40.5226,-39.9480,5,-13.4211,-2.0631,-2.0632,-1.2378,-2.0631,-26.8098,0.0522,0.0662,0,3
cimbalom_felt,102,F#7,0.9000,regular,felt_mallet,Felt,0.2950,0.8100,2959.9550,6097.5060,4.7952,9.8780,-36.8453,-39.8578,5,-9.9994,1.5239,1.5231,2.1507,0.0000,-22.8893,0.0797,0.0668,0,3
cimbalom_felt,102,F#7,0.9250,regular,felt_mallet,Felt,0.2950,0.7990,2959.9550,6097.5060,4.7299,9.7436,-34.3065,-40.1811,5,-7.7096,4.3859,4.3850,4.9575,0.0000,-20.1122,0.1067,0.0644,0,3
cimbalom_felt,102,F#7,0.9500,regular,felt_mallet,Felt,0.2950,0.7884,2959.9550,6097.5060,4.6673,9.6146,-32.3889,-40.9227,5,-6.0346,7.0432,7.0440,7.6245,0.0000,-17.9633,0.1331,0.0592,0,3
cimbalom_felt,102,F#7,0.9750,regular,felt_mallet,Felt,0.2950,0.7782,2959.9550,6097.5060,4.6070,9.4905,-30.8669,-42.1366,5,-4.7493,9.7807,9.7800,10.4306,0.0000,-16.2166,0.1585,0.0514,0,3
cimbalom_felt,102,F#7,1.0000,regular,felt_mallet,Felt,0.2950,0.7684,2959.9550,6097.5060,4.5491,9.3711,-29.6212,-43.9574,5,-3.7345,12.8463,12.8468,13.6326,0.0000,-14.7510,0.1830,0.0417,0,3
cimbalom_felt,102,F#7,0.4200,corpus,felt_mallet,Felt,0.2950,1.1857,2959.9550,6097.5060,7.0194,14.4599,-64.0035,-48.8617,7,-30.3296,-16.4173,-16.4015,-44.5062,-16.4173,-56.4574,0.0036,0.0237,1,3
cimbalom_felt,102,F#7,0.4600,corpus,felt_mallet,Felt,0.2950,1.1330,2959.9550,6097.5060,6.7073,13.8169,-39.9226,-45.9350,7,-7.0561,4.5265,4.5274,5.2118,0.0000,-31.7982,0.0559,0.0332,0,3
cimbalom_felt,103,G7,0.0500,regular,felt_mallet,Felt,0.2950,3.3736,3135.9630,6482.2340,21.1591,43.7372,-65.1356,-66.3917,21,-12.1351,-0.1692,-0.1587,-3.4309,-0.1692,-76.3346,0.0031,0.0031,0,3
cimbalom_felt,103,G7,0.0750,regular,felt_mallet,Felt,0.2950,2.7545,3135.9630,6482.2340,17.2763,35.7113,-56.9925,-63.0312,17,-7.5236,4.6090,4.5996,3.7847,0.0000,-64.6346,0.0078,0.0046,0,3
cimbalom_felt,103,G7,0.1000,regular,felt_mallet,Felt,0.2950,2.3855,3135.9630,6482.2340,14.9617,30.9269,-71.3880,-78.4180,15,-24.4276,5.1055,5.0959,5.2376,0.0000,-75.8097,0.0016,0.0009,1,3
cimbalom_felt,103,G7,0.1250,regular,felt_mallet,Felt,0.2950,2.1337,3135.9630,6482.2340,13.3822,27.6618,-49.9727,-58.9517,13,-4.9603,7.5127,7.5185,7.3866,0.0000,-53.1763,0.0175,0.0074,0,3
cimbalom_felt,103,G7,0.1500,regular,felt_mallet,Felt,0.2950,1.9478,3135.9630,6482.2340,12.2162,25.2517,-43.9299,-64.3662,13,-0.5109,18.9794,18.9777,21.9599,0.0000,-45.5449,0.0352,0.0040,0,3
cimbalom_felt,103,G7,0.1750,regular,felt_mallet,Felt,0.2950,1.8033,3135.9630,6482.2340,11.3100,23.3785,-48.6664,-59.7708,11,-6.5961,9.6366,9.6357,10.2447,0.0000,-48.9424,0.0204,0.0067,0,3
cimbalom_felt,103,G7,0.2000,regular,felt_mallet,Felt,0.2950,1.6868,3135.9630,6482.2340,10.5795,21.8686,-45.1449,-53.7610,11,-4.2441,7.1428,7.1450,7.8518,0.0000,-44.2621,0.0306,0.0135,0,3
cimbalom_felt,103,G7,0.2250,regular,felt_mallet,Felt,0.2950,1.5903,3135.9630,6482.2340,9.9745,20.6179,-39.8749,-57.5114,9,-0.0070,16.1599,16.1574,15.0297,0.0000,-37.9663,0.0562,0.0087,0,3
cimbalom_felt,103,G7,0.2500,regular,felt_mallet,Felt,0.2950,1.5087,3135.9630,6482.2340,9.4626,19.5599,-42.4942,-53.8978,9,-3.5513,9.9250,9.9266,10.1675,0.0000,-39.6719,0.0415,0.0132,0,3
cimbalom_felt,103,G7,0.2750,regular,felt_mallet,Felt,0.2950,1.4385,3135.9630,6482.2340,9.0223,18.6496,-67.2311,-56.4311,9,-29.1258,-11.3825,-11.3791,-28.6043,-11.3825,-62.6831,0.0027,0.0099,1,3
cimbalom_felt,103,G7,0.3000,regular,felt_mallet,Felt,0.2950,1.3773,3135.9630,6482.2340,8.6382,17.8556,-42.7198,-50.2690,9,-5.3802,6.0658,6.0707,6.7501,0.0000,-38.3106,0.0405,0.0201,0,3
cimbalom_felt,103,G7,0.3250,regular,felt_mallet,Felt,0.2950,1.3232,3135.9630,6482.2340,8.2993,17.1551,-37.6320,-61.6957,9,-0.9974,22.6049,22.5905,26.0381,0.0000,-32.5257,0.0728,0.0054,0,3
cimbalom_felt,103,G7,0.3500,regular,felt_mallet,Felt,0.2950,1.2751,3135.9630,6482.2340,7.9974,16.5311,-35.9811,-52.1563,7,-0.0001,14.6900,14.6905,14.0030,0.0000,-30.2329,0.0880,0.0162,0,3
cimbalom_felt,103,G7,0.3750,regular,felt_mallet,Felt,0.2950,1.2319,3135.9630,6482.2340,7.7262,15.9706,-36.2012,-48.1080,7,-0.8293,10.4232,10.4229,10.3225,0.0000,-29.8537,0.0858,0.0258,0,3
cimbalom_felt,103,G7,0.4000,regular,felt_mallet,Felt,0.2950,1.1928,3135.9630,6482.2340,7.4809,15.4634,-38.0808,-51.0749,7,-3.2793,11.5071,11.5110,11.9022,0.0000,-31.1743,0.0691,0.0184,0,3
cimbalom_felt,103,G7,0.4250,regular,felt_mallet,Felt,0.2950,1.1571,3135.9630,6482.2340,7.2575,15.0017,-42.3649,-98.3193,7,-8.0999,29.8314,29.8431,26.1953,0.0000,-34.9301,0.0422,0.0014,1,3
cimbalom_felt,103,G7,0.4500,regular,felt_mallet,Felt,0.2950,1.1245,3135.9630,6482.2340,7.0530,14.5791,-55.3557,-50.7439,7,-21.5970,-6.1121,-6.1093,-10.9695,-6.1121,-47.4363,0.0094,0.0191,0,3
cimbalom_felt,103,G7,0.4750,regular,felt_mallet,Felt,0.2950,1.0945,3135.9630,6482.2340,6.8649,14.1902,-46.8099,-46.4300,7,-13.5308,-1.8630,-1.8627,-0.8604,-1.8630,-38.4072,0.0253,0.0313,0,3
cimbalom_felt,103,G7,0.5000,regular,felt_mallet,Felt,0.2950,1.0668,3135.9630,6482.2340,6.6911,13.8309,-39.4483,-45.8986,7,-6.6246,4.9647,4.9658,5.5992,0.0000,-30.5991,0.0590,0.0333,0,3
cimbalom_felt,103,G7,0.5250,regular,felt_mallet,Felt,0.2950,1.0411,3135.9630,6482.2340,6.5298,13.4976,-35.8271,-48.2058,7,-3.4371,10.8945,10.8943,11.7329,0.0000,-26.5545,0.0896,0.0255,0,3
cimbalom_felt,103,G7,0.5500,regular,felt_mallet,Felt,0.2950,1.0172,3135.9630,6482.2340,6.3797,13.1873,-33.6223,-55.5105,7,-1.6463,20.4114,20.4066,22.4973,0.0000,-23.9456,0.1154,0.0110,0,3
cimbalom_felt,103,G7,0.5750,regular,felt_mallet,Felt,0.2950,0.9948,3135.9630,6482.2340,6.2395,12.8974,-32.2095,-60.2594,7,-0.6296,26.5486,26.5535,23.9848,0.0000,-22.1480,0.1358,0.0064,0,3
cimbalom_felt,103,G7,0.6000,regular,felt_mallet,Felt,0.2950,0.9739,3135.9630,6482.2340,6.1081,12.6258,-31.3261,-49.1181,7,-0.1258,16.3043,16.3021,15.6371,0.0000,-20.8943,0.1504,0.0230,0,3
cimbalom_felt,103,G7,0.6250,regular,felt_mallet,Felt,0.2950,0.9542,3135.9630,6482.2340,5.9847,12.3707,-30.8382,-45.2034,5,-0.0025,12.8757,12.8761,12.5600,0.0000,-20.0517,0.1590,0.0361,0,3
cimbalom_felt,103,G7,0.6500,regular,felt_mallet,Felt,0.2950,0.9357,3135.9630,6482.2340,5.8685,12.1305,-30.6718,-43.4798,5,-0.1867,11.3173,11.3191,11.1747,0.0000,-19.5455,0.1621,0.0440,0,3
cimbalom_felt,103,G7,0.6750,regular,felt_mallet,Felt,0.2950,0.9182,3135.9630,6482.2340,5.7588,11.9038,-30.7863,-43.0655,5,-0.6391,10.7914,10.7904,10.7781,0.0000,-19.3315,0.1600,0.0462,0,3
cimbalom_felt,103,G7,0.7000,regular,felt_mallet,Felt,0.2950,0.9016,3135.9630,6482.2340,5.6550,11.6893,-31.1646,-43.7263,5,-1.3432,11.0752,11.0732,11.1926,0.0000,-19.3940,0.1532,0.0428,0,3
cimbalom_felt,103,G7,0.7250,regular,felt_mallet,Felt,0.2950,0.8860,3135.9630,6482.2340,5.5567,11.4859,-31.8090,-45.5469,5,-2.3024,12.2507,12.2497,12.5566,0.0000,-19.7334,0.1422,0.0347,0,3
cimbalom_felt,103,G7,0.7500,regular,felt_mallet,Felt,0.2950,0.8711,3135.9630,6482.2340,5.4633,11.2929,-32.7438,-49.0959,5,-3.5418,14.8629,14.8646,15.5735,0.0000,-20.3750,0.1277,0.0231,0,3
cimbalom_felt,103,G7,0.7750,regular,felt_mallet,Felt,0.2950,0.8569,3135.9630,6482.2340,5.3744,11.1093,-34.0244,-57.1081,5,-5.1172,21.6065,21.6006,24.2623,0.0000,-21.3695,0.1102,0.0092,0,3
cimbalom_felt,103,G7,0.8000,regular,felt_mallet,Felt,0.2950,0.8434,3135.9630,6482.2340,5.2898,10.9343,-35.7598,-61.2199,5,-7.1385,23.9601,23.9570,20.1461,0.0000,-22.8302,0.0902,0.0057,0,3
cimbalom_felt,103,G7,0.8250,regular,felt_mallet,Felt,0.2950,0.8305,3135.9630,6482.2340,5.2090,10.7674,-38.1750,-50.1469,5,-9.8309,10.4754,10.4770,8.8162,0.0000,-24.9774,0.0683,0.0205,0,3
cimbalom_felt,103,G7,0.8500,regular,felt_mallet,Felt,0.2950,0.8182,3135.9630,6482.2340,5.1318,10.6078,-41.8139,-45.7120,5,-13.7392,2.4046,2.4035,0.8285,0.0000,-28.3570,0.0449,0.0341,0,3
cimbalom_felt,103,G7,0.8750,regular,felt_mallet,Felt,0.2950,0.8064,3135.9630,6482.2340,5.0580,10.4552,-48.6352,-43.1335,5,-20.8224,-7.0002,-6.9996,-9.8463,-7.0002,-34.9332,0.0205,0.0459,0,3
cimbalom_felt,103,G7,0.9000,regular,felt_mallet,Felt,0.2950,0.7952,3135.9630,6482.2340,4.9872,10.3090,-61.5234,-41.5122,5,-33.9654,-20.7481,-20.7514,-15.1432,-20.7481,-46.8150,0.0051,0.0553,1,3
cimbalom_felt,103,G7,0.9250,regular,felt_mallet,Felt,0.2950,0.7844,3135.9630,6482.2340,4.9194,10.1687,-45.2829,-40.5148,5,-17.9730,-6.2521,-6.2542,-4.9605,-6.2521,-31.0857,0.0302,0.0620,0,3
cimbalom_felt,103,G7,0.9500,regular,felt_mallet,Felt,0.2950,0.7740,3135.9630,6482.2340,4.8542,10.0340,-39.9484,-39.9847,5,-12.8802,-1.4531,-1.4518,-0.6897,-1.4531,-25.5222,0.0557,0.0659,0,3
cimbalom_felt,103,G7,0.9750,regular,felt_mallet,Felt,0.2950,0.7640,3135.9630,6482.2340,4.7916,9.9045,-36.6874,-39.8424,5,-9.8550,1.6660,1.6663,2.2678,0.0000,-22.0363,0.0811,0.0670,0,3
cimbalom_felt,103,G7,1.0000,regular,felt_mallet,Felt,0.2950,0.7544,3135.9630,6482.2340,4.7313,9.7799,-34.3545,-40.0518,5,-7.7522,4.2084,4.2082,4.7565,0.0000,-19.4841,0.1061,0.0654,0,3
cimbalom_felt,103,G7,0.4200,corpus,felt_mallet,Felt,0.2950,1.1640,3135.9630,6482.2340,7.3006,15.0908,-41.2133,-64.0591,7,-6.8435,21.3751,21.3715,26.4329,0.0000,-33.8831,0.0482,0.0041,0,3
cimbalom_felt,103,G7,0.4600,corpus,felt_mallet,Felt,0.2950,1.1122,3135.9630,6482.2340,6.9759,14.4197,-62.0199,-48.3592,7,-28.4561,-15.1476,-15.1260,-10.3018,-15.1476,-53.8956,0.0044,0.0251,1,3
cimbalom_felt,104,G#7,0.0500,regular,felt_mallet,Felt,0.2950,3.3118,3322.4380,6893.7990,22.0067,45.6622,-53.6848,-67.6626,23,-0.0005,12.5982,12.5823,13.8221,0.0000,-64.8597,0.0114,0.0027,0,3
cimbalom_felt,104,G#7,0.0750,regular,felt_mallet,Felt,0.2950,2.7041,3322.4380,6893.7990,17.9684,37.2831,-50.1641,-70.1821,17,-0.0107,18.6214,18.5962,22.4786,0.0000,-57.8135,0.0171,0.0020,1,3
cimbalom_felt,104,G#7,0.1000,regular,felt_mallet,Felt,0.2950,2.3418,3322.4380,6893.7990,15.5611,32.2881,-49.8976,-61.2748,15,-2.2519,9.9290,9.9273,8.8257,0.0000,-55.0454,0.0177,0.0056,0,3
cimbalom_felt,104,G#7,0.1250,regular,felt_mallet,Felt,0.2950,2.0946,3322.4380,6893.7990,13.9183,28.8793,-45.7702,-72.9115,13,-0.0718,25.6825,25.6677,21.1363,0.0000,-48.9741,0.0285,0.0015,1,3
cimbalom_felt,104,G#7,0.1500,regular,felt_mallet,Felt,0.2950,1.9121,3322.4380,6893.7990,12.7056,26.3631,-51.1163,-58.3242,13,-7.0105,5.7540,5.7464,6.0660,0.0000,-52.7278,0.0154,0.0079,0,3
cimbalom_felt,104,G#7,0.1750,regular,felt_mallet,Felt,0.2950,1.7703,3322.4380,6893.7990,11.7631,24.4075,-43.3737,-57.4024,11,-0.6158,12.5585,12.5590,11.7092,0.0000,-43.6517,0.0375,0.0088,0,3
cimbalom_felt,104,G#7,0.2000,regular,felt_mallet,Felt,0.2950,1.6559,3322.4380,6893.7990,11.0034,22.8311,-87.1248,-65.9527,11,-45.5358,-6.2600,-6.2263,-6.9168,-6.2600,-69.8429,0.0016,0.0033,1,3
cimbalom_felt,104,G#7,0.2250,regular,felt_mallet,Felt,0.2950,1.5612,3322.4380,6893.7990,10.3741,21.5254,-42.1515,-55.9766,11,-1.5946,12.3584,12.3550,13.4658,0.0000,-40.2406,0.0432,0.0104,0,3
cimbalom_felt,104,G#7,0.2500,regular,felt_mallet,Felt,0.2950,1.4811,3322.4380,6893.7990,9.8417,20.4208,-39.9040,-54.4360,9,-0.2713,13.0573,13.0546,12.3607,0.0000,-37.0805,0.0560,0.0124,0,3
cimbalom_felt,104,G#7,0.2750,regular,felt_mallet,Felt,0.2950,1.4122,3322.4380,6893.7990,9.3837,19.4704,-43.7259,-54.9849,9,-4.9301,9.7842,9.7828,10.1368,0.0000,-40.0728,0.0361,0.0117,0,3
cimbalom_felt,104,G#7,0.3000,regular,felt_mallet,Felt,0.2950,1.3521,3322.4380,6893.7990,8.9842,18.6415,-70.1421,-56.2468,9,-32.1112,-12.2497,-12.2520,-7.9928,-12.2497,-62.6036,0.0025,0.0101,1,3
cimbalom_felt,104,G#7,0.3250,regular,felt_mallet,Felt,0.2950,1.2990,3322.4380,6893.7990,8.6318,17.9102,-42.5712,-50.1836,9,-5.2447,6.1352,6.1344,6.7446,0.0000,-37.4644,0.0412,0.0203,0,3
cimbalom_felt,104,G#7,0.3500,regular,felt_mallet,Felt,0.2950,1.2518,3322.4380,6893.7990,8.3178,17.2587,-37.8040,-57.5130,9,-1.1302,18.2328,18.2333,20.1400,0.0000,-32.0556,0.0713,0.0087,0,3
cimbalom_felt,104,G#7,0.3750,regular,felt_mallet,Felt,0.2950,1.2093,3322.4380,6893.7990,8.0357,16.6735,-36.0791,-55.0338,9,-0.0137,17.4693,17.4696,16.4052,0.0000,-29.7310,0.0870,0.0116,0,3
cimbalom_felt,104,G#7,0.4000,regular,felt_mallet,Felt,0.2950,1.1709,3322.4380,6893.7990,7.7806,16.1440,-36.0223,-48.5114,7,-0.5266,11.0043,11.0058,10.7564,0.0000,-29.1147,0.0875,0.0247,0,3
cimbalom_felt,104,G#7,0.4250,regular,felt_mallet,Felt,0.2950,1.1359,3322.4380,6893.7990,7.5482,15.6620,-37.3596,-49.0447,7,-2.3996,10.2047,10.2022,10.3235,0.0000,-29.9252,0.0751,0.0232,0,3
cimbalom_felt,104,G#7,0.4500,regular,felt_mallet,Felt,0.2950,1.1039,3322.4380,6893.7990,7.3356,15.2207,-40.4222,-56.6343,7,-5.9678,14.7359,14.7315,16.0779,0.0000,-32.4913,0.0528,0.0097,0,3
cimbalom_felt,104,G#7,0.4750,regular,felt_mallet,Felt,0.2950,1.0745,3322.4380,6893.7990,7.1399,14.8148,-47.2053,-57.6353,7,-13.2296,8.9417,8.9362,5.8346,0.0000,-38.8042,0.0242,0.0086,0,3
cimbalom_felt,104,G#7,0.5000,regular,felt_mallet,Felt,0.2950,1.0473,3322.4380,6893.7990,6.9591,14.4397,-57.3785,-48.6012,7,-23.8575,-10.2537,-10.2508,-7.2527,-10.2537,-48.5194,0.0075,0.0244,0,3
cimbalom_felt,104,G#7,0.5250,regular,felt_mallet,Felt,0.2950,1.0221,3322.4380,6893.7990,6.7914,14.0917,-42.9363,-46.0050,7,-9.8483,1.5849,1.5855,2.2614,0.0000,-33.6627,0.0395,0.0329,0,3
cimbalom_felt,104,G#7,0.5500,regular,felt_mallet,Felt,0.2950,0.9986,3322.4380,6893.7990,6.6353,13.7677,-37.9937,-46.1001,7,-5.3188,6.6222,6.6226,7.2292,0.0000,-28.3169,0.0698,0.0326,0,3
cimbalom_felt,104,G#7,0.5750,regular,felt_mallet,Felt,0.2950,0.9766,3322.4380,6893.7990,6.4894,13.4651,-35.1480,-48.6345,7,-2.8685,12.0027,12.0028,12.8675,0.0000,-25.0847,0.0969,0.0243,0,3
cimbalom_felt,104,G#7,0.6000,regular,felt_mallet,Felt,0.2950,0.9560,3322.4380,6893.7990,6.3528,13.1816,-33.3088,-55.7640,7,-1.4082,20.9728,20.9743,23.0944,0.0000,-22.8765,0.1197,0.0107,0,3
cimbalom_felt,104,G#7,0.6250,regular,felt_mallet,Felt,0.2950,0.9367,3322.4380,6893.7990,6.2244,12.9152,-32.0883,-61.9307,7,-0.5514,28.3444,28.3449,25.3146,0.0000,-21.3018,0.1377,0.0053,0,3
cimbalom_felt,104,G#7,0.6500,regular,felt_mallet,Felt,0.2950,0.9185,3322.4380,6893.7990,6.1036,12.6644,-31.3025,-50.0170,7,-0.1155,17.2259,17.2251,16.4520,0.0000,-20.1754,0.1508,0.0208,0,3
cimbalom_felt,104,G#7,0.6750,regular,felt_mallet,Felt,0.2950,0.9014,3322.4380,6893.7990,5.9895,12.4277,-30.8512,-45.8473,5,-0.0012,13.5063,13.5077,13.1281,0.0000,-19.3964,0.1588,0.0335,0,3
cimbalom_felt,104,G#7,0.7000,regular,felt_mallet,Felt,0.2950,0.8851,3322.4380,6893.7990,5.8815,12.2037,-30.6761,-43.8539,5,-0.1512,11.6929,11.6896,11.4963,0.0000,-18.9051,0.1620,0.0422,0,3
cimbalom_felt,104,G#7,0.7250,regular,felt_mallet,Felt,0.2950,0.8697,3322.4380,6893.7990,5.7793,11.9915,-30.7438,-43.0951,5,-0.5330,10.8625,10.8632,10.7891,0.0000,-18.6681,0.1608,0.0460,0,3
cimbalom_felt,104,G#7,0.7500,regular,felt_mallet,Felt,0.2950,0.8551,3322.4380,6893.7990,5.6821,11.7899,-31.0382,-43.2794,5,-1.1311,10.7524,10.7532,10.7931,0.0000,-18.6686,0.1554,0.0451,0,3
cimbalom_felt,104,G#7,0.7750,regular,felt_mallet,Felt,0.2950,0.8412,3322.4380,6893.7990,5.5897,11.5982,-31.5576,-44.3694,5,-1.9445,11.3241,11.3240,11.5027,0.0000,-18.9031,0.1464,0.0398,0,3
cimbalom_felt,104,G#7,0.8000,regular,felt_mallet,Felt,0.2950,0.8280,3322.4380,6893.7990,5.5017,11.4156,-32.3154,-46.5637,5,-2.9874,12.7624,12.7609,13.1528,0.0000,-19.3851,0.1342,0.0309,0,3
cimbalom_felt,104,G#7,0.8250,regular,felt_mallet,Felt,0.2950,0.8153,3322.4380,6893.7990,5.4177,11.2413,-33.3445,-50.6001,5,-4.2930,15.7725,15.7694,16.6803,0.0000,-20.1469,0.1192,0.0194,0,3
cimbalom_felt,104,G#7,0.8500,regular,felt_mallet,Felt,0.2950,0.8032,3322.4380,6893.7990,5.3374,11.0747,-34.7077,-60.3308,5,-5.9248,24.1466,24.1440,28.5770,0.0000,-21.2507,0.1019,0.0063,0,3
cimbalom_felt,104,G#7,0.8750,regular,felt_mallet,Felt,0.2950,0.7917,3322.4380,6893.7990,5.2606,10.9154,-36.5234,-59.0005,5,-8.0016,20.9709,20.9773,17.7587,0.0000,-22.8160,0.0826,0.0074,0,3
cimbalom_felt,104,G#7,0.9000,regular,felt_mallet,Felt,0.2950,0.7806,3322.4380,6893.7990,5.1870,10.7627,-39.0322,-49.9751,5,-10.7644,9.4475,9.4485,7.7349,0.0000,-25.0813,0.0619,0.0209,0,3
cimbalom_felt,104,G#7,0.9250,regular,felt_mallet,Felt,0.2950,0.7700,3322.4380,6893.7990,5.1165,10.6163,-42.8230,-45.8908,5,-14.8025,1.5736,1.5734,-0.1685,0.0000,-28.6338,0.0400,0.0334,0,3
cimbalom_felt,104,G#7,0.9500,regular,felt_mallet,Felt,0.2950,0.7598,3322.4380,6893.7990,5.0487,10.4756,-50.1167,-43.4180,5,-22.3372,-8.1959,-8.1972,-11.6259,-8.1959,-35.6997,0.0173,0.0444,0,3
cimbalom_felt,104,G#7,0.9750,regular,felt_mallet,Felt,0.2950,0.7500,3322.4380,6893.7990,4.9835,10.3405,-59.2963,-41.8063,5,-31.7517,-18.9621,-18.9570,-13.7695,-18.9621,-44.6280,0.0060,0.0534,1,3
cimbalom_felt,104,G#7,1.0000,regular,felt_mallet,Felt,0.2950,0.7405,3322.4380,6893.7990,4.9209,10.2104,-45.4468,-40.7612,5,-18.1315,-6.1719,-6.1709,-4.8830,-6.1719,-30.5742,0.0296,0.0602,0,3
cimbalom_felt,104,G#7,0.4200,corpus,felt_mallet,Felt,0.2950,1.1427,3322.4380,6893.7990,7.5930,15.7550,-36.9753,-48.5215,7,-1.9106,10.0661,10.0633,10.1023,0.0000,-29.6432,0.0784,0.0246,0,3
cimbalom_felt,104,G#7,0.4600,corpus,felt_mallet,Felt,0.2950,1.0919,3322.4380,6893.7990,7.2554,15.0544,-42.4272,-68.4448,7,-8.1673,24.5490,24.5517,37.6364,0.0000,-34.3068,0.0419,0.0025,1,3
cimbalom_felt,105,A7,0.0500,regular,felt_mallet,Felt,0.2950,3.2512,3520.0000,7334.4720,22.8883,47.6914,-69.5304,-68.1970,23,-15.1625,-2.6500,-2.7046,2.4399,-2.6500,-80.6772,0.0019,0.0025,1,3
cimbalom_felt,105,A7,0.0750,regular,felt_mallet,Felt,0.2950,2.6546,3520.0000,7334.4720,18.6882,38.9399,-57.3888,-84.1178,19,-6.5510,21.2081,21.2798,17.4267,0.0000,-65.0324,0.0075,0.0006,1,3
cimbalom_felt,105,A7,0.1000,regular,felt_mallet,Felt,0.2950,2.2989,3520.0000,7334.4720,16.1845,33.7229,-48.7007,-61.9595,17,-0.3699,11.8174,11.8198,12.6494,0.0000,-53.8458,0.0203,0.0052,0,3
cimbalom_felt,105,A7,0.1250,regular,felt_mallet,Felt,0.2950,2.0562,3520.0000,7334.4720,14.4758,30.1627,-49.0771,-59.4560,15,-2.6929,8.9182,8.9277,9.1618,0.0000,-52.2789,0.0195,0.0070,0,3
cimbalom_felt,105,A7,0.1500,regular,felt_mallet,Felt,0.2950,1.8771,3520.0000,7334.4720,13.2146,27.5346,-54.4033,-60.1462,13,-9.6111,4.2791,4.2825,3.7167,0.0000,-56.0214,0.0105,0.0064,0,3
cimbalom_felt,105,A7,0.1750,regular,felt_mallet,Felt,0.2950,1.7378,3520.0000,7334.4720,12.2343,25.4921,-44.0471,-59.3620,13,-0.6021,13.8528,13.8546,15.1424,0.0000,-44.3226,0.0347,0.0070,0,3
cimbalom_felt,105,A7,0.2000,regular,felt_mallet,Felt,0.2950,1.6256,3520.0000,7334.4720,11.4442,23.8457,-46.1201,-55.3388,11,-3.8433,7.7502,7.7503,7.4441,0.0000,-45.2371,0.0274,0.0112,0,3
cimbalom_felt,105,A7,0.2250,regular,felt_mallet,Felt,0.2950,1.5326,3520.0000,7334.4720,10.7897,22.4819,-51.0230,-56.8269,11,-9.7776,4.3371,4.3347,4.6983,0.0000,-49.1106,0.0156,0.0095,0,3
cimbalom_felt,105,A7,0.2500,regular,felt_mallet,Felt,0.2950,1.4540,3520.0000,7334.4720,10.2360,21.3282,-40.9327,-59.2811,11,-0.6108,16.8845,16.8804,18.6603,0.0000,-38.1071,0.0497,0.0071,0,3
cimbalom_felt,105,A7,0.2750,regular,felt_mallet,Felt,0.2950,1.3863,3520.0000,7334.4720,9.7596,20.3357,-40.1202,-53.5773,9,-0.6345,11.9841,11.9806,11.3810,0.0000,-36.4695,0.0546,0.0137,0,3
cimbalom_felt,105,A7,0.3000,regular,felt_mallet,Felt,0.2950,1.3273,3520.0000,7334.4720,9.3441,19.4699,-44.4921,-54.9922,9,-5.7707,9.0289,9.0244,9.2844,0.0000,-40.0873,0.0330,0.0117,0,3
cimbalom_felt,105,A7,0.3250,regular,felt_mallet,Felt,0.2950,1.2752,3520.0000,7334.4720,8.9775,18.7061,-67.0677,-57.8790,9,-29.0499,-9.7839,-9.7890,-5.3845,-9.7839,-61.0710,0.0027,0.0084,1,3
cimbalom_felt,105,A7,0.3500,regular,felt_mallet,Felt,0.2950,1.2288,3520.0000,7334.4720,8.6510,18.0257,-43.0257,-50.2159,9,-5.6599,5.7150,5.7131,6.2351,0.0000,-37.2751,0.0391,0.0203,0,3
cimbalom_felt,105,A7,0.3750,regular,felt_mallet,Felt,0.2950,1.1872,3520.0000,7334.4720,8.3576,17.4144,-38.2074,-53.9585,9,-1.4494,14.2740,14.2746,15.4375,0.0000,-31.8603,0.0681,0.0132,0,3
cimbalom_felt,105,A7,0.4000,regular,felt_mallet,Felt,0.2950,1.1495,3520.0000,7334.4720,8.0922,16.8615,-36.2806,-62.3597,9,-0.0915,24.5896,24.5899,22.0573,0.0000,-29.3725,0.0850,0.0050,0,3
cimbalom_felt,105,A7,0.4250,regular,felt_mallet,Felt,0.2950,1.1151,3520.0000,7334.4720,7.8506,16.3580,-35.8954,-49.9693,7,-0.2413,12.5891,12.5912,12.1269,0.0000,-28.4610,0.0888,0.0209,0,3
cimbalom_felt,105,A7,0.4500,regular,felt_mallet,Felt,0.2950,1.0837,3520.0000,7334.4720,7.6294,15.8971,-36.7121,-48.1322,7,-1.5629,9.9358,9.9378,9.8427,0.0000,-28.7811,0.0809,0.0258,0,3
cimbalom_felt,105,A7,0.4750,regular,felt_mallet,Felt,0.2950,1.0548,3520.0000,7334.4720,7.4260,15.4731,-38.8196,-50.9396,7,-4.1484,10.6383,10.6382,10.9520,0.0000,-30.4189,0.0634,0.0186,0,3
cimbalom_felt,105,A7,0.5000,regular,felt_mallet,Felt,0.2950,1.0281,3520.0000,7334.4720,7.2379,15.0813,-42.9692,-64.9941,7,-8.7521,20.5562,20.5529,26.3800,0.0000,-34.1239,0.0393,0.0037,0,3
cimbalom_felt,105,A7,0.5250,regular,felt_mallet,Felt,0.2950,1.0033,3520.0000,7334.4720,7.0635,14.7179,-53.8231,-54.0289,7,-20.0382,-1.2870,-1.2898,-5.7633,-1.2870,-44.5583,0.0113,0.0131,0,3
cimbalom_felt,105,A7,0.5500,regular,felt_mallet,Felt,0.2950,0.9803,3520.0000,7334.4720,6.9011,14.3795,-49.5799,-47.9120,7,-16.2075,-3.1470,-3.1480,-1.9406,-3.1470,-39.9011,0.0184,0.0264,0,3
cimbalom_felt,105,A7,0.5750,regular,felt_mallet,Felt,0.2950,0.9587,3520.0000,7334.4720,6.7494,14.0634,-41.3012,-45.9228,7,-8.3234,3.1406,3.1388,3.7060,0.0000,-31.2381,0.0477,0.0332,0,3
cimbalom_felt,105,A7,0.6000,regular,felt_mallet,Felt,0.2950,0.9385,3520.0000,7334.4720,6.6073,13.7673,-37.3538,-46.1016,7,-4.7542,7.2652,7.2645,7.8356,0.0000,-26.9207,0.0751,0.0325,0,3
cimbalom_felt,105,A7,0.6250,regular,felt_mallet,Felt,0.2950,0.9196,3520.0000,7334.4720,6.4738,13.4892,-34.9037,-48.3122,7,-2.6671,11.9268,11.9255,12.7288,0.0000,-24.1172,0.0996,0.0252,0,3
cimbalom_felt,105,A7,0.6500,regular,felt_mallet,Felt,0.2950,0.9017,3520.0000,7334.4720,6.3481,13.2272,-33.2561,-53.9430,7,-1.3687,19.2011,19.2059,20.8830,0.0000,-22.1292,0.1204,0.0132,0,3
cimbalom_felt,105,A7,0.6750,regular,felt_mallet,Felt,0.2950,0.8849,3520.0000,7334.4720,6.2294,12.9800,-32.1277,-74.5179,7,-0.5766,36.8956,36.9058,31.8288,0.0000,-20.6732,0.1371,0.0020,1,3
cimbalom_felt,105,A7,0.7000,regular,felt_mallet,Felt,0.2950,0.8689,3520.0000,7334.4720,6.1172,12.7461,-31.3746,-52.3760,7,-0.1479,19.5099,19.5119,18.4550,0.0000,-19.6041,0.1495,0.0158,0,3
cimbalom_felt,105,A7,0.7250,regular,felt_mallet,Felt,0.2950,0.8538,3520.0000,7334.4720,6.0108,12.5244,-30.9146,-47.2106,7,-0.0012,14.8084,14.8080,14.3023,0.0000,-18.8394,0.1577,0.0287,0,3
cimbalom_felt,105,A7,0.7500,regular,felt_mallet,Felt,0.2950,0.8395,3520.0000,7334.4720,5.9097,12.3139,-30.6980,-44.6597,5,-0.0876,12.4730,12.4742,12.1888,0.0000,-18.3278,0.1616,0.0384,0,3
cimbalom_felt,105,A7,0.7750,regular,felt_mallet,Felt,0.2950,0.8258,3520.0000,7334.4720,5.8136,12.1136,-30.6947,-43.4107,5,-0.3776,11.2280,11.2286,11.0790,0.0000,-18.0403,0.1617,0.0444,0,3
cimbalom_felt,105,A7,0.8000,regular,felt_mallet,Felt,0.2950,0.8128,3520.0000,7334.4720,5.7221,11.9228,-30.8881,-43.0578,5,-0.8554,10.6837,10.6824,10.6385,0.0000,-17.9579,0.1581,0.0462,0,3
cimbalom_felt,105,A7,0.8250,regular,felt_mallet,Felt,0.2950,0.8004,3520.0000,7334.4720,5.6347,11.7408,-31.2729,-43.4654,5,-1.5160,10.7049,10.7053,10.7689,0.0000,-18.0753,0.1513,0.0441,0,3
cimbalom_felt,105,A7,0.8500,regular,felt_mallet,Felt,0.2950,0.7885,3520.0000,7334.4720,5.5512,11.5669,-31.8538,-44.6512,5,-2.3648,11.3104,11.3104,11.5026,0.0000,-18.3965,0.1415,0.0385,0,3
cimbalom_felt,105,A7,0.8750,regular,felt_mallet,Felt,0.2950,0.7772,3520.0000,7334.4720,5.4714,11.4004,-32.6480,-46.8174,5,-3.4193,12.6803,12.6828,13.0828,0.0000,-18.9400,0.1291,0.0300,0,3
cimbalom_felt,105,A7,0.9000,regular,felt_mallet,Felt,0.2950,0.7663,3520.0000,7334.4720,5.3948,11.2410,-33.6890,-50.6099,5,-4.7136,15.4366,15.4354,16.3288,0.0000,-19.7360,0.1145,0.0194,0,3
cimbalom_felt,105,A7,0.9250,regular,felt_mallet,Felt,0.2950,0.7559,3520.0000,7334.4720,5.3214,11.0880,-35.0371,-58.9364,5,-6.3082,22.4226,22.4194,25.9245,0.0000,-20.8464,0.0981,0.0074,0,3
cimbalom_felt,105,A7,0.9500,regular,felt_mallet,Felt,0.2950,0.7459,3520.0000,7334.4720,5.2509,10.9412,-36.8009,-62.1857,5,-8.3123,23.8818,23.8816,19.6667,0.0000,-22.3783,0.0800,0.0051,0,3
cimbalom_felt,105,A7,0.9750,regular,felt_mallet,Felt,0.2950,0.7362,3520.0000,7334.4720,5.1832,10.8000,-39.1945,-51.4614,5,-10.9401,10.7720,10.7727,8.8401,0.0000,-24.5476,0.0608,0.0176,0,3
cimbalom_felt,105,A7,1.0000,regular,felt_mallet,Felt,0.2950,0.7270,3520.0000,7334.4720,5.1180,10.6641,-42.7168,-47.0010,5,-14.6910,2.7881,2.7904,0.9558,0.0000,-27.8509,0.0405,0.0294,0,3
cimbalom_felt,105,A7,0.4200,corpus,felt_mallet,Felt,0.2950,1.1218,3520.0000,7334.4720,7.8972,16.4551,-35.8723,-51.0588,7,-0.1137,13.7030,13.7036,13.1141,0.0000,-28.5404,0.0891,0.0184,0,3
cimbalom_felt,105,A7,0.4600,corpus,felt_mallet,Felt,0.2950,1.0719,3520.0000,7334.4720,7.5461,15.7234,-37.3803,-48.6737,7,-2.4254,9.8098,9.8112,9.8472,0.0000,-29.2587,0.0749,0.0242,0,3
cimbalom_felt,106,A#7,0.0500,regular,felt_mallet,Felt,0.2950,3.1916,3729.3100,7806.7650,23.8052,49.8327,-55.4646,-68.2004,23,-0.4131,11.3762,11.3585,11.7294,0.0000,-66.6509,0.0093,0.0025,0,3
cimbalom_felt,106,A#7,0.0750,regular,felt_mallet,Felt,0.2950,2.6060,3729.3100,7806.7650,19.4369,40.6883,-55.4852,-70.9254,19,-3.9631,14.0262,14.0123,10.4993,0.0000,-63.1291,0.0093,0.0019,1,3
cimbalom_felt,106,A#7,0.1000,regular,felt_mallet,Felt,0.2950,2.2568,3729.3100,7806.7650,16.8328,35.2371,-60.7302,-70.6546,17,-11.7146,8.5137,8.5064,15.2132,0.0000,-65.8656,0.0051,0.0019,1,3
cimbalom_felt,106,A#7,0.1250,regular,felt_mallet,Felt,0.2950,2.0186,3729.3100,7806.7650,15.0557,31.5170,-68.2345,-62.7175,15,-21.1648,-6.9621,-6.9802,-18.7152,-6.9621,-71.4535,0.0021,0.0048,1,3
cimbalom_felt,106,A#7,0.1500,regular,felt_mallet,Felt,0.2950,1.8427,3729.3100,7806.7650,13.7440,28.7710,-46.2007,-67.4149,13,-0.7223,19.7441,19.7501,16.9216,0.0000,-47.8220,0.0271,0.0028,0,3
cimbalom_felt,106,A#7,0.1750,regular,felt_mallet,Felt,0.2950,1.7060,3729.3100,7806.7650,12.7244,26.6367,-51.6775,-62.3565,13,-7.5458,9.2233,9.2172,8.7787,0.0000,-51.9539,0.0144,0.0050,0,3
cimbalom_felt,106,A#7,0.2000,regular,felt_mallet,Felt,0.2950,1.5958,3729.3100,7806.7650,11.9026,24.9164,-43.0662,-73.5012,11,-0.1020,28.9992,28.9489,23.5353,0.0000,-42.1826,0.0389,0.0014,1,3
cimbalom_felt,106,A#7,0.2250,regular,felt_mallet,Felt,0.2950,1.5046,3729.3100,7806.7650,11.2219,23.4914,-51.2649,-57.9501,11,-9.3315,5.2152,5.2170,4.9358,0.0000,-49.3596,0.0151,0.0083,0,3
cimbalom_felt,106,A#7,0.2500,regular,felt_mallet,Felt,0.2950,1.4273,3729.3100,7806.7650,10.6460,22.2859,-46.5608,-54.8106,11,-5.5503,6.7806,6.7806,7.0298,0.0000,-43.7351,0.0260,0.0119,0,3
cimbalom_felt,106,A#7,0.2750,regular,felt_mallet,Felt,0.2950,1.3609,3729.3100,7806.7650,10.1506,21.2488,-40.4202,-61.4584,11,-0.2453,19.5759,19.5724,22.0016,0.0000,-36.7673,0.0528,0.0055,0,3
cimbalom_felt,106,A#7,0.3000,regular,felt_mallet,Felt,0.2950,1.3030,3729.3100,7806.7650,9.7184,20.3441,-40.2901,-53.6527,9,-0.8787,11.8900,11.8869,11.2525,0.0000,-35.8840,0.0535,0.0136,0,3
cimbalom_felt,106,A#7,0.3250,regular,felt_mallet,Felt,0.2950,1.2519,3729.3100,7806.7650,9.3372,19.5460,-44.6388,-54.0454,9,-5.9304,7.9321,7.9315,7.9717,0.0000,-39.5380,0.0324,0.0130,0,3
cimbalom_felt,106,A#7,0.3500,regular,felt_mallet,Felt,0.2950,1.2063,3729.3100,7806.7650,8.9975,18.8350,-86.2727,-62.7999,9,-48.2158,-7.6188,-7.6358,-6.1450,-7.6188,-63.1853,0.0020,0.0048,1,3
cimbalom_felt,106,A#7,0.3750,regular,felt_mallet,Felt,0.2950,1.1654,3729.3100,7806.7650,8.6924,18.1963,-44.1094,-50.7929,9,-6.6595,5.2067,5.2072,5.6178,0.0000,-37.7605,0.0345,0.0190,0,3
cimbalom_felt,106,A#7,0.4000,regular,felt_mallet,Felt,0.2950,1.1284,3729.3100,7806.7650,8.4164,17.6185,-38.8896,-51.4734,9,-2.0080,11.1079,11.1074,11.8473,0.0000,-31.9803,0.0629,0.0175,0,3
cimbalom_felt,106,A#7,0.4250,regular,felt_mallet,Felt,0.2950,1.0947,3729.3100,7806.7650,8.1651,17.0925,-36.6427,-66.0686,9,-0.2955,27.9599,27.9602,34.6636,0.0000,-29.2080,0.0815,0.0033,0,3
cimbalom_felt,106,A#7,0.4500,regular,felt_mallet,Felt,0.2950,1.0639,3729.3100,7806.7650,7.9351,16.6109,-35.8882,-53.6086,7,-0.0453,16.2310,16.2374,15.3178,0.0000,-27.9577,0.0889,0.0137,0,3
cimbalom_felt,106,A#7,0.4750,regular,felt_mallet,Felt,0.2950,1.0355,3729.3100,7806.7650,7.7234,16.1679,-36.2124,-48.6184,7,-0.8468,10.9246,10.9243,10.6179,0.0000,-27.8116,0.0857,0.0244,0,3
cimbalom_felt,106,A#7,0.5000,regular,felt_mallet,Felt,0.2950,1.0093,3729.3100,7806.7650,7.5279,15.7585,-37.5585,-48.5061,7,-2.6462,9.4646,9.4662,9.4445,0.0000,-28.7126,0.0733,0.0247,0,3
cimbalom_felt,106,A#7,0.5250,regular,felt_mallet,Felt,0.2950,0.9850,3729.3100,7806.7650,7.3465,15.3787,-40.1985,-52.4697,7,-5.7178,10.7880,10.7906,11.2433,0.0000,-30.9297,0.0541,0.0156,0,3
cimbalom_felt,106,A#7,0.5500,regular,felt_mallet,Felt,0.2950,0.9623,3729.3100,7806.7650,7.1775,15.0251,-45.2731,-75.1071,7,-11.2044,24.9316,24.9372,30.1127,0.0000,-35.6012,0.0302,0.0017,1,3
cimbalom_felt,106,A#7,0.5750,regular,felt_mallet,Felt,0.2950,0.9412,3729.3100,7806.7650,7.0198,14.6949,-63.8308,-53.3695,7,-30.1559,-11.8404,-11.8367,-44.9921,-11.8404,-53.6565,0.0036,0.0141,1,3
cimbalom_felt,106,A#7,0.6000,regular,felt_mallet,Felt,0.2950,0.9213,3729.3100,7806.7650,6.8720,14.3855,-47.2877,-47.9752,7,-13.9904,-0.7968,-0.7930,0.0565,-0.7968,-36.8545,0.0239,0.0262,0,3
cimbalom_felt,106,A#7,0.6250,regular,felt_mallet,Felt,0.2950,0.9027,3729.3100,7806.7650,6.7331,14.0948,-40.7426,-46.0153,7,-7.8076,3.7898,3.7906,4.2841,0.0000,-29.9566,0.0508,0.0329,0,3
cimbalom_felt,106,A#7,0.6500,regular,felt_mallet,Felt,0.2950,0.8852,3729.3100,7806.7650,6.6024,13.8211,-37.2469,-45.9236,7,-4.6605,7.1951,7.1942,7.7089,0.0000,-26.1186,0.0761,0.0332,0,3
cimbalom_felt,106,A#7,0.6750,regular,felt_mallet,Felt,0.2950,0.8687,3729.3100,7806.7650,6.4790,13.5628,-34.9833,-47.4800,7,-2.7325,11.0131,11.0144,11.6980,0.0000,-23.5293,0.0987,0.0278,0,3
cimbalom_felt,106,A#7,0.7000,regular,felt_mallet,Felt,0.2950,0.8530,3729.3100,7806.7650,6.3622,13.3184,-33.4161,-51.3132,7,-1.4890,16.4203,16.4158,17.6008,0.0000,-21.6450,0.1182,0.0179,0,3
cimbalom_felt,106,A#7,0.7250,regular,felt_mallet,Felt,0.2950,0.8382,3729.3100,7806.7650,6.2516,13.0867,-32.3109,-61.9644,7,-0.6965,28.1717,28.1799,33.1679,0.0000,-20.2350,0.1343,0.0052,0,3
cimbalom_felt,106,A#7,0.7500,regular,felt_mallet,Felt,0.2950,0.8241,3729.3100,7806.7650,6.1465,12.8668,-31.5440,-57.9746,7,-0.2320,24.9429,24.9385,22.9085,0.0000,-19.1743,0.1466,0.0083,0,3
cimbalom_felt,106,A#7,0.7750,regular,felt_mallet,Felt,0.2950,0.8107,3729.3100,7806.7650,6.0465,12.6575,-31.0426,-49.8478,7,-0.0232,17.3165,17.3174,16.5433,0.0000,-18.3872,0.1554,0.0212,0,3
cimbalom_felt,106,A#7,0.8000,regular,felt_mallet,Felt,0.2950,0.7979,3729.3100,7806.7650,5.9513,12.4582,-30.7612,-46.2378,5,-0.0254,13.9908,13.9897,13.5594,0.0000,-17.8309,0.1605,0.0321,0,3
cimbalom_felt,106,A#7,0.8250,regular,felt_mallet,Felt,0.2950,0.7857,3729.3100,7806.7650,5.8604,12.2680,-30.6710,-44.2864,5,-0.2104,12.1284,12.1288,11.8693,0.0000,-17.4731,0.1621,0.0401,0,3
cimbalom_felt,106,A#7,0.8500,regular,felt_mallet,Felt,0.2950,0.7741,3729.3100,7806.7650,5.7736,12.0862,-30.7545,-43.3118,5,-0.5612,11.0689,11.0708,10.9238,0.0000,-17.2978,0.1606,0.0449,0,3
cimbalom_felt,106,A#7,0.8750,regular,felt_mallet,Felt,0.2950,0.7629,3729.3100,7806.7650,5.6905,11.9123,-31.0031,-43.0611,5,-1.0694,10.5706,10.5716,10.5212,0.0000,-17.2946,0.1560,0.0462,0,3
cimbalom_felt,106,A#7,0.9000,regular,felt_mallet,Felt,0.2950,0.7523,3729.3100,7806.7650,5.6109,11.7457,-31.4154,-43.4442,5,-1.7343,10.5428,10.5425,10.5903,0.0000,-17.4619,0.1488,0.0442,0,3
cimbalom_felt,106,A#7,0.9250,regular,felt_mallet,Felt,0.2950,0.7420,3729.3100,7806.7650,5.5346,11.5859,-31.9981,-44.4763,5,-2.5630,10.9913,10.9920,11.1531,0.0000,-17.8069,0.1392,0.0393,0,3
cimbalom_felt,106,A#7,0.9500,regular,felt_mallet,Felt,0.2950,0.7322,3729.3100,7806.7650,5.4613,11.4324,-32.7675,-46.2968,5,-3.5719,12.0439,12.0435,12.3804,0.0000,-18.3449,0.1274,0.0318,0,3
cimbalom_felt,106,A#7,0.9750,regular,felt_mallet,Felt,0.2950,0.7228,3729.3100,7806.7650,5.3908,11.2849,-33.7527,-49.3072,5,-4.7906,14.0716,14.0694,14.7461,0.0000,-19.1047,0.1137,0.0225,0,3
cimbalom_felt,106,A#7,1.0000,regular,felt_mallet,Felt,0.2950,0.7137,3729.3100,7806.7650,5.3230,11.1429,-35.0034,-54.8573,5,-6.2692,18.3753,18.3713,20.1610,0.0000,-20.1357,0.0984,0.0119,0,3
cimbalom_felt,106,A#7,0.4200,corpus,felt_mallet,Felt,0.2950,1.1012,3729.3100,7806.7650,8.2136,17.1939,-36.9499,-59.8450,9,-0.4983,21.4359,21.4225,24.0305,0.0000,-29.6166,0.0787,0.0067,0,3
cimbalom_felt,106,A#7,0.4600,corpus,felt_mallet,Felt,0.2950,1.0523,3729.3100,7806.7650,7.8483,16.4294,-35.8978,-50.7390,7,-0.2488,13.3577,13.3592,12.7876,0.0000,-27.7756,0.0888,0.0191,0,3
cimbalom_felt,107,B7,0.0500,regular,felt_mallet,Felt,0.2950,3.1332,3951.0670,8313.4620,24.7589,52.0953,-64.3760,-68.7663,25,-8.6409,3.0536,3.0307,4.9370,0.0000,-75.5457,0.0033,0.0024,0,3
cimbalom_felt,107,B7,0.0750,regular,felt_mallet,Felt,0.2950,2.5582,3951.0670,8313.4620,20.2155,42.5356,-52.7137,-68.6695,21,-0.5076,14.5264,14.5431,13.1730,0.0000,-60.3682,0.0128,0.0024,0,3
cimbalom_felt,107,B7,0.1000,regular,felt_mallet,Felt,0.2950,2.2155,3951.0670,8313.4620,17.5072,36.8369,-52.6140,-74.5691,17,-2.9137,20.5115,20.5080,15.5197,0.0000,-57.7613,0.0129,0.0012,1,3
cimbalom_felt,107,B7,0.1250,regular,felt_mallet,Felt,0.2950,1.9816,3951.0670,8313.4620,15.6589,32.9479,-49.0665,-82.4612,15,-1.3116,27.9454,28.0898,22.4756,0.0000,-52.2745,0.0195,0.0008,1,3
cimbalom_felt,107,B7,0.1500,regular,felt_mallet,Felt,0.2950,1.8089,3951.0670,8313.4620,14.2945,30.0772,-47.1290,-59.1839,15,-0.9648,10.6075,10.6053,10.7584,0.0000,-48.7482,0.0244,0.0072,0,3
cimbalom_felt,107,B7,0.1750,regular,felt_mallet,Felt,0.2950,1.6748,3951.0670,8313.4620,13.2342,27.8461,-53.7019,-58.0357,13,-8.8838,2.8665,2.8746,1.6864,0.0000,-53.9859,0.0114,0.0082,0,3
cimbalom_felt,107,B7,0.2000,regular,felt_mallet,Felt,0.2950,1.5666,3951.0670,8313.4620,12.3794,26.0476,-45.2949,-56.6422,13,-1.6438,9.8869,9.8876,10.1613,0.0000,-44.4110,0.0301,0.0096,0,3
cimbalom_felt,107,B7,0.2250,regular,felt_mallet,Felt,0.2950,1.4770,3951.0670,8313.4620,11.6714,24.5579,-43.8331,-59.4708,11,-1.2121,14.1768,14.1696,12.8346,0.0000,-41.9273,0.0356,0.0070,0,3
cimbalom_felt,107,B7,0.2500,regular,felt_mallet,Felt,0.2950,1.4012,3951.0670,8313.4620,11.0725,23.2977,-60.5884,-61.5973,11,-18.8897,-0.4422,-0.4639,-3.4318,-0.4422,-57.7714,0.0052,0.0054,0,3
cimbalom_felt,107,B7,0.2750,regular,felt_mallet,Felt,0.2950,1.3360,3951.0670,8313.4620,10.5572,22.2135,-44.7294,-54.3449,11,-3.8657,8.1488,8.1471,8.3331,0.0000,-41.0778,0.0321,0.0126,0,3
cimbalom_felt,107,B7,0.3000,regular,felt_mallet,Felt,0.2950,1.2791,3951.0670,8313.4620,10.1078,21.2678,-40.2258,-60.8688,11,-0.1250,19.1771,19.1777,21.3485,0.0000,-35.8194,0.0539,0.0059,0,3
cimbalom_felt,107,B7,0.3250,regular,felt_mallet,Felt,0.2950,1.2289,3951.0670,8313.4620,9.7112,20.4334,-40.3244,-54.5840,9,-0.9260,12.7838,12.7845,11.9670,0.0000,-35.2229,0.0533,0.0122,0,3
cimbalom_felt,107,B7,0.3500,regular,felt_mallet,Felt,0.2950,1.1842,3951.0670,8313.4620,9.3580,19.6902,-44.2108,-52.8197,9,-5.4633,7.1365,7.1344,6.9666,0.0000,-38.4661,0.0341,0.0150,0,3
cimbalom_felt,107,B7,0.3750,regular,felt_mallet,Felt,0.2950,1.1441,3951.0670,8313.4620,9.0407,19.0225,-62.0417,-80.1832,9,-23.9007,10.8714,10.8063,4.6583,0.0000,-55.7097,0.0044,0.0013,1,3
cimbalom_felt,107,B7,0.4000,regular,felt_mallet,Felt,0.2950,1.1077,3951.0670,8313.4620,8.7536,18.4185,-46.0354,-52.6139,9,-8.4620,5.1004,5.1033,5.3708,0.0000,-39.1249,0.0277,0.0154,0,3
cimbalom_felt,107,B7,0.4250,regular,felt_mallet,Felt,0.2950,1.0747,3951.0670,8313.4620,8.4922,17.8685,-39.9450,-50.2429,9,-2.9054,8.8206,8.8222,9.2906,0.0000,-32.5089,0.0557,0.0202,0,3
cimbalom_felt,107,B7,0.4500,regular,felt_mallet,Felt,0.2950,1.0444,3951.0670,8313.4620,8.2530,17.3651,-37.2404,-54.8694,9,-0.7045,16.1595,16.1545,17.4378,0.0000,-29.3092,0.0761,0.0118,0,3
cimbalom_felt,107,B7,0.4750,regular,felt_mallet,Felt,0.2950,1.0165,3951.0670,8313.4620,8.0328,16.9019,-36.0706,-65.3685,9,-0.0116,27.8163,27.8068,24.3601,0.0000,-27.6698,0.0871,0.0035,0,3
cimbalom_felt,107,B7,0.5000,regular,felt_mallet,Felt,0.2950,0.9908,3951.0670,8313.4620,7.8294,16.4740,-35.9219,-51.3091,7,-0.3155,13.9120,13.9059,13.2569,0.0000,-27.0758,0.0886,0.0178,0,3
cimbalom_felt,107,B7,0.5250,regular,felt_mallet,Felt,0.2950,0.9669,3951.0670,8313.4620,7.6408,16.0769,-36.6387,-48.2781,7,-1.4633,10.1581,10.1587,9.8938,0.0000,-27.3694,0.0815,0.0253,0,3
cimbalom_felt,107,B7,0.5500,regular,felt_mallet,Felt,0.2950,0.9447,3951.0670,8313.4620,7.4651,15.7073,-38.2780,-48.7611,7,-3.5139,9.0025,9.0025,8.9863,0.0000,-28.6041,0.0675,0.0239,0,3
cimbalom_felt,107,B7,0.5750,regular,felt_mallet,Felt,0.2950,0.9239,3951.0670,8313.4620,7.3010,15.3621,-41.2034,-52.7966,7,-6.8326,10.1120,10.1134,10.5461,0.0000,-31.1439,0.0482,0.0151,0,3
cimbalom_felt,107,B7,0.6000,regular,felt_mallet,Felt,0.2950,0.9045,3951.0670,8313.4620,7.1473,15.0386,-46.7870,-71.3998,7,-12.7931,22.4555,22.4619,40.4001,0.0000,-36.3608,0.0253,0.0019,1,3
cimbalom_felt,107,B7,0.6250,regular,felt_mallet,Felt,0.2950,0.8862,3951.0670,8313.4620,7.0029,14.7348,-80.5723,-54.5513,7,-46.9402,-13.4724,-13.4594,-13.0918,-13.4724,-55.7496,0.0026,0.0123,1,3
cimbalom_felt,107,B7,0.6500,regular,felt_mallet,Felt,0.2950,0.8690,3951.0670,8313.4620,6.8669,14.4486,-46.9398,-48.7144,7,-13.6556,0.2977,0.2948,1.0185,0.0000,-35.8073,0.0249,0.0241,0,3
cimbalom_felt,107,B7,0.6750,regular,felt_mallet,Felt,0.2950,0.8527,3951.0670,8313.4620,6.7385,14.1785,-40.9232,-46.3681,7,-7.9741,3.9653,3.9637,4.3982,0.0000,-29.4659,0.0498,0.0316,0,3
cimbalom_felt,107,B7,0.7000,regular,felt_mallet,Felt,0.2950,0.8374,3951.0670,8313.4620,6.6171,13.9230,-37.5717,-45.7681,7,-4.9457,6.7139,6.7148,7.1596,0.0000,-25.8007,0.0733,0.0338,0,3
cimbalom_felt,107,B7,0.7250,regular,felt_mallet,Felt,0.2950,0.8228,3951.0670,8313.4620,6.5020,13.6809,-35.3515,-46.5383,7,-3.0376,9.7046,9.7052,10.2603,0.0000,-23.2754,0.0946,0.0309,0,3
cimbalom_felt,107,B7,0.7500,regular,felt_mallet,Felt,0.2950,0.8090,3951.0670,8313.4620,6.3927,13.4509,-33.7817,-48.8361,7,-1.7695,13.5744,13.5733,14.3993,0.0000,-21.4111,0.1133,0.0238,0,3
cimbalom_felt,107,B7,0.7750,regular,felt_mallet,Felt,0.2950,0.7958,3951.0670,8313.4620,6.2888,13.2322,-32.6461,-53.7691,7,-0.9259,19.6481,19.6436,21.2536,0.0000,-19.9914,0.1292,0.0135,0,3
cimbalom_felt,107,B7,0.8000,regular,felt_mallet,Felt,0.2950,0.7833,3951.0670,8313.4620,6.1897,13.0238,-31.8286,-73.0811,7,-0.3915,36.9332,36.9524,44.6799,0.0000,-18.8979,0.1419,0.0020,1,3
cimbalom_felt,107,B7,0.8250,regular,felt_mallet,Felt,0.2950,0.7713,3951.0670,8313.4620,6.0952,12.8250,-31.2600,-55.5941,7,-0.0975,22.8444,22.8447,21.2643,0.0000,-18.0621,0.1515,0.0109,0,3
cimbalom_felt,107,B7,0.8500,regular,felt_mallet,Felt,0.2950,0.7599,3951.0670,8313.4620,6.0049,12.6350,-30.8962,-49.3204,7,-0.0003,16.9367,16.9374,16.2060,0.0000,-17.4390,0.1580,0.0225,0,3
cimbalom_felt,107,B7,0.8750,regular,felt_mallet,Felt,0.2950,0.7490,3951.0670,8313.4620,5.9185,12.4531,-30.7083,-46.1709,5,-0.0714,13.9762,13.9767,13.5383,0.0000,-16.9996,0.1614,0.0323,0,3
cimbalom_felt,107,B7,0.9000,regular,felt_mallet,Felt,0.2950,0.7385,3951.0670,8313.4620,5.8357,12.2790,-30.6774,-44.3708,5,-0.2925,12.2068,12.2077,11.9292,0.0000,-16.7238,0.1620,0.0397,0,3
cimbalom_felt,107,B7,0.9250,regular,felt_mallet,Felt,0.2950,0.7285,3951.0670,8313.4620,5.7563,12.1119,-30.7921,-43.4040,5,-0.6525,11.1249,11.1263,10.9545,0.0000,-16.6007,0.1599,0.0444,0,3
cimbalom_felt,107,B7,0.9500,regular,felt_mallet,Felt,0.2950,0.7188,3951.0670,8313.4620,5.6801,11.9515,-31.0470,-43.0611,5,-1.1463,10.5265,10.5286,10.4440,0.0000,-16.6243,0.1553,0.0462,0,3
cimbalom_felt,107,B7,0.9750,regular,felt_mallet,Felt,0.2950,0.7095,3951.0670,8313.4620,5.6068,11.7973,-31.4421,-43.2567,5,-1.7744,10.3299,10.3292,10.3311,0.0000,-16.7930,0.1484,0.0452,0,3
cimbalom_felt,107,B7,1.0000,regular,felt_mallet,Felt,0.2950,0.7006,3951.0670,8313.4620,5.5362,11.6489,-31.9834,-43.9814,5,-2.5429,10.5138,10.5126,10.6110,0.0000,-17.1147,0.1394,0.0416,0,3
cimbalom_felt,107,B7,0.4200,corpus,felt_mallet,Felt,0.2950,1.0811,3951.0670,8313.4620,8.5426,17.9746,-40.7764,-50.1663,9,-3.6326,7.9160,7.9143,8.3240,0.0000,-33.4434,0.0507,0.0204,0,3
cimbalom_felt,107,B7,0.4600,corpus,felt_mallet,Felt,0.2950,1.0330,3951.0670,8313.4620,8.1628,17.1753,-36.6291,-60.6788,9,-0.2870,22.5732,22.5787,25.4813,0.0000,-28.5078,0.0816,0.0061,0,3
cimbalom_felt,108,C8,0.0500,regular,felt_mallet,Felt,0.2950,3.0758,4186.0090,8857.6410,25.7507,54.4888,-57.1022,-72.3089,25,-0.6838,13.8673,13.8468,11.6597,0.0000,-68.2908,0.0077,0.0016,1,3
cimbalom_felt,108,C8,0.0750,regular,felt_mallet,Felt,0.2950,2.5114,4186.0090,8857.6410,21.0254,44.4899,-80.8889,-68.8005,21,-27.9988,-7.8128,-7.7869,-12.2280,-7.8128,-82.8534,0.0010,0.0024,1,3
cimbalom_felt,108,C8,0.1000,regular,felt_mallet,Felt,0.2950,2.1749,4186.0090,8857.6410,18.2085,38.5294,-50.8591,-66.8559,19,-0.4744,14.5345,14.5707,13.2903,0.0000,-56.0104,0.0158,0.0030,0,3
cimbalom_felt,108,C8,0.1250,regular,felt_mallet,Felt,0.2950,1.9453,4186.0090,8857.6410,16.2862,34.4617,-49.3487,-64.0043,17,-0.9088,13.2083,13.2173,12.3936,0.0000,-52.5556,0.0188,0.0041,0,3
cimbalom_felt,108,C8,0.1500,regular,felt_mallet,Felt,0.2950,1.7758,4186.0090,8857.6410,14.8672,31.4591,-60.5246,-63.5069,15,-13.6748,1.5470,1.5496,5.5074,0.0000,-62.1414,0.0052,0.0044,0,3
cimbalom_felt,108,C8,0.1750,regular,felt_mallet,Felt,0.2950,1.6441,4186.0090,8857.6410,13.7643,29.1255,-46.1135,-72.7242,13,-0.6093,25.1691,25.1754,34.4275,0.0000,-46.3906,0.0274,0.0015,1,3
cimbalom_felt,108,C8,0.2000,regular,felt_mallet,Felt,0.2950,1.5379,4186.0090,8857.6410,12.8753,27.2444,-58.5570,-65.9301,13,-14.2192,5.9150,5.9320,11.3059,0.0000,-57.6678,0.0065,0.0033,0,3
cimbalom_felt,108,C8,0.2250,regular,felt_mallet,Felt,0.2950,1.4499,4186.0090,8857.6410,12.1390,25.6862,-43.5168,-57.4754,13,-0.2087,12.4952,12.5003,13.1654,0.0000,-41.6111,0.0369,0.0088,0,3
cimbalom_felt,108,C8,0.2500,regular,felt_mallet,Felt,0.2950,1.3755,4186.0090,8857.6410,11.5161,24.3681,-45.1830,-56.9992,11,-2.7966,10.3481,10.3499,9.3216,0.0000,-42.3609,0.0305,0.0093,0,3
cimbalom_felt,108,C8,0.2750,regular,felt_mallet,Felt,0.2950,1.3115,4186.0090,8857.6410,10.9801,23.2341,-71.6684,-63.5158,11,-30.1165,-6.6398,-6.6783,1.5013,-6.6398,-65.0634,0.0020,0.0044,1,3
cimbalom_felt,108,C8,0.3000,regular,felt_mallet,Felt,0.2950,1.2557,4186.0090,8857.6410,10.5127,22.2449,-43.9763,-54.5311,11,-3.1868,9.0836,9.0871,9.1631,0.0000,-39.5688,0.0350,0.0123,0,3
cimbalom_felt,108,C8,0.3250,regular,felt_mallet,Felt,0.2950,1.2064,4186.0090,8857.6410,10.1003,21.3722,-40.1959,-58.3367,11,-0.1082,16.6724,16.6751,18.1143,0.0000,-35.0936,0.0541,0.0079,0,3
cimbalom_felt,108,C8,0.3500,regular,felt_mallet,Felt,0.2950,1.1625,4186.0090,8857.6410,9.7328,20.5948,-40.2258,-57.0489,9,-0.7883,15.3530,15.3482,14.1676,0.0000,-34.4804,0.0539,0.0092,0,3
cimbalom_felt,108,C8,0.3750,regular,felt_mallet,Felt,0.2950,1.1231,4186.0090,8857.6410,9.4028,19.8965,-43.3944,-52.0444,9,-4.5628,7.1722,7.1765,6.7957,0.0000,-37.0503,0.0374,0.0164,0,3
cimbalom_felt,108,C8,0.4000,regular,felt_mallet,Felt,0.2950,1.0875,4186.0090,8857.6410,9.1042,19.2647,-54.0196,-59.2418,9,-15.7553,3.7575,3.7472,3.1836,0.0000,-47.1152,0.0110,0.0072,0,3
cimbalom_felt,108,C8,0.4250,regular,felt_mallet,Felt,0.2950,1.0550,4186.0090,8857.6410,8.8324,18.6895,-49.4246,-57.4222,9,-11.6935,6.5269,6.5227,6.4408,0.0000,-41.9861,0.0187,0.0088,0,3
cimbalom_felt,108,C8,0.4500,regular,felt_mallet,Felt,0.2950,1.0253,4186.0090,8857.6410,8.5836,18.1629,-41.5432,-50.6286,9,-4.3152,7.6136,7.6107,7.8688,0.0000,-33.6110,0.0464,0.0193,0,3
cimbalom_felt,108,C8,0.4750,regular,felt_mallet,Felt,0.2950,0.9979,4186.0090,8857.6410,8.3546,17.6785,-38.1754,-51.0282,9,-1.4237,11.3757,11.3782,11.9821,0.0000,-29.7752,0.0683,0.0184,0,3
cimbalom_felt,108,C8,0.5000,regular,felt_mallet,Felt,0.2950,0.9727,4186.0090,8857.6410,8.1431,17.2309,-36.5208,-58.4249,9,-0.2213,20.4375,20.4325,22.5216,0.0000,-27.6747,0.0827,0.0079,0,3
cimbalom_felt,108,C8,0.5250,regular,felt_mallet,Felt,0.2950,0.9492,4186.0090,8857.6410,7.9468,16.8156,-35.8995,-59.8816,7,-0.0303,22.4988,22.4979,20.5061,0.0000,-26.6286,0.0888,0.0067,0,3
cimbalom_felt,108,C8,0.5500,regular,felt_mallet,Felt,0.2950,0.9274,4186.0090,8857.6410,7.7641,16.4290,-36.0688,-50.7343,7,-0.6103,13.1868,13.1854,12.5731,0.0000,-26.3944,0.0871,0.0191,0,3
cimbalom_felt,108,C8,0.5750,regular,felt_mallet,Felt,0.2950,0.9070,4186.0090,8857.6410,7.5935,16.0679,-36.9720,-48.2540,7,-1.9063,9.8019,9.8024,9.5187,0.0000,-26.9115,0.0785,0.0254,0,3
cimbalom_felt,108,C8,0.6000,regular,felt_mallet,Felt,0.2950,0.8879,4186.0090,8857.6410,7.4336,15.7295,-38.7076,-48.6420,7,-4.0183,8.4538,8.4548,8.3789,0.0000,-28.2782,0.0643,0.0243,0,3
cimbalom_felt,108,C8,0.6250,regular,felt_mallet,Felt,0.2950,0.8700,4186.0090,8857.6410,7.2834,15.4117,-41.6466,-51.8767,7,-7.3185,8.7493,8.7509,8.9724,0.0000,-30.8632,0.0458,0.0167,0,3
cimbalom_felt,108,C8,0.6500,regular,felt_mallet,Felt,0.2950,0.8531,4186.0090,8857.6410,7.1420,15.1125,-47.0872,-62.2381,7,-13.1065,13.6796,13.6767,16.5277,0.0000,-35.9620,0.0245,0.0051,0,3
cimbalom_felt,108,C8,0.6750,regular,felt_mallet,Felt,0.2950,0.8371,4186.0090,8857.6410,7.0085,14.8300,-71.1855,-58.3761,7,-37.5392,-8.6076,-8.6016,-13.3451,-8.6076,-54.0470,0.0029,0.0079,0,3
cimbalom_felt,108,C8,0.7000,regular,felt_mallet,Felt,0.2950,0.8220,4186.0090,8857.6410,6.8822,14.5627,-48.0253,-50.4453,7,-14.7016,0.9415,0.9414,1.6160,0.0000,-36.2496,0.0220,0.0197,0,3
cimbalom_felt,108,C8,0.7250,regular,felt_mallet,Felt,0.2950,0.8077,4186.0090,8857.6410,6.7625,14.3094,-41.7776,-47.2517,7,-8.7655,3.9963,3.9939,4.3593,0.0000,-29.7001,0.0452,0.0285,0,3
cimbalom_felt,108,C8,0.7500,regular,felt_mallet,Felt,0.2950,0.7942,4186.0090,8857.6410,6.6488,14.0689,-38.3226,-45.9375,7,-5.6117,6.1325,6.1343,6.4927,0.0000,-25.9514,0.0672,0.0332,0,3
cimbalom_felt,108,C8,0.7750,regular,felt_mallet,Felt,0.2950,0.7813,4186.0090,8857.6410,6.5407,13.8402,-36.0219,-45.8769,7,-3.6025,8.3732,8.3743,8.8074,0.0000,-23.3659,0.0876,0.0334,0,3
cimbalom_felt,108,C8,0.8000,regular,felt_mallet,Felt,0.2950,0.7690,4186.0090,8857.6410,6.4377,13.6222,-34.3752,-46.9518,7,-2.2382,11.0966,11.0960,11.6783,0.0000,-21.4452,0.1058,0.0295,0,3
cimbalom_felt,108,C8,0.8250,regular,felt_mallet,Felt,0.2950,0.7572,4186.0090,8857.6410,6.3394,13.4142,-33.1606,-49.4092,7,-1.2976,14.7660,14.7687,15.6345,0.0000,-19.9623,0.1217,0.0222,0,3
cimbalom_felt,108,C8,0.8500,regular,felt_mallet,Felt,0.2950,0.7460,4186.0090,8857.6410,6.2455,13.2155,-32.2593,-54.3700,7,-0.6623,20.6364,20.6326,22.3589,0.0000,-18.8024,0.1350,0.0126,0,3
cimbalom_felt,108,C8,0.8750,regular,felt_mallet,Felt,0.2950,0.7353,4186.0090,8857.6410,6.1556,13.0253,-31.6005,-72.5565,7,-0.2620,37.0329,37.0551,45.8770,0.0000,-17.8918,0.1457,0.0021,1,3
cimbalom_felt,108,C8,0.9000,regular,felt_mallet,Felt,0.2950,0.7250,4186.0090,8857.6410,6.0695,12.8431,-31.1389,-56.5485,7,-0.0519,23.9227,23.9206,22.1570,0.0000,-17.1856,0.1536,0.0098,0,3
cimbalom_felt,108,C8,0.9250,regular,felt_mallet,Felt,0.2950,0.7151,4186.0090,8857.6410,5.9869,12.6684,-30.8442,-50.1157,5,-0.0018,17.7854,17.7856,16.9576,0.0000,-16.6525,0.1589,0.0205,0,3
cimbalom_felt,108,C8,0.9500,regular,felt_mallet,Felt,0.2950,0.7056,4186.0090,8857.6410,5.9076,12.5006,-30.6958,-46.8396,5,-0.0918,14.6573,14.6588,14.1500,0.0000,-16.2719,0.1617,0.0299,0,3
cimbalom_felt,108,C8,0.9750,regular,felt_mallet,Felt,0.2950,0.6965,4186.0090,8857.6410,5.8314,12.3393,-30.6799,-44.8910,5,-0.3083,12.7266,12.7264,12.3896,0.0000,-16.0312,0.1620,0.0374,0,3
cimbalom_felt,108,C8,1.0000,regular,felt_mallet,Felt,0.2950,0.6878,4186.0090,8857.6410,5.7580,12.1841,-30.7881,-43.7412,5,-0.6431,11.4681,11.4685,11.2414,0.0000,-15.9192,0.1600,0.0427,0,3
cimbalom_felt,108,C8,0.4200,corpus,felt_mallet,Felt,0.2950,1.0613,4186.0090,8857.6410,8.8848,18.8004,-52.7338,-61.1595,9,-14.8985,6.9441,6.9503,6.6579,0.0000,-45.3976,0.0128,0.0057,0,3
cimbalom_felt,108,C8,0.4600,corpus,felt_mallet,Felt,0.2950,1.0141,4186.0090,8857.6410,8.4898,17.9644,-39.9072,-50.1631,9,-2.8727,8.7851,8.7812,9.1455,0.0000,-31.7842,0.0560,0.0204,0,3
