config,midi,note,velocity,grid_kind,exciter,hardness,strike,tau_ms,f1_hz,f2_hz,x1,x2,H1_db,H2_db,null_order,null_depth_db,n1n2_dump_db,n1n2_theory_db,n1n2_s0_db,n1_vs_max_db,L1_db,n1_course,n2_course,low_precision,n_strings
piano_felt,21,A0,0.0500,regular,felt,Felt,0.1250,8.0000,27.5000,55.0000,0.4400,0.8800,-0.3954,-1.6123,,0.0000,-4.0275,-4.0274,-4.0347,-4.1173,-34.1252,0.3933,0.6254,0,3
piano_felt,21,A0,0.0750,regular,felt,Felt,0.1250,8.0000,27.5000,55.0000,0.4400,0.8800,-0.3954,-1.6123,,0.0000,-4.0275,-4.0274,-4.0347,-4.1173,-30.6034,0.3933,0.6254,0,3
piano_felt,21,A0,0.1000,regular,felt,Felt,0.1250,8.0000,27.5000,55.0000,0.4400,0.8800,-0.3954,-1.6123,,0.0000,-4.0275,-4.0274,-4.0347,-4.1173,-28.1046,0.3933,0.6254,0,3
piano_felt,21,A0,0.1250,regular,felt,Felt,0.1250,8.0000,27.5000,55.0000,0.4400,0.8800,-0.3954,-1.6123,,0.0000,-4.0275,-4.0274,-4.0347,-4.1173,-26.1664,0.3933,0.6254,0,3
piano_felt,21,A0,0.1500,regular,felt,Felt,0.1250,7.8042,27.5000,55.0000,0.4292,0.8585,-0.3762,-1.5324,,0.0000,-4.0880,-4.0881,-4.0946,-4.2910,-24.5636,0.3942,0.6311,0,3
piano_felt,21,A0,0.1750,regular,felt,Felt,0.1250,7.3444,27.5000,55.0000,0.4039,0.8079,-0.3329,-1.3533,,0.0000,-4.2240,-4.2239,-4.2302,-4.6775,-23.1814,0.3962,0.6443,0,3
piano_felt,21,A0,0.2000,regular,felt,Felt,0.1250,6.9681,27.5000,55.0000,0.3832,0.7665,-0.2995,-1.2155,,0.0000,-4.3282,-4.3283,-4.3334,-4.9721,-21.9881,0.3977,0.6546,0,3
piano_felt,21,A0,0.2250,regular,felt,Felt,0.1250,6.6521,27.5000,55.0000,0.3659,0.7317,-0.2729,-1.1058,,0.0000,-4.4113,-4.4113,-4.4163,-5.2049,-20.9384,0.3989,0.6629,0,3
piano_felt,21,A0,0.2500,regular,felt,Felt,0.1250,6.3817,27.5000,55.0000,0.3510,0.7020,-0.2511,-1.0163,,0.0000,-4.4791,-4.4790,-4.4839,-5.3939,-20.0015,0.3999,0.6698,0,3
piano_felt,21,A0,0.2750,regular,felt,Felt,0.1250,6.1465,27.5000,55.0000,0.3381,0.6761,-0.2328,-0.9417,,0.0000,-4.5355,-4.5354,-4.5396,-5.5508,-19.1554,0.4008,0.6756,0,3
piano_felt,21,A0,0.3000,regular,felt,Felt,0.1250,5.9394,27.5000,55.0000,0.3267,0.6533,-0.2173,-0.8784,,0.0000,-4.5832,-4.5832,-4.5870,-5.6831,-18.3841,0.4015,0.6805,0,3
piano_felt,21,A0,0.3250,regular,felt,Felt,0.1250,5.7551,27.5000,55.0000,0.3165,0.6331,-0.2040,-0.8240,,0.0000,-4.6241,-4.6243,-4.6282,-5.7965,-17.6754,0.4021,0.6848,0,3
piano_felt,21,A0,0.3500,regular,felt,Felt,0.1250,5.5895,27.5000,55.0000,0.3074,0.6148,-0.1924,-0.7767,,0.0000,-4.6601,-4.6600,-4.6636,-5.8952,-17.0203,0.4026,0.6885,0,3
piano_felt,21,A0,0.3750,regular,felt,Felt,0.1250,5.4396,27.5000,55.0000,0.2992,0.5984,-0.1822,-0.7351,,0.0000,-4.6912,-4.6913,-4.6944,-5.9814,-16.4107,0.4031,0.6918,0,3
piano_felt,21,A0,0.4000,regular,felt,Felt,0.1250,5.3030,27.5000,55.0000,0.2917,0.5833,-0.1731,-0.6983,,0.0000,-4.7191,-4.7191,-4.7221,-6.0578,-15.8411,0.4035,0.6948,0,3
piano_felt,21,A0,0.4250,regular,felt,Felt,0.1250,5.1779,27.5000,55.0000,0.2848,0.5696,-0.1651,-0.6654,,0.0000,-4.7439,-4.7439,-4.7469,-6.1260,-15.3065,0.4039,0.6974,0,3
piano_felt,21,A0,0.4500,regular,felt,Felt,0.1250,5.0626,27.5000,55.0000,0.2784,0.5569,-0.1578,-0.6358,,0.0000,-4.7660,-4.7662,-4.7687,-6.1867,-14.8025,0.4043,0.6998,0,3
piano_felt,21,A0,0.4750,regular,felt,Felt,0.1250,4.9559,27.5000,55.0000,0.2726,0.5452,-0.1512,-0.6090,,0.0000,-4.7865,-4.7864,-4.7890,-6.2422,-14.3265,0.4046,0.7019,0,3
piano_felt,21,A0,0.5000,regular,felt,Felt,0.1250,4.8568,27.5000,55.0000,0.2671,0.5342,-0.1452,-0.5847,,0.0000,-4.8048,-4.8048,-4.8073,-6.2923,-13.8749,0.4048,0.7039,0,3
piano_felt,21,A0,0.5250,regular,felt,Felt,0.1250,4.7643,27.5000,55.0000,0.2620,0.5241,-0.1397,-0.5624,,0.0000,-4.8216,-4.8215,-4.8243,-6.3382,-13.4458,0.4051,0.7057,0,3
piano_felt,21,A0,0.5500,regular,felt,Felt,0.1250,4.6778,27.5000,55.0000,0.2573,0.5146,-0.1346,-0.5420,,0.0000,-4.8369,-4.8369,-4.8394,-6.3800,-13.0366,0.4053,0.7074,0,3
piano_felt,21,A0,0.5750,regular,felt,Felt,0.1250,4.5966,27.5000,55.0000,0.2528,0.5056,-0.1300,-0.5232,,0.0000,-4.8513,-4.8511,-4.8537,-6.4187,-12.6460,0.4055,0.7089,0,3
piano_felt,21,A0,0.6000,regular,felt,Felt,0.1250,4.5202,27.5000,55.0000,0.2486,0.4972,-0.1257,-0.5058,,0.0000,-4.8642,-4.8642,-4.8664,-6.4542,-12.2718,0.4057,0.7103,0,3
piano_felt,21,A0,0.6250,regular,felt,Felt,0.1250,4.4481,27.5000,55.0000,0.2446,0.4893,-0.1217,-0.4897,,0.0000,-4.8764,-4.8763,-4.8787,-6.4875,-11.9134,0.4059,0.7117,0,3
piano_felt,21,A0,0.6500,regular,felt,Felt,0.1250,4.3799,27.5000,55.0000,0.2409,0.4818,-0.1180,-0.4747,,0.0000,-4.8875,-4.8876,-4.8895,-6.5181,-11.5689,0.4061,0.7129,0,3
piano_felt,21,A0,0.6750,regular,felt,Felt,0.1250,4.3152,27.5000,55.0000,0.2373,0.4747,-0.1145,-0.4607,,0.0000,-4.8984,-4.8982,-4.9005,-6.5469,-11.2378,0.4063,0.7140,0,3
piano_felt,21,A0,0.7000,regular,felt,Felt,0.1250,4.2539,27.5000,55.0000,0.2340,0.4679,-0.1113,-0.4476,,0.0000,-4.9082,-4.9080,-4.9101,-6.5738,-10.9188,0.4064,0.7151,0,3
piano_felt,21,A0,0.7250,regular,felt,Felt,0.1250,4.1955,27.5000,55.0000,0.2308,0.4615,-0.1083,-0.4353,,0.0000,-4.9173,-4.9173,-4.9193,-6.5987,-10.6107,0.4066,0.7161,0,3
piano_felt,21,A0,0.7500,regular,felt,Felt,0.1250,4.1398,27.5000,55.0000,0.2277,0.4554,-0.1054,-0.4237,,0.0000,-4.9258,-4.9260,-4.9277,-6.6219,-10.3131,0.4067,0.7171,0,3
piano_felt,21,A0,0.7750,regular,felt,Felt,0.1250,4.0867,27.5000,55.0000,0.2248,0.4495,-0.1027,-0.4128,,0.0000,-4.9340,-4.9341,-4.9356,-6.6442,-10.0257,0.4068,0.7180,0,3
piano_felt,21,A0,0.8000,regular,felt,Felt,0.1250,4.0359,27.5000,55.0000,0.2220,0.4439,-0.1002,-0.4026,,0.0000,-4.9417,-4.9419,-4.9432,-6.6652,-9.7474,0.4070,0.7188,0,3
piano_felt,21,A0,0.8250,regular,felt,Felt,0.1250,3.9872,27.5000,55.0000,0.2193,0.4386,-0.0978,-0.3929,,0.0000,-4.9490,-4.9492,-4.9511,-6.6850,-9.4778,0.4071,0.7196,0,3
piano_felt,21,A0,0.8500,regular,felt,Felt,0.1250,3.9406,27.5000,55.0000,0.2167,0.4335,-0.0955,-0.3837,,0.0000,-4.9561,-4.9561,-4.9576,-6.7038,-9.2163,0.4072,0.7204,0,3
piano_felt,21,A0,0.8750,regular,felt,Felt,0.1250,3.8959,27.5000,55.0000,0.2143,0.4285,-0.0933,-0.3750,,0.0000,-4.9626,-4.9626,-4.9643,-6.7217,-8.9624,0.4073,0.7211,0,3
piano_felt,21,A0,0.9000,regular,felt,Felt,0.1250,3.8529,27.5000,55.0000,0.2119,0.4238,-0.0913,-0.3667,,0.0000,-4.9688,-4.9689,-4.9707,-6.7383,-8.7156,0.4074,0.7218,0,3
piano_felt,21,A0,0.9250,regular,felt,Felt,0.1250,3.8115,27.5000,55.0000,0.2096,0.4193,-0.0893,-0.3588,,0.0000,-4.9746,-4.9748,-4.9761,-6.7542,-8.4755,0.4075,0.7225,0,3
piano_felt,21,A0,0.9500,regular,felt,Felt,0.1250,3.7717,27.5000,55.0000,0.2074,0.4149,-0.0875,-0.3513,,0.0000,-4.9803,-4.9804,-4.9820,-6.7695,-8.2421,0.4075,0.7231,0,3
piano_felt,21,A0,0.9750,regular,felt,Felt,0.1250,3.7333,27.5000,55.0000,0.2053,0.4107,-0.0857,-0.3442,,0.0000,-4.9858,-4.9858,-4.9873,-6.7843,-8.0148,0.4076,0.7237,0,3
piano_felt,21,A0,1.0000,regular,felt,Felt,0.1250,3.6962,27.5000,55.0000,0.2033,0.4066,-0.0840,-0.3373,,0.0000,-4.9910,-4.9909,-4.9922,-6.7981,-7.7932,0.4077,0.7242,0,3
piano_felt,21,A0,0.2780,corpus,felt,Felt,0.1250,6.1203,27.5000,55.0000,0.3366,0.6732,-0.2308,-0.9335,,0.0000,-4.5416,-4.5415,-4.5457,-5.5678,-19.0592,0.4009,0.6762,0,3
piano_felt,21,A0,0.3030,corpus,felt,Felt,0.1250,5.9162,27.5000,55.0000,0.3254,0.6508,-0.2156,-0.8715,,0.0000,-4.5881,-4.5884,-4.5919,-5.6974,-18.2957,0.4016,0.6810,0,3
piano_felt,21,A0,0.3130,corpus,felt,Felt,0.1250,5.8410,27.5000,55.0000,0.3213,0.6425,-0.2102,-0.8491,,0.0000,-4.6052,-4.6053,-4.6089,-5.7442,-18.0085,0.4018,0.6828,0,3
piano_felt,21,A0,0.3280,corpus,felt,Felt,0.1250,5.7343,27.5000,55.0000,0.3154,0.6308,-0.2025,-0.8180,,0.0000,-4.6287,-4.6288,-4.6323,-5.8090,-17.5941,0.4022,0.6853,0,3
piano_felt,21,A0,0.3380,corpus,felt,Felt,0.1250,5.6668,27.5000,55.0000,0.3117,0.6233,-0.1978,-0.7986,,0.0000,-4.6435,-4.6434,-4.6468,-5.8496,-17.3287,0.4024,0.6868,0,3
piano_felt,21,A0,0.3630,corpus,felt,Felt,0.1250,5.5097,27.5000,55.0000,0.3030,0.6061,-0.1869,-0.7544,,0.0000,-4.6767,-4.6768,-4.6797,-5.9412,-16.6979,0.4029,0.6903,0,3
piano_felt,21,A0,0.4020,corpus,felt,Felt,0.1250,5.2926,27.5000,55.0000,0.2911,0.5822,-0.1725,-0.6955,,0.0000,-4.7211,-4.7212,-4.7241,-6.0635,-15.7971,0.4036,0.6950,0,3
piano_felt,21,A0,0.4270,corpus,felt,Felt,0.1250,5.1683,27.5000,55.0000,0.2843,0.5685,-0.1644,-0.6629,,0.0000,-4.7459,-4.7458,-4.7489,-6.1311,-15.2651,0.4039,0.6976,0,3
piano_felt,21,A0,0.4370,corpus,felt,Felt,0.1250,5.1214,27.5000,55.0000,0.2817,0.5634,-0.1615,-0.6508,,0.0000,-4.7550,-4.7549,-4.7576,-6.1560,-15.0610,0.4041,0.6986,0,3
piano_felt,21,A0,0.4520,corpus,felt,Felt,0.1250,5.0538,27.5000,55.0000,0.2780,0.5559,-0.1572,-0.6335,,0.0000,-4.7678,-4.7679,-4.7709,-6.1916,-14.7636,0.4043,0.7000,0,3
piano_felt,21,A0,0.4620,corpus,felt,Felt,0.1250,5.0104,27.5000,55.0000,0.2756,0.5511,-0.1545,-0.6226,,0.0000,-4.7761,-4.7762,-4.7785,-6.2140,-14.5707,0.4044,0.7008,0,3
piano_felt,21,A0,0.4870,corpus,felt,Felt,0.1250,4.9074,27.5000,55.0000,0.2699,0.5398,-0.1482,-0.5970,,0.0000,-4.7955,-4.7954,-4.7983,-6.2668,-14.1068,0.4047,0.7029,0,3
piano_felt,22,A#0,0.0500,regular,felt,Felt,0.1250,8.0000,29.1350,58.2710,0.4662,0.9323,-0.4442,-1.8156,,0.0000,-3.8731,-3.8728,-3.8811,-3.8731,-34.0181,0.3982,0.6220,0,3
piano_felt,22,A#0,0.0750,regular,felt,Felt,0.1250,8.0000,29.1350,58.2710,0.4662,0.9323,-0.4442,-1.8156,,0.0000,-3.8731,-3.8728,-3.8811,-3.8731,-30.4963,0.3982,0.6220,0,3
piano_felt,22,A#0,0.1000,regular,felt,Felt,0.1250,8.0000,29.1350,58.2710,0.4662,0.9323,-0.4442,-1.8156,,0.0000,-3.8731,-3.8728,-3.8811,-3.8731,-27.9975,0.3982,0.6220,0,3
piano_felt,22,A#0,0.1250,regular,felt,Felt,0.1250,8.0000,29.1350,58.2710,0.4662,0.9323,-0.4442,-1.8156,,0.0000,-3.8731,-3.8728,-3.8811,-3.8731,-26.0593,0.3982,0.6220,0,3
piano_felt,22,A#0,0.1500,regular,felt,Felt,0.1250,7.6613,29.1350,58.2710,0.4464,0.8929,-0.4071,-1.6610,,0.0000,-3.9905,-3.9903,-3.9977,-4.0109,-24.4385,0.3999,0.6331,0,3
piano_felt,22,A#0,0.1750,regular,felt,Felt,0.1250,7.2099,29.1350,58.2710,0.4201,0.8403,-0.3603,-1.4665,,0.0000,-4.1381,-4.1380,-4.1447,-4.4336,-23.0528,0.4021,0.6475,0,3
piano_felt,22,A#0,0.2000,regular,felt,Felt,0.1250,6.8405,29.1350,58.2710,0.3986,0.7972,-0.3241,-1.3169,,0.0000,-4.2515,-4.2514,-4.2572,-4.7555,-21.8567,0.4038,0.6587,0,3
piano_felt,22,A#0,0.2250,regular,felt,Felt,0.1250,6.5303,29.1350,58.2710,0.3805,0.7611,-0.2953,-1.1980,,0.0000,-4.3416,-4.3416,-4.3467,-5.0093,-20.8047,0.4051,0.6678,0,3
piano_felt,22,A#0,0.2500,regular,felt,Felt,0.1250,6.2648,29.1350,58.2710,0.3651,0.7301,-0.2717,-1.1008,,0.0000,-4.4151,-4.4151,-4.4202,-5.2154,-19.8660,0.4062,0.6753,0,3
piano_felt,22,A#0,0.2750,regular,felt,Felt,0.1250,6.0340,29.1350,58.2710,0.3516,0.7032,-0.2519,-1.0199,,0.0000,-4.4764,-4.4763,-4.4805,-5.3864,-19.0185,0.4071,0.6816,0,3
piano_felt,22,A#0,0.3000,regular,felt,Felt,0.1250,5.8306,29.1350,58.2710,0.3398,0.6795,-0.2352,-0.9513,,0.0000,-4.5280,-4.5281,-4.5324,-5.5303,-18.2456,0.4079,0.6871,0,3
piano_felt,22,A#0,0.3250,regular,felt,Felt,0.1250,5.6497,29.1350,58.2710,0.3292,0.6584,-0.2207,-0.8923,,0.0000,-4.5729,-4.5727,-4.5769,-5.6541,-17.5364,0.4086,0.6917,0,3
piano_felt,22,A#0,0.3500,regular,felt,Felt,0.1250,5.4871,29.1350,58.2710,0.3197,0.6395,-0.2082,-0.8410,,0.0000,-4.6114,-4.6114,-4.6152,-5.7611,-16.8799,0.4092,0.6958,0,3
piano_felt,22,A#0,0.3750,regular,felt,Felt,0.1250,5.3400,29.1350,58.2710,0.3112,0.6223,-0.1971,-0.7960,,0.0000,-4.6455,-4.6454,-4.6492,-5.8551,-16.2696,0.4097,0.6995,0,3
piano_felt,22,A#0,0.4000,regular,felt,Felt,0.1250,5.2059,29.1350,58.2710,0.3033,0.6067,-0.1873,-0.7560,,0.0000,-4.6757,-4.6755,-4.6790,-5.9382,-15.6993,0.4102,0.7027,0,3
piano_felt,22,A#0,0.4250,regular,felt,Felt,0.1250,5.0831,29.1350,58.2710,0.2962,0.5924,-0.1786,-0.7204,,0.0000,-4.7024,-4.7024,-4.7056,-6.0119,-15.1638,0.4106,0.7056,0,3
piano_felt,22,A#0,0.4500,regular,felt,Felt,0.1250,4.9699,29.1350,58.2710,0.2896,0.5792,-0.1707,-0.6883,,0.0000,-4.7267,-4.7266,-4.7294,-6.0784,-14.6595,0.4110,0.7082,0,3
piano_felt,22,A#0,0.4750,regular,felt,Felt,0.1250,4.8652,29.1350,58.2710,0.2835,0.5670,-0.1636,-0.6593,,0.0000,-4.7484,-4.7485,-4.7511,-6.1383,-14.1827,0.4113,0.7105,0,3
piano_felt,22,A#0,0.5000,regular,felt,Felt,0.1250,4.7678,29.1350,58.2710,0.2778,0.5557,-0.1571,-0.6329,,0.0000,-4.7683,-4.7684,-4.7711,-6.1928,-13.7307,0.4116,0.7127,0,3
piano_felt,22,A#0,0.5250,regular,felt,Felt,0.1250,4.6771,29.1350,58.2710,0.2725,0.5451,-0.1511,-0.6088,,0.0000,-4.7865,-4.7865,-4.7895,-6.2424,-13.3010,0.4119,0.7147,0,3
piano_felt,22,A#0,0.5500,regular,felt,Felt,0.1250,4.5921,29.1350,58.2710,0.2676,0.5352,-0.1457,-0.5867,,0.0000,-4.8031,-4.8032,-4.8057,-6.2880,-12.8914,0.4122,0.7165,0,3
piano_felt,22,A#0,0.5750,regular,felt,Felt,0.1250,4.5124,29.1350,58.2710,0.2629,0.5259,-0.1406,-0.5663,,0.0000,-4.8187,-4.8186,-4.8210,-6.3301,-12.5005,0.4124,0.7182,0,3
piano_felt,22,A#0,0.6000,regular,felt,Felt,0.1250,4.4374,29.1350,58.2710,0.2586,0.5171,-0.1360,-0.5475,,0.0000,-4.8327,-4.8327,-4.8354,-6.3686,-12.1260,0.4126,0.7198,0,3
piano_felt,22,A#0,0.6250,regular,felt,Felt,0.1250,4.3666,29.1350,58.2710,0.2544,0.5089,-0.1317,-0.5300,,0.0000,-4.8459,-4.8459,-4.8483,-6.4046,-11.7672,0.4128,0.7212,0,3
piano_felt,22,A#0,0.6500,regular,felt,Felt,0.1250,4.2997,29.1350,58.2710,0.2505,0.5011,-0.1277,-0.5138,,0.0000,-4.8581,-4.8582,-4.8604,-6.4379,-11.4225,0.4130,0.7226,0,3
piano_felt,22,A#0,0.6750,regular,felt,Felt,0.1250,4.2362,29.1350,58.2710,0.2468,0.4937,-0.1239,-0.4986,,0.0000,-4.8695,-4.8696,-4.8717,-6.4690,-11.0909,0.4132,0.7238,0,3
piano_felt,22,A#0,0.7000,regular,felt,Felt,0.1250,4.1760,29.1350,58.2710,0.2433,0.4867,-0.1204,-0.4844,,0.0000,-4.8802,-4.8803,-4.8820,-6.4980,-10.7715,0.4134,0.7250,0,3
piano_felt,22,A#0,0.7250,regular,felt,Felt,0.1250,4.1186,29.1350,58.2710,0.2400,0.4800,-0.1171,-0.4711,,0.0000,-4.8901,-4.8903,-4.8921,-6.5252,-10.4633,0.4135,0.7261,0,3
piano_felt,22,A#0,0.7500,regular,felt,Felt,0.1250,4.0640,29.1350,58.2710,0.2368,0.4736,-0.1140,-0.4586,,0.0000,-4.8995,-4.8997,-4.9015,-6.5506,-10.1657,0.4137,0.7272,0,3
piano_felt,22,A#0,0.7750,regular,felt,Felt,0.1250,4.0118,29.1350,58.2710,0.2338,0.4675,-0.1111,-0.4468,,0.0000,-4.9087,-4.9086,-4.9108,-6.5752,-9.8784,0.4138,0.7281,0,3
piano_felt,22,A#0,0.8000,regular,felt,Felt,0.1250,3.9620,29.1350,58.2710,0.2309,0.4617,-0.1084,-0.4357,,0.0000,-4.9168,-4.9169,-4.9187,-6.5975,-9.5995,0.4139,0.7291,0,3
piano_felt,22,A#0,0.8250,regular,felt,Felt,0.1250,3.9142,29.1350,58.2710,0.2281,0.4562,-0.1058,-0.4252,,0.0000,-4.9247,-4.9248,-4.9266,-6.6190,-9.3297,0.4141,0.7300,0,3
piano_felt,22,A#0,0.8500,regular,felt,Felt,0.1250,3.8685,29.1350,58.2710,0.2254,0.4508,-0.1033,-0.4153,,0.0000,-4.9322,-4.9323,-4.9341,-6.6391,-9.0678,0.4142,0.7308,0,3
piano_felt,22,A#0,0.8750,regular,felt,Felt,0.1250,3.8245,29.1350,58.2710,0.2229,0.4457,-0.1010,-0.4058,,0.0000,-4.9397,-4.9394,-4.9414,-6.6590,-8.8142,0.4143,0.7316,0,3
piano_felt,22,A#0,0.9000,regular,felt,Felt,0.1250,3.7823,29.1350,58.2710,0.2204,0.4408,-0.0988,-0.3969,,0.0000,-4.9461,-4.9462,-4.9478,-6.6768,-8.5670,0.4144,0.7323,0,3
piano_felt,22,A#0,0.9250,regular,felt,Felt,0.1250,3.7417,29.1350,58.2710,0.2180,0.4361,-0.0966,-0.3883,,0.0000,-4.9527,-4.9526,-4.9545,-6.6945,-8.3271,0.4145,0.7331,0,3
piano_felt,22,A#0,0.9500,regular,felt,Felt,0.1250,3.7026,29.1350,58.2710,0.2158,0.4315,-0.0946,-0.3802,,0.0000,-4.9588,-4.9587,-4.9607,-6.7110,-8.0934,0.4146,0.7338,0,3
piano_felt,22,A#0,0.9750,regular,felt,Felt,0.1250,3.6649,29.1350,58.2710,0.2136,0.4271,-0.0927,-0.3725,,0.0000,-4.9644,-4.9645,-4.9663,-6.7265,-7.8656,0.4147,0.7344,0,3
piano_felt,22,A#0,1.0000,regular,felt,Felt,0.1250,3.6286,29.1350,58.2710,0.2114,0.4229,-0.0909,-0.3651,,0.0000,-4.9702,-4.9701,-4.9719,-6.7418,-7.6441,0.4148,0.7350,0,3
piano_felt,22,A#0,0.2780,corpus,felt,Felt,0.1250,6.0082,29.1350,58.2710,0.3501,0.7002,-0.2498,-1.0111,,0.0000,-4.4828,-4.4829,-4.4874,-5.4048,-18.9219,0.4073,0.6823,0,3
piano_felt,22,A#0,0.3030,corpus,felt,Felt,0.1250,5.8078,29.1350,58.2710,0.3384,0.6769,-0.2333,-0.9438,,0.0000,-4.5337,-4.5338,-4.5377,-5.5463,-18.1575,0.4080,0.6876,0,3
piano_felt,22,A#0,0.3130,corpus,felt,Felt,0.1250,5.7340,29.1350,58.2710,0.3341,0.6683,-0.2274,-0.9196,,0.0000,-4.5520,-4.5521,-4.5561,-5.5967,-17.8695,0.4083,0.6896,0,3
piano_felt,22,A#0,0.3280,corpus,felt,Felt,0.1250,5.6292,29.1350,58.2710,0.3280,0.6560,-0.2191,-0.8858,,0.0000,-4.5774,-4.5776,-4.5814,-5.6675,-17.4546,0.4087,0.6923,0,3
piano_felt,22,A#0,0.3380,corpus,felt,Felt,0.1250,5.5630,29.1350,58.2710,0.3242,0.6483,-0.2140,-0.8648,,0.0000,-4.5935,-4.5935,-4.5973,-5.7115,-17.1887,0.4089,0.6939,0,3
piano_felt,22,A#0,0.3630,corpus,felt,Felt,0.1250,5.4088,29.1350,58.2710,0.3152,0.6304,-0.2023,-0.8169,,0.0000,-4.6298,-4.6296,-4.6334,-5.8116,-16.5574,0.4095,0.6978,0,3
piano_felt,22,A#0,0.4020,corpus,felt,Felt,0.1250,5.1957,29.1350,58.2710,0.3028,0.6055,-0.1866,-0.7530,,0.0000,-4.6779,-4.6778,-4.6811,-5.9443,-15.6551,0.4102,0.7029,0,3
piano_felt,22,A#0,0.4270,corpus,felt,Felt,0.1250,5.0737,29.1350,58.2710,0.2956,0.5913,-0.1779,-0.7177,,0.0000,-4.7045,-4.7045,-4.7080,-6.0175,-15.1224,0.4106,0.7058,0,3
piano_felt,22,A#0,0.4370,corpus,felt,Felt,0.1250,5.0276,29.1350,58.2710,0.2930,0.5859,-0.1747,-0.7046,,0.0000,-4.7145,-4.7144,-4.7177,-6.0449,-14.9182,0.4108,0.7069,0,3
piano_felt,22,A#0,0.4520,corpus,felt,Felt,0.1250,4.9612,29.1350,58.2710,0.2891,0.5782,-0.1701,-0.6859,,0.0000,-4.7287,-4.7285,-4.7317,-6.0836,-14.6206,0.4110,0.7084,0,3
piano_felt,22,A#0,0.4620,corpus,felt,Felt,0.1250,4.9186,29.1350,58.2710,0.2866,0.5732,-0.1672,-0.6740,,0.0000,-4.7373,-4.7374,-4.7402,-6.1078,-14.4274,0.4111,0.7093,0,3
piano_felt,22,A#0,0.4870,corpus,felt,Felt,0.1250,4.8176,29.1350,58.2710,0.2807,0.5614,-0.1604,-0.6463,,0.0000,-4.7583,-4.7583,-4.7611,-6.1652,-13.9629,0.4115,0.7116,0,3
piano_felt,23,B0,0.0500,regular,felt,Felt,0.1250,8.0000,30.8680,61.7360,0.4939,0.9878,-0.4990,-2.0455,,0.0000,-3.6979,-3.6978,-3.7074,-3.6979,-33.9085,0.4033,0.6173,0,3
piano_felt,23,B0,0.0750,regular,felt,Felt,0.1250,8.0000,30.8680,61.7360,0.4939,0.9878,-0.4990,-2.0455,,0.0000,-3.6979,-3.6978,-3.7074,-3.6979,-30.3866,0.4033,0.6173,0,3
piano_felt,23,B0,0.1000,regular,felt,Felt,0.1250,8.0000,30.8680,61.7360,0.4939,0.9878,-0.4990,-2.0455,,0.0000,-3.6979,-3.6978,-3.7074,-3.6979,-27.8879,0.4033,0.6173,0,3
piano_felt,23,B0,0.1250,regular,felt,Felt,0.1250,8.0000,30.8680,61.7360,0.4939,0.9878,-0.4990,-2.0455,,0.0000,-3.6979,-3.6978,-3.7074,-3.6979,-25.9497,0.4033,0.6173,0,3
piano_felt,23,B0,0.1500,regular,felt,Felt,0.1250,7.5210,30.8680,61.7360,0.4643,0.9286,-0.4406,-1.8008,,0.0000,-3.8845,-3.8841,-3.8926,-3.8845,-24.3079,0.4060,0.6350,0,3
piano_felt,23,B0,0.1750,regular,felt,Felt,0.1250,7.0779,30.8680,61.7360,0.4370,0.8739,-0.3899,-1.5895,,0.0000,-4.0446,-4.0447,-4.0518,-4.1668,-22.9179,0.4084,0.6506,0,3
piano_felt,23,B0,0.2000,regular,felt,Felt,0.1250,6.7152,30.8680,61.7360,0.4146,0.8291,-0.3508,-1.4271,,0.0000,-4.1681,-4.1680,-4.1747,-4.5188,-21.7191,0.4102,0.6629,0,3
piano_felt,23,B0,0.2250,regular,felt,Felt,0.1250,6.4107,30.8680,61.7360,0.3958,0.7915,-0.3195,-1.2979,,0.0000,-4.2658,-4.2659,-4.2719,-4.7962,-20.6647,0.4117,0.6728,0,3
piano_felt,23,B0,0.2500,regular,felt,Felt,0.1250,6.1501,30.8680,61.7360,0.3797,0.7594,-0.2940,-1.1925,,0.0000,-4.3456,-4.3457,-4.3506,-5.0208,-19.7239,0.4129,0.6810,0,3
piano_felt,23,B0,0.2750,regular,felt,Felt,0.1250,5.9235,30.8680,61.7360,0.3657,0.7314,-0.2726,-1.1047,,0.0000,-4.4122,-4.4121,-4.4173,-5.2073,-18.8748,0.4139,0.6879,0,3
piano_felt,23,B0,0.3000,regular,felt,Felt,0.1250,5.7239,30.8680,61.7360,0.3534,0.7067,-0.2545,-1.0303,,0.0000,-4.4684,-4.4684,-4.4730,-5.3643,-18.1008,0.4148,0.6938,0,3
piano_felt,23,B0,0.3250,regular,felt,Felt,0.1250,5.5462,30.8680,61.7360,0.3424,0.6848,-0.2389,-0.9664,,0.0000,-4.5167,-4.5167,-4.5208,-5.4988,-17.3899,0.4155,0.6990,0,3
piano_felt,23,B0,0.3500,regular,felt,Felt,0.1250,5.3866,30.8680,61.7360,0.3325,0.6651,-0.2253,-0.9108,,0.0000,-4.5588,-4.5587,-4.5630,-5.6160,-16.7328,0.4162,0.7035,0,3
piano_felt,23,B0,0.3750,regular,felt,Felt,0.1250,5.2422,30.8680,61.7360,0.3236,0.6473,-0.2133,-0.8619,,0.0000,-4.5958,-4.5956,-4.5995,-5.7178,-16.1217,0.4168,0.7074,0,3
piano_felt,23,B0,0.4000,regular,felt,Felt,0.1250,5.1106,30.8680,61.7360,0.3155,0.6310,-0.2027,-0.8186,,0.0000,-4.6286,-4.6283,-4.6322,-5.8081,-15.5505,0.4173,0.7110,0,3
piano_felt,23,B0,0.4250,regular,felt,Felt,0.1250,4.9900,30.8680,61.7360,0.3081,0.6161,-0.1932,-0.7800,,0.0000,-4.6576,-4.6575,-4.6612,-5.8883,-15.0143,0.4177,0.7141,0,3
piano_felt,23,B0,0.4500,regular,felt,Felt,0.1250,4.8789,30.8680,61.7360,0.3012,0.6024,-0.1847,-0.7452,,0.0000,-4.6839,-4.6837,-4.6871,-5.9606,-14.5093,0.4181,0.7170,0,3
piano_felt,23,B0,0.4750,regular,felt,Felt,0.1250,4.7761,30.8680,61.7360,0.2949,0.5897,-0.1770,-0.7138,,0.0000,-4.7074,-4.7074,-4.7108,-6.0255,-14.0318,0.4185,0.7196,0,3
piano_felt,23,B0,0.5000,regular,felt,Felt,0.1250,4.6805,30.8680,61.7360,0.2890,0.5779,-0.1699,-0.6852,,0.0000,-4.7290,-4.7290,-4.7321,-6.0850,-13.5794,0.4189,0.7219,0,3
piano_felt,23,B0,0.5250,regular,felt,Felt,0.1250,4.5914,30.8680,61.7360,0.2835,0.5669,-0.1635,-0.6591,,0.0000,-4.7485,-4.7487,-4.7512,-6.1386,-13.1490,0.4192,0.7241,0,3
piano_felt,23,B0,0.5500,regular,felt,Felt,0.1250,4.5080,30.8680,61.7360,0.2783,0.5566,-0.1576,-0.6352,,0.0000,-4.7667,-4.7667,-4.7697,-6.1882,-12.7391,0.4194,0.7261,0,3
piano_felt,23,B0,0.5750,regular,felt,Felt,0.1250,4.4298,30.8680,61.7360,0.2735,0.5470,-0.1522,-0.6131,,0.0000,-4.7834,-4.7834,-4.7859,-6.2338,-12.3477,0.4197,0.7280,0,3
piano_felt,23,B0,0.6000,regular,felt,Felt,0.1250,4.3561,30.8680,61.7360,0.2689,0.5379,-0.1471,-0.5927,,0.0000,-4.7986,-4.7987,-4.8014,-6.2757,-11.9728,0.4200,0.7297,0,3
piano_felt,23,B0,0.6250,regular,felt,Felt,0.1250,4.2866,30.8680,61.7360,0.2646,0.5293,-0.1425,-0.5737,,0.0000,-4.8131,-4.8130,-4.8159,-6.3148,-11.6137,0.4202,0.7313,0,3
piano_felt,23,B0,0.6500,regular,felt,Felt,0.1250,4.2209,30.8680,61.7360,0.2606,0.5212,-0.1381,-0.5561,,0.0000,-4.8264,-4.8263,-4.8290,-6.3511,-11.2687,0.4204,0.7328,0,3
piano_felt,23,B0,0.6750,regular,felt,Felt,0.1250,4.1586,30.8680,61.7360,0.2567,0.5135,-0.1341,-0.5397,,0.0000,-4.8386,-4.8386,-4.8410,-6.3847,-10.9367,0.4206,0.7342,0,3
piano_felt,23,B0,0.7000,regular,felt,Felt,0.1250,4.0995,30.8680,61.7360,0.2531,0.5062,-0.1303,-0.5243,,0.0000,-4.8501,-4.8502,-4.8525,-6.4161,-10.6169,0.4208,0.7355,0,3
piano_felt,23,B0,0.7250,regular,felt,Felt,0.1250,4.0432,30.8680,61.7360,0.2496,0.4992,-0.1267,-0.5099,,0.0000,-4.8610,-4.8611,-4.8630,-6.4457,-10.3086,0.4210,0.7367,0,3
piano_felt,23,B0,0.7500,regular,felt,Felt,0.1250,3.9896,30.8680,61.7360,0.2463,0.4926,-0.1234,-0.4964,,0.0000,-4.8711,-4.8713,-4.8733,-6.4735,-10.0109,0.4211,0.7378,0,3
piano_felt,23,B0,0.7750,regular,felt,Felt,0.1250,3.9383,30.8680,61.7360,0.2431,0.4863,-0.1202,-0.4836,,0.0000,-4.8807,-4.8809,-4.8829,-6.4998,-9.7230,0.4213,0.7389,0,3
piano_felt,23,B0,0.8000,regular,felt,Felt,0.1250,3.8894,30.8680,61.7360,0.2401,0.4802,-0.1172,-0.4716,,0.0000,-4.8898,-4.8899,-4.8918,-6.5243,-9.4441,0.4214,0.7399,0,3
piano_felt,23,B0,0.8250,regular,felt,Felt,0.1250,3.8425,30.8680,61.7360,0.2372,0.4744,-0.1144,-0.4602,,0.0000,-4.8987,-4.8985,-4.9009,-6.5479,-9.1744,0.4215,0.7409,0,3
piano_felt,23,B0,0.8500,regular,felt,Felt,0.1250,3.7976,30.8680,61.7360,0.2344,0.4689,-0.1118,-0.4494,,0.0000,-4.9064,-4.9066,-4.9084,-6.5694,-8.9120,0.4217,0.7418,0,3
piano_felt,23,B0,0.8750,regular,felt,Felt,0.1250,3.7545,30.8680,61.7360,0.2318,0.4636,-0.1092,-0.4392,,0.0000,-4.9141,-4.9143,-4.9161,-6.5903,-8.6577,0.4218,0.7427,0,3
piano_felt,23,B0,0.9000,regular,felt,Felt,0.1250,3.7131,30.8680,61.7360,0.2292,0.4585,-0.1068,-0.4295,,0.0000,-4.9213,-4.9216,-4.9231,-6.6101,-8.4105,0.4219,0.7435,0,3
piano_felt,23,B0,0.9250,regular,felt,Felt,0.1250,3.6732,30.8680,61.7360,0.2268,0.4535,-0.1046,-0.4203,,0.0000,-4.9289,-4.9285,-4.9307,-6.6294,-8.1707,0.4220,0.7443,0,3
piano_felt,23,B0,0.9500,regular,felt,Felt,0.1250,3.6348,30.8680,61.7360,0.2244,0.4488,-0.1024,-0.4115,,0.0000,-4.9351,-4.9352,-4.9370,-6.6471,-7.9366,0.4221,0.7451,0,3
piano_felt,23,B0,0.9750,regular,felt,Felt,0.1250,3.5978,30.8680,61.7360,0.2221,0.4442,-0.1003,-0.4031,,0.0000,-4.9417,-4.9415,-4.9435,-6.6644,-7.7091,0.4222,0.7458,0,3
piano_felt,23,B0,1.0000,regular,felt,Felt,0.1250,3.5621,30.8680,61.7360,0.2199,0.4398,-0.0983,-0.3951,,0.0000,-4.9475,-4.9475,-4.9493,-6.6807,-7.4872,0.4223,0.7465,0,3
piano_felt,23,B0,0.2780,corpus,felt,Felt,0.1250,5.8982,30.8680,61.7360,0.3641,0.7283,-0.2703,-1.0952,,0.0000,-4.4193,-4.4194,-4.4243,-5.2273,-18.7780,0.4141,0.6887,0,3
piano_felt,23,B0,0.3030,corpus,felt,Felt,0.1250,5.7015,30.8680,61.7360,0.3520,0.7040,-0.2525,-1.0222,,0.0000,-4.4748,-4.4746,-4.4793,-5.3816,-18.0125,0.4149,0.6945,0,3
piano_felt,23,B0,0.3130,corpus,felt,Felt,0.1250,5.6290,30.8680,61.7360,0.3475,0.6950,-0.2461,-0.9959,,0.0000,-4.4944,-4.4944,-4.4989,-5.4368,-17.7240,0.4152,0.6966,0,3
piano_felt,23,B0,0.3280,corpus,felt,Felt,0.1250,5.5261,30.8680,61.7360,0.3412,0.6823,-0.2371,-0.9593,,0.0000,-4.5223,-4.5221,-4.5267,-5.5138,-17.3086,0.4156,0.6995,0,3
piano_felt,23,B0,0.3380,corpus,felt,Felt,0.1250,5.4612,30.8680,61.7360,0.3371,0.6743,-0.2316,-0.9365,,0.0000,-4.5394,-4.5393,-4.5437,-5.5616,-17.0421,0.4159,0.7014,0,3
piano_felt,23,B0,0.3630,corpus,felt,Felt,0.1250,5.3098,30.8680,61.7360,0.3278,0.6556,-0.2189,-0.8846,,0.0000,-4.5787,-4.5785,-4.5826,-5.6705,-16.4098,0.4165,0.7056,0,3
piano_felt,23,B0,0.4020,corpus,felt,Felt,0.1250,5.1005,30.8680,61.7360,0.3149,0.6298,-0.2019,-0.8154,,0.0000,-4.6306,-4.6308,-4.6345,-5.8145,-15.5061,0.4173,0.7112,0,3
piano_felt,23,B0,0.4270,corpus,felt,Felt,0.1250,4.9808,30.8680,61.7360,0.3075,0.6150,-0.1925,-0.7771,,0.0000,-4.6597,-4.6597,-4.6635,-5.8943,-14.9727,0.4178,0.7144,0,3
piano_felt,23,B0,0.4370,corpus,felt,Felt,0.1250,4.9355,30.8680,61.7360,0.3047,0.6094,-0.1890,-0.7629,,0.0000,-4.6705,-4.6704,-4.6736,-5.9240,-14.7683,0.4179,0.7155,0,3
piano_felt,23,B0,0.4520,corpus,felt,Felt,0.1250,4.8704,30.8680,61.7360,0.3007,0.6014,-0.1840,-0.7426,,0.0000,-4.6857,-4.6857,-4.6890,-5.9659,-14.4700,0.4182,0.7172,0,3
piano_felt,23,B0,0.4620,corpus,felt,Felt,0.1250,4.8285,30.8680,61.7360,0.2981,0.5962,-0.1809,-0.7298,,0.0000,-4.6953,-4.6954,-4.6986,-5.9925,-14.2768,0.4183,0.7183,0,3
piano_felt,23,B0,0.4870,corpus,felt,Felt,0.1250,4.7293,30.8680,61.7360,0.2920,0.5839,-0.1735,-0.6998,,0.0000,-4.7178,-4.7180,-4.7208,-6.0547,-13.8116,0.4187,0.7208,0,3
piano_felt,24,C1,0.0500,regular,felt,Felt,0.1250,8.0000,32.7030,65.4070,0.5232,1.0465,-0.5606,-2.3056,,0.0000,-3.4991,-3.4993,-3.5097,-3.4991,-33.7959,0.4085,0.6112,0,3
piano_felt,24,C1,0.0750,regular,felt,Felt,0.1250,8.0000,32.7030,65.4070,0.5232,1.0465,-0.5606,-2.3056,,0.0000,-3.4991,-3.4993,-3.5097,-3.4991,-30.2741,0.4085,0.6112,0,3
piano_felt,24,C1,0.1000,regular,felt,Felt,0.1250,8.0000,32.7030,65.4070,0.5232,1.0465,-0.5606,-2.3056,,0.0000,-3.4991,-3.4993,-3.5097,-3.4991,-27.7753,0.4085,0.6112,0,3
piano_felt,24,C1,0.1250,regular,felt,Felt,0.1250,7.9331,32.7030,65.4070,0.5189,1.0378,-0.5512,-2.2657,,0.0000,-3.5297,-3.5297,-3.5401,-3.5297,-25.8275,0.4090,0.6140,0,3
piano_felt,24,C1,0.1500,regular,felt,Felt,0.1250,7.3833,32.7030,65.4070,0.4829,0.9658,-0.4769,-1.9527,,0.0000,-3.7685,-3.7685,-3.7774,-3.7685,-24.1699,0.4125,0.6366,0,3
piano_felt,24,C1,0.1750,regular,felt,Felt,0.1250,6.9483,32.7030,65.4070,0.4545,0.9089,-0.4220,-1.7230,,0.0000,-3.9431,-3.9432,-3.9510,-3.9431,-22.7760,0.4151,0.6536,0,3
piano_felt,24,C1,0.2000,regular,felt,Felt,0.1250,6.5922,32.7030,65.4070,0.4312,0.8624,-0.3796,-1.5466,,0.0000,-4.0773,-4.0773,-4.0844,-4.2600,-21.5738,0.4171,0.6670,0,3
piano_felt,24,C1,0.2250,regular,felt,Felt,0.1250,6.2933,32.7030,65.4070,0.4116,0.8233,-0.3458,-1.4064,,0.0000,-4.1835,-4.1836,-4.1901,-4.5630,-20.5168,0.4188,0.6779,0,3
piano_felt,24,C1,0.2500,regular,felt,Felt,0.1250,6.0375,32.7030,65.4070,0.3949,0.7898,-0.3181,-1.2920,,0.0000,-4.2706,-4.2703,-4.2765,-4.8090,-19.5744,0.4201,0.6869,0,3
piano_felt,24,C1,0.2750,regular,felt,Felt,0.1250,5.8150,32.7030,65.4070,0.3803,0.7607,-0.2950,-1.1968,,0.0000,-4.3423,-4.3425,-4.3476,-5.0119,-18.7230,0.4212,0.6944,0,3
piano_felt,24,C1,0.3000,regular,felt,Felt,0.1250,5.6190,32.7030,65.4070,0.3675,0.7350,-0.2754,-1.1160,,0.0000,-4.4035,-4.4036,-4.4087,-5.1832,-17.9476,0.4222,0.7009,0,3
piano_felt,24,C1,0.3250,regular,felt,Felt,0.1250,5.4446,32.7030,65.4070,0.3561,0.7122,-0.2585,-1.0467,,0.0000,-4.4561,-4.4560,-4.4608,-5.3298,-17.2355,0.4230,0.7066,0,3
piano_felt,24,C1,0.3500,regular,felt,Felt,0.1250,5.2880,32.7030,65.4070,0.3459,0.6917,-0.2437,-0.9864,,0.0000,-4.5016,-4.5016,-4.5059,-5.4568,-16.5771,0.4237,0.7115,0,3
piano_felt,24,C1,0.3750,regular,felt,Felt,0.1250,5.1462,32.7030,65.4070,0.3366,0.6732,-0.2308,-0.9334,,0.0000,-4.5417,-4.5417,-4.5459,-5.5680,-15.9649,0.4244,0.7158,0,3
piano_felt,24,C1,0.4000,regular,felt,Felt,0.1250,5.0170,32.7030,65.4070,0.3281,0.6563,-0.2193,-0.8865,,0.0000,-4.5769,-4.5771,-4.5807,-5.6661,-15.3927,0.4249,0.7197,0,3
piano_felt,24,C1,0.4250,regular,felt,Felt,0.1250,4.8986,32.7030,65.4070,0.3204,0.6408,-0.2091,-0.8446,,0.0000,-4.6090,-4.6087,-4.6128,-5.7540,-14.8563,0.4254,0.7232,0,3
piano_felt,24,C1,0.4500,regular,felt,Felt,0.1250,4.7895,32.7030,65.4070,0.3133,0.6265,-0.1998,-0.8069,,0.0000,-4.6373,-4.6372,-4.6410,-5.8324,-14.3504,0.4259,0.7263,0,3
piano_felt,24,C1,0.4750,regular,felt,Felt,0.1250,4.6886,32.7030,65.4070,0.3067,0.6133,-0.1915,-0.7728,,0.0000,-4.6630,-4.6629,-4.6664,-5.9033,-13.8724,0.4263,0.7292,0,3
piano_felt,24,C1,0.5000,regular,felt,Felt,0.1250,4.5948,32.7030,65.4070,0.3005,0.6011,-0.1839,-0.7419,,0.0000,-4.6863,-4.6862,-4.6898,-5.9674,-13.4192,0.4266,0.7318,0,3
piano_felt,24,C1,0.5250,regular,felt,Felt,0.1250,4.5073,32.7030,65.4070,0.2948,0.5896,-0.1769,-0.7136,,0.0000,-4.7076,-4.7076,-4.7105,-6.0261,-12.9885,0.4270,0.7342,0,3
piano_felt,24,C1,0.5500,regular,felt,Felt,0.1250,4.4255,32.7030,65.4070,0.2895,0.5789,-0.1705,-0.6876,,0.0000,-4.7273,-4.7272,-4.7303,-6.0799,-12.5781,0.4273,0.7364,0,3
piano_felt,24,C1,0.5750,regular,felt,Felt,0.1250,4.3487,32.7030,65.4070,0.2844,0.5689,-0.1646,-0.6637,,0.0000,-4.7450,-4.7452,-4.7478,-6.1291,-12.1859,0.4276,0.7384,0,3
piano_felt,24,C1,0.6000,regular,felt,Felt,0.1250,4.2764,32.7030,65.4070,0.2797,0.5594,-0.1592,-0.6416,,0.0000,-4.7619,-4.7619,-4.7645,-6.1748,-11.8109,0.4279,0.7403,0,3
piano_felt,24,C1,0.6250,regular,felt,Felt,0.1250,4.2081,32.7030,65.4070,0.2752,0.5505,-0.1541,-0.6211,,0.0000,-4.7773,-4.7773,-4.7801,-6.2172,-11.4513,0.4281,0.7420,0,3
piano_felt,24,C1,0.6500,regular,felt,Felt,0.1250,4.1436,32.7030,65.4070,0.2710,0.5420,-0.1494,-0.6020,,0.0000,-4.7918,-4.7917,-4.7947,-6.2566,-11.1060,0.4283,0.7437,0,3
piano_felt,24,C1,0.6750,regular,felt,Felt,0.1250,4.0825,32.7030,65.4070,0.2670,0.5340,-0.1451,-0.5842,,0.0000,-4.8051,-4.8051,-4.8074,-6.2931,-10.7737,0.4286,0.7452,0,3
piano_felt,24,C1,0.7000,regular,felt,Felt,0.1250,4.0244,32.7030,65.4070,0.2632,0.5264,-0.1409,-0.5676,,0.0000,-4.8177,-4.8177,-4.8205,-6.3275,-10.4538,0.4288,0.7466,0,3
piano_felt,24,C1,0.7250,regular,felt,Felt,0.1250,3.9691,32.7030,65.4070,0.2596,0.5192,-0.1371,-0.5520,,0.0000,-4.8294,-4.8294,-4.8316,-6.3596,-10.1451,0.4289,0.7480,0,3
piano_felt,24,C1,0.7500,regular,felt,Felt,0.1250,3.9165,32.7030,65.4070,0.2562,0.5123,-0.1335,-0.5373,,0.0000,-4.8404,-4.8405,-4.8425,-6.3896,-9.8470,0.4291,0.7492,0,3
piano_felt,24,C1,0.7750,regular,felt,Felt,0.1250,3.8662,32.7030,65.4070,0.2529,0.5058,-0.1301,-0.5235,,0.0000,-4.8509,-4.8509,-4.8534,-6.4180,-9.5587,0.4293,0.7504,0,3
piano_felt,24,C1,0.8000,regular,felt,Felt,0.1250,3.8182,32.7030,65.4070,0.2497,0.4995,-0.1268,-0.5104,,0.0000,-4.8608,-4.8607,-4.8632,-6.4449,-9.2799,0.4294,0.7515,0,3
piano_felt,24,C1,0.8250,regular,felt,Felt,0.1250,3.7722,32.7030,65.4070,0.2467,0.4935,-0.1238,-0.4981,,0.0000,-4.8701,-4.8700,-4.8723,-6.4702,-9.0096,0.4296,0.7526,0,3
piano_felt,24,C1,0.8500,regular,felt,Felt,0.1250,3.7281,32.7030,65.4070,0.2438,0.4877,-0.1209,-0.4864,,0.0000,-4.8788,-4.8787,-4.8810,-6.4940,-8.7473,0.4297,0.7536,0,3
piano_felt,24,C1,0.8750,regular,felt,Felt,0.1250,3.6857,32.7030,65.4070,0.2411,0.4821,-0.1182,-0.4754,,0.0000,-4.8871,-4.8871,-4.8890,-6.5164,-8.4927,0.4299,0.7546,0,3
piano_felt,24,C1,0.9000,regular,felt,Felt,0.1250,3.6451,32.7030,65.4070,0.2384,0.4768,-0.1156,-0.4649,,0.0000,-4.8948,-4.8950,-4.8970,-6.5379,-8.2454,0.4300,0.7555,0,3
piano_felt,24,C1,0.9250,regular,felt,Felt,0.1250,3.6059,32.7030,65.4070,0.2358,0.4717,-0.1131,-0.4549,,0.0000,-4.9024,-4.9025,-4.9045,-6.5585,-8.0050,0.4301,0.7564,0,3
piano_felt,24,C1,0.9500,regular,felt,Felt,0.1250,3.5682,32.7030,65.4070,0.2334,0.4668,-0.1108,-0.4453,,0.0000,-4.9095,-4.9097,-4.9114,-6.5779,-7.7709,0.4303,0.7572,0,3
piano_felt,24,C1,0.9750,regular,felt,Felt,0.1250,3.5319,32.7030,65.4070,0.2310,0.4620,-0.1085,-0.4363,,0.0000,-4.9166,-4.9165,-4.9183,-6.5966,-7.5433,0.4304,0.7580,0,3
piano_felt,24,C1,1.0000,regular,felt,Felt,0.1250,3.4969,32.7030,65.4070,0.2287,0.4574,-0.1064,-0.4276,,0.0000,-4.9231,-4.9230,-4.9250,-6.6143,-7.3211,0.4305,0.7588,0,3
piano_felt,24,C1,0.2780,corpus,felt,Felt,0.1250,5.7902,32.7030,65.4070,0.3787,0.7574,-0.2925,-1.1864,,0.0000,-4.3502,-4.3504,-4.3552,-5.0339,-18.6262,0.4214,0.6953,0,3
piano_felt,24,C1,0.3030,corpus,felt,Felt,0.1250,5.5970,32.7030,65.4070,0.3661,0.7322,-0.2732,-1.1072,,0.0000,-4.4104,-4.4103,-4.4151,-5.2020,-17.8591,0.4223,0.7016,0,3
piano_felt,24,C1,0.3130,corpus,felt,Felt,0.1250,5.5259,32.7030,65.4070,0.3614,0.7229,-0.2663,-1.0787,,0.0000,-4.4318,-4.4318,-4.4365,-5.2621,-17.5701,0.4226,0.7039,0,3
piano_felt,24,C1,0.3280,corpus,felt,Felt,0.1250,5.4249,32.7030,65.4070,0.3548,0.7097,-0.2566,-1.0390,,0.0000,-4.4618,-4.4618,-4.4667,-5.3459,-17.1539,0.4231,0.7072,0,3
piano_felt,24,C1,0.3380,corpus,felt,Felt,0.1250,5.3611,32.7030,65.4070,0.3507,0.7013,-0.2506,-1.0143,,0.0000,-4.4805,-4.4805,-4.4852,-5.3981,-16.8871,0.4234,0.7092,0,3
piano_felt,24,C1,0.3630,corpus,felt,Felt,0.1250,5.2125,32.7030,65.4070,0.3409,0.6819,-0.2368,-0.9580,,0.0000,-4.5232,-4.5231,-4.5277,-5.5164,-16.2535,0.4241,0.7138,0,3
piano_felt,24,C1,0.4020,corpus,felt,Felt,0.1250,5.0071,32.7030,65.4070,0.3275,0.6550,-0.2185,-0.8830,,0.0000,-4.5798,-4.5798,-4.5837,-5.6736,-15.3487,0.4249,0.7200,0,3
piano_felt,24,C1,0.4270,corpus,felt,Felt,0.1250,4.8895,32.7030,65.4070,0.3198,0.6396,-0.2083,-0.8414,,0.0000,-4.6109,-4.6111,-4.6145,-5.7601,-14.8143,0.4255,0.7234,0,3
piano_felt,24,C1,0.4370,corpus,felt,Felt,0.1250,4.8451,32.7030,65.4070,0.3169,0.6338,-0.2045,-0.8260,,0.0000,-4.6227,-4.6228,-4.6262,-5.7923,-14.6095,0.4256,0.7247,0,3
piano_felt,24,C1,0.4520,corpus,felt,Felt,0.1250,4.7812,32.7030,65.4070,0.3127,0.6254,-0.1991,-0.8041,,0.0000,-4.6394,-4.6393,-4.6432,-5.8381,-14.3111,0.4259,0.7266,0,3
piano_felt,24,C1,0.4620,corpus,felt,Felt,0.1250,4.7401,32.7030,65.4070,0.3100,0.6201,-0.1957,-0.7901,,0.0000,-4.6500,-4.6498,-4.6532,-5.8672,-14.1177,0.4261,0.7277,0,3
piano_felt,24,C1,0.4870,corpus,felt,Felt,0.1250,4.6427,32.7030,65.4070,0.3037,0.6073,-0.1877,-0.7576,,0.0000,-4.6746,-4.6744,-4.6777,-5.9348,-13.6521,0.4264,0.7305,0,3
piano_felt,25,C#1,0.0500,regular,felt,Felt,0.1250,8.0000,34.6480,69.2970,0.5544,1.1088,-0.6300,-2.6004,,0.0000,-3.2737,-3.2738,-3.2854,-3.2737,-33.6806,0.4140,0.6035,0,3
piano_felt,25,C#1,0.0750,regular,felt,Felt,0.1250,8.0000,34.6480,69.2970,0.5544,1.1088,-0.6300,-2.6004,,0.0000,-3.2737,-3.2738,-3.2854,-3.2737,-30.1588,0.4140,0.6035,0,3
piano_felt,25,C#1,0.1000,regular,felt,Felt,0.1250,8.0000,34.6480,69.2970,0.5544,1.1088,-0.6300,-2.6004,,0.0000,-3.2737,-3.2738,-3.2854,-3.2737,-27.6600,0.4140,0.6035,0,3
piano_felt,25,C#1,0.1250,regular,felt,Felt,0.1250,7.7878,34.6480,69.2970,0.5397,1.0793,-0.5967,-2.4586,,0.0000,-3.3823,-3.3823,-3.3939,-3.3823,-25.6887,0.4156,0.6134,0,3
piano_felt,25,C#1,0.1500,regular,felt,Felt,0.1250,7.2480,34.6480,69.2970,0.5023,1.0045,-0.5162,-2.1180,,0.0000,-3.6426,-3.6425,-3.6523,-3.6426,-24.0244,0.4195,0.6380,0,3
piano_felt,25,C#1,0.1750,regular,felt,Felt,0.1250,6.8210,34.6480,69.2970,0.4727,0.9453,-0.4567,-1.8682,,0.0000,-3.8327,-3.8328,-3.8411,-3.8327,-22.6262,0.4223,0.6566,0,3
piano_felt,25,C#1,0.2000,regular,felt,Felt,0.1250,6.4715,34.6480,69.2970,0.4484,0.8969,-0.4108,-1.6765,,0.0000,-3.9788,-3.9786,-3.9861,-3.9788,-21.4206,0.4246,0.6712,0,3
piano_felt,25,C#1,0.2250,regular,felt,Felt,0.1250,6.1781,34.6480,69.2970,0.4281,0.8562,-0.3742,-1.5242,,0.0000,-4.0942,-4.0942,-4.1009,-4.3086,-20.3606,0.4264,0.6831,0,3
piano_felt,25,C#1,0.2500,regular,felt,Felt,0.1250,5.9269,34.6480,69.2970,0.4107,0.8214,-0.3442,-1.4001,,0.0000,-4.1883,-4.1885,-4.1943,-4.5769,-19.4156,0.4278,0.6929,0,3
piano_felt,25,C#1,0.2750,regular,felt,Felt,0.1250,5.7085,34.6480,69.2970,0.3956,0.7912,-0.3192,-1.2966,,0.0000,-4.2669,-4.2668,-4.2725,-4.7990,-18.5628,0.4291,0.7013,0,3
piano_felt,25,C#1,0.3000,regular,felt,Felt,0.1250,5.5161,34.6480,69.2970,0.3822,0.7645,-0.2980,-1.2090,,0.0000,-4.3331,-4.3332,-4.3387,-4.9857,-17.7856,0.4301,0.7084,0,3
piano_felt,25,C#1,0.3250,regular,felt,Felt,0.1250,5.3449,34.6480,69.2970,0.3704,0.7408,-0.2797,-1.1338,,0.0000,-4.3901,-4.3901,-4.3955,-5.1457,-17.0722,0.4310,0.7145,0,3
piano_felt,25,C#1,0.3500,regular,felt,Felt,0.1250,5.1911,34.6480,69.2970,0.3597,0.7195,-0.2637,-1.0684,,0.0000,-4.4394,-4.4396,-4.4442,-5.2838,-16.4124,0.4318,0.7199,0,3
piano_felt,25,C#1,0.3750,regular,felt,Felt,0.1250,5.0519,34.6480,69.2970,0.3501,0.7002,-0.2497,-1.0110,,0.0000,-4.4830,-4.4830,-4.4873,-5.4051,-15.7993,0.4325,0.7247,0,3
piano_felt,25,C#1,0.4000,regular,felt,Felt,0.1250,4.9251,34.6480,69.2970,0.3413,0.6826,-0.2373,-0.9601,,0.0000,-4.5215,-4.5215,-4.5258,-5.5121,-15.2262,0.4331,0.7290,0,3
piano_felt,25,C#1,0.4250,regular,felt,Felt,0.1250,4.8089,34.6480,69.2970,0.3332,0.6665,-0.2262,-0.9146,,0.0000,-4.5559,-4.5558,-4.5596,-5.6067,-14.6886,0.4337,0.7328,0,3
piano_felt,25,C#1,0.4500,regular,felt,Felt,0.1250,4.7018,34.6480,69.2970,0.3258,0.6516,-0.2162,-0.8738,,0.0000,-4.5868,-4.5867,-4.5908,-5.6928,-14.1822,0.4342,0.7362,0,3
piano_felt,25,C#1,0.4750,regular,felt,Felt,0.1250,4.6027,34.6480,69.2970,0.3189,0.6379,-0.2072,-0.8369,,0.0000,-4.6148,-4.6146,-4.6185,-5.7700,-13.7035,0.4346,0.7394,0,3
piano_felt,25,C#1,0.5000,regular,felt,Felt,0.1250,4.5106,34.6480,69.2970,0.3126,0.6251,-0.1989,-0.8033,,0.0000,-4.6399,-4.6399,-4.6435,-5.8397,-13.2496,0.4351,0.7422,0,3
piano_felt,25,C#1,0.5250,regular,felt,Felt,0.1250,4.4248,34.6480,69.2970,0.3066,0.6132,-0.1914,-0.7726,,0.0000,-4.6632,-4.6630,-4.6668,-5.9037,-12.8184,0.4354,0.7449,0,3
piano_felt,25,C#1,0.5500,regular,felt,Felt,0.1250,4.3444,34.6480,69.2970,0.3011,0.6021,-0.1845,-0.7445,,0.0000,-4.6843,-4.6843,-4.6875,-5.9620,-12.4074,0.4358,0.7473,0,3
piano_felt,25,C#1,0.5750,regular,felt,Felt,0.1250,4.2690,34.6480,69.2970,0.2958,0.5917,-0.1781,-0.7186,,0.0000,-4.7039,-4.7038,-4.7073,-6.0158,-12.0149,0.4361,0.7495,0,3
piano_felt,25,C#1,0.6000,regular,felt,Felt,0.1250,4.1980,34.6480,69.2970,0.2909,0.5818,-0.1722,-0.6946,,0.0000,-4.7218,-4.7219,-4.7249,-6.0653,-11.6393,0.4364,0.7516,0,3
piano_felt,25,C#1,0.6250,regular,felt,Felt,0.1250,4.1311,34.6480,69.2970,0.2863,0.5725,-0.1668,-0.6724,,0.0000,-4.7386,-4.7386,-4.7417,-6.1113,-11.2793,0.4367,0.7535,0,3
piano_felt,25,C#1,0.6500,regular,felt,Felt,0.1250,4.0677,34.6480,69.2970,0.2819,0.5638,-0.1617,-0.6517,,0.0000,-4.7543,-4.7542,-4.7571,-6.1539,-10.9335,0.4369,0.7553,0,3
piano_felt,25,C#1,0.6750,regular,felt,Felt,0.1250,4.0077,34.6480,69.2970,0.2777,0.5554,-0.1569,-0.6325,,0.0000,-4.7687,-4.7688,-4.7712,-6.1938,-10.6009,0.4372,0.7570,0,3
piano_felt,25,C#1,0.7000,regular,felt,Felt,0.1250,3.9507,34.6480,69.2970,0.2738,0.5475,-0.1525,-0.6144,,0.0000,-4.7824,-4.7824,-4.7853,-6.2310,-10.2807,0.4374,0.7586,0,3
piano_felt,25,C#1,0.7250,regular,felt,Felt,0.1250,3.8965,34.6480,69.2970,0.2700,0.5400,-0.1483,-0.5975,,0.0000,-4.7951,-4.7951,-4.7979,-6.2659,-9.9717,0.4376,0.7600,0,3
piano_felt,25,C#1,0.7500,regular,felt,Felt,0.1250,3.8448,34.6480,69.2970,0.2664,0.5329,-0.1444,-0.5816,,0.0000,-4.8071,-4.8071,-4.8095,-6.2986,-9.6733,0.4378,0.7614,0,3
piano_felt,25,C#1,0.7750,regular,felt,Felt,0.1250,3.7954,34.6480,69.2970,0.2630,0.5260,-0.1407,-0.5666,,0.0000,-4.8184,-4.8183,-4.8206,-6.3295,-9.3849,0.4380,0.7627,0,3
piano_felt,25,C#1,0.8000,regular,felt,Felt,0.1250,3.7482,34.6480,69.2970,0.2597,0.5195,-0.1372,-0.5525,,0.0000,-4.8289,-4.8290,-4.8311,-6.3584,-9.1055,0.4382,0.7640,0,3
piano_felt,25,C#1,0.8250,regular,felt,Felt,0.1250,3.7031,34.6480,69.2970,0.2566,0.5132,-0.1339,-0.5392,,0.0000,-4.8389,-4.8390,-4.8414,-6.3858,-8.8349,0.4383,0.7651,0,3
piano_felt,25,C#1,0.8500,regular,felt,Felt,0.1250,3.6598,34.6480,69.2970,0.2536,0.5072,-0.1308,-0.5265,,0.0000,-4.8485,-4.8486,-4.8510,-6.4118,-8.5726,0.4385,0.7663,0,3
piano_felt,25,C#1,0.8750,regular,felt,Felt,0.1250,3.6182,34.6480,69.2970,0.2507,0.5015,-0.1279,-0.5146,,0.0000,-4.8576,-4.8576,-4.8599,-6.4363,-8.3179,0.4386,0.7673,0,3
piano_felt,25,C#1,0.9000,regular,felt,Felt,0.1250,3.5783,34.6480,69.2970,0.2480,0.4959,-0.1251,-0.5032,,0.0000,-4.8660,-4.8662,-4.8685,-6.4595,-8.0702,0.4388,0.7683,0,3
piano_felt,25,C#1,0.9250,regular,felt,Felt,0.1250,3.5399,34.6480,69.2970,0.2453,0.4906,-0.1224,-0.4923,,0.0000,-4.8744,-4.8743,-4.8766,-6.4820,-7.8299,0.4389,0.7693,0,3
piano_felt,25,C#1,0.9500,regular,felt,Felt,0.1250,3.5029,34.6480,69.2970,0.2427,0.4855,-0.1198,-0.4820,,0.0000,-4.8820,-4.8821,-4.8841,-6.5030,-7.5954,0.4390,0.7702,0,3
piano_felt,25,C#1,0.9750,regular,felt,Felt,0.1250,3.4672,34.6480,69.2970,0.2403,0.4805,-0.1174,-0.4722,,0.0000,-4.8893,-4.8895,-4.8916,-6.5230,-7.3673,0.4392,0.7711,0,3
piano_felt,25,C#1,1.0000,regular,felt,Felt,0.1250,3.4328,34.6480,69.2970,0.2379,0.4758,-0.1151,-0.4628,,0.0000,-4.8964,-4.8965,-4.8983,-6.5422,-7.1452,0.4393,0.7719,0,3
piano_felt,25,C#1,0.2780,corpus,felt,Felt,0.1250,5.6841,34.6480,69.2970,0.3939,0.7878,-0.3165,-1.2854,,0.0000,-4.2753,-4.2754,-4.2812,-4.8230,-18.4657,0.4292,0.7022,0,3
piano_felt,25,C#1,0.3030,corpus,felt,Felt,0.1250,5.4945,34.6480,69.2970,0.3807,0.7615,-0.2956,-1.1994,,0.0000,-4.3404,-4.3405,-4.3458,-5.0063,-17.6969,0.4302,0.7091,0,3
piano_felt,25,C#1,0.3130,corpus,felt,Felt,0.1250,5.4247,34.6480,69.2970,0.3759,0.7518,-0.2881,-1.1686,,0.0000,-4.3637,-4.3638,-4.3687,-5.0717,-17.4072,0.4306,0.7117,0,3
piano_felt,25,C#1,0.3280,corpus,felt,Felt,0.1250,5.3256,34.6480,69.2970,0.3690,0.7381,-0.2776,-1.1255,,0.0000,-4.3964,-4.3964,-4.4011,-5.1634,-16.9904,0.4311,0.7152,0,3
piano_felt,25,C#1,0.3380,corpus,felt,Felt,0.1250,5.2629,34.6480,69.2970,0.3647,0.7294,-0.2711,-1.0987,,0.0000,-4.4169,-4.4167,-4.4220,-5.2201,-16.7231,0.4315,0.7174,0,3
piano_felt,25,C#1,0.3630,corpus,felt,Felt,0.1250,5.1171,34.6480,69.2970,0.3546,0.7092,-0.2562,-1.0376,,0.0000,-4.4628,-4.4629,-4.4673,-5.3489,-16.0882,0.4322,0.7225,0,3
piano_felt,25,C#1,0.4020,corpus,felt,Felt,0.1250,4.9154,34.6480,69.2970,0.3406,0.6812,-0.2364,-0.9562,,0.0000,-4.5243,-4.5244,-4.5285,-5.5200,-15.1819,0.4332,0.7293,0,3
piano_felt,25,C#1,0.4270,corpus,felt,Felt,0.1250,4.8000,34.6480,69.2970,0.3326,0.6652,-0.2254,-0.9112,,0.0000,-4.5584,-4.5584,-4.5626,-5.6143,-14.6469,0.4337,0.7331,0,3
piano_felt,25,C#1,0.4370,corpus,felt,Felt,0.1250,4.7564,34.6480,69.2970,0.3296,0.6592,-0.2213,-0.8945,,0.0000,-4.5709,-4.5710,-4.5750,-5.6492,-14.4416,0.4340,0.7345,0,3
piano_felt,25,C#1,0.4520,corpus,felt,Felt,0.1250,4.6936,34.6480,69.2970,0.3252,0.6505,-0.2155,-0.8707,,0.0000,-4.5891,-4.5890,-4.5930,-5.6994,-14.1430,0.4342,0.7365,0,3
piano_felt,25,C#1,0.4620,corpus,felt,Felt,0.1250,4.6533,34.6480,69.2970,0.3225,0.6449,-0.2118,-0.8556,,0.0000,-4.6003,-4.6004,-4.6040,-5.7307,-13.9490,0.4344,0.7378,0,3
piano_felt,25,C#1,0.4870,corpus,felt,Felt,0.1250,4.5577,34.6480,69.2970,0.3158,0.6317,-0.2031,-0.8204,,0.0000,-4.6270,-4.6270,-4.6305,-5.8042,-13.4826,0.4348,0.7408,0,3
piano_felt,26,D1,0.0500,regular,felt,Felt,0.1250,8.0000,36.7080,73.4170,0.5873,1.1747,-0.7080,-2.9347,,0.0000,-3.0174,-3.0175,-3.0309,-3.0174,-33.5629,0.4196,0.5940,0,3
piano_felt,26,D1,0.0750,regular,felt,Felt,0.1250,8.0000,36.7080,73.4170,0.5873,1.1747,-0.7080,-2.9347,,0.0000,-3.0174,-3.0175,-3.0309,-3.0174,-30.0410,0.4196,0.5940,0,3
piano_felt,26,D1,0.1000,regular,felt,Felt,0.1250,8.0000,36.7080,73.4170,0.5873,1.1747,-0.7080,-2.9347,,0.0000,-3.0174,-3.0175,-3.0309,-3.0174,-27.5423,0.4196,0.5940,0,3
piano_felt,26,D1,0.1250,regular,felt,Felt,0.1250,7.6452,36.7080,73.4170,0.5613,1.1226,-0.6459,-2.6686,,0.0000,-3.2218,-3.2216,-3.2338,-3.2218,-25.5422,0.4226,0.6124,0,3
piano_felt,26,D1,0.1500,regular,felt,Felt,0.1250,7.1153,36.7080,73.4170,0.5224,1.0448,-0.5587,-2.2976,,0.0000,-3.5054,-3.5053,-3.5157,-3.5054,-23.8712,0.4269,0.6392,0,3
piano_felt,26,D1,0.1750,regular,felt,Felt,0.1250,6.6961,36.7080,73.4170,0.4916,0.9832,-0.4943,-2.0260,,0.0000,-3.7125,-3.7126,-3.7220,-3.7125,-22.4679,0.4301,0.6595,0,3
piano_felt,26,D1,0.2000,regular,felt,Felt,0.1250,6.3529,36.7080,73.4170,0.4664,0.9328,-0.4446,-1.8176,,0.0000,-3.8711,-3.8713,-3.8795,-3.8711,-21.2583,0.4326,0.6755,0,3
piano_felt,26,D1,0.2250,regular,felt,Felt,0.1250,6.0649,36.7080,73.4170,0.4453,0.8905,-0.4050,-1.6521,,0.0000,-3.9969,-3.9971,-4.0043,-4.0299,-20.1956,0.4345,0.6885,0,3
piano_felt,26,D1,0.2500,regular,felt,Felt,0.1250,5.8183,36.7080,73.4170,0.4272,0.8543,-0.3725,-1.5173,,0.0000,-4.0994,-4.0995,-4.1060,-4.3237,-19.2481,0.4362,0.6992,0,3
piano_felt,26,D1,0.2750,regular,felt,Felt,0.1250,5.6039,36.7080,73.4170,0.4114,0.8228,-0.3454,-1.4050,,0.0000,-4.1848,-4.1847,-4.1908,-4.5662,-18.3932,0.4375,0.7084,0,3
piano_felt,26,D1,0.3000,regular,felt,Felt,0.1250,5.4151,36.7080,73.4170,0.3976,0.7951,-0.3224,-1.3099,,0.0000,-4.2568,-4.2567,-4.2629,-4.7705,-17.6144,0.4387,0.7161,0,3
piano_felt,26,D1,0.3250,regular,felt,Felt,0.1250,5.2470,36.7080,73.4170,0.3852,0.7704,-0.3026,-1.2283,,0.0000,-4.3188,-4.3186,-4.3244,-4.9448,-16.8994,0.4397,0.7229,0,3
piano_felt,26,D1,0.3500,regular,felt,Felt,0.1250,5.0960,36.7080,73.4170,0.3741,0.7483,-0.2854,-1.1573,,0.0000,-4.3723,-4.3723,-4.3779,-5.0955,-16.2383,0.4406,0.7288,0,3
piano_felt,26,D1,0.3750,regular,felt,Felt,0.1250,4.9594,36.7080,73.4170,0.3641,0.7282,-0.2702,-1.0950,,0.0000,-4.4194,-4.4195,-4.4245,-5.2278,-15.6239,0.4413,0.7341,0,3
piano_felt,26,D1,0.4000,regular,felt,Felt,0.1250,4.8349,36.7080,73.4170,0.3550,0.7099,-0.2568,-1.0398,,0.0000,-4.4610,-4.4612,-4.4657,-5.3442,-15.0498,0.4420,0.7388,0,3
piano_felt,26,D1,0.4250,regular,felt,Felt,0.1250,4.7208,36.7080,73.4170,0.3466,0.6932,-0.2448,-0.9905,,0.0000,-4.4986,-4.4985,-4.5028,-5.4481,-14.5114,0.4426,0.7430,0,3
piano_felt,26,D1,0.4500,regular,felt,Felt,0.1250,4.6157,36.7080,73.4170,0.3389,0.6777,-0.2339,-0.9463,,0.0000,-4.5318,-4.5319,-4.5362,-5.5411,-14.0040,0.4432,0.7468,0,3
piano_felt,26,D1,0.4750,regular,felt,Felt,0.1250,4.5184,36.7080,73.4170,0.3317,0.6635,-0.2241,-0.9062,,0.0000,-4.5621,-4.5622,-4.5659,-5.6248,-13.5245,0.4437,0.7502,0,3
piano_felt,26,D1,0.5000,regular,felt,Felt,0.1250,4.4280,36.7080,73.4170,0.3251,0.6502,-0.2152,-0.8698,,0.0000,-4.5895,-4.5896,-4.5935,-5.7009,-13.0700,0.4441,0.7534,0,3
piano_felt,26,D1,0.5250,regular,felt,Felt,0.1250,4.3437,36.7080,73.4170,0.3189,0.6378,-0.2071,-0.8366,,0.0000,-4.6145,-4.6147,-4.6184,-5.7702,-12.6380,0.4446,0.7563,0,3
piano_felt,26,D1,0.5500,regular,felt,Felt,0.1250,4.2649,36.7080,73.4170,0.3131,0.6262,-0.1996,-0.8061,,0.0000,-4.6380,-4.6378,-4.6416,-5.8341,-12.2269,0.4449,0.7589,0,3
piano_felt,26,D1,0.5750,regular,felt,Felt,0.1250,4.1908,36.7080,73.4170,0.3077,0.6154,-0.1927,-0.7780,,0.0000,-4.6591,-4.6590,-4.6623,-5.8924,-11.8338,0.4453,0.7614,0,3
piano_felt,26,D1,0.6000,regular,felt,Felt,0.1250,4.1212,36.7080,73.4170,0.3026,0.6051,-0.1864,-0.7521,,0.0000,-4.6786,-4.6785,-4.6819,-5.9462,-11.4577,0.4456,0.7636,0,3
piano_felt,26,D1,0.6250,regular,felt,Felt,0.1250,4.0554,36.7080,73.4170,0.2977,0.5955,-0.1804,-0.7280,,0.0000,-4.6968,-4.6967,-4.6999,-5.9963,-11.0973,0.4459,0.7658,0,3
piano_felt,26,D1,0.6500,regular,felt,Felt,0.1250,3.9932,36.7080,73.4170,0.2932,0.5863,-0.1749,-0.7056,,0.0000,-4.7136,-4.7136,-4.7170,-6.0426,-10.7509,0.4462,0.7677,0,3
piano_felt,26,D1,0.6750,regular,felt,Felt,0.1250,3.9343,36.7080,73.4170,0.2888,0.5777,-0.1698,-0.6847,,0.0000,-4.7293,-4.7294,-4.7324,-6.0858,-10.4181,0.4465,0.7696,0,3
piano_felt,26,D1,0.7000,regular,felt,Felt,0.1250,3.8783,36.7080,73.4170,0.2847,0.5695,-0.1650,-0.6651,,0.0000,-4.7440,-4.7441,-4.7470,-6.1263,-10.0973,0.4467,0.7713,0,3
piano_felt,26,D1,0.7250,regular,felt,Felt,0.1250,3.8251,36.7080,73.4170,0.2808,0.5617,-0.1605,-0.6468,,0.0000,-4.7578,-4.7579,-4.7606,-6.1642,-9.7881,0.4469,0.7730,0,3
piano_felt,26,D1,0.7500,regular,felt,Felt,0.1250,3.7743,36.7080,73.4170,0.2771,0.5542,-0.1562,-0.6296,,0.0000,-4.7708,-4.7709,-4.7737,-6.1996,-9.4893,0.4472,0.7745,0,3
piano_felt,26,D1,0.7750,regular,felt,Felt,0.1250,3.7259,36.7080,73.4170,0.2735,0.5471,-0.1522,-0.6134,,0.0000,-4.7832,-4.7831,-4.7857,-6.2333,-9.2006,0.4474,0.7759,0,3
piano_felt,26,D1,0.8000,regular,felt,Felt,0.1250,3.6796,36.7080,73.4170,0.2701,0.5403,-0.1485,-0.5981,,0.0000,-4.7949,-4.7946,-4.7977,-6.2648,-8.9212,0.4476,0.7773,0,3
piano_felt,26,D1,0.8250,regular,felt,Felt,0.1250,3.6353,36.7080,73.4170,0.2669,0.5338,-0.1449,-0.5836,,0.0000,-4.8053,-4.8055,-4.8076,-6.2942,-8.6500,0.4478,0.7786,0,3
piano_felt,26,D1,0.8500,regular,felt,Felt,0.1250,3.5928,36.7080,73.4170,0.2638,0.5275,-0.1415,-0.5699,,0.0000,-4.8159,-4.8158,-4.8184,-6.3226,-8.3876,0.4479,0.7798,0,3
piano_felt,26,D1,0.8750,regular,felt,Felt,0.1250,3.5520,36.7080,73.4170,0.2608,0.5215,-0.1383,-0.5570,,0.0000,-4.8256,-4.8256,-4.8280,-6.3493,-8.1325,0.4481,0.7810,0,3
piano_felt,26,D1,0.9000,regular,felt,Felt,0.1250,3.5128,36.7080,73.4170,0.2579,0.5158,-0.1353,-0.5446,,0.0000,-4.8350,-4.8349,-4.8374,-6.3745,-7.8847,0.4483,0.7821,0,3
piano_felt,26,D1,0.9250,regular,felt,Felt,0.1250,3.4751,36.7080,73.4170,0.2551,0.5103,-0.1324,-0.5329,,0.0000,-4.8437,-4.8437,-4.8461,-6.3986,-7.6439,0.4484,0.7832,0,3
piano_felt,26,D1,0.9500,regular,felt,Felt,0.1250,3.4387,36.7080,73.4170,0.2525,0.5049,-0.1296,-0.5217,,0.0000,-4.8522,-4.8522,-4.8542,-6.4215,-7.4095,0.4485,0.7842,0,3
piano_felt,26,D1,0.9750,regular,felt,Felt,0.1250,3.4037,36.7080,73.4170,0.2499,0.4998,-0.1270,-0.5111,,0.0000,-4.8601,-4.8602,-4.8625,-6.4434,-7.1812,0.4487,0.7851,0,3
piano_felt,26,D1,1.0000,regular,felt,Felt,0.1250,3.3700,36.7080,73.4170,0.2474,0.4948,-0.1245,-0.5009,,0.0000,-4.8679,-4.8678,-4.8701,-6.4644,-6.9589,0.4488,0.7860,0,3
piano_felt,26,D1,0.2780,corpus,felt,Felt,0.1250,5.5800,36.7080,73.4170,0.4097,0.8193,-0.3425,-1.3928,,0.0000,-4.1940,-4.1940,-4.2000,-4.5925,-18.2960,0.4377,0.7093,0,3
piano_felt,26,D1,0.3030,corpus,felt,Felt,0.1250,5.3939,36.7080,73.4170,0.3960,0.7920,-0.3199,-1.2995,,0.0000,-4.2647,-4.2647,-4.2701,-4.7927,-17.5254,0.4388,0.7170,0,3
piano_felt,26,D1,0.3130,corpus,felt,Felt,0.1250,5.3254,36.7080,73.4170,0.3910,0.7819,-0.3118,-1.2660,,0.0000,-4.2900,-4.2900,-4.2957,-4.8643,-17.2353,0.4392,0.7198,0,3
piano_felt,26,D1,0.3280,corpus,felt,Felt,0.1250,5.2281,36.7080,73.4170,0.3838,0.7677,-0.3004,-1.2192,,0.0000,-4.3256,-4.3254,-4.3310,-4.9641,-16.8174,0.4398,0.7237,0,3
piano_felt,26,D1,0.3380,corpus,felt,Felt,0.1250,5.1666,36.7080,73.4170,0.3793,0.7586,-0.2934,-1.1902,,0.0000,-4.3475,-4.3474,-4.3526,-5.0260,-16.5495,0.4402,0.7261,0,3
piano_felt,26,D1,0.3630,corpus,felt,Felt,0.1250,5.0234,36.7080,73.4170,0.3688,0.7376,-0.2773,-1.1239,,0.0000,-4.3976,-4.3976,-4.4028,-5.1664,-15.9135,0.4410,0.7316,0,3
piano_felt,26,D1,0.4020,corpus,felt,Felt,0.1250,4.8254,36.7080,73.4170,0.3543,0.7085,-0.2558,-1.0357,,0.0000,-4.4644,-4.4643,-4.4690,-5.3530,-15.0057,0.4421,0.7391,0,3
piano_felt,26,D1,0.4270,corpus,felt,Felt,0.1250,4.7121,36.7080,73.4170,0.3459,0.6919,-0.2438,-0.9868,,0.0000,-4.5014,-4.5013,-4.5060,-5.4558,-14.4696,0.4427,0.7433,0,3
piano_felt,26,D1,0.4370,corpus,felt,Felt,0.1250,4.6693,36.7080,73.4170,0.3428,0.6856,-0.2394,-0.9687,,0.0000,-4.5150,-4.5150,-4.5192,-5.4938,-14.2641,0.4429,0.7448,0,3
piano_felt,26,D1,0.4520,corpus,felt,Felt,0.1250,4.6076,36.7080,73.4170,0.3383,0.6766,-0.2331,-0.9429,,0.0000,-4.5345,-4.5345,-4.5385,-5.5480,-13.9646,0.4432,0.7471,0,3
piano_felt,26,D1,0.4620,corpus,felt,Felt,0.1250,4.5681,36.7080,73.4170,0.3354,0.6708,-0.2291,-0.9266,,0.0000,-4.5469,-4.5468,-4.5510,-5.5824,-13.7707,0.4434,0.7485,0,3
piano_felt,26,D1,0.4870,corpus,felt,Felt,0.1250,4.4742,36.7080,73.4170,0.3285,0.6570,-0.2198,-0.8883,,0.0000,-4.5758,-4.5757,-4.5798,-5.6623,-13.3035,0.4439,0.7518,0,3
piano_felt,27,D#1,0.0500,regular,felt,Felt,0.1250,8.0000,38.8910,77.7830,0.6223,1.2445,-0.7958,-3.3147,,0.0000,-2.7253,-2.7253,-2.7405,-2.7253,-33.4434,0.4255,0.5823,0,3
piano_felt,27,D#1,0.0750,regular,felt,Felt,0.1250,8.0000,38.8910,77.7830,0.6223,1.2445,-0.7958,-3.3147,,0.0000,-2.7253,-2.7253,-2.7405,-2.7253,-29.9216,0.4255,0.5823,0,3
piano_felt,27,D#1,0.1000,regular,felt,Felt,0.1250,8.0000,38.8910,77.7830,0.6223,1.2445,-0.7958,-3.3147,,0.0000,-2.7253,-2.7253,-2.7405,-2.7253,-27.4228,0.4255,0.5823,0,3
piano_felt,27,D#1,0.1250,regular,felt,Felt,0.1250,7.5051,38.8910,77.7830,0.5838,1.1675,-0.6993,-2.8975,,0.0000,-3.0461,-3.0461,-3.0595,-3.0461,-25.3882,0.4302,0.6109,0,3
piano_felt,27,D#1,0.1500,regular,felt,Felt,0.1250,6.9850,38.8910,77.7830,0.5433,1.0866,-0.6049,-2.4933,,0.0000,-3.3559,-3.3558,-3.3673,-3.3559,-23.7102,0.4349,0.6400,0,3
piano_felt,27,D#1,0.1750,regular,felt,Felt,0.1250,6.5734,38.8910,77.7830,0.5113,1.0226,-0.5351,-2.1976,,0.0000,-3.5817,-3.5817,-3.5918,-3.5817,-22.3014,0.4384,0.6622,0,3
piano_felt,27,D#1,0.2000,regular,felt,Felt,0.1250,6.2366,38.8910,77.7830,0.4851,0.9702,-0.4813,-1.9710,,0.0000,-3.7545,-3.7545,-3.7633,-3.7545,-21.0877,0.4411,0.6797,0,3
piano_felt,27,D#1,0.2250,regular,felt,Felt,0.1250,5.9538,38.8910,77.7830,0.4631,0.9262,-0.4383,-1.7912,,0.0000,-3.8913,-3.8914,-3.8997,-3.8913,-20.0216,0.4433,0.6939,0,3
piano_felt,27,D#1,0.2500,regular,felt,Felt,0.1250,5.7118,38.8910,77.7830,0.4443,0.8886,-0.4032,-1.6446,,0.0000,-4.0026,-4.0028,-4.0100,-4.0464,-19.0713,0.4451,0.7057,0,3
piano_felt,27,D#1,0.2750,regular,felt,Felt,0.1250,5.5013,38.8910,77.7830,0.4279,0.8558,-0.3738,-1.5227,,0.0000,-4.0953,-4.0954,-4.1020,-4.3119,-18.2142,0.4466,0.7157,0,3
piano_felt,27,D#1,0.3000,regular,felt,Felt,0.1250,5.3159,38.8910,77.7830,0.4135,0.8270,-0.3489,-1.4195,,0.0000,-4.1738,-4.1737,-4.1802,-4.5350,-17.4336,0.4479,0.7243,0,3
piano_felt,27,D#1,0.3250,regular,felt,Felt,0.1250,5.1509,38.8910,77.7830,0.4006,0.8013,-0.3275,-1.3308,,0.0000,-4.2408,-4.2409,-4.2467,-4.7255,-16.7168,0.4490,0.7317,0,3
piano_felt,27,D#1,0.3500,regular,felt,Felt,0.1250,5.0027,38.8910,77.7830,0.3891,0.7783,-0.3088,-1.2538,,0.0000,-4.2990,-4.2993,-4.3047,-4.8902,-16.0544,0.4500,0.7382,0,3
piano_felt,27,D#1,0.3750,regular,felt,Felt,0.1250,4.8686,38.8910,77.7830,0.3787,0.7574,-0.2924,-1.1862,,0.0000,-4.3507,-4.3505,-4.3559,-5.0344,-15.4389,0.4508,0.7440,0,3
piano_felt,27,D#1,0.4000,regular,felt,Felt,0.1250,4.7464,38.8910,77.7830,0.3692,0.7384,-0.2779,-1.1263,,0.0000,-4.3957,-4.3958,-4.4008,-5.1614,-14.8637,0.4516,0.7491,0,3
piano_felt,27,D#1,0.4250,regular,felt,Felt,0.1250,4.6343,38.8910,77.7830,0.3605,0.7209,-0.2648,-1.0729,,0.0000,-4.4362,-4.4362,-4.4409,-5.2744,-14.3241,0.4523,0.7537,0,3
piano_felt,27,D#1,0.4500,regular,felt,Felt,0.1250,4.5312,38.8910,77.7830,0.3524,0.7049,-0.2531,-1.0249,,0.0000,-4.4725,-4.4725,-4.4769,-5.3758,-13.8159,0.4529,0.7579,0,3
piano_felt,27,D#1,0.4750,regular,felt,Felt,0.1250,4.4357,38.8910,77.7830,0.3450,0.6900,-0.2425,-0.9815,,0.0000,-4.5053,-4.5053,-4.5098,-5.4671,-13.3357,0.4534,0.7617,0,3
piano_felt,27,D#1,0.5000,regular,felt,Felt,0.1250,4.3469,38.8910,77.7830,0.3381,0.6762,-0.2329,-0.9420,,0.0000,-4.5351,-4.5351,-4.5392,-5.5498,-12.8804,0.4540,0.7652,0,3
piano_felt,27,D#1,0.5250,regular,felt,Felt,0.1250,4.2642,38.8910,77.7830,0.3317,0.6634,-0.2241,-0.9060,,0.0000,-4.5623,-4.5624,-4.5666,-5.6253,-12.4479,0.4544,0.7684,0,3
piano_felt,27,D#1,0.5500,regular,felt,Felt,0.1250,4.1868,38.8910,77.7830,0.3257,0.6513,-0.2160,-0.8729,,0.0000,-4.5874,-4.5873,-4.5914,-5.6946,-12.0358,0.4548,0.7713,0,3
piano_felt,27,D#1,0.5750,regular,felt,Felt,0.1250,4.1141,38.8910,77.7830,0.3200,0.6400,-0.2085,-0.8425,,0.0000,-4.6103,-4.6103,-4.6140,-5.7582,-11.6422,0.4552,0.7740,0,3
piano_felt,27,D#1,0.6000,regular,felt,Felt,0.1250,4.0457,38.8910,77.7830,0.3147,0.6294,-0.2016,-0.8143,,0.0000,-4.6316,-4.6316,-4.6353,-5.8169,-11.2657,0.4556,0.7765,0,3
piano_felt,27,D#1,0.6250,regular,felt,Felt,0.1250,3.9811,38.8910,77.7830,0.3097,0.6193,-0.1952,-0.7882,,0.0000,-4.6514,-4.6513,-4.6548,-5.8713,-10.9048,0.4559,0.7788,0,3
piano_felt,27,D#1,0.6500,regular,felt,Felt,0.1250,3.9201,38.8910,77.7830,0.3049,0.6098,-0.1893,-0.7640,,0.0000,-4.6694,-4.6696,-4.6726,-5.9214,-10.5579,0.4562,0.7810,0,3
piano_felt,27,D#1,0.6750,regular,felt,Felt,0.1250,3.8622,38.8910,77.7830,0.3004,0.6008,-0.1837,-0.7413,,0.0000,-4.6867,-4.6867,-4.6901,-5.9686,-10.2247,0.4565,0.7831,0,3
piano_felt,27,D#1,0.7000,regular,felt,Felt,0.1250,3.8073,38.8910,77.7830,0.2961,0.5923,-0.1785,-0.7201,,0.0000,-4.7025,-4.7026,-4.7059,-6.0125,-9.9035,0.4568,0.7850,0,3
piano_felt,27,D#1,0.7250,regular,felt,Felt,0.1250,3.7550,38.8910,77.7830,0.2921,0.5842,-0.1736,-0.7003,,0.0000,-4.7177,-4.7176,-4.7206,-6.0537,-9.5940,0.4571,0.7868,0,3
piano_felt,27,D#1,0.7500,regular,felt,Felt,0.1250,3.7052,38.8910,77.7830,0.2882,0.5764,-0.1690,-0.6816,,0.0000,-4.7318,-4.7317,-4.7346,-6.0923,-9.2949,0.4573,0.7885,0,3
piano_felt,27,D#1,0.7750,regular,felt,Felt,0.1250,3.6577,38.8910,77.7830,0.2845,0.5690,-0.1647,-0.6641,,0.0000,-4.7450,-4.7449,-4.7481,-6.1286,-9.0058,0.4575,0.7901,0,3
piano_felt,27,D#1,0.8000,regular,felt,Felt,0.1250,3.6122,38.8910,77.7830,0.2810,0.5619,-0.1606,-0.6475,,0.0000,-4.7574,-4.7574,-4.7600,-6.1628,-8.7258,0.4577,0.7916,0,3
piano_felt,27,D#1,0.8250,regular,felt,Felt,0.1250,3.5687,38.8910,77.7830,0.2776,0.5552,-0.1568,-0.6318,,0.0000,-4.7692,-4.7692,-4.7720,-6.1950,-8.4547,0.4579,0.7930,0,3
piano_felt,27,D#1,0.8500,regular,felt,Felt,0.1250,3.5270,38.8910,77.7830,0.2743,0.5487,-0.1531,-0.6170,,0.0000,-4.7802,-4.7804,-4.7828,-6.2256,-8.1917,0.4581,0.7943,0,3
piano_felt,27,D#1,0.8750,regular,felt,Felt,0.1250,3.4869,38.8910,77.7830,0.2712,0.5424,-0.1497,-0.6029,,0.0000,-4.7910,-4.7910,-4.7935,-6.2546,-7.9365,0.4583,0.7956,0,3
piano_felt,27,D#1,0.9000,regular,felt,Felt,0.1250,3.4484,38.8910,77.7830,0.2682,0.5365,-0.1464,-0.5896,,0.0000,-4.8012,-4.8011,-4.8041,-6.2822,-7.6886,0.4585,0.7969,0,3
piano_felt,27,D#1,0.9250,regular,felt,Felt,0.1250,3.4114,38.8910,77.7830,0.2653,0.5307,-0.1432,-0.5769,,0.0000,-4.8106,-4.8106,-4.8131,-6.3083,-7.4473,0.4587,0.7980,0,3
piano_felt,27,D#1,0.9500,regular,felt,Felt,0.1250,3.3758,38.8910,77.7830,0.2626,0.5252,-0.1403,-0.5648,,0.0000,-4.8198,-4.8198,-4.8223,-6.3333,-7.2129,0.4588,0.7991,0,3
piano_felt,27,D#1,0.9750,regular,felt,Felt,0.1250,3.3414,38.8910,77.7830,0.2599,0.5198,-0.1374,-0.5532,,0.0000,-4.8285,-4.8285,-4.8309,-6.3570,-6.9844,0.4590,0.8002,0,3
piano_felt,27,D#1,1.0000,regular,felt,Felt,0.1250,3.3082,38.8910,77.7830,0.2573,0.5146,-0.1347,-0.5422,,0.0000,-4.8367,-4.8368,-4.8391,-6.3795,-6.7617,0.4591,0.8012,0,3
piano_felt,27,D#1,0.2780,corpus,felt,Felt,0.1250,5.4778,38.8910,77.7830,0.4261,0.8522,-0.3706,-1.5094,,0.0000,-4.1056,-4.1055,-4.1125,-4.3408,-18.1168,0.4468,0.7168,0,3
piano_felt,27,D#1,0.3030,corpus,felt,Felt,0.1250,5.2951,38.8910,77.7830,0.4119,0.8237,-0.3462,-1.4081,,0.0000,-4.1823,-4.1823,-4.1884,-4.5596,-17.3444,0.4481,0.7252,0,3
piano_felt,27,D#1,0.3130,corpus,felt,Felt,0.1250,5.2278,38.8910,77.7830,0.4066,0.8133,-0.3374,-1.3718,,0.0000,-4.2099,-4.2099,-4.2159,-4.6376,-17.0535,0.4485,0.7282,0,3
piano_felt,27,D#1,0.3280,corpus,felt,Felt,0.1250,5.1323,38.8910,77.7830,0.3992,0.7984,-0.3251,-1.3210,,0.0000,-4.2484,-4.2483,-4.2543,-4.7466,-16.6347,0.4491,0.7325,0,3
piano_felt,27,D#1,0.3380,corpus,felt,Felt,0.1250,5.0719,38.8910,77.7830,0.3945,0.7890,-0.3175,-1.2895,,0.0000,-4.2722,-4.2722,-4.2780,-4.8140,-16.3661,0.4496,0.7352,0,3
piano_felt,27,D#1,0.3630,corpus,felt,Felt,0.1250,4.9314,38.8910,77.7830,0.3836,0.7672,-0.3000,-1.2176,,0.0000,-4.3267,-4.3267,-4.3322,-4.9675,-15.7289,0.4505,0.7413,0,3
piano_felt,27,D#1,0.4020,corpus,felt,Felt,0.1250,4.7370,38.8910,77.7830,0.3685,0.7369,-0.2768,-1.1218,,0.0000,-4.3991,-4.3992,-4.4041,-5.1708,-14.8192,0.4517,0.7495,0,3
piano_felt,27,D#1,0.4270,corpus,felt,Felt,0.1250,4.6258,38.8910,77.7830,0.3598,0.7196,-0.2639,-1.0689,,0.0000,-4.4392,-4.4392,-4.4441,-5.2829,-14.2823,0.4523,0.7541,0,3
piano_felt,27,D#1,0.4370,corpus,felt,Felt,0.1250,4.5838,38.8910,77.7830,0.3565,0.7131,-0.2591,-1.0492,,0.0000,-4.4541,-4.4541,-4.4586,-5.3243,-14.0765,0.4526,0.7558,0,3
piano_felt,27,D#1,0.4520,corpus,felt,Felt,0.1250,4.5232,38.8910,77.7830,0.3518,0.7037,-0.2523,-1.0212,,0.0000,-4.4754,-4.4753,-4.4801,-5.3835,-13.7766,0.4529,0.7582,0,3
piano_felt,27,D#1,0.4620,corpus,felt,Felt,0.1250,4.4844,38.8910,77.7830,0.3488,0.6976,-0.2479,-1.0035,,0.0000,-4.4887,-4.4887,-4.4930,-5.4208,-13.5821,0.4532,0.7598,0,3
piano_felt,27,D#1,0.4870,corpus,felt,Felt,0.1250,4.3923,38.8910,77.7830,0.3416,0.6833,-0.2378,-0.9621,,0.0000,-4.5200,-4.5200,-4.5246,-5.5078,-13.1142,0.4537,0.7634,0,3
piano_felt,28,E1,0.0500,regular,felt,Felt,0.1250,8.0000,41.2030,82.4080,0.6592,1.3185,-0.8946,-3.7473,,0.0000,-2.3916,-2.3915,-2.4096,-2.3916,-33.3234,0.4314,0.5681,0,3
piano_felt,28,E1,0.0750,regular,felt,Felt,0.1250,8.0000,41.2030,82.4080,0.6592,1.3185,-0.8946,-3.7473,,0.0000,-2.3916,-2.3915,-2.4096,-2.3916,-29.8016,0.4314,0.5681,0,3
piano_felt,28,E1,0.1000,regular,felt,Felt,0.1250,8.0000,41.2030,82.4080,0.6592,1.3185,-0.8946,-3.7473,,0.0000,-2.3916,-2.3915,-2.4096,-2.3916,-27.3028,0.4314,0.5681,0,3
piano_felt,28,E1,0.1250,regular,felt,Felt,0.1250,7.3677,41.2030,82.4080,0.6071,1.2143,-0.7571,-3.1471,,0.0000,-2.8544,-2.8543,-2.8692,-2.8544,-25.2272,0.4383,0.6088,0,3
piano_felt,28,E1,0.1500,regular,felt,Felt,0.1250,6.8571,41.2030,82.4080,0.5651,1.1302,-0.6548,-2.7064,,0.0000,-3.1924,-3.1926,-3.2050,-3.1924,-23.5409,0.4435,0.6404,0,3
piano_felt,28,E1,0.1750,regular,felt,Felt,0.1250,6.4531,41.2030,82.4080,0.5318,1.0636,-0.5792,-2.3844,,0.0000,-3.4392,-3.4390,-3.4499,-3.4392,-22.1267,0.4473,0.6646,0,3
piano_felt,28,E1,0.2000,regular,felt,Felt,0.1250,6.1224,41.2030,82.4080,0.5045,1.0091,-0.5209,-2.1378,,0.0000,-3.6275,-3.6274,-3.6373,-3.6275,-20.9084,0.4504,0.6838,0,3
piano_felt,28,E1,0.2250,regular,felt,Felt,0.1250,5.8448,41.2030,82.4080,0.4816,0.9633,-0.4744,-1.9422,,0.0000,-3.7767,-3.7764,-3.7853,-3.7767,-19.8390,0.4528,0.6994,0,3
piano_felt,28,E1,0.2500,regular,felt,Felt,0.1250,5.6072,41.2030,82.4080,0.4621,0.9242,-0.4363,-1.7829,,0.0000,-3.8975,-3.8976,-3.9056,-3.8975,-18.8856,0.4548,0.7123,0,3
piano_felt,28,E1,0.2750,regular,felt,Felt,0.1250,5.4005,41.2030,82.4080,0.4450,0.8901,-0.4046,-1.6505,,0.0000,-3.9984,-3.9984,-4.0058,-4.0336,-18.0261,0.4564,0.7232,0,3
piano_felt,28,E1,0.3000,regular,felt,Felt,0.1250,5.2186,41.2030,82.4080,0.4300,0.8601,-0.3776,-1.5384,,0.0000,-4.0835,-4.0835,-4.0906,-4.2779,-17.2433,0.4578,0.7326,0,3
piano_felt,28,E1,0.3250,regular,felt,Felt,0.1250,5.0566,41.2030,82.4080,0.4167,0.8334,-0.3544,-1.4421,,0.0000,-4.1564,-4.1565,-4.1630,-4.4860,-16.5248,0.4591,0.7408,0,3
piano_felt,28,E1,0.3500,regular,felt,Felt,0.1250,4.9111,41.2030,82.4080,0.4047,0.8094,-0.3342,-1.3585,,0.0000,-4.2200,-4.2199,-4.2261,-4.6661,-15.8610,0.4601,0.7480,0,3
piano_felt,28,E1,0.3750,regular,felt,Felt,0.1250,4.7794,41.2030,82.4080,0.3939,0.7877,-0.3164,-1.2852,,0.0000,-4.2756,-4.2755,-4.2811,-4.8233,-15.2438,0.4611,0.7543,0,3
piano_felt,28,E1,0.4000,regular,felt,Felt,0.1250,4.6594,41.2030,82.4080,0.3840,0.7679,-0.3007,-1.2202,,0.0000,-4.3247,-4.3247,-4.3302,-4.9620,-14.6677,0.4619,0.7600,0,3
piano_felt,28,E1,0.4250,regular,felt,Felt,0.1250,4.5495,41.2030,82.4080,0.3749,0.7498,-0.2866,-1.1622,,0.0000,-4.3687,-4.3686,-4.3738,-5.0853,-14.1270,0.4627,0.7651,0,3
piano_felt,28,E1,0.4500,regular,felt,Felt,0.1250,4.4482,41.2030,82.4080,0.3666,0.7331,-0.2739,-1.1101,,0.0000,-4.4079,-4.4080,-4.4128,-5.1956,-13.6176,0.4634,0.7697,0,3
piano_felt,28,E1,0.4750,regular,felt,Felt,0.1250,4.3544,41.2030,82.4080,0.3588,0.7177,-0.2624,-1.0630,,0.0000,-4.4437,-4.4437,-4.4484,-5.2953,-13.1367,0.4640,0.7738,0,3
piano_felt,28,E1,0.5000,regular,felt,Felt,0.1250,4.2673,41.2030,82.4080,0.3517,0.7033,-0.2520,-1.0202,,0.0000,-4.4759,-4.4760,-4.4806,-5.3854,-12.6807,0.4645,0.7777,0,3
piano_felt,28,E1,0.5250,regular,felt,Felt,0.1250,4.1861,41.2030,82.4080,0.3450,0.6899,-0.2425,-0.9812,,0.0000,-4.5056,-4.5056,-4.5102,-5.4678,-12.2474,0.4650,0.7812,0,3
piano_felt,28,E1,0.5500,regular,felt,Felt,0.1250,4.1101,41.2030,82.4080,0.3387,0.6774,-0.2337,-0.9453,,0.0000,-4.5327,-4.5326,-4.5368,-5.5429,-11.8345,0.4655,0.7844,0,3
piano_felt,28,E1,0.5750,regular,felt,Felt,0.1250,4.0387,41.2030,82.4080,0.3328,0.6656,-0.2256,-0.9123,,0.0000,-4.5577,-4.5576,-4.5618,-5.6121,-11.4404,0.4659,0.7874,0,3
piano_felt,28,E1,0.6000,regular,felt,Felt,0.1250,3.9716,41.2030,82.4080,0.3273,0.6546,-0.2182,-0.8818,,0.0000,-4.5807,-4.5806,-4.5849,-5.6760,-11.0633,0.4663,0.7902,0,3
piano_felt,28,E1,0.6250,regular,felt,Felt,0.1250,3.9082,41.2030,82.4080,0.3221,0.6441,-0.2112,-0.8535,,0.0000,-4.6020,-4.6020,-4.6056,-5.7349,-10.7016,0.4667,0.7928,0,3
piano_felt,28,E1,0.6500,regular,felt,Felt,0.1250,3.8483,41.2030,82.4080,0.3171,0.6343,-0.2048,-0.8272,,0.0000,-4.6219,-4.6218,-4.6257,-5.7900,-10.3547,0.4670,0.7952,0,3
piano_felt,28,E1,0.6750,regular,felt,Felt,0.1250,3.7915,41.2030,82.4080,0.3124,0.6249,-0.1988,-0.8027,,0.0000,-4.6403,-4.6404,-4.6438,-5.8410,-10.0207,0.4674,0.7974,0,3
piano_felt,28,E1,0.7000,regular,felt,Felt,0.1250,3.7376,41.2030,82.4080,0.3080,0.6160,-0.1931,-0.7797,,0.0000,-4.6576,-4.6577,-4.6610,-5.8889,-9.6992,0.4677,0.7995,0,3
piano_felt,28,E1,0.7250,regular,felt,Felt,0.1250,3.6863,41.2030,82.4080,0.3038,0.6076,-0.1879,-0.7582,,0.0000,-4.6740,-4.6739,-4.6775,-5.9336,-9.3893,0.4679,0.8015,0,3
piano_felt,28,E1,0.7500,regular,felt,Felt,0.1250,3.6374,41.2030,82.4080,0.2997,0.5995,-0.1829,-0.7380,,0.0000,-4.6894,-4.6892,-4.6926,-5.9757,-9.0900,0.4682,0.8034,0,3
piano_felt,28,E1,0.7750,regular,felt,Felt,0.1250,3.5907,41.2030,82.4080,0.2959,0.5918,-0.1782,-0.7189,,0.0000,-4.7033,-4.7035,-4.7064,-6.0148,-8.8001,0.4685,0.8051,0,3
piano_felt,28,E1,0.8000,regular,felt,Felt,0.1250,3.5461,41.2030,82.4080,0.2922,0.5844,-0.1738,-0.7010,,0.0000,-4.7169,-4.7171,-4.7200,-6.0520,-8.5199,0.4687,0.8068,0,3
piano_felt,28,E1,0.8250,regular,felt,Felt,0.1250,3.5033,41.2030,82.4080,0.2887,0.5774,-0.1696,-0.6840,,0.0000,-4.7300,-4.7299,-4.7329,-6.0874,-8.2488,0.4689,0.8084,0,3
piano_felt,28,E1,0.8500,regular,felt,Felt,0.1250,3.4624,41.2030,82.4080,0.2853,0.5707,-0.1657,-0.6679,,0.0000,-4.7420,-4.7420,-4.7451,-6.1206,-7.9854,0.4692,0.8099,0,3
piano_felt,28,E1,0.8750,regular,felt,Felt,0.1250,3.4231,41.2030,82.4080,0.2821,0.5642,-0.1619,-0.6527,,0.0000,-4.7536,-4.7535,-4.7563,-6.1520,-7.7299,0.4694,0.8113,0,3
piano_felt,28,E1,0.9000,regular,felt,Felt,0.1250,3.3853,41.2030,82.4080,0.2790,0.5579,-0.1584,-0.6382,,0.0000,-4.7643,-4.7644,-4.7674,-6.1818,-7.4815,0.4696,0.8126,0,3
piano_felt,28,E1,0.9250,regular,felt,Felt,0.1250,3.3489,41.2030,82.4080,0.2760,0.5520,-0.1550,-0.6245,,0.0000,-4.7748,-4.7748,-4.7776,-6.2104,-7.2402,0.4697,0.8139,0,3
piano_felt,28,E1,0.9500,regular,felt,Felt,0.1250,3.3139,41.2030,82.4080,0.2731,0.5462,-0.1517,-0.6114,,0.0000,-4.7847,-4.7846,-4.7873,-6.2374,-7.0054,0.4699,0.8152,0,3
piano_felt,28,E1,0.9750,regular,felt,Felt,0.1250,3.2802,41.2030,82.4080,0.2703,0.5406,-0.1487,-0.5989,,0.0000,-4.7941,-4.7941,-4.7965,-6.2630,-6.7767,0.4701,0.8163,0,3
piano_felt,28,E1,1.0000,regular,felt,Felt,0.1250,3.2476,41.2030,82.4080,0.2676,0.5353,-0.1457,-0.5869,,0.0000,-4.8030,-4.8031,-4.8055,-6.2876,-6.5538,0.4702,0.8175,0,3
piano_felt,28,E1,0.2780,corpus,felt,Felt,0.1250,5.3775,41.2030,82.4080,0.4431,0.8863,-0.4011,-1.6360,,0.0000,-4.0093,-4.0093,-4.0168,-4.0653,-17.9284,0.4566,0.7244,0,3
piano_felt,28,E1,0.3030,corpus,felt,Felt,0.1250,5.1981,41.2030,82.4080,0.4284,0.8567,-0.3746,-1.5260,,0.0000,-4.0927,-4.0928,-4.0998,-4.3044,-17.1538,0.4580,0.7337,0,3
piano_felt,28,E1,0.3130,corpus,felt,Felt,0.1250,5.1321,41.2030,82.4080,0.4229,0.8458,-0.3651,-1.4866,,0.0000,-4.1227,-4.1228,-4.1294,-4.3901,-16.8623,0.4585,0.7370,0,3
piano_felt,28,E1,0.3280,corpus,felt,Felt,0.1250,5.0383,41.2030,82.4080,0.4152,0.8304,-0.3518,-1.4315,,0.0000,-4.1648,-4.1646,-4.1713,-4.5092,-16.4425,0.4592,0.7417,0,3
piano_felt,28,E1,0.3380,corpus,felt,Felt,0.1250,4.9791,41.2030,82.4080,0.4103,0.8206,-0.3436,-1.3973,,0.0000,-4.1906,-4.1906,-4.1968,-4.5828,-16.1733,0.4596,0.7446,0,3
piano_felt,28,E1,0.3630,corpus,felt,Felt,0.1250,4.8410,41.2030,82.4080,0.3989,0.7979,-0.3247,-1.3192,,0.0000,-4.2497,-4.2497,-4.2557,-4.7504,-15.5346,0.4606,0.7514,0,3
piano_felt,28,E1,0.4020,corpus,felt,Felt,0.1250,4.6503,41.2030,82.4080,0.3832,0.7664,-0.2995,-1.2153,,0.0000,-4.3287,-4.3284,-4.3342,-4.9724,-14.6232,0.4620,0.7604,0,3
piano_felt,28,E1,0.4270,corpus,felt,Felt,0.1250,4.5411,41.2030,82.4080,0.3742,0.7484,-0.2855,-1.1578,,0.0000,-4.3720,-4.3719,-4.3771,-5.0945,-14.0851,0.4627,0.7654,0,3
piano_felt,28,E1,0.4370,corpus,felt,Felt,0.1250,4.4998,41.2030,82.4080,0.3708,0.7416,-0.2803,-1.1365,,0.0000,-4.3882,-4.3881,-4.3931,-5.1399,-13.8789,0.4630,0.7673,0,3
piano_felt,28,E1,0.4520,corpus,felt,Felt,0.1250,4.4404,41.2030,82.4080,0.3659,0.7319,-0.2729,-1.1062,,0.0000,-4.4110,-4.4110,-4.4159,-5.2041,-13.5783,0.4634,0.7700,0,3
piano_felt,28,E1,0.4620,corpus,felt,Felt,0.1250,4.4023,41.2030,82.4080,0.3628,0.7256,-0.2683,-1.0869,,0.0000,-4.4256,-4.4256,-4.4307,-5.2447,-13.3835,0.4636,0.7717,0,3
piano_felt,28,E1,0.4870,corpus,felt,Felt,0.1250,4.3118,41.2030,82.4080,0.3553,0.7107,-0.2573,-1.0420,,0.0000,-4.4595,-4.4596,-4.4642,-5.3395,-12.9148,0.4642,0.7757,0,3
piano_felt,29,F1,0.0500,regular,felt,Felt,0.1250,8.0000,43.6540,87.3090,0.6985,1.3969,-1.0060,-4.2410,,0.0000,-2.0092,-2.0092,-2.0296,-2.0092,-33.2042,0.4373,0.5512,0,3
piano_felt,29,F1,0.0750,regular,felt,Felt,0.1250,8.0000,43.6540,87.3090,0.6985,1.3969,-1.0060,-4.2410,,0.0000,-2.0092,-2.0092,-2.0296,-2.0092,-29.6824,0.4373,0.5512,0,3
piano_felt,29,F1,0.1000,regular,felt,Felt,0.1250,7.8973,43.6540,87.3090,0.6895,1.3790,-0.9799,-4.1249,,0.0000,-2.0993,-2.0993,-2.1187,-2.0993,-27.1574,0.4387,0.5586,0,3
piano_felt,29,F1,0.1250,regular,felt,Felt,0.1250,7.2328,43.6540,87.3090,0.6315,1.2630,-0.8199,-3.4196,,0.0000,-2.6445,-2.6445,-2.6606,-2.6445,-25.0591,0.4468,0.6058,0,3
piano_felt,29,F1,0.1500,regular,felt,Felt,0.1250,6.7315,43.6540,87.3090,0.5877,1.1754,-0.7089,-2.9388,,0.0000,-3.0146,-3.0144,-3.0285,-3.0146,-23.3648,0.4526,0.6403,0,3
piano_felt,29,F1,0.1750,regular,felt,Felt,0.1250,6.3349,43.6540,87.3090,0.5531,1.1062,-0.6270,-2.5878,,0.0000,-3.2834,-3.2835,-3.2952,-3.2834,-21.9438,0.4568,0.6667,0,3
piano_felt,29,F1,0.2000,regular,felt,Felt,0.1250,6.0103,43.6540,87.3090,0.5247,1.0495,-0.5639,-2.3193,,0.0000,-3.4888,-3.4888,-3.4993,-3.4888,-20.7208,0.4602,0.6876,0,3
piano_felt,29,F1,0.2250,regular,felt,Felt,0.1250,5.7378,43.6540,87.3090,0.5010,1.0019,-0.5135,-2.1065,,0.0000,-3.6511,-3.6512,-3.6607,-3.6511,-19.6474,0.4629,0.7047,0,3
piano_felt,29,F1,0.2500,regular,felt,Felt,0.1250,5.5045,43.6540,87.3090,0.4806,0.9612,-0.4723,-1.9333,,0.0000,-3.7831,-3.7832,-3.7919,-3.7831,-18.6910,0.4651,0.7189,0,3
piano_felt,29,F1,0.2750,regular,felt,Felt,0.1250,5.3016,43.6540,87.3090,0.4629,0.9258,-0.4379,-1.7893,,0.0000,-3.8929,-3.8928,-3.9010,-3.8929,-17.8289,0.4669,0.7309,0,3
piano_felt,29,F1,0.3000,regular,felt,Felt,0.1250,5.1230,43.6540,87.3090,0.4473,0.8946,-0.4087,-1.6675,,0.0000,-3.9854,-3.9854,-3.9930,-3.9962,-17.0438,0.4685,0.7412,0,3
piano_felt,29,F1,0.3250,regular,felt,Felt,0.1250,4.9640,43.6540,87.3090,0.4334,0.8668,-0.3836,-1.5630,,0.0000,-4.0648,-4.0648,-4.0720,-4.2243,-16.3235,0.4698,0.7502,0,3
piano_felt,29,F1,0.3500,regular,felt,Felt,0.1250,4.8211,43.6540,87.3090,0.4209,0.8419,-0.3617,-1.4722,,0.0000,-4.1336,-4.1337,-4.1405,-4.4211,-15.6579,0.4710,0.7581,0,3
piano_felt,29,F1,0.3750,regular,felt,Felt,0.1250,4.6919,43.6540,87.3090,0.4096,0.8193,-0.3424,-1.3926,,0.0000,-4.1942,-4.1941,-4.2005,-4.5929,-15.0394,0.4721,0.7651,0,3
piano_felt,29,F1,0.4000,regular,felt,Felt,0.1250,4.5741,43.6540,87.3090,0.3994,0.7987,-0.3254,-1.3221,,0.0000,-4.2474,-4.2476,-4.2532,-4.7443,-14.4618,0.4730,0.7713,0,3
piano_felt,29,F1,0.4250,regular,felt,Felt,0.1250,4.4662,43.6540,87.3090,0.3899,0.7799,-0.3101,-1.2591,,0.0000,-4.2951,-4.2952,-4.3009,-4.8789,-13.9200,0.4738,0.7769,0,3
piano_felt,29,F1,0.4500,regular,felt,Felt,0.1250,4.3667,43.6540,87.3090,0.3812,0.7625,-0.2964,-1.2026,,0.0000,-4.3380,-4.3380,-4.3436,-4.9994,-13.4097,0.4746,0.7820,0,3
piano_felt,29,F1,0.4750,regular,felt,Felt,0.1250,4.2747,43.6540,87.3090,0.3732,0.7464,-0.2840,-1.1515,,0.0000,-4.3766,-4.3767,-4.3818,-5.1077,-12.9275,0.4753,0.7866,0,3
piano_felt,29,F1,0.5000,regular,felt,Felt,0.1250,4.1892,43.6540,87.3090,0.3657,0.7315,-0.2727,-1.1051,,0.0000,-4.4120,-4.4118,-4.4167,-5.2064,-12.4710,0.4759,0.7908,0,3
piano_felt,29,F1,0.5250,regular,felt,Felt,0.1250,4.1094,43.6540,87.3090,0.3588,0.7176,-0.2624,-1.0627,,0.0000,-4.4441,-4.4439,-4.4487,-5.2959,-12.0368,0.4764,0.7947,0,3
piano_felt,29,F1,0.5500,regular,felt,Felt,0.1250,4.0348,43.6540,87.3090,0.3523,0.7045,-0.2529,-1.0239,,0.0000,-4.4733,-4.4733,-4.4780,-5.3779,-11.6233,0.4769,0.7983,0,3
piano_felt,29,F1,0.5750,regular,felt,Felt,0.1250,3.9648,43.6540,87.3090,0.3462,0.6923,-0.2442,-0.9881,,0.0000,-4.5003,-4.5004,-4.5047,-5.4532,-11.2284,0.4774,0.8015,0,3
piano_felt,29,F1,0.6000,regular,felt,Felt,0.1250,3.8988,43.6540,87.3090,0.3404,0.6808,-0.2361,-0.9550,,0.0000,-4.5253,-4.5254,-4.5296,-5.5227,-10.8506,0.4779,0.8046,0,3
piano_felt,29,F1,0.6250,regular,felt,Felt,0.1250,3.8366,43.6540,87.3090,0.3350,0.6699,-0.2286,-0.9243,,0.0000,-4.5485,-4.5485,-4.5529,-5.5870,-10.4886,0.4783,0.8075,0,3
piano_felt,29,F1,0.6500,regular,felt,Felt,0.1250,3.7778,43.6540,87.3090,0.3298,0.6597,-0.2216,-0.8958,,0.0000,-4.5702,-4.5701,-4.5741,-5.6468,-10.1410,0.4787,0.8101,0,3
piano_felt,29,F1,0.6750,regular,felt,Felt,0.1250,3.7221,43.6540,87.3090,0.3250,0.6499,-0.2151,-0.8692,,0.0000,-4.5901,-4.5902,-4.5939,-5.7023,-9.8065,0.4790,0.8126,0,3
piano_felt,29,F1,0.7000,regular,felt,Felt,0.1250,3.6691,43.6540,87.3090,0.3203,0.6407,-0.2090,-0.8443,,0.0000,-4.6090,-4.6090,-4.6129,-5.7543,-9.4846,0.4794,0.8149,0,3
piano_felt,29,F1,0.7250,regular,felt,Felt,0.1250,3.6188,43.6540,87.3090,0.3159,0.6319,-0.2033,-0.8210,,0.0000,-4.6264,-4.6266,-4.6299,-5.8029,-9.1740,0.4797,0.8171,0,3
piano_felt,29,F1,0.7500,regular,felt,Felt,0.1250,3.5707,43.6540,87.3090,0.3118,0.6235,-0.1979,-0.7991,,0.0000,-4.6431,-4.6431,-4.6464,-5.8486,-8.8743,0.4800,0.8192,0,3
piano_felt,29,F1,0.7750,regular,felt,Felt,0.1250,3.5249,43.6540,87.3090,0.3078,0.6155,-0.1928,-0.7784,,0.0000,-4.6585,-4.6587,-4.6619,-5.8913,-8.5843,0.4803,0.8211,0,3
piano_felt,29,F1,0.8000,regular,felt,Felt,0.1250,3.4811,43.6540,87.3090,0.3039,0.6079,-0.1881,-0.7590,,0.0000,-4.6730,-4.6734,-4.6763,-5.9317,-8.3036,0.4805,0.8230,0,3
piano_felt,29,F1,0.8250,regular,felt,Felt,0.1250,3.4392,43.6540,87.3090,0.3003,0.6005,-0.1835,-0.7406,,0.0000,-4.6872,-4.6872,-4.6903,-5.9700,-8.0320,0.4808,0.8247,0,3
piano_felt,29,F1,0.8500,regular,felt,Felt,0.1250,3.3990,43.6540,87.3090,0.2968,0.5935,-0.1793,-0.7232,,0.0000,-4.7002,-4.7004,-4.7033,-6.0061,-7.7684,0.4810,0.8264,0,3
piano_felt,29,F1,0.8750,regular,felt,Felt,0.1250,3.3604,43.6540,87.3090,0.2934,0.5868,-0.1752,-0.7066,,0.0000,-4.7129,-4.7128,-4.7159,-6.0405,-7.5128,0.4812,0.8279,0,3
piano_felt,29,F1,0.9000,regular,felt,Felt,0.1250,3.3233,43.6540,87.3090,0.2901,0.5803,-0.1713,-0.6910,,0.0000,-4.7247,-4.7246,-4.7279,-6.0729,-7.2641,0.4815,0.8294,0,3
piano_felt,29,F1,0.9250,regular,felt,Felt,0.1250,3.2876,43.6540,87.3090,0.2870,0.5741,-0.1677,-0.6761,,0.0000,-4.7360,-4.7359,-4.7388,-6.1038,-7.0225,0.4817,0.8309,0,3
piano_felt,29,F1,0.9500,regular,felt,Felt,0.1250,3.2532,43.6540,87.3090,0.2840,0.5681,-0.1642,-0.6618,,0.0000,-4.7466,-4.7466,-4.7497,-6.1331,-6.7873,0.4819,0.8322,0,3
piano_felt,29,F1,0.9750,regular,felt,Felt,0.1250,3.2201,43.6540,87.3090,0.2811,0.5623,-0.1608,-0.6483,,0.0000,-4.7567,-4.7568,-4.7593,-6.1610,-6.5582,0.4820,0.8335,0,3
piano_felt,29,F1,1.0000,regular,felt,Felt,0.1250,3.1882,43.6540,87.3090,0.2784,0.5567,-0.1577,-0.6354,,0.0000,-4.7666,-4.7666,-4.7694,-6.1878,-6.3353,0.4822,0.8348,0,3
piano_felt,29,F1,0.2780,corpus,felt,Felt,0.1250,5.2790,43.6540,87.3090,0.4609,0.9218,-0.4341,-1.7737,,0.0000,-3.9046,-3.9047,-3.9124,-3.9046,-17.7307,0.4671,0.7322,0,3
piano_felt,29,F1,0.3030,corpus,felt,Felt,0.1250,5.1029,43.6540,87.3090,0.4455,0.8911,-0.4055,-1.6542,,0.0000,-3.9956,-3.9956,-4.0030,-4.0257,-16.9542,0.4687,0.7424,0,3
piano_felt,29,F1,0.3130,corpus,felt,Felt,0.1250,5.0381,43.6540,87.3090,0.4399,0.8797,-0.3952,-1.6113,,0.0000,-4.0282,-4.0281,-4.0356,-4.1193,-16.6620,0.4692,0.7460,0,3
piano_felt,29,F1,0.3280,corpus,felt,Felt,0.1250,4.9460,43.6540,87.3090,0.4318,0.8637,-0.3808,-1.5515,,0.0000,-4.0736,-4.0736,-4.0807,-4.2494,-16.2409,0.4700,0.7512,0,3
piano_felt,29,F1,0.3380,corpus,felt,Felt,0.1250,4.8879,43.6540,87.3090,0.4267,0.8535,-0.3718,-1.5143,,0.0000,-4.1020,-4.1018,-4.1088,-4.3302,-15.9712,0.4705,0.7544,0,3
piano_felt,29,F1,0.3630,corpus,felt,Felt,0.1250,4.7524,43.6540,87.3090,0.4149,0.8299,-0.3514,-1.4296,,0.0000,-4.1659,-4.1661,-4.1725,-4.5132,-15.3308,0.4716,0.7618,0,3
piano_felt,29,F1,0.4020,corpus,felt,Felt,0.1250,4.5651,43.6540,87.3090,0.3986,0.7972,-0.3241,-1.3168,,0.0000,-4.2515,-4.2516,-4.2575,-4.7556,-14.4172,0.4731,0.7718,0,3
piano_felt,29,F1,0.4270,corpus,felt,Felt,0.1250,4.4579,43.6540,87.3090,0.3892,0.7784,-0.3090,-1.2544,,0.0000,-4.2990,-4.2988,-4.3048,-4.8890,-13.8781,0.4739,0.7773,0,3
piano_felt,29,F1,0.4370,corpus,felt,Felt,0.1250,4.4174,43.6540,87.3090,0.3857,0.7714,-0.3034,-1.2313,,0.0000,-4.3164,-4.3163,-4.3215,-4.9384,-13.6713,0.4742,0.7794,0,3
piano_felt,29,F1,0.4520,corpus,felt,Felt,0.1250,4.3591,43.6540,87.3090,0.3806,0.7612,-0.2954,-1.1984,,0.0000,-4.3411,-4.3413,-4.3465,-5.0084,-13.3701,0.4746,0.7824,0,3
piano_felt,29,F1,0.4620,corpus,felt,Felt,0.1250,4.3217,43.6540,87.3090,0.3773,0.7546,-0.2903,-1.1775,,0.0000,-4.3572,-4.3571,-4.3625,-5.0530,-13.1751,0.4749,0.7843,0,3
piano_felt,29,F1,0.4870,corpus,felt,Felt,0.1250,4.2329,43.6540,87.3090,0.3696,0.7391,-0.2784,-1.1287,,0.0000,-4.3938,-4.3940,-4.3988,-5.1563,-12.7053,0.4756,0.7887,0,3
piano_felt,30,F#1,0.0500,regular,felt,Felt,0.1250,8.0000,46.2490,92.5010,0.7400,1.4800,-1.1314,-4.8059,,0.0000,-1.5697,-1.5697,-1.5933,-1.5697,-33.0876,0.4432,0.5311,0,3
piano_felt,30,F#1,0.0750,regular,felt,Felt,0.1250,8.0000,46.2490,92.5010,0.7400,1.4800,-1.1314,-4.8059,,0.0000,-1.5697,-1.5697,-1.5933,-1.5697,-29.5658,0.4432,0.5311,0,3
piano_felt,30,F#1,0.1000,regular,felt,Felt,0.1250,7.7527,46.2490,92.5010,0.7171,1.4343,-1.0613,-4.4893,,0.0000,-1.8162,-1.8163,-1.8382,-1.8162,-26.9970,0.4468,0.5508,0,3
piano_felt,30,F#1,0.1250,regular,felt,Felt,0.1250,7.1003,46.2490,92.5010,0.6568,1.3136,-0.8878,-3.7173,,0.0000,-2.4148,-2.4147,-2.4325,-2.4148,-24.8854,0.4558,0.6019,0,3
piano_felt,30,F#1,0.1500,regular,felt,Felt,0.1250,6.6082,46.2490,92.5010,0.6112,1.2225,-0.7675,-3.1922,,0.0000,-2.8196,-2.8196,-2.8344,-2.8196,-23.1814,0.4622,0.6395,0,3
piano_felt,30,F#1,0.1750,regular,felt,Felt,0.1250,6.2189,46.2490,92.5010,0.5752,1.1505,-0.6788,-2.8095,,0.0000,-3.1136,-3.1136,-3.1266,-3.1136,-21.7538,0.4669,0.6683,0,3
piano_felt,30,F#1,0.2000,regular,felt,Felt,0.1250,5.9002,46.2490,92.5010,0.5458,1.0915,-0.6104,-2.5169,,0.0000,-3.3377,-3.3377,-3.3491,-3.3377,-20.5254,0.4707,0.6912,0,3
piano_felt,30,F#1,0.2250,regular,felt,Felt,0.1250,5.6327,46.2490,92.5010,0.5210,1.0421,-0.5558,-2.2853,,0.0000,-3.5149,-3.5148,-3.5253,-3.5149,-19.4479,0.4736,0.7098,0,3
piano_felt,30,F#1,0.2500,regular,felt,Felt,0.1250,5.4037,46.2490,92.5010,0.4998,0.9997,-0.5112,-2.0969,,0.0000,-3.6586,-3.6586,-3.6680,-3.6586,-18.4881,0.4760,0.7254,0,3
piano_felt,30,F#1,0.2750,regular,felt,Felt,0.1250,5.2045,46.2490,92.5010,0.4814,0.9629,-0.4739,-1.9403,,0.0000,-3.7776,-3.7779,-3.7865,-3.7776,-17.6228,0.4781,0.7386,0,3
piano_felt,30,F#1,0.3000,regular,felt,Felt,0.1250,5.0292,46.2490,92.5010,0.4652,0.9304,-0.4423,-1.8079,,0.0000,-3.8786,-3.8787,-3.8870,-3.8786,-16.8356,0.4798,0.7499,0,3
piano_felt,30,F#1,0.3250,regular,felt,Felt,0.1250,4.8731,46.2490,92.5010,0.4507,0.9015,-0.4151,-1.6943,,0.0000,-3.9652,-3.9650,-3.9730,-3.9652,-16.1133,0.4813,0.7598,0,3
piano_felt,30,F#1,0.3500,regular,felt,Felt,0.1250,4.7329,46.2490,92.5010,0.4378,0.8756,-0.3914,-1.5957,,0.0000,-4.0399,-4.0400,-4.0470,-4.1531,-15.4456,0.4827,0.7685,0,3
piano_felt,30,F#1,0.3750,regular,felt,Felt,0.1250,4.6060,46.2490,92.5010,0.4260,0.8521,-0.3706,-1.5092,,0.0000,-4.1059,-4.1056,-4.1128,-4.3413,-14.8259,0.4838,0.7762,0,3
piano_felt,30,F#1,0.4000,regular,felt,Felt,0.1250,4.4903,46.2490,92.5010,0.4153,0.8307,-0.3521,-1.4326,,0.0000,-4.1636,-4.1637,-4.1697,-4.5063,-14.2465,0.4849,0.7831,0,3
piano_felt,30,F#1,0.4250,regular,felt,Felt,0.1250,4.3844,46.2490,92.5010,0.4055,0.8111,-0.3356,-1.3643,,0.0000,-4.2156,-4.2155,-4.2215,-4.6537,-13.7036,0.4858,0.7892,0,3
piano_felt,30,F#1,0.4500,regular,felt,Felt,0.1250,4.2867,46.2490,92.5010,0.3965,0.7931,-0.3207,-1.3030,,0.0000,-4.2620,-4.2620,-4.2677,-4.7851,-13.1921,0.4866,0.7948,0,3
piano_felt,30,F#1,0.4750,regular,felt,Felt,0.1250,4.1964,46.2490,92.5010,0.3882,0.7763,-0.3073,-1.2476,,0.0000,-4.3040,-4.3040,-4.3095,-4.9035,-12.7091,0.4874,0.7999,0,3
piano_felt,30,F#1,0.5000,regular,felt,Felt,0.1250,4.1125,46.2490,92.5010,0.3804,0.7608,-0.2951,-1.1972,,0.0000,-4.3422,-4.3422,-4.3477,-5.0110,-12.2515,0.4880,0.8046,0,3
piano_felt,30,F#1,0.5250,regular,felt,Felt,0.1250,4.0342,46.2490,92.5010,0.3732,0.7463,-0.2839,-1.1512,,0.0000,-4.3772,-4.3770,-4.3823,-5.1086,-11.8165,0.4887,0.8089,0,3
piano_felt,30,F#1,0.5500,regular,felt,Felt,0.1250,3.9609,46.2490,92.5010,0.3664,0.7328,-0.2736,-1.1090,,0.0000,-4.4090,-4.4089,-4.4139,-5.1982,-11.4023,0.4892,0.8128,0,3
piano_felt,30,F#1,0.5750,regular,felt,Felt,0.1250,3.8922,46.2490,92.5010,0.3600,0.7201,-0.2642,-1.0702,,0.0000,-4.4383,-4.4382,-4.4430,-5.2802,-11.0066,0.4898,0.8164,0,3
piano_felt,30,F#1,0.6000,regular,felt,Felt,0.1250,3.8274,46.2490,92.5010,0.3540,0.7081,-0.2554,-1.0343,,0.0000,-4.4654,-4.4654,-4.4702,-5.3558,-10.6281,0.4903,0.8198,0,3
piano_felt,30,F#1,0.6250,regular,felt,Felt,0.1250,3.7664,46.2490,92.5010,0.3484,0.6968,-0.2473,-1.0011,,0.0000,-4.4904,-4.4905,-4.4947,-5.4258,-10.2654,0.4907,0.8230,0,3
piano_felt,30,F#1,0.6500,regular,felt,Felt,0.1250,3.7086,46.2490,92.5010,0.3430,0.6861,-0.2398,-0.9701,,0.0000,-4.5140,-4.5139,-4.5182,-5.4910,-9.9173,0.4912,0.8259,0,3
piano_felt,30,F#1,0.6750,regular,felt,Felt,0.1250,3.6539,46.2490,92.5010,0.3380,0.6760,-0.2327,-0.9413,,0.0000,-4.5358,-4.5357,-4.5399,-5.5515,-9.5824,0.4916,0.8286,0,3
piano_felt,30,F#1,0.7000,regular,felt,Felt,0.1250,3.6019,46.2490,92.5010,0.3332,0.6664,-0.2261,-0.9143,,0.0000,-4.5561,-4.5561,-4.5602,-5.6079,-9.2600,0.4919,0.8312,0,3
piano_felt,30,F#1,0.7250,regular,felt,Felt,0.1250,3.5525,46.2490,92.5010,0.3286,0.6572,-0.2199,-0.8890,,0.0000,-4.5750,-4.5752,-4.5789,-5.6608,-8.9488,0.4923,0.8336,0,3
piano_felt,30,F#1,0.7500,regular,felt,Felt,0.1250,3.5054,46.2490,92.5010,0.3242,0.6485,-0.2141,-0.8653,,0.0000,-4.5931,-4.5931,-4.5968,-5.7104,-8.6485,0.4926,0.8359,0,3
piano_felt,30,F#1,0.7750,regular,felt,Felt,0.1250,3.4604,46.2490,92.5010,0.3201,0.6402,-0.2086,-0.8429,,0.0000,-4.6100,-4.6100,-4.6139,-5.7571,-8.3583,0.4929,0.8381,0,3
piano_felt,30,F#1,0.8000,regular,felt,Felt,0.1250,3.4174,46.2490,92.5010,0.3161,0.6322,-0.2035,-0.8218,,0.0000,-4.6259,-4.6259,-4.6294,-5.8012,-8.0774,0.4932,0.8401,0,3
piano_felt,30,F#1,0.8250,regular,felt,Felt,0.1250,3.3762,46.2490,92.5010,0.3123,0.6246,-0.1986,-0.8019,,0.0000,-4.6409,-4.6410,-4.6445,-5.8426,-7.8052,0.4935,0.8420,0,3
piano_felt,30,F#1,0.8500,regular,felt,Felt,0.1250,3.3367,46.2490,92.5010,0.3086,0.6173,-0.1939,-0.7830,,0.0000,-4.6550,-4.6552,-4.6586,-5.8818,-7.5411,0.4938,0.8439,0,3
piano_felt,30,F#1,0.8750,regular,felt,Felt,0.1250,3.2988,46.2490,92.5010,0.3051,0.6103,-0.1896,-0.7651,,0.0000,-4.6688,-4.6687,-4.6723,-5.9192,-7.2851,0.4940,0.8456,0,3
piano_felt,30,F#1,0.9000,regular,felt,Felt,0.1250,3.2624,46.2490,92.5010,0.3018,0.6036,-0.1854,-0.7481,,0.0000,-4.6815,-4.6815,-4.6850,-5.9544,-7.0362,0.4942,0.8473,0,3
piano_felt,30,F#1,0.9250,regular,felt,Felt,0.1250,3.2274,46.2490,92.5010,0.2985,0.5971,-0.1814,-0.7319,,0.0000,-4.6940,-4.6937,-4.6972,-5.9882,-6.7945,0.4945,0.8488,0,3
piano_felt,30,F#1,0.9500,regular,felt,Felt,0.1250,3.1937,46.2490,92.5010,0.2954,0.5908,-0.1776,-0.7166,,0.0000,-4.7051,-4.7053,-4.7084,-6.0197,-6.5587,0.4947,0.8503,0,3
piano_felt,30,F#1,0.9750,regular,felt,Felt,0.1250,3.1612,46.2490,92.5010,0.2924,0.5848,-0.1740,-0.7019,,0.0000,-4.7165,-4.7164,-4.7196,-6.0504,-6.3297,0.4949,0.8518,0,3
piano_felt,30,F#1,1.0000,regular,felt,Felt,0.1250,3.1298,46.2490,92.5010,0.2895,0.5790,-0.1706,-0.6879,,0.0000,-4.7270,-4.7270,-4.7299,-6.0793,-6.1063,0.4951,0.8532,0,3
piano_felt,30,F#1,0.2780,corpus,felt,Felt,0.1250,5.1823,46.2490,92.5010,0.4794,0.9587,-0.4699,-1.9232,,0.0000,-3.7910,-3.7909,-3.7996,-3.7910,-17.5247,0.4783,0.7401,0,3
piano_felt,30,F#1,0.3030,corpus,felt,Felt,0.1250,5.0095,46.2490,92.5010,0.4634,0.9268,-0.4388,-1.7933,,0.0000,-3.8897,-3.8897,-3.8978,-3.8897,-16.7458,0.4800,0.7512,0,3
piano_felt,30,F#1,0.3130,corpus,felt,Felt,0.1250,4.9458,46.2490,92.5010,0.4575,0.9150,-0.4277,-1.7468,,0.0000,-3.9252,-3.9252,-3.9332,-3.9252,-16.4525,0.4807,0.7552,0,3
piano_felt,30,F#1,0.3280,corpus,felt,Felt,0.1250,4.8555,46.2490,92.5010,0.4491,0.8983,-0.4121,-1.6818,,0.0000,-3.9747,-3.9746,-3.9821,-3.9747,-16.0304,0.4815,0.7609,0,3
piano_felt,30,F#1,0.3380,corpus,felt,Felt,0.1250,4.7983,46.2490,92.5010,0.4438,0.8877,-0.4024,-1.6414,,0.0000,-4.0054,-4.0053,-4.0126,-4.0535,-15.7598,0.4820,0.7645,0,3
piano_felt,30,F#1,0.3630,corpus,felt,Felt,0.1250,4.6653,46.2490,92.5010,0.4315,0.8631,-0.3803,-1.5494,,0.0000,-4.0752,-4.0752,-4.0819,-4.2539,-15.1179,0.4833,0.7726,0,3
piano_felt,30,F#1,0.4020,corpus,felt,Felt,0.1250,4.4815,46.2490,92.5010,0.4145,0.8291,-0.3507,-1.4269,,0.0000,-4.1683,-4.1681,-4.1746,-4.5191,-14.2021,0.4849,0.7836,0,3
piano_felt,30,F#1,0.4270,corpus,felt,Felt,0.1250,4.3763,46.2490,92.5010,0.4048,0.8096,-0.3343,-1.3592,,0.0000,-4.2195,-4.2194,-4.2257,-4.6647,-13.6616,0.4858,0.7897,0,3
piano_felt,30,F#1,0.4370,corpus,felt,Felt,0.1250,4.3365,46.2490,92.5010,0.4011,0.8023,-0.3283,-1.3341,,0.0000,-4.2384,-4.2385,-4.2443,-4.7184,-13.4543,0.4862,0.7920,0,3
piano_felt,30,F#1,0.4520,corpus,felt,Felt,0.1250,4.2793,46.2490,92.5010,0.3958,0.7917,-0.3196,-1.2983,,0.0000,-4.2655,-4.2655,-4.2712,-4.7950,-13.1525,0.4867,0.7953,0,3
piano_felt,30,F#1,0.4620,corpus,felt,Felt,0.1250,4.2425,46.2490,92.5010,0.3924,0.7849,-0.3141,-1.2757,,0.0000,-4.2826,-4.2827,-4.2884,-4.8435,-12.9569,0.4870,0.7973,0,3
piano_felt,30,F#1,0.4870,corpus,felt,Felt,0.1250,4.1554,46.2490,92.5010,0.3844,0.7687,-0.3013,-1.2228,,0.0000,-4.3226,-4.3228,-4.3280,-4.9563,-12.4864,0.4877,0.8022,0,3
piano_felt,31,G1,0.0500,regular,felt,Felt,0.1250,8.0000,48.9990,98.0010,0.7840,1.5680,-1.2727,-5.4542,,0.0000,-1.0626,-1.0627,-1.0896,-1.0626,-32.9761,0.4490,0.5074,0,3
piano_felt,31,G1,0.0750,regular,felt,Felt,0.1250,8.0000,48.9990,98.0010,0.7840,1.5680,-1.2727,-5.4542,,0.0000,-1.0626,-1.0627,-1.0896,-1.0626,-29.4542,0.4490,0.5074,0,3
piano_felt,31,G1,0.1000,regular,felt,Felt,0.1250,7.6107,48.9990,98.0010,0.7458,1.4917,-1.1497,-4.8891,,0.0000,-1.5048,-1.5048,-1.5290,-1.5048,-26.8323,0.4554,0.5415,0,3
piano_felt,31,G1,0.1250,regular,felt,Felt,0.1250,6.9703,48.9990,98.0010,0.6831,1.3662,-0.9614,-4.0429,,0.0000,-2.1627,-2.1627,-2.1821,-2.1627,-24.7060,0.4654,0.5969,0,3
piano_felt,31,G1,0.1500,regular,felt,Felt,0.1250,6.4872,48.9990,98.0010,0.6357,1.2715,-0.8311,-3.4688,,0.0000,-2.6067,-2.6065,-2.6233,-2.6067,-22.9920,0.4724,0.6377,0,3
piano_felt,31,G1,0.1750,regular,felt,Felt,0.1250,6.1050,48.9990,98.0010,0.5983,1.1966,-0.7349,-3.0510,,0.0000,-2.9280,-2.9281,-2.9420,-2.9280,-21.5569,0.4777,0.6691,0,3
piano_felt,31,G1,0.2000,regular,felt,Felt,0.1250,5.7921,48.9990,98.0010,0.5676,1.1353,-0.6608,-2.7321,,0.0000,-3.1729,-3.1729,-3.1852,-3.1729,-20.3230,0.4818,0.6942,0,3
piano_felt,31,G1,0.2250,regular,felt,Felt,0.1250,5.5295,48.9990,98.0010,0.5419,1.0838,-0.6017,-2.4798,,0.0000,-3.3659,-3.3661,-3.3773,-3.3659,-19.2406,0.4850,0.7146,0,3
piano_felt,31,G1,0.2500,regular,felt,Felt,0.1250,5.3047,48.9990,98.0010,0.5199,1.0397,-0.5533,-2.2747,,0.0000,-3.5230,-3.5228,-3.5336,-3.5230,-18.2774,0.4877,0.7317,0,3
piano_felt,31,G1,0.2750,regular,felt,Felt,0.1250,5.1092,48.9990,98.0010,0.5007,1.0014,-0.5130,-2.1044,,0.0000,-3.6531,-3.6528,-3.6621,-3.6531,-17.4091,0.4900,0.7462,0,3
piano_felt,31,G1,0.3000,regular,felt,Felt,0.1250,4.9371,48.9990,98.0010,0.4838,0.9677,-0.4787,-1.9604,,0.0000,-3.7625,-3.7626,-3.7713,-3.7625,-16.6190,0.4920,0.7587,0,3
piano_felt,31,G1,0.3250,regular,felt,Felt,0.1250,4.7838,48.9990,98.0010,0.4688,0.9376,-0.4493,-1.8369,,0.0000,-3.8567,-3.8565,-3.8648,-3.8567,-15.8945,0.4936,0.7695,0,3
piano_felt,31,G1,0.3500,regular,felt,Felt,0.1250,4.6462,48.9990,98.0010,0.4553,0.9107,-0.4236,-1.7298,,0.0000,-3.9381,-3.9380,-3.9456,-3.9381,-15.2250,0.4951,0.7791,0,3
piano_felt,31,G1,0.3750,regular,felt,Felt,0.1250,4.5216,48.9990,98.0010,0.4431,0.8862,-0.4010,-1.6358,,0.0000,-4.0096,-4.0095,-4.0169,-4.0655,-14.6033,0.4964,0.7876,0,3
piano_felt,31,G1,0.4000,regular,felt,Felt,0.1250,4.4081,48.9990,98.0010,0.4320,0.8640,-0.3810,-1.5527,,0.0000,-4.0727,-4.0726,-4.0798,-4.2467,-14.0226,0.4975,0.7951,0,3
piano_felt,31,G1,0.4250,regular,felt,Felt,0.1250,4.3041,48.9990,98.0010,0.4218,0.8436,-0.3632,-1.4785,,0.0000,-4.1291,-4.1289,-4.1357,-4.4076,-13.4782,0.4985,0.8020,0,3
piano_felt,31,G1,0.4500,regular,felt,Felt,0.1250,4.2082,48.9990,98.0010,0.4124,0.8248,-0.3471,-1.4119,,0.0000,-4.1794,-4.1794,-4.1855,-4.5512,-12.9656,0.4995,0.8081,0,3
piano_felt,31,G1,0.4750,regular,felt,Felt,0.1250,4.1195,48.9990,98.0010,0.4037,0.8074,-0.3325,-1.3517,,0.0000,-4.2250,-4.2251,-4.2310,-4.6805,-12.4813,0.5003,0.8137,0,3
piano_felt,31,G1,0.5000,regular,felt,Felt,0.1250,4.0371,48.9990,98.0010,0.3956,0.7913,-0.3193,-1.2971,,0.0000,-4.2664,-4.2665,-4.2722,-4.7978,-12.0226,0.5011,0.8189,0,3
piano_felt,31,G1,0.5250,regular,felt,Felt,0.1250,3.9603,48.9990,98.0010,0.3881,0.7762,-0.3072,-1.2472,,0.0000,-4.3042,-4.3043,-4.3100,-4.9043,-11.5867,0.5018,0.8236,0,3
piano_felt,31,G1,0.5500,regular,felt,Felt,0.1250,3.8884,48.9990,98.0010,0.3811,0.7621,-0.2961,-1.2014,,0.0000,-4.3389,-4.3389,-4.3445,-5.0019,-11.1716,0.5024,0.8279,0,3
piano_felt,31,G1,0.5750,regular,felt,Felt,0.1250,3.8209,48.9990,98.0010,0.3744,0.7489,-0.2859,-1.1593,,0.0000,-4.3709,-4.3708,-4.3759,-5.0913,-10.7753,0.5030,0.8320,0,3
piano_felt,31,G1,0.6000,regular,felt,Felt,0.1250,3.7573,48.9990,98.0010,0.3682,0.7364,-0.2764,-1.1204,,0.0000,-4.4003,-4.4003,-4.4053,-5.1739,-10.3961,0.5035,0.8357,0,3
piano_felt,31,G1,0.6250,regular,felt,Felt,0.1250,3.6974,48.9990,98.0010,0.3623,0.7247,-0.2676,-1.0843,,0.0000,-4.4275,-4.4276,-4.4322,-5.2502,-10.0328,0.5041,0.8392,0,3
piano_felt,31,G1,0.6500,regular,felt,Felt,0.1250,3.6407,48.9990,98.0010,0.3568,0.7136,-0.2594,-1.0507,,0.0000,-4.4528,-4.4529,-4.4574,-5.3210,-9.6838,0.5045,0.8424,0,3
piano_felt,31,G1,0.6750,regular,felt,Felt,0.1250,3.5870,48.9990,98.0010,0.3515,0.7031,-0.2518,-1.0195,,0.0000,-4.4766,-4.4766,-4.4813,-5.3870,-9.3484,0.5050,0.8455,0,3
piano_felt,31,G1,0.7000,regular,felt,Felt,0.1250,3.5360,48.9990,98.0010,0.3465,0.6931,-0.2447,-0.9902,,0.0000,-4.4989,-4.4987,-4.5033,-5.4487,-9.0255,0.5054,0.8483,0,3
piano_felt,31,G1,0.7250,regular,felt,Felt,0.1250,3.4874,48.9990,98.0010,0.3418,0.6835,-0.2380,-0.9628,,0.0000,-4.5195,-4.5194,-4.5236,-5.5063,-8.7140,0.5058,0.8510,0,3
piano_felt,31,G1,0.7500,regular,felt,Felt,0.1250,3.4412,48.9990,98.0010,0.3372,0.6745,-0.2317,-0.9370,,0.0000,-4.5388,-4.5389,-4.5431,-5.5603,-8.4132,0.5061,0.8535,0,3
piano_felt,31,G1,0.7750,regular,felt,Felt,0.1250,3.3970,48.9990,98.0010,0.3329,0.6658,-0.2257,-0.9128,,0.0000,-4.5571,-4.5572,-4.5610,-5.6110,-8.1224,0.5065,0.8559,0,3
piano_felt,31,G1,0.8000,regular,felt,Felt,0.1250,3.3548,48.9990,98.0010,0.3288,0.6575,-0.2201,-0.8899,,0.0000,-4.5743,-4.5745,-4.5781,-5.6588,-7.8410,0.5068,0.8582,0,3
piano_felt,31,G1,0.8250,regular,felt,Felt,0.1250,3.3143,48.9990,98.0010,0.3248,0.6496,-0.2149,-0.8683,,0.0000,-4.5908,-4.5908,-4.5945,-5.7040,-7.5685,0.5071,0.8603,0,3
piano_felt,31,G1,0.8500,regular,felt,Felt,0.1250,3.2756,48.9990,98.0010,0.3210,0.6420,-0.2098,-0.8478,,0.0000,-4.6062,-4.6063,-4.6101,-5.7469,-7.3043,0.5074,0.8623,0,3
piano_felt,31,G1,0.8750,regular,felt,Felt,0.1250,3.2384,48.9990,98.0010,0.3174,0.6347,-0.2051,-0.8285,,0.0000,-4.6208,-4.6209,-4.6243,-5.7873,-7.0477,0.5077,0.8643,0,3
piano_felt,31,G1,0.9000,regular,felt,Felt,0.1250,3.2027,48.9990,98.0010,0.3139,0.6277,-0.2006,-0.8100,,0.0000,-4.6349,-4.6348,-4.6386,-5.8258,-6.7986,0.5080,0.8661,0,3
piano_felt,31,G1,0.9250,regular,felt,Felt,0.1250,3.1683,48.9990,98.0010,0.3105,0.6210,-0.1963,-0.7925,,0.0000,-4.6480,-4.6480,-4.6514,-5.8621,-6.5561,0.5082,0.8679,0,3
piano_felt,31,G1,0.9500,regular,felt,Felt,0.1250,3.1352,48.9990,98.0010,0.3072,0.6145,-0.1922,-0.7758,,0.0000,-4.6605,-4.6606,-4.6638,-5.8967,-6.3204,0.5085,0.8695,0,3
piano_felt,31,G1,0.9750,regular,felt,Felt,0.1250,3.1033,48.9990,98.0010,0.3041,0.6082,-0.1883,-0.7599,,0.0000,-4.6727,-4.6726,-4.6760,-5.9300,-6.0910,0.5087,0.8711,0,3
piano_felt,31,G1,1.0000,regular,felt,Felt,0.1250,3.0725,48.9990,98.0010,0.3011,0.6022,-0.1846,-0.7447,,0.0000,-4.6843,-4.6841,-4.6877,-5.9615,-5.8675,0.5089,0.8727,0,3
piano_felt,31,G1,0.2780,corpus,felt,Felt,0.1250,5.0874,48.9990,98.0010,0.4986,0.9971,-0.5086,-2.0858,,0.0000,-3.6669,-3.6670,-3.6763,-3.6669,-17.3104,0.4903,0.7478,0,3
piano_felt,31,G1,0.3030,corpus,felt,Felt,0.1250,4.9177,48.9990,98.0010,0.4819,0.9639,-0.4749,-1.9446,,0.0000,-3.7745,-3.7746,-3.7834,-3.7745,-16.5288,0.4922,0.7601,0,3
piano_felt,31,G1,0.3130,corpus,felt,Felt,0.1250,4.8552,48.9990,98.0010,0.4758,0.9516,-0.4629,-1.8939,,0.0000,-3.8131,-3.8132,-3.8214,-3.8131,-16.2348,0.4929,0.7645,0,3
piano_felt,31,G1,0.3280,corpus,felt,Felt,0.1250,4.7665,48.9990,98.0010,0.4671,0.9342,-0.4460,-1.8233,,0.0000,-3.8668,-3.8669,-3.8752,-3.8668,-15.8113,0.4938,0.7707,0,3
piano_felt,31,G1,0.3380,corpus,felt,Felt,0.1250,4.7105,48.9990,98.0010,0.4616,0.9233,-0.4355,-1.7794,,0.0000,-3.9004,-3.9003,-3.9084,-3.9004,-15.5399,0.4944,0.7747,0,3
piano_felt,31,G1,0.3630,corpus,felt,Felt,0.1250,4.5799,48.9990,98.0010,0.4488,0.8977,-0.4115,-1.6795,,0.0000,-3.9763,-3.9763,-3.9840,-3.9763,-14.8963,0.4958,0.7836,0,3
piano_felt,31,G1,0.4020,corpus,felt,Felt,0.1250,4.3994,48.9990,98.0010,0.4311,0.8623,-0.3795,-1.5464,,0.0000,-4.0774,-4.0774,-4.0845,-4.2602,-13.9777,0.4976,0.7957,0,3
piano_felt,31,G1,0.4270,corpus,felt,Felt,0.1250,4.2961,48.9990,98.0010,0.4210,0.8420,-0.3618,-1.4729,,0.0000,-4.1330,-4.1332,-4.1397,-4.4194,-13.4359,0.4986,0.8025,0,3
piano_felt,31,G1,0.4370,corpus,felt,Felt,0.1250,4.2571,48.9990,98.0010,0.4172,0.8344,-0.3552,-1.4457,,0.0000,-4.1540,-4.1538,-4.1603,-4.4785,-13.2285,0.4990,0.8050,0,3
piano_felt,31,G1,0.4520,corpus,felt,Felt,0.1250,4.2009,48.9990,98.0010,0.4117,0.8234,-0.3459,-1.4069,,0.0000,-4.1833,-4.1833,-4.1896,-4.5622,-12.9260,0.4995,0.8086,0,3
piano_felt,31,G1,0.4620,corpus,felt,Felt,0.1250,4.1648,48.9990,98.0010,0.4081,0.8163,-0.3399,-1.3823,,0.0000,-4.2019,-4.2019,-4.2083,-4.6149,-12.7298,0.4999,0.8109,0,3
piano_felt,31,G1,0.4870,corpus,felt,Felt,0.1250,4.0793,48.9990,98.0010,0.3998,0.7995,-0.3260,-1.3249,,0.0000,-4.2454,-4.2454,-4.2512,-4.7382,-12.2582,0.5007,0.8163,0,3
piano_felt,32,G#1,0.0500,regular,felt,Felt,0.1250,8.0000,51.9130,103.8290,0.8306,1.6613,-1.4322,-6.2016,,0.0000,-0.4750,-0.4749,-0.5068,-0.4750,-32.8718,0.4544,0.4799,0,3
piano_felt,32,G#1,0.0750,regular,felt,Felt,0.1250,8.0000,51.9130,103.8290,0.8306,1.6613,-1.4322,-6.2016,,0.0000,-0.4750,-0.4749,-0.5068,-0.4750,-29.3500,0.4544,0.4799,0,3
piano_felt,32,G#1,0.1000,regular,felt,Felt,0.1250,7.4713,51.9130,103.8290,0.7757,1.5515,-1.2455,-5.3283,,0.0000,-1.1614,-1.1614,-1.1879,-1.1614,-26.6644,0.4643,0.5307,0,3
piano_felt,32,G#1,0.1250,regular,felt,Felt,0.1250,6.8426,51.9130,103.8290,0.7104,1.4209,-1.0413,-4.3996,,0.0000,-1.8859,-1.8860,-1.9071,-1.8859,-24.5221,0.4753,0.5906,0,3
piano_felt,32,G#1,0.1500,regular,felt,Felt,0.1250,6.3684,51.9130,103.8290,0.6612,1.3224,-0.9000,-3.7711,,0.0000,-2.3730,-2.3731,-2.3908,-2.3730,-22.7971,0.4831,0.6349,0,3
piano_felt,32,G#1,0.1750,regular,felt,Felt,0.1250,5.9932,51.9130,103.8290,0.6222,1.2445,-0.7958,-3.3147,,0.0000,-2.7252,-2.7253,-2.7408,-2.7252,-21.3540,0.4889,0.6692,0,3
piano_felt,32,G#1,0.2000,regular,felt,Felt,0.1250,5.6860,51.9130,103.8290,0.5904,1.1808,-0.7154,-2.9667,,0.0000,-2.9928,-2.9929,-3.0065,-2.9928,-20.1137,0.4935,0.6965,0,3
piano_felt,32,G#1,0.2250,regular,felt,Felt,0.1250,5.4282,51.9130,103.8290,0.5636,1.1272,-0.6513,-2.6917,,0.0000,-3.2039,-3.2039,-3.2163,-3.2039,-19.0266,0.4971,0.7189,0,3
piano_felt,32,G#1,0.2500,regular,felt,Felt,0.1250,5.2076,51.9130,103.8290,0.5407,1.0814,-0.5990,-2.4683,,0.0000,-3.3749,-3.3749,-3.3864,-3.3749,-18.0592,0.5001,0.7376,0,3
piano_felt,32,G#1,0.2750,regular,felt,Felt,0.1250,5.0157,51.9130,103.8290,0.5208,1.0415,-0.5553,-2.2829,,0.0000,-3.5165,-3.5166,-3.5270,-3.5165,-17.1875,0.5027,0.7536,0,3
piano_felt,32,G#1,0.3000,regular,felt,Felt,0.1250,4.8466,51.9130,103.8290,0.5032,1.0064,-0.5182,-2.1263,,0.0000,-3.6361,-3.6361,-3.6460,-3.6361,-16.3947,0.5048,0.7673,0,3
piano_felt,32,G#1,0.3250,regular,felt,Felt,0.1250,4.6962,51.9130,103.8290,0.4876,0.9752,-0.4863,-1.9920,,0.0000,-3.7384,-3.7385,-3.7476,-3.7384,-15.6675,0.5067,0.7792,0,3
piano_felt,32,G#1,0.3500,regular,felt,Felt,0.1250,4.5611,51.9130,103.8290,0.4736,0.9471,-0.4585,-1.8756,,0.0000,-3.8272,-3.8272,-3.8357,-3.8272,-14.9961,0.5083,0.7897,0,3
piano_felt,32,G#1,0.3750,regular,felt,Felt,0.1250,4.4388,51.9130,103.8290,0.4609,0.9218,-0.4341,-1.7734,,0.0000,-3.9050,-3.9049,-3.9129,-3.9050,-14.3726,0.5097,0.7991,0,3
piano_felt,32,G#1,0.4000,regular,felt,Felt,0.1250,4.3274,51.9130,103.8290,0.4493,0.8986,-0.4124,-1.6831,,0.0000,-3.9737,-3.9736,-3.9815,-3.9737,-13.7902,0.5110,0.8075,0,3
piano_felt,32,G#1,0.4250,regular,felt,Felt,0.1250,4.2252,51.9130,103.8290,0.4387,0.8774,-0.3930,-1.6025,,0.0000,-4.0348,-4.0348,-4.0421,-4.1382,-13.2443,0.5121,0.8150,0,3
piano_felt,32,G#1,0.4500,regular,felt,Felt,0.1250,4.1312,51.9130,103.8290,0.4289,0.8579,-0.3756,-1.5302,,0.0000,-4.0897,-4.0897,-4.0967,-4.2955,-12.7304,0.5132,0.8218,0,3
piano_felt,32,G#1,0.4750,regular,felt,Felt,0.1250,4.0441,51.9130,103.8290,0.4199,0.8398,-0.3599,-1.4648,,0.0000,-4.1393,-4.1393,-4.1460,-4.4370,-12.2450,0.5141,0.8280,0,3
piano_felt,32,G#1,0.5000,regular,felt,Felt,0.1250,3.9632,51.9130,103.8290,0.4115,0.8230,-0.3455,-1.4055,,0.0000,-4.1845,-4.1843,-4.1907,-4.5652,-11.7853,0.5150,0.8337,0,3
piano_felt,32,G#1,0.5250,regular,felt,Felt,0.1250,3.8878,51.9130,103.8290,0.4037,0.8073,-0.3324,-1.3513,,0.0000,-4.2255,-4.2254,-4.2314,-4.6815,-11.3484,0.5157,0.8389,0,3
piano_felt,32,G#1,0.5500,regular,felt,Felt,0.1250,3.8172,51.9130,103.8290,0.3963,0.7927,-0.3204,-1.3017,,0.0000,-4.2631,-4.2630,-4.2688,-4.7879,-10.9322,0.5165,0.8437,0,3
piano_felt,32,G#1,0.5750,regular,felt,Felt,0.1250,3.7509,51.9130,103.8290,0.3894,0.7789,-0.3093,-1.2560,,0.0000,-4.2976,-4.2976,-4.3029,-4.8856,-10.5350,0.5171,0.8481,0,3
piano_felt,32,G#1,0.6000,regular,felt,Felt,0.1250,3.6885,51.9130,103.8290,0.3830,0.7660,-0.2991,-1.2137,,0.0000,-4.3296,-4.3296,-4.3348,-4.9756,-10.1551,0.5177,0.8523,0,3
piano_felt,32,G#1,0.6250,regular,felt,Felt,0.1250,3.6297,51.9130,103.8290,0.3769,0.7537,-0.2896,-1.1746,,0.0000,-4.3592,-4.3592,-4.3643,-5.0588,-9.7909,0.5183,0.8561,0,3
piano_felt,32,G#1,0.6500,regular,felt,Felt,0.1250,3.5740,51.9130,103.8290,0.3711,0.7422,-0.2807,-1.1382,,0.0000,-4.3867,-4.3868,-4.3919,-5.1360,-9.4414,0.5188,0.8597,0,3
piano_felt,32,G#1,0.6750,regular,felt,Felt,0.1250,3.5213,51.9130,103.8290,0.3656,0.7312,-0.2725,-1.1043,,0.0000,-4.4127,-4.4125,-4.4177,-5.2082,-9.1056,0.5193,0.8631,0,3
piano_felt,32,G#1,0.7000,regular,felt,Felt,0.1250,3.4712,51.9130,103.8290,0.3604,0.7208,-0.2647,-1.0725,,0.0000,-4.4365,-4.4365,-4.4413,-5.2750,-8.7816,0.5198,0.8662,0,3
piano_felt,32,G#1,0.7250,regular,felt,Felt,0.1250,3.4236,51.9130,103.8290,0.3555,0.7109,-0.2575,-1.0428,,0.0000,-4.4591,-4.4590,-4.4637,-5.3380,-8.4698,0.5202,0.8692,0,3
piano_felt,32,G#1,0.7500,regular,felt,Felt,0.1250,3.3781,51.9130,103.8290,0.3507,0.7015,-0.2507,-1.0149,,0.0000,-4.4800,-4.4801,-4.4845,-5.3966,-8.1684,0.5206,0.8720,0,3
piano_felt,32,G#1,0.7750,regular,felt,Felt,0.1250,3.3348,51.9130,103.8290,0.3462,0.6925,-0.2443,-0.9886,,0.0000,-4.5000,-4.5000,-4.5047,-5.4522,-7.8772,0.5210,0.8747,0,3
piano_felt,32,G#1,0.8000,regular,felt,Felt,0.1250,3.2933,51.9130,103.8290,0.3419,0.6839,-0.2382,-0.9638,,0.0000,-4.5185,-4.5187,-4.5226,-5.5040,-7.5953,0.5214,0.8771,0,3
piano_felt,32,G#1,0.8250,regular,felt,Felt,0.1250,3.2536,51.9130,103.8290,0.3378,0.6756,-0.2325,-0.9403,,0.0000,-4.5363,-4.5364,-4.5405,-5.5533,-7.3223,0.5217,0.8795,0,3
piano_felt,32,G#1,0.8500,regular,felt,Felt,0.1250,3.2156,51.9130,103.8290,0.3339,0.6677,-0.2271,-0.9182,,0.0000,-4.5532,-4.5532,-4.5572,-5.5999,-7.0577,0.5220,0.8818,0,3
piano_felt,32,G#1,0.8750,regular,felt,Felt,0.1250,3.1791,51.9130,103.8290,0.3301,0.6602,-0.2219,-0.8971,,0.0000,-4.5691,-4.5690,-4.5729,-5.6439,-6.8008,0.5223,0.8839,0,3
piano_felt,32,G#1,0.9000,regular,felt,Felt,0.1250,3.1440,51.9130,103.8290,0.3264,0.6529,-0.2170,-0.8772,,0.0000,-4.5840,-4.5841,-4.5879,-5.6855,-6.5511,0.5226,0.8859,0,3
piano_felt,32,G#1,0.9250,regular,felt,Felt,0.1250,3.1103,51.9130,103.8290,0.3229,0.6459,-0.2124,-0.8582,,0.0000,-4.5984,-4.5985,-4.6022,-5.7252,-6.3085,0.5229,0.8879,0,3
piano_felt,32,G#1,0.9500,regular,felt,Felt,0.1250,3.0778,51.9130,103.8290,0.3196,0.6391,-0.2079,-0.8401,,0.0000,-4.6121,-4.6121,-4.6156,-5.7631,-6.0725,0.5232,0.8897,0,3
piano_felt,32,G#1,0.9750,regular,felt,Felt,0.1250,3.0464,51.9130,103.8290,0.3163,0.6326,-0.2037,-0.8229,,0.0000,-4.6251,-4.6251,-4.6289,-5.7989,-5.8426,0.5234,0.8915,0,3
piano_felt,32,G#1,1.0000,regular,felt,Felt,0.1250,3.0162,51.9130,103.8290,0.3132,0.6263,-0.1997,-0.8064,,0.0000,-4.6376,-4.6376,-4.6412,-5.8332,-5.6187,0.5237,0.8932,0,3
piano_felt,32,G#1,0.2780,corpus,felt,Felt,0.1250,4.9943,51.9130,103.8290,0.5185,1.0371,-0.5505,-2.2628,,0.0000,-3.5320,-3.5320,-3.5423,-3.5320,-17.0886,0.5030,0.7553,0,3
piano_felt,32,G#1,0.3030,corpus,felt,Felt,0.1250,4.8277,51.9130,103.8290,0.5012,1.0025,-0.5141,-2.1091,,0.0000,-3.6490,-3.6492,-3.6578,-3.6490,-16.3043,0.5051,0.7688,0,3
piano_felt,32,G#1,0.3130,corpus,felt,Felt,0.1250,4.7663,51.9130,103.8290,0.4949,0.9898,-0.5010,-2.0540,,0.0000,-3.6911,-3.6912,-3.7004,-3.6911,-16.0090,0.5058,0.7737,0,3
piano_felt,32,G#1,0.3280,corpus,felt,Felt,0.1250,4.6792,51.9130,103.8290,0.4858,0.9717,-0.4827,-1.9772,,0.0000,-3.7499,-3.7498,-3.7587,-3.7499,-15.5842,0.5069,0.7806,0,3
piano_felt,32,G#1,0.3380,corpus,felt,Felt,0.1250,4.6242,51.9130,103.8290,0.4801,0.9603,-0.4713,-1.9295,,0.0000,-3.7860,-3.7861,-3.7946,-3.7860,-15.3119,0.5076,0.7849,0,3
piano_felt,32,G#1,0.3630,corpus,felt,Felt,0.1250,4.4960,51.9130,103.8290,0.4668,0.9336,-0.4454,-1.8208,,0.0000,-3.8688,-3.8688,-3.8771,-3.8688,-14.6663,0.5091,0.7947,0,3
piano_felt,32,G#1,0.4020,corpus,felt,Felt,0.1250,4.3189,51.9130,103.8290,0.4484,0.8968,-0.4108,-1.6763,,0.0000,-3.9787,-3.9787,-3.9859,-3.9787,-13.7452,0.5111,0.8081,0,3
piano_felt,32,G#1,0.4270,corpus,felt,Felt,0.1250,4.2174,51.9130,103.8290,0.4379,0.8758,-0.3916,-1.5964,,0.0000,-4.0393,-4.0394,-4.0466,-4.1514,-13.2020,0.5122,0.8155,0,3
piano_felt,32,G#1,0.4370,corpus,felt,Felt,0.1250,4.1791,51.9130,103.8290,0.4339,0.8678,-0.3845,-1.5668,,0.0000,-4.0618,-4.0619,-4.0688,-4.2158,-12.9938,0.5127,0.8183,0,3
piano_felt,32,G#1,0.4520,corpus,felt,Felt,0.1250,4.1239,51.9130,103.8290,0.4282,0.8564,-0.3743,-1.5247,,0.0000,-4.0938,-4.0939,-4.1005,-4.3072,-12.6905,0.5133,0.8223,0,3
piano_felt,32,G#1,0.4620,corpus,felt,Felt,0.1250,4.0886,51.9130,103.8290,0.4245,0.8490,-0.3679,-1.4980,,0.0000,-4.1142,-4.1141,-4.1210,-4.3654,-12.4942,0.5136,0.8248,0,3
piano_felt,32,G#1,0.4870,corpus,felt,Felt,0.1250,4.0045,51.9130,103.8290,0.4158,0.8316,-0.3528,-1.4357,,0.0000,-4.1613,-4.1614,-4.1677,-4.4998,-12.0212,0.5145,0.8308,0,3
piano_felt,33,A1,0.0500,regular,felt,Felt,0.1250,8.0000,55.0000,110.0040,0.8800,1.7601,-1.6123,-7.0675,,0.0000,0.2109,0.2109,0.1740,0.0000,-32.7775,0.4594,0.4483,0,3
piano_felt,33,A1,0.0750,regular,felt,Felt,0.1250,8.0000,55.0000,110.0040,0.8800,1.7601,-1.6123,-7.0675,,0.0000,0.2109,0.2109,0.1740,0.0000,-29.2557,0.4594,0.4483,0,3
piano_felt,33,A1,0.1000,regular,felt,Felt,0.1250,7.3345,55.0000,110.0040,0.8068,1.6136,-1.3495,-5.8119,,0.0000,-0.7819,-0.7819,-0.8115,-0.7819,-26.4943,0.4735,0.5181,0,3
piano_felt,33,A1,0.1250,regular,felt,Felt,0.1250,6.7173,55.0000,110.0040,0.7389,1.4779,-1.1280,-4.7907,,0.0000,-1.5817,-1.5816,-1.6053,-1.5817,-24.3346,0.4857,0.5827,0,3
piano_felt,33,A1,0.1500,regular,felt,Felt,0.1250,6.2517,55.0000,110.0040,0.6877,1.3754,-0.9747,-4.1019,,0.0000,-2.1170,-2.1171,-2.1368,-2.1170,-22.5977,0.4943,0.6308,0,3
piano_felt,33,A1,0.1750,regular,felt,Felt,0.1250,5.8834,55.0000,110.0040,0.6472,1.2944,-0.8617,-3.6028,,0.0000,-2.5032,-2.5032,-2.5203,-2.5032,-21.1458,0.5008,0.6681,0,3
piano_felt,33,A1,0.2000,regular,felt,Felt,0.1250,5.5819,55.0000,110.0040,0.6140,1.2281,-0.7746,-3.2228,,0.0000,-2.7961,-2.7961,-2.8110,-2.7961,-19.8988,0.5059,0.6980,0,3
piano_felt,33,A1,0.2250,regular,felt,Felt,0.1250,5.3288,55.0000,110.0040,0.5862,1.1724,-0.7052,-2.9227,,0.0000,-3.0268,-3.0267,-3.0403,-3.0268,-18.8065,0.5099,0.7225,0,3
piano_felt,33,A1,0.2500,regular,felt,Felt,0.1250,5.1122,55.0000,110.0040,0.5623,1.1247,-0.6484,-2.6793,,0.0000,-3.2135,-3.2134,-3.2259,-3.2135,-17.8345,0.5133,0.7430,0,3
piano_felt,33,A1,0.2750,regular,felt,Felt,0.1250,4.9238,55.0000,110.0040,0.5416,1.0833,-0.6011,-2.4773,,0.0000,-3.3682,-3.3680,-3.3795,-3.3682,-16.9593,0.5161,0.7605,0,3
piano_felt,33,A1,0.3000,regular,felt,Felt,0.1250,4.7579,55.0000,110.0040,0.5234,1.0468,-0.5609,-2.3068,,0.0000,-3.4982,-3.4983,-3.5086,-3.4982,-16.1631,0.5185,0.7756,0,3
piano_felt,33,A1,0.3250,regular,felt,Felt,0.1250,4.6102,55.0000,110.0040,0.5071,1.0143,-0.5263,-2.1607,,0.0000,-3.6100,-3.6099,-3.6199,-3.6100,-15.4334,0.5205,0.7888,0,3
piano_felt,33,A1,0.3500,regular,felt,Felt,0.1250,4.4776,55.0000,110.0040,0.4925,0.9851,-0.4962,-2.0340,,0.0000,-3.7066,-3.7065,-3.7156,-3.7066,-14.7597,0.5223,0.8003,0,3
piano_felt,33,A1,0.3750,regular,felt,Felt,0.1250,4.3575,55.0000,110.0040,0.4793,0.9587,-0.4698,-1.9230,,0.0000,-3.7910,-3.7911,-3.7997,-3.7910,-14.1339,0.5239,0.8106,0,3
piano_felt,33,A1,0.4000,regular,felt,Felt,0.1250,4.2481,55.0000,110.0040,0.4673,0.9346,-0.4463,-1.8248,,0.0000,-3.8659,-3.8658,-3.8741,-3.8659,-13.5500,0.5253,0.8198,0,3
piano_felt,33,A1,0.4250,regular,felt,Felt,0.1250,4.1479,55.0000,110.0040,0.4563,0.9126,-0.4254,-1.7372,,0.0000,-3.9322,-3.9324,-3.9401,-3.9322,-13.0023,0.5266,0.8282,0,3
piano_felt,33,A1,0.4500,regular,felt,Felt,0.1250,4.0555,55.0000,110.0040,0.4461,0.8922,-0.4065,-1.6587,,0.0000,-3.9922,-3.9921,-3.9996,-4.0156,-12.4870,0.5278,0.8357,0,3
piano_felt,33,A1,0.4750,regular,felt,Felt,0.1250,3.9700,55.0000,110.0040,0.4367,0.8734,-0.3895,-1.5877,,0.0000,-4.0460,-4.0460,-4.0532,-4.1703,-12.0003,0.5288,0.8425,0,3
piano_felt,33,A1,0.5000,regular,felt,Felt,0.1250,3.8906,55.0000,110.0040,0.4280,0.8560,-0.3740,-1.5232,,0.0000,-4.0950,-4.0950,-4.1020,-4.3105,-11.5393,0.5297,0.8488,0,3
piano_felt,33,A1,0.5250,regular,felt,Felt,0.1250,3.8166,55.0000,110.0040,0.4198,0.8397,-0.3598,-1.4644,,0.0000,-4.1395,-4.1396,-4.1461,-4.4378,-11.1013,0.5306,0.8546,0,3
piano_felt,33,A1,0.5500,regular,felt,Felt,0.1250,3.7472,55.0000,110.0040,0.4122,0.8244,-0.3468,-1.4105,,0.0000,-4.1805,-4.1805,-4.1866,-4.5542,-10.6843,0.5314,0.8599,0,3
piano_felt,33,A1,0.5750,regular,felt,Felt,0.1250,3.6822,55.0000,110.0040,0.4050,0.8101,-0.3348,-1.3609,,0.0000,-4.2181,-4.2181,-4.2241,-4.6608,-10.2861,0.5321,0.8648,0,3
piano_felt,33,A1,0.6000,regular,felt,Felt,0.1250,3.6210,55.0000,110.0040,0.3983,0.7966,-0.3237,-1.3151,,0.0000,-4.2528,-4.2529,-4.2589,-4.7591,-9.9054,0.5328,0.8694,0,3
piano_felt,33,A1,0.6250,regular,felt,Felt,0.1250,3.5632,55.0000,110.0040,0.3920,0.7839,-0.3134,-1.2726,,0.0000,-4.2850,-4.2850,-4.2908,-4.8501,-9.5405,0.5334,0.8737,0,3
piano_felt,33,A1,0.6500,regular,felt,Felt,0.1250,3.5086,55.0000,110.0040,0.3859,0.7719,-0.3038,-1.2331,,0.0000,-4.3149,-4.3150,-4.3203,-4.9343,-9.1903,0.5340,0.8776,0,3
piano_felt,33,A1,0.6750,regular,felt,Felt,0.1250,3.4568,55.0000,110.0040,0.3802,0.7605,-0.2948,-1.1963,,0.0000,-4.3427,-4.3428,-4.3482,-5.0128,-8.8535,0.5346,0.8814,0,3
piano_felt,33,A1,0.7000,regular,felt,Felt,0.1250,3.4076,55.0000,110.0040,0.3748,0.7497,-0.2865,-1.1618,,0.0000,-4.3690,-4.3689,-4.3741,-5.0859,-8.5293,0.5351,0.8849,0,3
piano_felt,33,A1,0.7250,regular,felt,Felt,0.1250,3.3609,55.0000,110.0040,0.3697,0.7394,-0.2786,-1.1296,,0.0000,-4.3933,-4.3933,-4.3984,-5.1543,-8.2166,0.5356,0.8882,0,3
piano_felt,33,A1,0.7500,regular,felt,Felt,0.1250,3.3163,55.0000,110.0040,0.3648,0.7296,-0.2713,-1.0993,,0.0000,-4.4162,-4.4162,-4.4212,-5.2186,-7.9148,0.5360,0.8913,0,3
piano_felt,33,A1,0.7750,regular,felt,Felt,0.1250,3.2737,55.0000,110.0040,0.3601,0.7202,-0.2643,-1.0708,,0.0000,-4.4379,-4.4378,-4.4427,-5.2789,-7.6232,0.5365,0.8942,0,3
piano_felt,33,A1,0.8000,regular,felt,Felt,0.1250,3.2330,55.0000,110.0040,0.3556,0.7113,-0.2578,-1.0439,,0.0000,-4.4580,-4.4581,-4.4627,-5.3354,-7.3407,0.5369,0.8970,0,3
piano_felt,33,A1,0.8250,regular,felt,Felt,0.1250,3.1941,55.0000,110.0040,0.3513,0.7027,-0.2516,-1.0185,,0.0000,-4.4771,-4.4774,-4.4816,-5.3890,-7.0671,0.5373,0.8996,0,3
piano_felt,33,A1,0.8500,regular,felt,Felt,0.1250,3.1567,55.0000,110.0040,0.3472,0.6945,-0.2457,-0.9944,,0.0000,-4.4954,-4.4955,-4.4997,-5.4396,-6.8020,0.5376,0.9021,0,3
piano_felt,33,A1,0.8750,regular,felt,Felt,0.1250,3.1209,55.0000,110.0040,0.3433,0.6866,-0.2401,-0.9716,,0.0000,-4.5129,-4.5128,-4.5172,-5.4878,-6.5448,0.5380,0.9045,0,3
piano_felt,33,A1,0.9000,regular,felt,Felt,0.1250,3.0864,55.0000,110.0040,0.3395,0.6790,-0.2348,-0.9500,,0.0000,-4.5292,-4.5291,-4.5334,-5.5333,-6.2948,0.5383,0.9067,0,3
piano_felt,33,A1,0.9250,regular,felt,Felt,0.1250,3.0533,55.0000,110.0040,0.3359,0.6718,-0.2298,-0.9294,,0.0000,-4.5446,-4.5447,-4.5490,-5.5763,-6.0517,0.5386,0.9089,0,3
piano_felt,33,A1,0.9500,regular,felt,Felt,0.1250,3.0214,55.0000,110.0040,0.3324,0.6647,-0.2250,-0.9098,,0.0000,-4.5595,-4.5595,-4.5636,-5.6174,-5.8154,0.5389,0.9109,0,3
piano_felt,33,A1,0.9750,regular,felt,Felt,0.1250,2.9906,55.0000,110.0040,0.3290,0.6580,-0.2204,-0.8911,,0.0000,-4.5736,-4.5736,-4.5773,-5.6565,-5.5851,0.5392,0.9129,0,3
piano_felt,33,A1,1.0000,regular,felt,Felt,0.1250,2.9610,55.0000,110.0040,0.3257,0.6514,-0.2161,-0.8732,,0.0000,-4.5870,-4.5871,-4.5906,-5.6937,-5.3608,0.5395,0.9148,0,3
piano_felt,33,A1,0.2780,corpus,felt,Felt,0.1250,4.9028,55.0000,110.0040,0.5393,1.0787,-0.5959,-2.4554,,0.0000,-3.3847,-3.3848,-3.3963,-3.3847,-16.8597,0.5164,0.7624,0,3
piano_felt,33,A1,0.3030,corpus,felt,Felt,0.1250,4.7393,55.0000,110.0040,0.5213,1.0427,-0.5565,-2.2881,,0.0000,-3.5128,-3.5126,-3.5233,-3.5128,-16.0725,0.5187,0.7773,0,3
piano_felt,33,A1,0.3130,corpus,felt,Felt,0.1250,4.6790,55.0000,110.0040,0.5147,1.0294,-0.5423,-2.2282,,0.0000,-3.5584,-3.5584,-3.5687,-3.5584,-15.7762,0.5196,0.7826,0,3
piano_felt,33,A1,0.3280,corpus,felt,Felt,0.1250,4.5935,55.0000,110.0040,0.5053,1.0106,-0.5225,-2.1446,,0.0000,-3.6222,-3.6222,-3.6320,-3.6222,-15.3496,0.5208,0.7902,0,3
piano_felt,33,A1,0.3380,corpus,felt,Felt,0.1250,4.5395,55.0000,110.0040,0.4993,0.9987,-0.5102,-2.0927,,0.0000,-3.6618,-3.6617,-3.6712,-3.6618,-15.0767,0.5215,0.7949,0,3
piano_felt,33,A1,0.3630,corpus,felt,Felt,0.1250,4.4137,55.0000,110.0040,0.4855,0.9710,-0.4821,-1.9745,,0.0000,-3.7518,-3.7518,-3.7610,-3.7518,-14.4287,0.5232,0.8058,0,3
piano_felt,33,A1,0.4020,corpus,felt,Felt,0.1250,4.2398,55.0000,110.0040,0.4664,0.9328,-0.4446,-1.8174,,0.0000,-3.8716,-3.8714,-3.8799,-3.8716,-13.5049,0.5254,0.8206,0,3
piano_felt,33,A1,0.4270,corpus,felt,Felt,0.1250,4.1402,55.0000,110.0040,0.4554,0.9109,-0.4238,-1.7306,,0.0000,-3.9374,-3.9374,-3.9453,-3.9374,-12.9600,0.5267,0.8288,0,3
piano_felt,33,A1,0.4370,corpus,felt,Felt,0.1250,4.1026,55.0000,110.0040,0.4513,0.9026,-0.4161,-1.6985,,0.0000,-3.9618,-3.9619,-3.9698,-3.9618,-12.7512,0.5272,0.8319,0,3
piano_felt,33,A1,0.4520,corpus,felt,Felt,0.1250,4.0484,55.0000,110.0040,0.4453,0.8907,-0.4051,-1.6527,,0.0000,-3.9966,-3.9966,-4.0040,-4.0284,-12.4470,0.5278,0.8363,0,3
piano_felt,33,A1,0.4620,corpus,felt,Felt,0.1250,4.0137,55.0000,110.0040,0.4415,0.8830,-0.3981,-1.6237,,0.0000,-4.0185,-4.0187,-4.0257,-4.0918,-12.2500,0.5283,0.8390,0,3
piano_felt,33,A1,0.4870,corpus,felt,Felt,0.1250,3.9312,55.0000,110.0040,0.4324,0.8649,-0.3818,-1.5560,,0.0000,-4.0702,-4.0701,-4.0773,-4.2395,-11.7762,0.5292,0.8456,0,3
piano_felt,34,A#1,0.0500,regular,felt,Felt,0.1250,8.0000,58.2700,116.5450,0.9323,1.8647,-1.8156,-8.0768,,0.0000,1.0168,1.0169,0.9731,0.0000,-32.6968,0.4637,0.4124,0,3
piano_felt,34,A#1,0.0750,regular,felt,Felt,0.1250,8.0000,58.2700,116.5450,0.9323,1.8647,-1.8156,-8.0768,,0.0000,1.0168,1.0169,0.9731,0.0000,-29.1750,0.4637,0.4124,0,3
piano_felt,34,A#1,0.1000,regular,felt,Felt,0.1250,7.2002,58.2700,116.5450,0.8391,1.6783,-1.4624,-6.3452,,0.0000,-0.3615,-0.3615,-0.3936,-0.3615,-26.3229,0.4829,0.5034,0,3
piano_felt,34,A#1,0.1250,regular,felt,Felt,0.1250,6.5943,58.2700,116.5450,0.7685,1.5371,-1.2220,-5.2201,,0.0000,-1.2460,-1.2461,-1.2720,-1.2460,-24.1443,0.4964,0.5730,0,3
piano_felt,34,A#1,0.1500,regular,felt,Felt,0.1250,6.1373,58.2700,116.5450,0.7152,1.4305,-1.0557,-4.4641,,0.0000,-1.8358,-1.8358,-1.8576,-1.8358,-22.3945,0.5060,0.6251,0,3
piano_felt,34,A#1,0.1750,regular,felt,Felt,0.1250,5.7757,58.2700,116.5450,0.6731,1.3462,-0.9331,-3.9176,,0.0000,-2.2598,-2.2598,-2.2782,-2.2598,-20.9328,0.5132,0.6658,0,3
piano_felt,34,A#1,0.2000,regular,felt,Felt,0.1250,5.4797,58.2700,116.5450,0.6386,1.2773,-0.8387,-3.5022,,0.0000,-2.5808,-2.5808,-2.5971,-2.5808,-19.6786,0.5189,0.6984,0,3
piano_felt,34,A#1,0.2250,regular,felt,Felt,0.1250,5.2312,58.2700,116.5450,0.6096,1.2193,-0.7635,-3.1747,,0.0000,-2.8332,-2.8331,-2.8481,-2.8332,-18.5805,0.5233,0.7252,0,3
piano_felt,34,A#1,0.2500,regular,felt,Felt,0.1250,5.0186,58.2700,116.5450,0.5849,1.1698,-0.7020,-2.9091,,0.0000,-3.0371,-3.0371,-3.0504,-3.0371,-17.6037,0.5271,0.7477,0,3
piano_felt,34,A#1,0.2750,regular,felt,Felt,0.1250,4.8336,58.2700,116.5450,0.5633,1.1267,-0.6507,-2.6890,,0.0000,-3.2059,-3.2059,-3.2184,-3.2059,-16.7246,0.5302,0.7669,0,3
piano_felt,34,A#1,0.3000,regular,felt,Felt,0.1250,4.6707,58.2700,116.5450,0.5443,1.0887,-0.6072,-2.5033,,0.0000,-3.3482,-3.3481,-3.3598,-3.3482,-15.9253,0.5329,0.7835,0,3
piano_felt,34,A#1,0.3250,regular,felt,Felt,0.1250,4.5258,58.2700,116.5450,0.5274,1.0549,-0.5697,-2.3442,,0.0000,-3.4696,-3.4697,-3.4802,-3.4696,-15.1925,0.5352,0.7979,0,3
piano_felt,34,A#1,0.3500,regular,felt,Felt,0.1250,4.3956,58.2700,116.5450,0.5123,1.0246,-0.5371,-2.2064,,0.0000,-3.5752,-3.5750,-3.5853,-3.5752,-14.5164,0.5372,0.8107,0,3
piano_felt,34,A#1,0.3750,regular,felt,Felt,0.1250,4.2777,58.2700,116.5450,0.4985,0.9971,-0.5085,-2.0856,,0.0000,-3.6672,-3.6671,-3.6769,-3.6672,-13.8884,0.5390,0.8221,0,3
piano_felt,34,A#1,0.4000,regular,felt,Felt,0.1250,4.1703,58.2700,116.5450,0.4860,0.9721,-0.4831,-1.9788,,0.0000,-3.7484,-3.7486,-3.7573,-3.7484,-13.3022,0.5405,0.8322,0,3
piano_felt,34,A#1,0.4250,regular,felt,Felt,0.1250,4.0719,58.2700,116.5450,0.4745,0.9491,-0.4604,-1.8836,,0.0000,-3.8211,-3.8210,-3.8297,-3.8211,-12.7532,0.5419,0.8414,0,3
piano_felt,34,A#1,0.4500,regular,felt,Felt,0.1250,3.9812,58.2700,116.5450,0.4640,0.9280,-0.4400,-1.7982,,0.0000,-3.8860,-3.8860,-3.8940,-3.8860,-12.2362,0.5432,0.8497,0,3
piano_felt,34,A#1,0.4750,regular,felt,Felt,0.1250,3.8973,58.2700,116.5450,0.4542,0.9084,-0.4215,-1.7211,,0.0000,-3.9446,-3.9447,-3.9523,-3.9446,-11.7481,0.5444,0.8573,0,3
piano_felt,34,A#1,0.5000,regular,felt,Felt,0.1250,3.8194,58.2700,116.5450,0.4451,0.8903,-0.4047,-1.6511,,0.0000,-3.9978,-3.9979,-4.0052,-4.0321,-11.2858,0.5454,0.8642,0,3
piano_felt,34,A#1,0.5250,regular,felt,Felt,0.1250,3.7467,58.2700,116.5450,0.4366,0.8733,-0.3893,-1.5872,,0.0000,-4.0465,-4.0464,-4.0535,-4.1714,-10.8468,0.5464,0.8706,0,3
piano_felt,34,A#1,0.5500,regular,felt,Felt,0.1250,3.6786,58.2700,116.5450,0.4287,0.8574,-0.3753,-1.5286,,0.0000,-4.0908,-4.0909,-4.0978,-4.2987,-10.4286,0.5473,0.8765,0,3
piano_felt,34,A#1,0.5750,regular,felt,Felt,0.1250,3.6148,58.2700,116.5450,0.4213,0.8426,-0.3623,-1.4748,,0.0000,-4.1316,-4.1317,-4.1381,-4.4153,-10.0293,0.5481,0.8820,0,3
piano_felt,34,A#1,0.6000,regular,felt,Felt,0.1250,3.5547,58.2700,116.5450,0.4143,0.8286,-0.3503,-1.4250,,0.0000,-4.1695,-4.1695,-4.1756,-4.5229,-9.6477,0.5489,0.8870,0,3
piano_felt,34,A#1,0.6250,regular,felt,Felt,0.1250,3.4980,58.2700,116.5450,0.4077,0.8153,-0.3391,-1.3789,,0.0000,-4.2044,-4.2045,-4.2107,-4.6220,-9.2819,0.5496,0.8918,0,3
piano_felt,34,A#1,0.6500,regular,felt,Felt,0.1250,3.4443,58.2700,116.5450,0.4014,0.8028,-0.3287,-1.3360,,0.0000,-4.2368,-4.2370,-4.2428,-4.7140,-8.9308,0.5502,0.8962,0,3
piano_felt,34,A#1,0.6750,regular,felt,Felt,0.1250,3.3935,58.2700,116.5450,0.3955,0.7910,-0.3191,-1.2961,,0.0000,-4.2673,-4.2672,-4.2730,-4.7998,-8.5936,0.5508,0.9003,0,3
piano_felt,34,A#1,0.7000,regular,felt,Felt,0.1250,3.3452,58.2700,116.5450,0.3899,0.7797,-0.3100,-1.2587,,0.0000,-4.2955,-4.2955,-4.3013,-4.8797,-8.2685,0.5514,0.9042,0,3
piano_felt,34,A#1,0.7250,regular,felt,Felt,0.1250,3.2993,58.2700,116.5450,0.3845,0.7690,-0.3015,-1.2237,,0.0000,-4.3221,-4.3221,-4.3275,-4.9543,-7.9552,0.5519,0.9078,0,3
piano_felt,34,A#1,0.7500,regular,felt,Felt,0.1250,3.2555,58.2700,116.5450,0.3794,0.7588,-0.2935,-1.1908,,0.0000,-4.3469,-4.3469,-4.3522,-5.0242,-7.6528,0.5525,0.9113,0,3
piano_felt,34,A#1,0.7750,regular,felt,Felt,0.1250,3.2138,58.2700,116.5450,0.3745,0.7491,-0.2860,-1.1599,,0.0000,-4.3703,-4.3704,-4.3754,-5.0900,-7.3604,0.5529,0.9145,0,3
piano_felt,34,A#1,0.8000,regular,felt,Felt,0.1250,3.1738,58.2700,116.5450,0.3699,0.7398,-0.2789,-1.1307,,0.0000,-4.3924,-4.3924,-4.3973,-5.1519,-7.0776,0.5534,0.9176,0,3
piano_felt,34,A#1,0.8250,regular,felt,Felt,0.1250,3.1356,58.2700,116.5450,0.3654,0.7309,-0.2722,-1.1032,,0.0000,-4.4133,-4.4133,-4.4182,-5.2101,-6.8035,0.5538,0.9205,0,3
piano_felt,34,A#1,0.8500,regular,felt,Felt,0.1250,3.0989,58.2700,116.5450,0.3611,0.7223,-0.2658,-1.0771,,0.0000,-4.4330,-4.4330,-4.4378,-5.2654,-6.5380,0.5542,0.9233,0,3
piano_felt,34,A#1,0.8750,regular,felt,Felt,0.1250,3.0637,58.2700,116.5450,0.3570,0.7141,-0.2598,-1.0523,,0.0000,-4.4517,-4.4517,-4.4565,-5.3175,-6.2801,0.5546,0.9259,0,3
piano_felt,34,A#1,0.9000,regular,felt,Felt,0.1250,3.0299,58.2700,116.5450,0.3531,0.7062,-0.2541,-1.0289,,0.0000,-4.4695,-4.4695,-4.4742,-5.3672,-6.0298,0.5550,0.9284,0,3
piano_felt,34,A#1,0.9250,regular,felt,Felt,0.1250,2.9974,58.2700,116.5450,0.3493,0.6987,-0.2486,-1.0065,,0.0000,-4.4862,-4.4864,-4.4907,-5.4141,-5.7861,0.5553,0.9308,0,3
piano_felt,34,A#1,0.9500,regular,felt,Felt,0.1250,2.9661,58.2700,116.5450,0.3457,0.6914,-0.2435,-0.9853,,0.0000,-4.5023,-4.5024,-4.5067,-5.4588,-5.5493,0.5557,0.9331,0,3
piano_felt,34,A#1,0.9750,regular,felt,Felt,0.1250,2.9359,58.2700,116.5450,0.3421,0.6843,-0.2385,-0.9650,,0.0000,-4.5179,-4.5178,-4.5221,-5.5016,-5.3190,0.5560,0.9353,0,3
piano_felt,34,A#1,1.0000,regular,felt,Felt,0.1250,2.9067,58.2700,116.5450,0.3387,0.6775,-0.2338,-0.9457,,0.0000,-4.5325,-4.5324,-4.5366,-5.5423,-5.0944,0.5563,0.9374,0,3
piano_felt,34,A#1,0.2780,corpus,felt,Felt,0.1250,4.8130,58.2700,116.5450,0.5609,1.1219,-0.6451,-2.6651,,0.0000,-3.2243,-3.2243,-3.2367,-3.2243,-16.6247,0.5305,0.7690,0,3
piano_felt,34,A#1,0.3030,corpus,felt,Felt,0.1250,4.6525,58.2700,116.5450,0.5422,1.0844,-0.6024,-2.4829,,0.0000,-3.3637,-3.3637,-3.3752,-3.3637,-15.8340,0.5332,0.7853,0,3
piano_felt,34,A#1,0.3130,corpus,felt,Felt,0.1250,4.5933,58.2700,116.5450,0.5353,1.0707,-0.5870,-2.4176,,0.0000,-3.4139,-3.4136,-3.4250,-3.4139,-15.5368,0.5341,0.7912,0,3
piano_felt,34,A#1,0.3280,corpus,felt,Felt,0.1250,4.5094,58.2700,116.5450,0.5255,1.0511,-0.5656,-2.3267,,0.0000,-3.4831,-3.4832,-3.4939,-3.4831,-15.1086,0.5354,0.7996,0,3
piano_felt,34,A#1,0.3380,corpus,felt,Felt,0.1250,4.4564,58.2700,116.5450,0.5193,1.0387,-0.5522,-2.2702,,0.0000,-3.5264,-3.5263,-3.5369,-3.5264,-14.8345,0.5362,0.8048,0,3
piano_felt,34,A#1,0.3630,corpus,felt,Felt,0.1250,4.3329,58.2700,116.5450,0.5050,1.0099,-0.5218,-2.1416,,0.0000,-3.6244,-3.6244,-3.6340,-3.6244,-14.1841,0.5381,0.8168,0,3
piano_felt,34,A#1,0.4020,corpus,felt,Felt,0.1250,4.1621,58.2700,116.5450,0.4851,0.9701,-0.4812,-1.9708,,0.0000,-3.7546,-3.7547,-3.7637,-3.7546,-13.2572,0.5406,0.8330,0,3
piano_felt,34,A#1,0.4270,corpus,felt,Felt,0.1250,4.0644,58.2700,116.5450,0.4737,0.9474,-0.4587,-1.8764,,0.0000,-3.8265,-3.8265,-3.8349,-3.8265,-12.7107,0.5421,0.8421,0,3
piano_felt,34,A#1,0.4370,corpus,felt,Felt,0.1250,4.0275,58.2700,116.5450,0.4694,0.9388,-0.4503,-1.8415,,0.0000,-3.8532,-3.8531,-3.8616,-3.8532,-12.5013,0.5426,0.8455,0,3
piano_felt,34,A#1,0.4520,corpus,felt,Felt,0.1250,3.9743,58.2700,116.5450,0.4632,0.9264,-0.4384,-1.7917,,0.0000,-3.8908,-3.8909,-3.8990,-3.8908,-12.1961,0.5433,0.8503,0,3
piano_felt,34,A#1,0.4620,corpus,felt,Felt,0.1250,3.9402,58.2700,116.5450,0.4592,0.9184,-0.4309,-1.7602,,0.0000,-3.9148,-3.9149,-3.9225,-3.9148,-11.9985,0.5438,0.8534,0,3
piano_felt,34,A#1,0.4870,corpus,felt,Felt,0.1250,3.8592,58.2700,116.5450,0.4498,0.8995,-0.4132,-1.6867,,0.0000,-3.9709,-3.9708,-3.9785,-3.9709,-11.5232,0.5449,0.8607,0,3
piano_felt,35,B1,0.0500,regular,felt,Felt,0.1250,8.0000,61.7350,123.4760,0.9878,1.9756,-2.0454,-9.2635,,0.0000,1.9738,1.9738,1.9219,0.0000,-32.6324,0.4671,0.3721,0,3
piano_felt,35,B1,0.0750,regular,felt,Felt,0.1250,7.9165,61.7350,123.4760,0.9775,1.9550,-2.0015,-9.0329,,0.0000,1.7871,1.7871,1.7368,0.0000,-29.0668,0.4695,0.3822,0,3
piano_felt,35,B1,0.1000,regular,felt,Felt,0.1250,7.0683,61.7350,123.4760,0.8727,1.7455,-1.5850,-6.9351,,0.0000,0.1057,0.1058,0.0695,0.0000,-26.1515,0.4925,0.4866,0,3
piano_felt,35,B1,0.1250,regular,felt,Felt,0.1250,6.4735,61.7350,123.4760,0.7993,1.5986,-1.3240,-5.6926,,0.0000,-0.8757,-0.8756,-0.9043,-0.8757,-23.9524,0.5075,0.5614,0,3
piano_felt,35,B1,0.1500,regular,felt,Felt,0.1250,6.0249,61.7350,123.4760,0.7439,1.4878,-1.1435,-4.8615,,0.0000,-1.5263,-1.5263,-1.5499,-1.5263,-22.1882,0.5182,0.6178,0,3
piano_felt,35,B1,0.1750,regular,felt,Felt,0.1250,5.6699,61.7350,123.4760,0.7001,1.4002,-1.0106,-4.2623,,0.0000,-1.9926,-1.9926,-2.0131,-1.9926,-20.7162,0.5262,0.6619,0,3
piano_felt,35,B1,0.2000,regular,felt,Felt,0.1250,5.3793,61.7350,123.4760,0.6642,1.3284,-0.9083,-3.8077,,0.0000,-2.3447,-2.3448,-2.3628,-2.3447,-19.4540,0.5324,0.6974,0,3
piano_felt,35,B1,0.2250,regular,felt,Felt,0.1250,5.1354,61.7350,123.4760,0.6341,1.2682,-0.8267,-3.4497,,0.0000,-2.6213,-2.6212,-2.6376,-2.6213,-18.3496,0.5374,0.7268,0,3
piano_felt,35,B1,0.2500,regular,felt,Felt,0.1250,4.9266,61.7350,123.4760,0.6083,1.2166,-0.7601,-3.1598,,0.0000,-2.8446,-2.8445,-2.8595,-2.8446,-17.3678,0.5416,0.7514,0,3
piano_felt,35,B1,0.2750,regular,felt,Felt,0.1250,4.7451,61.7350,123.4760,0.5859,1.1718,-0.7045,-2.9197,,0.0000,-3.0290,-3.0290,-3.0425,-3.0290,-16.4843,0.5451,0.7725,0,3
piano_felt,35,B1,0.3000,regular,felt,Felt,0.1250,4.5852,61.7350,123.4760,0.5661,1.1323,-0.6573,-2.7173,,0.0000,-3.1841,-3.1842,-3.1968,-3.1841,-15.6813,0.5480,0.7907,0,3
piano_felt,35,B1,0.3250,regular,felt,Felt,0.1250,4.4429,61.7350,123.4760,0.5486,1.0972,-0.6167,-2.5441,,0.0000,-3.3170,-3.3169,-3.3287,-3.3170,-14.9456,0.5506,0.8066,0,3
piano_felt,35,B1,0.3500,regular,felt,Felt,0.1250,4.3151,61.7350,123.4760,0.5328,1.0656,-0.5814,-2.3940,,0.0000,-3.4318,-3.4317,-3.4428,-3.4318,-14.2666,0.5528,0.8207,0,3
piano_felt,35,B1,0.3750,regular,felt,Felt,0.1250,4.1994,61.7350,123.4760,0.5185,1.0370,-0.5504,-2.2625,,0.0000,-3.5323,-3.5322,-3.5426,-3.5323,-13.6363,0.5548,0.8332,0,3
piano_felt,35,B1,0.4000,regular,felt,Felt,0.1250,4.0939,61.7350,123.4760,0.5055,1.0110,-0.5229,-2.1463,,0.0000,-3.6209,-3.6208,-3.6308,-3.6209,-13.0482,0.5566,0.8444,0,3
piano_felt,35,B1,0.4250,regular,felt,Felt,0.1250,3.9973,61.7350,123.4760,0.4935,0.9871,-0.4983,-2.0428,,0.0000,-3.6999,-3.6998,-3.7090,-3.6999,-12.4970,0.5582,0.8546,0,3
piano_felt,35,B1,0.4500,regular,felt,Felt,0.1250,3.9083,61.7350,123.4760,0.4826,0.9652,-0.4762,-1.9499,,0.0000,-3.7704,-3.7705,-3.7791,-3.7704,-11.9784,0.5596,0.8638,0,3
piano_felt,35,B1,0.4750,regular,felt,Felt,0.1250,3.8260,61.7350,123.4760,0.4724,0.9448,-0.4562,-1.8661,,0.0000,-3.8342,-3.8344,-3.8425,-3.8342,-11.4887,0.5609,0.8721,0,3
piano_felt,35,B1,0.5000,regular,felt,Felt,0.1250,3.7494,61.7350,123.4760,0.4629,0.9259,-0.4380,-1.7900,,0.0000,-3.8921,-3.8923,-3.9002,-3.8921,-11.0249,0.5621,0.8798,0,3
piano_felt,35,B1,0.5250,regular,felt,Felt,0.1250,3.6780,61.7350,123.4760,0.4541,0.9083,-0.4214,-1.7206,,0.0000,-3.9449,-3.9450,-3.9529,-3.9449,-10.5846,0.5631,0.8869,0,3
piano_felt,35,B1,0.5500,regular,felt,Felt,0.1250,3.6113,61.7350,123.4760,0.4459,0.8918,-0.4061,-1.6570,,0.0000,-3.9934,-3.9934,-4.0008,-4.0191,-10.1653,0.5641,0.8934,0,3
piano_felt,35,B1,0.5750,regular,felt,Felt,0.1250,3.5486,61.7350,123.4760,0.4381,0.8763,-0.3921,-1.5985,,0.0000,-4.0381,-4.0378,-4.0453,-4.1471,-9.7654,0.5650,0.8994,0,3
piano_felt,35,B1,0.6000,regular,felt,Felt,0.1250,3.4896,61.7350,123.4760,0.4309,0.8618,-0.3790,-1.5444,,0.0000,-4.0789,-4.0789,-4.0861,-4.2643,-9.3825,0.5659,0.9050,0,3
piano_felt,35,B1,0.6250,regular,felt,Felt,0.1250,3.4339,61.7350,123.4760,0.4240,0.8480,-0.3670,-1.4944,,0.0000,-4.1169,-4.1169,-4.1237,-4.3731,-9.0159,0.5667,0.9103,0,3
piano_felt,35,B1,0.6500,regular,felt,Felt,0.1250,3.3812,61.7350,123.4760,0.4175,0.8350,-0.3558,-1.4478,,0.0000,-4.1521,-4.1522,-4.1585,-4.4735,-8.6639,0.5674,0.9152,0,3
piano_felt,35,B1,0.6750,regular,felt,Felt,0.1250,3.3313,61.7350,123.4760,0.4113,0.8227,-0.3453,-1.4044,,0.0000,-4.1851,-4.1851,-4.1915,-4.5672,-8.3257,0.5681,0.9197,0,3
piano_felt,35,B1,0.7000,regular,felt,Felt,0.1250,3.2840,61.7350,123.4760,0.4055,0.8110,-0.3355,-1.3639,,0.0000,-4.2158,-4.2158,-4.2218,-4.6543,-7.9999,0.5687,0.9241,0,3
piano_felt,35,B1,0.7250,regular,felt,Felt,0.1250,3.2389,61.7350,123.4760,0.3999,0.7998,-0.3263,-1.3259,,0.0000,-4.2446,-4.2446,-4.2503,-4.7358,-7.6860,0.5693,0.9281,0,3
piano_felt,35,B1,0.7500,regular,felt,Felt,0.1250,3.1959,61.7350,123.4760,0.3946,0.7892,-0.3176,-1.2902,,0.0000,-4.2719,-4.2717,-4.2776,-4.8126,-7.3831,0.5699,0.9319,0,3
piano_felt,35,B1,0.7750,regular,felt,Felt,0.1250,3.1549,61.7350,123.4760,0.3895,0.7791,-0.3095,-1.2566,,0.0000,-4.2973,-4.2971,-4.3029,-4.8841,-7.0901,0.5704,0.9355,0,3
piano_felt,35,B1,0.8000,regular,felt,Felt,0.1250,3.1157,61.7350,123.4760,0.3847,0.7694,-0.3018,-1.2250,,0.0000,-4.3211,-4.3211,-4.3265,-4.9516,-6.8065,0.5709,0.9389,0,3
piano_felt,35,B1,0.8250,regular,felt,Felt,0.1250,3.0781,61.7350,123.4760,0.3801,0.7602,-0.2945,-1.1951,,0.0000,-4.3438,-4.3437,-4.3491,-5.0151,-6.5320,0.5714,0.9422,0,3
piano_felt,35,B1,0.8500,regular,felt,Felt,0.1250,3.0422,61.7350,123.4760,0.3756,0.7513,-0.2877,-1.1668,,0.0000,-4.3652,-4.3652,-4.3701,-5.0754,-6.2658,0.5719,0.9453,0,3
piano_felt,35,B1,0.8750,regular,felt,Felt,0.1250,3.0076,61.7350,123.4760,0.3713,0.7427,-0.2811,-1.1399,,0.0000,-4.3855,-4.3855,-4.3904,-5.1324,-6.0075,0.5723,0.9482,0,3
piano_felt,35,B1,0.9000,regular,felt,Felt,0.1250,2.9744,61.7350,123.4760,0.3673,0.7345,-0.2749,-1.1145,,0.0000,-4.4046,-4.4047,-4.4095,-5.1861,-5.7565,0.5727,0.9510,0,3
piano_felt,35,B1,0.9250,regular,felt,Felt,0.1250,2.9425,61.7350,123.4760,0.3633,0.7267,-0.2691,-1.0903,,0.0000,-4.4231,-4.4231,-4.4282,-5.2375,-5.5127,0.5731,0.9536,0,3
piano_felt,35,B1,0.9500,regular,felt,Felt,0.1250,2.9117,61.7350,123.4760,0.3595,0.7191,-0.2634,-1.0672,,0.0000,-4.4405,-4.4405,-4.4451,-5.2863,-5.2755,0.5735,0.9562,0,3
piano_felt,35,B1,0.9750,regular,felt,Felt,0.1250,2.8821,61.7350,123.4760,0.3559,0.7117,-0.2581,-1.0452,,0.0000,-4.4572,-4.4571,-4.4619,-5.3327,-5.0445,0.5738,0.9586,0,3
piano_felt,35,B1,1.0000,regular,felt,Felt,0.1250,2.8535,61.7350,123.4760,0.3523,0.7047,-0.2530,-1.0242,,0.0000,-4.4731,-4.4730,-4.4774,-5.3770,-4.8195,0.5741,0.9609,0,3
piano_felt,35,B1,0.2780,corpus,felt,Felt,0.1250,4.7249,61.7350,123.4760,0.5834,1.1668,-0.6984,-2.8937,,0.0000,-3.0490,-3.0490,-3.0626,-3.0490,-16.3840,0.5454,0.7748,0,3
piano_felt,35,B1,0.3030,corpus,felt,Felt,0.1250,4.5673,61.7350,123.4760,0.5639,1.1279,-0.6521,-2.6951,,0.0000,-3.2011,-3.2012,-3.2135,-3.2011,-15.5897,0.5484,0.7927,0,3
piano_felt,35,B1,0.3130,corpus,felt,Felt,0.1250,4.5092,61.7350,123.4760,0.5568,1.1136,-0.6355,-2.6240,,0.0000,-3.2557,-3.2557,-3.2678,-3.2557,-15.2910,0.5494,0.7993,0,3
piano_felt,35,B1,0.3280,corpus,felt,Felt,0.1250,4.4268,61.7350,123.4760,0.5466,1.0932,-0.6122,-2.5249,,0.0000,-3.3317,-3.3316,-3.3435,-3.3317,-14.8614,0.5509,0.8084,0,3
piano_felt,35,B1,0.3380,corpus,felt,Felt,0.1250,4.3748,61.7350,123.4760,0.5402,1.0804,-0.5978,-2.4634,,0.0000,-3.3785,-3.3786,-3.3898,-3.3785,-14.5859,0.5518,0.8142,0,3
piano_felt,35,B1,0.3630,corpus,felt,Felt,0.1250,4.2535,61.7350,123.4760,0.5252,1.0504,-0.5648,-2.3235,,0.0000,-3.4858,-3.4856,-3.4964,-3.4858,-13.9334,0.5539,0.8274,0,3
piano_felt,35,B1,0.4020,corpus,felt,Felt,0.1250,4.0859,61.7350,123.4760,0.5045,1.0090,-0.5208,-2.1376,,0.0000,-3.6275,-3.6275,-3.6371,-3.6275,-13.0027,0.5567,0.8453,0,3
piano_felt,35,B1,0.4270,corpus,felt,Felt,0.1250,3.9899,61.7350,123.4760,0.4926,0.9853,-0.4965,-2.0350,,0.0000,-3.7056,-3.7057,-3.7147,-3.7056,-12.4544,0.5583,0.8553,0,3
piano_felt,35,B1,0.4370,corpus,felt,Felt,0.1250,3.9537,61.7350,123.4760,0.4882,0.9764,-0.4874,-1.9970,,0.0000,-3.7346,-3.7347,-3.7438,-3.7346,-12.2442,0.5589,0.8591,0,3
piano_felt,35,B1,0.4520,corpus,felt,Felt,0.1250,3.9015,61.7350,123.4760,0.4817,0.9635,-0.4745,-1.9429,,0.0000,-3.7761,-3.7759,-3.7850,-3.7761,-11.9384,0.5597,0.8645,0,3
piano_felt,35,B1,0.4620,corpus,felt,Felt,0.1250,3.8680,61.7350,123.4760,0.4776,0.9552,-0.4664,-1.9086,,0.0000,-3.8019,-3.8020,-3.8105,-3.8019,-11.7400,0.5602,0.8679,0,3
piano_felt,35,B1,0.4870,corpus,felt,Felt,0.1250,3.7885,61.7350,123.4760,0.4678,0.9356,-0.4473,-1.8287,,0.0000,-3.8629,-3.8628,-3.8709,-3.8629,-11.2632,0.5615,0.8759,0,3
piano_felt,36,C2,0.0500,regular,felt,Felt,0.1250,8.0000,65.4060,130.8190,1.0465,2.0931,-2.3055,-10.6743,,0.0000,3.1242,3.1244,3.0612,0.0000,-32.5896,0.4694,0.3276,0,3
piano_felt,36,C2,0.0750,regular,felt,Felt,0.1250,7.7715,65.4060,130.8190,1.0166,2.0333,-2.1710,-9.9351,,0.0000,2.5198,2.5197,2.4626,0.0000,-28.9330,0.4768,0.3567,0,3
piano_felt,36,C2,0.1000,regular,felt,Felt,0.1250,6.9389,65.4060,130.8190,0.9077,1.8155,-1.7182,-7.5893,,0.0000,0.6267,0.6268,0.5868,0.0000,-25.9814,0.5023,0.4673,0,3
piano_felt,36,C2,0.1250,regular,felt,Felt,0.1250,6.3549,65.4060,130.8190,0.8313,1.6627,-1.4347,-6.2136,,0.0000,-0.4653,-0.4654,-0.4972,-0.4653,-23.7596,0.5189,0.5475,0,3
piano_felt,36,C2,0.1500,regular,felt,Felt,0.1250,5.9145,65.4060,130.8190,0.7737,1.5475,-1.2389,-5.2980,,0.0000,-1.1852,-1.1852,-1.2114,-1.1852,-21.9802,0.5308,0.6084,0,3
piano_felt,36,C2,0.1750,regular,felt,Felt,0.1250,5.5660,65.4060,130.8190,0.7281,1.4563,-1.0947,-4.6400,,0.0000,-1.6989,-1.6990,-1.7216,-1.6989,-20.4972,0.5396,0.6562,0,3
piano_felt,36,C2,0.2000,regular,felt,Felt,0.1250,5.2808,65.4060,130.8190,0.6908,1.3817,-0.9836,-4.1419,,0.0000,-2.0861,-2.0860,-2.1058,-2.0861,-19.2262,0.5466,0.6950,0,3
piano_felt,36,C2,0.2250,regular,felt,Felt,0.1250,5.0414,65.4060,130.8190,0.6595,1.3190,-0.8952,-3.7503,,0.0000,-2.3892,-2.3892,-2.4070,-2.3892,-18.1147,0.5522,0.7270,0,3
piano_felt,36,C2,0.2500,regular,felt,Felt,0.1250,4.8364,65.4060,130.8190,0.6327,1.2654,-0.8230,-3.4335,,0.0000,-2.6338,-2.6337,-2.6500,-2.6338,-17.1274,0.5568,0.7540,0,3
piano_felt,36,C2,0.2750,regular,felt,Felt,0.1250,4.6582,65.4060,130.8190,0.6093,1.2188,-0.7627,-3.1714,,0.0000,-2.8355,-2.8356,-2.8501,-2.8355,-16.2392,0.5607,0.7771,0,3
piano_felt,36,C2,0.3000,regular,felt,Felt,0.1250,4.5012,65.4060,130.8190,0.5888,1.1777,-0.7116,-2.9506,,0.0000,-3.0055,-3.0053,-3.0193,-3.0055,-15.4325,0.5640,0.7971,0,3
piano_felt,36,C2,0.3250,regular,felt,Felt,0.1250,4.3615,65.4060,130.8190,0.5705,1.1411,-0.6677,-2.7618,,0.0000,-3.1502,-3.1502,-3.1630,-3.1502,-14.6931,0.5668,0.8146,0,3
piano_felt,36,C2,0.3500,regular,felt,Felt,0.1250,4.2360,65.4060,130.8190,0.5541,1.1083,-0.6294,-2.5982,,0.0000,-3.2755,-3.2755,-3.2875,-3.2755,-14.0112,0.5693,0.8301,0,3
piano_felt,36,C2,0.3750,regular,felt,Felt,0.1250,4.1224,65.4060,130.8190,0.5393,1.0786,-0.5958,-2.4550,,0.0000,-3.3850,-3.3850,-3.3965,-3.3850,-13.3783,0.5716,0.8439,0,3
piano_felt,36,C2,0.4000,regular,felt,Felt,0.1250,4.0190,65.4060,130.8190,0.5257,1.0515,-0.5660,-2.3286,,0.0000,-3.4818,-3.4817,-3.4924,-3.4818,-12.7880,0.5735,0.8563,0,3
piano_felt,36,C2,0.4250,regular,felt,Felt,0.1250,3.9241,65.4060,130.8190,0.5133,1.0267,-0.5394,-2.2159,,0.0000,-3.5676,-3.5677,-3.5776,-3.5676,-12.2346,0.5753,0.8675,0,3
piano_felt,36,C2,0.4500,regular,felt,Felt,0.1250,3.8367,65.4060,130.8190,0.5019,1.0038,-0.5154,-2.1149,,0.0000,-3.6449,-3.6448,-3.6546,-3.6449,-11.7143,0.5769,0.8776,0,3
piano_felt,36,C2,0.4750,regular,felt,Felt,0.1250,3.7559,65.4060,130.8190,0.4913,0.9827,-0.4938,-2.0237,,0.0000,-3.7143,-3.7143,-3.7235,-3.7143,-11.2231,0.5783,0.8869,0,3
piano_felt,36,C2,0.5000,regular,felt,Felt,0.1250,3.6808,65.4060,130.8190,0.4815,0.9630,-0.4741,-1.9410,,0.0000,-3.7773,-3.7773,-3.7861,-3.7773,-10.7577,0.5796,0.8954,0,3
piano_felt,36,C2,0.5250,regular,felt,Felt,0.1250,3.6107,65.4060,130.8190,0.4723,0.9447,-0.4561,-1.8655,,0.0000,-3.8346,-3.8348,-3.8431,-3.8346,-10.3158,0.5808,0.9032,0,3
piano_felt,36,C2,0.5500,regular,felt,Felt,0.1250,3.5451,65.4060,130.8190,0.4637,0.9275,-0.4395,-1.7964,,0.0000,-3.8875,-3.8874,-3.8955,-3.8875,-9.8955,0.5819,0.9104,0,3
piano_felt,36,C2,0.5750,regular,felt,Felt,0.1250,3.4836,65.4060,130.8190,0.4557,0.9114,-0.4243,-1.7328,,0.0000,-3.9357,-3.9357,-3.9435,-3.9357,-9.4940,0.5829,0.9171,0,3
piano_felt,36,C2,0.6000,regular,felt,Felt,0.1250,3.4257,65.4060,130.8190,0.4481,0.8963,-0.4102,-1.6741,,0.0000,-3.9803,-3.9804,-3.9880,-3.9816,-9.1104,0.5839,0.9233,0,3
piano_felt,36,C2,0.6250,regular,felt,Felt,0.1250,3.3710,65.4060,130.8190,0.4410,0.8820,-0.3972,-1.6197,,0.0000,-4.0217,-4.0217,-4.0288,-4.1005,-8.7427,0.5848,0.9291,0,3
piano_felt,36,C2,0.6500,regular,felt,Felt,0.1250,3.3193,65.4060,130.8190,0.4342,0.8685,-0.3850,-1.5692,,0.0000,-4.0599,-4.0601,-4.0671,-4.2104,-8.3897,0.5856,0.9345,0,3
piano_felt,36,C2,0.6750,regular,felt,Felt,0.1250,3.2703,65.4060,130.8190,0.4278,0.8556,-0.3737,-1.5221,,0.0000,-4.0959,-4.0959,-4.1026,-4.3129,-8.0508,0.5864,0.9396,0,3
piano_felt,36,C2,0.7000,regular,felt,Felt,0.1250,3.2238,65.4060,130.8190,0.4217,0.8435,-0.3630,-1.4780,,0.0000,-4.1293,-4.1293,-4.1359,-4.4083,-7.7242,0.5871,0.9444,0,3
piano_felt,36,C2,0.7250,regular,felt,Felt,0.1250,3.1796,65.4060,130.8190,0.4159,0.8319,-0.3531,-1.4368,,0.0000,-4.1607,-4.1606,-4.1671,-4.4974,-7.4095,0.5877,0.9489,0,3
piano_felt,36,C2,0.7500,regular,felt,Felt,0.1250,3.1374,65.4060,130.8190,0.4104,0.8209,-0.3437,-1.3981,,0.0000,-4.1899,-4.1899,-4.1962,-4.5808,-7.1056,0.5884,0.9531,0,3
piano_felt,36,C2,0.7750,regular,felt,Felt,0.1250,3.0971,65.4060,130.8190,0.4051,0.8103,-0.3349,-1.3616,,0.0000,-4.2175,-4.2176,-4.2236,-4.6591,-6.8120,0.5890,0.9571,0,3
piano_felt,36,C2,0.8000,regular,felt,Felt,0.1250,3.0586,65.4060,130.8190,0.4001,0.8003,-0.3266,-1.3273,,0.0000,-4.2436,-4.2436,-4.2494,-4.7328,-6.5279,0.5895,0.9609,0,3
piano_felt,36,C2,0.8250,regular,felt,Felt,0.1250,3.0218,65.4060,130.8190,0.3953,0.7906,-0.3187,-1.2948,,0.0000,-4.2682,-4.2682,-4.2740,-4.8025,-6.2529,0.5901,0.9645,0,3
piano_felt,36,C2,0.8500,regular,felt,Felt,0.1250,2.9864,65.4060,130.8190,0.3907,0.7814,-0.3113,-1.2641,,0.0000,-4.2915,-4.2915,-4.2973,-4.8681,-5.9860,0.5906,0.9679,0,3
piano_felt,36,C2,0.8750,regular,felt,Felt,0.1250,2.9525,65.4060,130.8190,0.3862,0.7725,-0.3042,-1.2350,,0.0000,-4.3135,-4.3135,-4.3189,-4.9301,-5.7272,0.5911,0.9712,0,3
piano_felt,36,C2,0.9000,regular,felt,Felt,0.1250,2.9199,65.4060,130.8190,0.3820,0.7640,-0.2975,-1.2073,,0.0000,-4.3345,-4.3345,-4.3399,-4.9893,-5.4759,0.5915,0.9743,0,3
piano_felt,36,C2,0.9250,regular,felt,Felt,0.1250,2.8886,65.4060,130.8190,0.3779,0.7558,-0.2911,-1.1811,,0.0000,-4.3543,-4.3543,-4.3594,-5.0449,-5.2313,0.5920,0.9772,0,3
piano_felt,36,C2,0.9500,regular,felt,Felt,0.1250,2.8584,65.4060,130.8190,0.3739,0.7479,-0.2851,-1.1560,,0.0000,-4.3732,-4.3733,-4.3785,-5.0981,-4.9937,0.5924,0.9801,0,3
piano_felt,36,C2,0.9750,regular,felt,Felt,0.1250,2.8293,65.4060,130.8190,0.3701,0.7403,-0.2793,-1.1322,,0.0000,-4.3914,-4.3913,-4.3966,-5.1487,-4.7623,0.5928,0.9828,0,3
piano_felt,36,C2,1.0000,regular,felt,Felt,0.1250,2.8012,65.4060,130.8190,0.3664,0.7329,-0.2737,-1.1094,,0.0000,-4.4086,-4.4085,-4.4134,-5.1969,-4.5369,0.5931,0.9853,0,3
piano_felt,36,C2,0.2780,corpus,felt,Felt,0.1250,4.6383,65.4060,130.8190,0.6067,1.2136,-0.7562,-3.1430,,0.0000,-2.8574,-2.8575,-2.8720,-2.8574,-16.1383,0.5611,0.7797,0,3
piano_felt,36,C2,0.3030,corpus,felt,Felt,0.1250,4.4836,65.4060,130.8190,0.5865,1.1731,-0.7060,-2.9264,,0.0000,-3.0240,-3.0239,-3.0375,-3.0240,-15.3405,0.5643,0.7993,0,3
piano_felt,36,C2,0.3130,corpus,felt,Felt,0.1250,4.4266,65.4060,130.8190,0.5791,1.1582,-0.6880,-2.8489,,0.0000,-3.0832,-3.0833,-3.0966,-3.0832,-15.0402,0.5655,0.8065,0,3
piano_felt,36,C2,0.3280,corpus,felt,Felt,0.1250,4.3458,65.4060,130.8190,0.5685,1.1370,-0.6628,-2.7409,,0.0000,-3.1661,-3.1662,-3.1787,-3.1661,-14.6084,0.5672,0.8166,0,3
piano_felt,36,C2,0.3380,corpus,felt,Felt,0.1250,4.2946,65.4060,130.8190,0.5618,1.1236,-0.6471,-2.6739,,0.0000,-3.2175,-3.2175,-3.2297,-3.2175,-14.3319,0.5682,0.8229,0,3
piano_felt,36,C2,0.3630,corpus,felt,Felt,0.1250,4.1756,65.4060,130.8190,0.5462,1.0925,-0.6114,-2.5215,,0.0000,-3.3343,-3.3342,-3.3458,-3.3343,-13.6765,0.5705,0.8375,0,3
piano_felt,36,C2,0.4020,corpus,felt,Felt,0.1250,4.0111,65.4060,130.8190,0.5247,1.0494,-0.5638,-2.3191,,0.0000,-3.4890,-3.4890,-3.4995,-3.4890,-12.7424,0.5737,0.8572,0,3
piano_felt,36,C2,0.4270,corpus,felt,Felt,0.1250,3.9169,65.4060,130.8190,0.5124,1.0248,-0.5374,-2.2074,,0.0000,-3.5742,-3.5742,-3.5842,-3.5742,-12.1920,0.5754,0.8683,0,3
piano_felt,36,C2,0.4370,corpus,felt,Felt,0.1250,3.8813,65.4060,130.8190,0.5077,1.0155,-0.5276,-2.1661,,0.0000,-3.6058,-3.6057,-3.6155,-3.6058,-11.9810,0.5761,0.8725,0,3
piano_felt,36,C2,0.4520,corpus,felt,Felt,0.1250,3.8300,65.4060,130.8190,0.5010,1.0021,-0.5136,-2.1073,,0.0000,-3.6506,-3.6506,-3.6599,-3.6506,-11.6740,0.5770,0.8784,0,3
piano_felt,36,C2,0.4620,corpus,felt,Felt,0.1250,3.7972,65.4060,130.8190,0.4967,0.9935,-0.5048,-2.0700,,0.0000,-3.6791,-3.6790,-3.6884,-3.6791,-11.4751,0.5776,0.8822,0,3
piano_felt,36,C2,0.4870,corpus,felt,Felt,0.1250,3.7191,65.4060,130.8190,0.4865,0.9731,-0.4841,-1.9830,,0.0000,-3.7454,-3.7453,-3.7545,-3.7454,-10.9967,0.5789,0.8911,0,3
piano_felt,37,C#2,0.0500,regular,felt,Felt,0.1250,8.0000,69.2960,138.5980,1.1087,2.2176,-2.6003,-12.3779,,0.0000,4.5333,4.5333,4.4556,0.0000,-32.5718,0.4704,0.2791,0,3
piano_felt,37,C#2,0.0750,regular,felt,Felt,0.1250,7.6513,69.2960,138.5980,1.0604,2.1209,-2.3697,-11.0347,,0.0000,3.4207,3.4208,3.3549,0.0000,-28.8193,0.4830,0.3258,0,3
piano_felt,37,C#2,0.1000,regular,felt,Felt,0.1250,6.8285,69.2960,138.5980,0.9464,1.8928,-1.8724,-8.3656,,0.0000,1.2492,1.2490,1.2036,0.0000,-25.8231,0.5115,0.4430,0,3
piano_felt,37,C#2,0.1250,regular,felt,Felt,0.1250,6.2518,69.2960,138.5980,0.8664,1.7330,-1.5617,-6.8220,,0.0000,0.0161,0.0161,-0.0196,0.0000,-23.5743,0.5301,0.5291,0,3
piano_felt,37,C#2,0.1500,regular,felt,Felt,0.1250,5.8169,69.2960,138.5980,0.8062,1.6124,-1.3474,-5.8020,,0.0000,-0.7898,-0.7896,-0.8187,-0.7898,-21.7764,0.5434,0.5951,0,3
piano_felt,37,C#2,0.1750,regular,felt,Felt,0.1250,5.4729,69.2960,138.5980,0.7585,1.5171,-1.1898,-5.0723,,0.0000,-1.3615,-1.3617,-1.3866,-1.3615,-20.2797,0.5533,0.6472,0,3
piano_felt,37,C#2,0.2000,regular,felt,Felt,0.1250,5.1914,69.2960,138.5980,0.7195,1.4390,-1.0685,-4.5216,,0.0000,-1.7909,-1.7911,-1.8128,-1.7909,-18.9986,0.5611,0.6896,0,3
piano_felt,37,C#2,0.2250,regular,felt,Felt,0.1250,4.9551,69.2960,138.5980,0.6867,1.3735,-0.9719,-4.0897,,0.0000,-2.1264,-2.1264,-2.1460,-2.1264,-17.8790,0.5674,0.7248,0,3
piano_felt,37,C#2,0.2500,regular,felt,Felt,0.1250,4.7529,69.2960,138.5980,0.6587,1.3175,-0.8931,-3.7410,,0.0000,-2.3963,-2.3964,-2.4140,-2.3963,-16.8851,0.5725,0.7544,0,3
piano_felt,37,C#2,0.2750,regular,felt,Felt,0.1250,4.5771,69.2960,138.5980,0.6343,1.2687,-0.8274,-3.4528,,0.0000,-2.6188,-2.6188,-2.6351,-2.6188,-15.9916,0.5769,0.7799,0,3
piano_felt,37,C#2,0.3000,regular,felt,Felt,0.1250,4.4222,69.2960,138.5980,0.6129,1.2258,-0.7717,-3.2104,,0.0000,-2.8057,-2.8056,-2.8206,-2.8057,-15.1802,0.5806,0.8020,0,3
piano_felt,37,C#2,0.3250,regular,felt,Felt,0.1250,4.2845,69.2960,138.5980,0.5938,1.1876,-0.7238,-3.0032,,0.0000,-2.9648,-2.9648,-2.9788,-2.9648,-14.4369,0.5838,0.8213,0,3
piano_felt,37,C#2,0.3500,regular,felt,Felt,0.1250,4.1607,69.2960,138.5980,0.5766,1.1533,-0.6822,-2.8240,,0.0000,-3.1023,-3.1024,-3.1154,-3.1023,-13.7515,0.5866,0.8384,0,3
piano_felt,37,C#2,0.3750,regular,felt,Felt,0.1250,4.0487,69.2960,138.5980,0.5611,1.1223,-0.6456,-2.6672,,0.0000,-3.2226,-3.2226,-3.2349,-3.2226,-13.1157,0.5891,0.8537,0,3
piano_felt,37,C#2,0.4000,regular,felt,Felt,0.1250,3.9467,69.2960,138.5980,0.5470,1.0940,-0.6131,-2.5288,,0.0000,-3.3284,-3.3286,-3.3402,-3.3284,-12.5226,0.5913,0.8674,0,3
piano_felt,37,C#2,0.4250,regular,felt,Felt,0.1250,3.8532,69.2960,138.5980,0.5340,1.0681,-0.5842,-2.4056,,0.0000,-3.4227,-3.4228,-3.4340,-3.4227,-11.9672,0.5933,0.8798,0,3
piano_felt,37,C#2,0.4500,regular,felt,Felt,0.1250,3.7671,69.2960,138.5980,0.5221,1.0442,-0.5581,-2.2951,,0.0000,-3.5073,-3.5072,-3.5180,-3.5073,-11.4447,0.5951,0.8911,0,3
piano_felt,37,C#2,0.4750,regular,felt,Felt,0.1250,3.6874,69.2960,138.5980,0.5110,1.0221,-0.5346,-2.1955,,0.0000,-3.5833,-3.5833,-3.5934,-3.5833,-10.9514,0.5967,0.9014,0,3
piano_felt,37,C#2,0.5000,regular,felt,Felt,0.1250,3.6133,69.2960,138.5980,0.5008,1.0016,-0.5131,-2.1052,,0.0000,-3.6522,-3.6522,-3.6616,-3.6522,-10.4845,0.5981,0.9108,0,3
piano_felt,37,C#2,0.5250,regular,felt,Felt,0.1250,3.5443,69.2960,138.5980,0.4912,0.9825,-0.4936,-2.0228,,0.0000,-3.7149,-3.7150,-3.7240,-3.7149,-10.0412,0.5995,0.9194,0,3
piano_felt,37,C#2,0.5500,regular,felt,Felt,0.1250,3.4797,69.2960,138.5980,0.4823,0.9646,-0.4756,-1.9474,,0.0000,-3.7724,-3.7725,-3.7811,-3.7724,-9.6192,0.6007,0.9275,0,3
piano_felt,37,C#2,0.5750,regular,felt,Felt,0.1250,3.4190,69.2960,138.5980,0.4739,0.9477,-0.4590,-1.8780,,0.0000,-3.8253,-3.8253,-3.8337,-3.8253,-9.2164,0.6019,0.9349,0,3
piano_felt,37,C#2,0.6000,regular,felt,Felt,0.1250,3.3620,69.2960,138.5980,0.4659,0.9319,-0.4437,-1.8140,,0.0000,-3.8739,-3.8740,-3.8821,-3.8739,-8.8315,0.6029,0.9418,0,3
piano_felt,37,C#2,0.6250,regular,felt,Felt,0.1250,3.3081,69.2960,138.5980,0.4585,0.9170,-0.4296,-1.7547,,0.0000,-3.9189,-3.9191,-3.9268,-3.9189,-8.4627,0.6039,0.9483,0,3
piano_felt,37,C#2,0.6500,regular,felt,Felt,0.1250,3.2572,69.2960,138.5980,0.4514,0.9029,-0.4163,-1.6996,,0.0000,-3.9610,-3.9610,-3.9685,-3.9610,-8.1089,0.6048,0.9543,0,3
piano_felt,37,C#2,0.6750,regular,felt,Felt,0.1250,3.2090,69.2960,138.5980,0.4447,0.8895,-0.4040,-1.6483,,0.0000,-4.0000,-4.0000,-4.0076,-4.0379,-7.7688,0.6057,0.9600,0,3
piano_felt,37,C#2,0.7000,regular,felt,Felt,0.1250,3.1632,69.2960,138.5980,0.4384,0.8768,-0.3925,-1.6003,,0.0000,-4.0363,-4.0364,-4.0436,-4.1426,-7.4413,0.6065,0.9653,0,3
piano_felt,37,C#2,0.7250,regular,felt,Felt,0.1250,3.1196,69.2960,138.5980,0.4323,0.8647,-0.3817,-1.5554,,0.0000,-4.0705,-4.0706,-4.0775,-4.2404,-7.1257,0.6073,0.9703,0,3
piano_felt,37,C#2,0.7500,regular,felt,Felt,0.1250,3.0780,69.2960,138.5980,0.4266,0.8532,-0.3715,-1.5132,,0.0000,-4.1025,-4.1026,-4.1092,-4.3318,-6.8210,0.6080,0.9750,0,3
piano_felt,37,C#2,0.7750,regular,felt,Felt,0.1250,3.0384,69.2960,138.5980,0.4211,0.8422,-0.3620,-1.4735,,0.0000,-4.1326,-4.1327,-4.1392,-4.4178,-6.5268,0.6086,0.9795,0,3
piano_felt,37,C#2,0.8000,regular,felt,Felt,0.1250,3.0005,69.2960,138.5980,0.4158,0.8317,-0.3529,-1.4361,,0.0000,-4.1611,-4.1610,-4.1674,-4.4987,-6.2420,0.6093,0.9837,0,3
piano_felt,37,C#2,0.8250,regular,felt,Felt,0.1250,2.9642,69.2960,138.5980,0.4108,0.8217,-0.3444,-1.4008,,0.0000,-4.1878,-4.1878,-4.1940,-4.5748,-5.9662,0.6099,0.9877,0,3
piano_felt,37,C#2,0.8500,regular,felt,Felt,0.1250,2.9294,69.2960,138.5980,0.4060,0.8120,-0.3363,-1.3674,,0.0000,-4.2132,-4.2132,-4.2190,-4.6466,-5.6988,0.6104,0.9915,0,3
piano_felt,37,C#2,0.8750,regular,felt,Felt,0.1250,2.8960,69.2960,138.5980,0.4014,0.8028,-0.3287,-1.3357,,0.0000,-4.2372,-4.2372,-4.2432,-4.7147,-5.4394,0.6110,0.9951,0,3
piano_felt,37,C#2,0.9000,regular,felt,Felt,0.1250,2.8639,69.2960,138.5980,0.3969,0.7939,-0.3214,-1.3057,,0.0000,-4.2600,-4.2599,-4.2660,-4.7790,-5.1874,0.6115,0.9986,0,3
piano_felt,37,C#2,0.9250,regular,felt,Felt,0.1250,2.8330,69.2960,138.5980,0.3926,0.7853,-0.3145,-1.2771,,0.0000,-4.2816,-4.2816,-4.2871,-4.8400,-4.9424,0.6120,1.0019,0,3
piano_felt,37,C#2,0.9500,regular,felt,Felt,0.1250,2.8033,69.2960,138.5980,0.3885,0.7771,-0.3079,-1.2499,,0.0000,-4.3021,-4.3022,-4.3077,-4.8981,-4.7041,0.6125,1.0050,0,3
piano_felt,37,C#2,0.9750,regular,felt,Felt,0.1250,2.7747,69.2960,138.5980,0.3845,0.7691,-0.3016,-1.2240,,0.0000,-4.3218,-4.3218,-4.3272,-4.9533,-4.4723,0.6129,1.0080,0,3
piano_felt,37,C#2,1.0000,regular,felt,Felt,0.1250,2.7470,69.2960,138.5980,0.3807,0.7615,-0.2956,-1.1993,,0.0000,-4.3404,-4.3405,-4.3458,-5.0059,-4.2463,0.6133,1.0109,0,3
piano_felt,37,C#2,0.2780,corpus,felt,Felt,0.1250,4.5575,69.2960,138.5980,0.6316,1.2633,-0.8203,-3.4216,,0.0000,-2.6430,-2.6429,-2.6591,-2.6430,-15.8902,0.5774,0.7827,0,3
piano_felt,37,C#2,0.3030,corpus,felt,Felt,0.1250,4.4049,69.2960,138.5980,0.6105,1.2210,-0.7656,-3.1838,,0.0000,-2.8260,-2.8260,-2.8409,-2.8260,-15.0875,0.5810,0.8044,0,3
piano_felt,37,C#2,0.3130,corpus,felt,Felt,0.1250,4.3487,69.2960,138.5980,0.6027,1.2054,-0.7460,-3.0988,,0.0000,-2.8914,-2.8914,-2.9059,-2.8914,-14.7859,0.5823,0.8123,0,3
piano_felt,37,C#2,0.3280,corpus,felt,Felt,0.1250,4.2689,69.2960,138.5980,0.5916,1.1833,-0.7185,-2.9804,,0.0000,-2.9823,-2.9824,-2.9963,-2.9823,-14.3519,0.5842,0.8235,0,3
piano_felt,37,C#2,0.3380,corpus,felt,Felt,0.1250,4.2185,69.2960,138.5980,0.5847,1.1694,-0.7015,-2.9069,,0.0000,-3.0389,-3.0388,-3.0522,-3.0389,-14.0739,0.5853,0.8305,0,3
piano_felt,37,C#2,0.3630,corpus,felt,Felt,0.1250,4.1011,69.2960,138.5980,0.5684,1.1368,-0.6626,-2.7399,,0.0000,-3.1669,-3.1669,-3.1795,-3.1669,-13.4152,0.5879,0.8466,0,3
piano_felt,37,C#2,0.4020,corpus,felt,Felt,0.1250,3.9389,69.2960,138.5980,0.5459,1.0919,-0.6107,-2.5184,,0.0000,-3.3366,-3.3366,-3.3482,-3.3366,-12.4771,0.5915,0.8685,0,3
piano_felt,37,C#2,0.4270,corpus,felt,Felt,0.1250,3.8461,69.2960,138.5980,0.5330,1.0661,-0.5820,-2.3963,,0.0000,-3.4299,-3.4299,-3.4410,-3.4299,-11.9242,0.5934,0.8808,0,3
piano_felt,37,C#2,0.4370,corpus,felt,Felt,0.1250,3.8110,69.2960,138.5980,0.5282,1.0564,-0.5713,-2.3511,,0.0000,-3.4646,-3.4645,-3.4755,-3.4646,-11.7126,0.5941,0.8854,0,3
piano_felt,37,C#2,0.4520,corpus,felt,Felt,0.1250,3.7605,69.2960,138.5980,0.5212,1.0424,-0.5561,-2.2868,,0.0000,-3.5136,-3.5136,-3.5240,-3.5136,-11.4043,0.5952,0.8919,0,3
piano_felt,37,C#2,0.4620,corpus,felt,Felt,0.1250,3.7281,69.2960,138.5980,0.5167,1.0334,-0.5465,-2.2461,,0.0000,-3.5447,-3.5447,-3.5548,-3.5447,-11.2046,0.5958,0.8961,0,3
piano_felt,37,C#2,0.4870,corpus,felt,Felt,0.1250,3.6512,69.2960,138.5980,0.5060,1.0121,-0.5240,-2.1511,,0.0000,-3.6172,-3.6172,-3.6270,-3.6172,-10.7243,0.5974,0.9060,0,3
piano_felt,38,D2,0.0500,regular,felt,Felt,0.1250,8.0000,73.4160,146.8410,1.1747,2.3495,-2.9346,-14.4828,,0.0000,6.3039,6.3037,6.2047,0.0000,-32.5851,0.4697,0.2273,0,3
piano_felt,38,D2,0.0750,regular,felt,Felt,0.1250,7.5329,73.4160,146.8410,1.1061,2.2123,-2.5873,-12.3003,,0.0000,4.4688,4.4686,4.3917,0.0000,-28.7158,0.4888,0.2922,0,3
piano_felt,38,D2,0.1000,regular,felt,Felt,0.1250,6.7199,73.4160,146.8410,0.9867,1.9735,-2.0409,-9.2397,,0.0000,1.9545,1.9545,1.9025,0.0000,-25.6708,0.5206,0.4157,0,3
piano_felt,38,D2,0.1250,regular,felt,Felt,0.1250,6.1502,73.4160,146.8410,0.9030,1.8062,-1.7002,-7.5001,,0.0000,0.5557,0.5556,0.5160,0.0000,-23.3918,0.5414,0.5078,0,3
piano_felt,38,D2,0.1500,regular,felt,Felt,0.1250,5.7208,73.4160,146.8410,0.8400,1.6801,-1.4656,-6.3606,,0.0000,-0.3496,-0.3493,-0.3823,-0.3496,-21.5737,0.5562,0.5790,0,3
piano_felt,38,D2,0.1750,regular,felt,Felt,0.1250,5.3812,73.4160,146.8410,0.7901,1.5804,-1.2932,-5.5495,,0.0000,-0.9879,-0.9880,-1.0157,-0.9879,-20.0622,0.5674,0.6357,0,3
piano_felt,38,D2,0.2000,regular,felt,Felt,0.1250,5.1034,73.4160,146.8410,0.7493,1.4988,-1.1607,-4.9396,,0.0000,-1.4656,-1.4653,-1.4899,-1.4656,-18.7700,0.5761,0.6819,0,3
piano_felt,38,D2,0.2250,regular,felt,Felt,0.1250,4.8702,73.4160,146.8410,0.7151,1.4303,-1.0553,-4.4626,,0.0000,-1.8369,-1.8370,-1.8586,-1.8369,-17.6413,0.5831,0.7204,0,3
piano_felt,38,D2,0.2500,regular,felt,Felt,0.1250,4.6707,73.4160,146.8410,0.6858,1.3717,-0.9693,-4.0781,,0.0000,-2.1354,-2.1355,-2.1549,-2.1354,-16.6404,0.5889,0.7530,0,3
piano_felt,38,D2,0.2750,regular,felt,Felt,0.1250,4.4973,73.4160,146.8410,0.6604,1.3208,-0.8976,-3.7610,,0.0000,-2.3808,-2.3809,-2.3986,-2.3808,-15.7407,0.5938,0.7810,0,3
piano_felt,38,D2,0.3000,regular,felt,Felt,0.1250,4.3446,73.4160,146.8410,0.6379,1.2759,-0.8369,-3.4945,,0.0000,-2.5867,-2.5867,-2.6031,-2.5867,-14.9243,0.5979,0.8054,0,3
piano_felt,38,D2,0.3250,regular,felt,Felt,0.1250,4.2087,73.4160,146.8410,0.6180,1.2360,-0.7847,-3.2671,,0.0000,-2.7619,-2.7619,-2.7773,-2.7619,-14.1769,0.6016,0.8267,0,3
piano_felt,38,D2,0.3500,regular,felt,Felt,0.1250,4.0867,73.4160,146.8410,0.6001,1.2002,-0.7394,-3.0705,,0.0000,-2.9131,-2.9132,-2.9275,-2.9131,-13.4877,0.6047,0.8457,0,3
piano_felt,38,D2,0.3750,regular,felt,Felt,0.1250,3.9763,73.4160,146.8410,0.5838,1.1678,-0.6995,-2.8986,,0.0000,-3.0451,-3.0452,-3.0585,-3.0451,-12.8487,0.6075,0.8626,0,3
piano_felt,38,D2,0.4000,regular,felt,Felt,0.1250,3.8757,73.4160,146.8410,0.5691,1.1382,-0.6642,-2.7471,,0.0000,-3.1613,-3.1614,-3.1741,-3.1613,-12.2528,0.6100,0.8777,0,3
piano_felt,38,D2,0.4250,regular,felt,Felt,0.1250,3.7836,73.4160,146.8410,0.5555,1.1112,-0.6327,-2.6122,,0.0000,-3.2646,-3.2647,-3.2766,-3.2646,-11.6946,0.6122,0.8915,0,3
piano_felt,38,D2,0.4500,regular,felt,Felt,0.1250,3.6987,73.4160,146.8410,0.5431,1.0862,-0.6044,-2.4914,,0.0000,-3.3571,-3.3572,-3.3685,-3.3571,-11.1698,0.6142,0.9040,0,3
piano_felt,38,D2,0.4750,regular,felt,Felt,0.1250,3.6201,73.4160,146.8410,0.5316,1.0632,-0.5787,-2.3826,,0.0000,-3.4405,-3.4404,-3.4515,-3.4405,-10.6747,0.6160,0.9154,0,3
piano_felt,38,D2,0.5000,regular,felt,Felt,0.1250,3.5472,73.4160,146.8410,0.5208,1.0417,-0.5554,-2.2838,,0.0000,-3.5158,-3.5159,-3.5263,-3.5158,-10.2058,0.6177,0.9258,0,3
piano_felt,38,D2,0.5250,regular,felt,Felt,0.1250,3.4791,73.4160,146.8410,0.5108,1.0218,-0.5341,-2.1939,,0.0000,-3.5845,-3.5845,-3.5947,-3.5845,-9.7608,0.6192,0.9355,0,3
piano_felt,38,D2,0.5500,regular,felt,Felt,0.1250,3.4155,73.4160,146.8410,0.5015,1.0031,-0.5146,-2.1115,,0.0000,-3.6479,-3.6474,-3.6582,-3.6479,-9.3372,0.6205,0.9444,0,3
piano_felt,38,D2,0.5750,regular,felt,Felt,0.1250,3.3557,73.4160,146.8410,0.4927,0.9855,-0.4966,-2.0358,,0.0000,-3.7051,-3.7051,-3.7142,-3.7051,-8.9331,0.6218,0.9526,0,3
piano_felt,38,D2,0.6000,regular,felt,Felt,0.1250,3.2995,73.4160,146.8410,0.4845,0.9690,-0.4800,-1.9660,,0.0000,-3.7583,-3.7583,-3.7675,-3.7583,-8.5468,0.6230,0.9603,0,3
piano_felt,38,D2,0.6250,regular,felt,Felt,0.1250,3.2465,73.4160,146.8410,0.4767,0.9534,-0.4646,-1.9013,,0.0000,-3.8076,-3.8076,-3.8163,-3.8076,-8.1768,0.6241,0.9675,0,3
piano_felt,38,D2,0.6500,regular,felt,Felt,0.1250,3.1963,73.4160,146.8410,0.4693,0.9387,-0.4502,-1.8412,,0.0000,-3.8532,-3.8533,-3.8616,-3.8532,-7.8218,0.6252,0.9742,0,3
piano_felt,38,D2,0.6750,regular,felt,Felt,0.1250,3.1488,73.4160,146.8410,0.4623,0.9247,-0.4369,-1.7853,,0.0000,-3.8958,-3.8958,-3.9040,-3.8958,-7.4806,0.6261,0.9805,0,3
piano_felt,38,D2,0.7000,regular,felt,Felt,0.1250,3.1036,73.4160,146.8410,0.4557,0.9115,-0.4243,-1.7330,,0.0000,-3.9357,-3.9356,-3.9434,-3.9357,-7.1523,0.6270,0.9865,0,3
piano_felt,38,D2,0.7250,regular,felt,Felt,0.1250,3.0607,73.4160,146.8410,0.4494,0.8989,-0.4126,-1.6841,,0.0000,-3.9726,-3.9728,-3.9804,-3.9726,-6.8356,0.6279,0.9920,0,3
piano_felt,38,D2,0.7500,regular,felt,Felt,0.1250,3.0198,73.4160,146.8410,0.4434,0.8869,-0.4016,-1.6382,,0.0000,-4.0077,-4.0077,-4.0150,-4.0601,-6.5302,0.6287,0.9973,0,3
piano_felt,38,D2,0.7750,regular,felt,Felt,0.1250,2.9807,73.4160,146.8410,0.4377,0.8754,-0.3912,-1.5950,,0.0000,-4.0404,-4.0405,-4.0476,-4.1543,-6.2349,0.6294,1.0023,0,3
piano_felt,38,D2,0.8000,regular,felt,Felt,0.1250,2.9434,73.4160,146.8410,0.4322,0.8644,-0.3814,-1.5542,,0.0000,-4.0715,-4.0714,-4.0785,-4.2429,-5.9495,0.6301,1.0070,0,3
piano_felt,38,D2,0.8250,regular,felt,Felt,0.1250,2.9077,73.4160,146.8410,0.4269,0.8539,-0.3721,-1.5158,,0.0000,-4.1007,-4.1006,-4.1076,-4.3264,-5.6729,0.6308,1.0114,0,3
piano_felt,38,D2,0.8500,regular,felt,Felt,0.1250,2.8734,73.4160,146.8410,0.4219,0.8439,-0.3634,-1.4794,,0.0000,-4.1283,-4.1282,-4.1347,-4.4051,-5.4048,0.6315,1.0157,0,3
piano_felt,38,D2,0.8750,regular,felt,Felt,0.1250,2.8405,73.4160,146.8410,0.4171,0.8342,-0.3551,-1.4450,,0.0000,-4.1542,-4.1543,-4.1608,-4.4793,-5.1445,0.6321,1.0197,0,3
piano_felt,38,D2,0.9000,regular,felt,Felt,0.1250,2.8089,73.4160,146.8410,0.4124,0.8249,-0.3472,-1.4123,,0.0000,-4.1790,-4.1791,-4.1853,-4.5499,-4.8920,0.6326,1.0235,0,3
piano_felt,38,D2,0.9250,regular,felt,Felt,0.1250,2.7786,73.4160,146.8410,0.4080,0.8160,-0.3397,-1.3812,,0.0000,-4.2027,-4.2027,-4.2089,-4.6168,-4.6466,0.6332,1.0272,0,3
piano_felt,38,D2,0.9500,regular,felt,Felt,0.1250,2.7493,73.4160,146.8410,0.4037,0.8074,-0.3325,-1.3517,,0.0000,-4.2251,-4.2251,-4.2312,-4.6804,-4.4079,0.6337,1.0307,0,3
piano_felt,38,D2,0.9750,regular,felt,Felt,0.1250,2.7211,73.4160,146.8410,0.3995,0.7991,-0.3257,-1.3235,,0.0000,-4.2465,-4.2465,-4.2522,-4.7409,-4.1754,0.6342,1.0341,0,3
piano_felt,38,D2,1.0000,regular,felt,Felt,0.1250,2.6939,73.4160,146.8410,0.3955,0.7911,-0.3192,-1.2966,,0.0000,-4.2669,-4.2669,-4.2727,-4.7985,-3.9490,0.6347,1.0373,0,3
piano_felt,38,D2,0.2780,corpus,felt,Felt,0.1250,4.4780,73.4160,146.8410,0.6575,1.3151,-0.8898,-3.7266,,0.0000,-2.4075,-2.4075,-2.4254,-2.4075,-15.6387,0.5943,0.7841,0,3
piano_felt,38,D2,0.3030,corpus,felt,Felt,0.1250,4.3275,73.4160,146.8410,0.6354,1.2709,-0.8303,-3.4653,,0.0000,-2.6091,-2.6092,-2.6256,-2.6091,-14.8312,0.5984,0.8081,0,3
piano_felt,38,D2,0.3130,corpus,felt,Felt,0.1250,4.2721,73.4160,146.8410,0.6273,1.2546,-0.8088,-3.3719,,0.0000,-2.6812,-2.6812,-2.6971,-2.6812,-14.5278,0.5999,0.8168,0,3
piano_felt,38,D2,0.3280,corpus,felt,Felt,0.1250,4.1934,73.4160,146.8410,0.6157,1.2315,-0.7790,-3.2420,,0.0000,-2.7812,-2.7812,-2.7964,-2.7812,-14.0912,0.6020,0.8291,0,3
piano_felt,38,D2,0.3380,corpus,felt,Felt,0.1250,4.1437,73.4160,146.8410,0.6084,1.2169,-0.7604,-3.1614,,0.0000,-2.8431,-2.8432,-2.8581,-2.8431,-13.8119,0.6032,0.8368,0,3
piano_felt,38,D2,0.3630,corpus,felt,Felt,0.1250,4.0280,73.4160,146.8410,0.5914,1.1829,-0.7180,-2.9783,,0.0000,-2.9840,-2.9840,-2.9979,-2.9840,-13.1497,0.6062,0.8547,0,3
piano_felt,38,D2,0.4020,corpus,felt,Felt,0.1250,3.8681,73.4160,146.8410,0.5680,1.1360,-0.6616,-2.7357,,0.0000,-3.1702,-3.1701,-3.1827,-3.1702,-12.2069,0.6101,0.8789,0,3
piano_felt,38,D2,0.4270,corpus,felt,Felt,0.1250,3.7765,73.4160,146.8410,0.5545,1.1091,-0.6303,-2.6021,,0.0000,-3.2726,-3.2725,-3.2847,-3.2726,-11.6516,0.6123,0.8925,0,3
piano_felt,38,D2,0.4370,corpus,felt,Felt,0.1250,3.7420,73.4160,146.8410,0.5494,1.0989,-0.6187,-2.5526,,0.0000,-3.3105,-3.3103,-3.3223,-3.3105,-11.4389,0.6132,0.8976,0,3
piano_felt,38,D2,0.4520,corpus,felt,Felt,0.1250,3.6922,73.4160,146.8410,0.5421,1.0843,-0.6022,-2.4823,,0.0000,-3.3642,-3.3641,-3.3756,-3.3642,-11.1292,0.6143,0.9049,0,3
piano_felt,38,D2,0.4620,corpus,felt,Felt,0.1250,3.6602,73.4160,146.8410,0.5374,1.0749,-0.5917,-2.4378,,0.0000,-3.3984,-3.3982,-3.4096,-3.3984,-10.9288,0.6151,0.9096,0,3
piano_felt,38,D2,0.4870,corpus,felt,Felt,0.1250,3.5845,73.4160,146.8410,0.5263,1.0527,-0.5673,-2.3340,,0.0000,-3.4776,-3.4775,-3.4883,-3.4776,-10.4465,0.6168,0.9205,0,3
piano_felt,39,D#2,0.0500,regular,felt,Felt,0.1250,8.0000,77.7820,155.5730,1.2445,2.4892,-3.3147,-17.1783,,0.0000,8.6194,8.6193,8.4868,0.0000,-32.6358,0.4669,0.1731,0,3
piano_felt,39,D#2,0.0750,regular,felt,Felt,0.1250,7.4162,77.7820,155.5730,1.1537,2.3075,-2.8258,-13.7742,,0.0000,5.7043,5.7042,5.6123,0.0000,-28.6249,0.4940,0.2561,0,3
piano_felt,39,D#2,0.1000,regular,felt,Felt,0.1250,6.6129,77.7820,155.5730,1.0287,2.0576,-2.2250,-10.2293,,0.0000,2.7600,2.7601,2.7005,0.0000,-25.5256,0.5293,0.3852,0,3
piano_felt,39,D#2,0.1250,regular,felt,Felt,0.1250,6.0502,77.7820,155.5730,0.9412,1.8825,-1.8514,-8.2586,,0.0000,1.1628,1.1630,1.1178,0.0000,-23.2136,0.5526,0.4834,0,3
piano_felt,39,D#2,0.1500,regular,felt,Felt,0.1250,5.6263,77.7820,155.5730,0.8752,1.7506,-1.5944,-6.9809,,0.0000,0.1423,0.1423,0.1063,0.0000,-21.3730,0.5692,0.5599,0,3
piano_felt,39,D#2,0.1750,regular,felt,Felt,0.1250,5.2910,77.7820,155.5730,0.8231,1.6463,-1.4059,-6.0772,,0.0000,-0.5729,-0.5729,-0.6037,-0.5729,-19.8456,0.5817,0.6213,0,3
piano_felt,39,D#2,0.2000,regular,felt,Felt,0.1250,5.0169,77.7820,155.5730,0.7804,1.5610,-1.2610,-5.4004,,0.0000,-1.1049,-1.1049,-1.1317,-1.1049,-18.5409,0.5915,0.6717,0,3
piano_felt,39,D#2,0.2250,regular,felt,Felt,0.1250,4.7868,77.7820,155.5730,0.7447,1.4894,-1.1460,-4.8725,,0.0000,-1.5176,-1.5176,-1.5412,-1.5176,-17.4027,0.5994,0.7138,0,3
piano_felt,39,D#2,0.2500,regular,felt,Felt,0.1250,4.5900,77.7820,155.5730,0.7140,1.4282,-1.0521,-4.4481,,0.0000,-1.8482,-1.8482,-1.8697,-1.8482,-16.3938,0.6059,0.7495,0,3
piano_felt,39,D#2,0.2750,regular,felt,Felt,0.1250,4.4189,77.7820,155.5730,0.6874,1.3749,-0.9739,-4.0987,,0.0000,-2.1195,-2.1194,-2.1394,-2.1195,-15.4877,0.6113,0.7803,0,3
piano_felt,39,D#2,0.3000,regular,felt,Felt,0.1250,4.2683,77.7820,155.5730,0.6640,1.3281,-0.9077,-3.8055,,0.0000,-2.3466,-2.3465,-2.3647,-2.3466,-14.6658,0.6160,0.8071,0,3
piano_felt,39,D#2,0.3250,regular,felt,Felt,0.1250,4.1344,77.7820,155.5730,0.6432,1.2864,-0.8509,-3.5556,,0.0000,-2.5393,-2.5395,-2.5560,-2.5393,-13.9135,0.6201,0.8306,0,3
piano_felt,39,D#2,0.3500,regular,felt,Felt,0.1250,4.0140,77.7820,155.5730,0.6244,1.2490,-0.8015,-3.3397,,0.0000,-2.7060,-2.7060,-2.7215,-2.7060,-13.2205,0.6236,0.8515,0,3
piano_felt,39,D#2,0.3750,regular,felt,Felt,0.1250,3.9052,77.7820,155.5730,0.6075,1.2151,-0.7581,-3.1513,,0.0000,-2.8510,-2.8510,-2.8659,-2.8510,-12.5779,0.6267,0.8702,0,3
piano_felt,39,D#2,0.4000,regular,felt,Felt,0.1250,3.8060,77.7820,155.5730,0.5921,1.1842,-0.7196,-2.9852,,0.0000,-2.9788,-2.9787,-2.9924,-2.9788,-11.9789,0.6295,0.8870,0,3
piano_felt,39,D#2,0.4250,regular,felt,Felt,0.1250,3.7152,77.7820,155.5730,0.5779,1.1560,-0.6853,-2.8375,,0.0000,-3.0921,-3.0920,-3.1054,-3.0921,-11.4180,0.6320,0.9022,0,3
piano_felt,39,D#2,0.4500,regular,felt,Felt,0.1250,3.6315,77.7820,155.5730,0.5649,1.1299,-0.6545,-2.7053,,0.0000,-3.1934,-3.1934,-3.2058,-3.1934,-10.8907,0.6342,0.9161,0,3
piano_felt,39,D#2,0.4750,regular,felt,Felt,0.1250,3.5541,77.7820,155.5730,0.5529,1.1058,-0.6266,-2.5862,,0.0000,-3.2848,-3.2846,-3.2968,-3.2848,-10.3933,0.6363,0.9287,0,3
piano_felt,39,D#2,0.5000,regular,felt,Felt,0.1250,3.4822,77.7820,155.5730,0.5417,1.0835,-0.6013,-2.4783,,0.0000,-3.3672,-3.3672,-3.3786,-3.3672,-9.9223,0.6381,0.9403,0,3
piano_felt,39,D#2,0.5250,regular,felt,Felt,0.1250,3.4152,77.7820,155.5730,0.5313,1.0626,-0.5781,-2.3800,,0.0000,-3.4425,-3.4424,-3.4534,-3.4425,-9.4754,0.6398,0.9510,0,3
piano_felt,39,D#2,0.5500,regular,felt,Felt,0.1250,3.3524,77.7820,155.5730,0.5215,1.0431,-0.5569,-2.2900,,0.0000,-3.5113,-3.5111,-3.5218,-3.5113,-9.0502,0.6414,0.9609,0,3
piano_felt,39,D#2,0.5750,regular,felt,Felt,0.1250,3.2936,77.7820,155.5730,0.5124,1.0248,-0.5373,-2.2073,,0.0000,-3.5742,-3.5742,-3.5843,-3.5742,-8.6445,0.6429,0.9701,0,3
piano_felt,39,D#2,0.6000,regular,felt,Felt,0.1250,3.2382,77.7820,155.5730,0.5037,1.0075,-0.5193,-2.1311,,0.0000,-3.6323,-3.6324,-3.6419,-3.6323,-8.2566,0.6442,0.9787,0,3
piano_felt,39,D#2,0.6250,regular,felt,Felt,0.1250,3.1859,77.7820,155.5730,0.4956,0.9913,-0.5025,-2.0606,,0.0000,-3.6861,-3.6862,-3.6955,-3.6861,-7.8853,0.6454,0.9866,0,3
piano_felt,39,D#2,0.6500,regular,felt,Felt,0.1250,3.1365,77.7820,155.5730,0.4879,0.9759,-0.4869,-1.9950,,0.0000,-3.7362,-3.7361,-3.7453,-3.7362,-7.5292,0.6466,0.9941,0,3
piano_felt,39,D#2,0.6750,regular,felt,Felt,0.1250,3.0897,77.7820,155.5730,0.4806,0.9613,-0.4724,-1.9340,,0.0000,-3.7826,-3.7826,-3.7914,-3.7826,-7.1868,0.6477,1.0011,0,3
piano_felt,39,D#2,0.7000,regular,felt,Felt,0.1250,3.0452,77.7820,155.5730,0.4737,0.9475,-0.4588,-1.8771,,0.0000,-3.8261,-3.8260,-3.8344,-3.8261,-6.8573,0.6487,1.0077,0,3
piano_felt,39,D#2,0.7250,regular,felt,Felt,0.1250,3.0030,77.7820,155.5730,0.4672,0.9344,-0.4461,-1.8237,,0.0000,-3.8665,-3.8666,-3.8748,-3.8665,-6.5398,0.6496,1.0139,0,3
piano_felt,39,D#2,0.7500,regular,felt,Felt,0.1250,2.9627,77.7820,155.5730,0.4609,0.9218,-0.4341,-1.7737,,0.0000,-3.9046,-3.9046,-3.9127,-3.9046,-6.2333,0.6505,1.0198,0,3
piano_felt,39,D#2,0.7750,regular,felt,Felt,0.1250,2.9242,77.7820,155.5730,0.4549,0.9099,-0.4228,-1.7267,,0.0000,-3.9404,-3.9404,-3.9483,-3.9404,-5.9371,0.6514,1.0253,0,3
piano_felt,39,D#2,0.8000,regular,felt,Felt,0.1250,2.8874,77.7820,155.5730,0.4492,0.8984,-0.4122,-1.6823,,0.0000,-3.9743,-3.9741,-3.9820,-3.9743,-5.6510,0.6522,1.0306,0,3
piano_felt,39,D#2,0.8250,regular,felt,Felt,0.1250,2.8522,77.7820,155.5730,0.4437,0.8875,-0.4021,-1.6405,,0.0000,-4.0059,-4.0059,-4.0136,-4.0548,-5.3735,0.6529,1.0355,0,3
piano_felt,39,D#2,0.8500,regular,felt,Felt,0.1250,2.8185,77.7820,155.5730,0.4385,0.8770,-0.3926,-1.6009,,0.0000,-4.0361,-4.0360,-4.0434,-4.1412,-5.1047,0.6536,1.0403,0,3
piano_felt,39,D#2,0.8750,regular,felt,Felt,0.1250,2.7861,77.7820,155.5730,0.4334,0.8669,-0.3836,-1.5634,,0.0000,-4.0646,-4.0645,-4.0714,-4.2229,-4.8439,0.6543,1.0448,0,3
piano_felt,39,D#2,0.9000,regular,felt,Felt,0.1250,2.7550,77.7820,155.5730,0.4286,0.8572,-0.3750,-1.5278,,0.0000,-4.0914,-4.0915,-4.0983,-4.3001,-4.5906,0.6550,1.0491,0,3
piano_felt,39,D#2,0.9250,regular,felt,Felt,0.1250,2.7251,77.7820,155.5730,0.4239,0.8479,-0.3669,-1.4940,,0.0000,-4.1172,-4.1171,-4.1241,-4.3734,-4.3445,0.6556,1.0532,0,3
piano_felt,39,D#2,0.9500,regular,felt,Felt,0.1250,2.6963,77.7820,155.5730,0.4195,0.8389,-0.3591,-1.4618,,0.0000,-4.1415,-4.1415,-4.1480,-4.4430,-4.1051,0.6562,1.0571,0,3
piano_felt,39,D#2,0.9750,regular,felt,Felt,0.1250,2.6686,77.7820,155.5730,0.4151,0.8303,-0.3517,-1.4312,,0.0000,-4.1649,-4.1648,-4.1713,-4.5093,-3.8722,0.6567,1.0608,0,3
piano_felt,39,D#2,1.0000,regular,felt,Felt,0.1250,2.6418,77.7820,155.5730,0.4110,0.8220,-0.3447,-1.4020,,0.0000,-4.1870,-4.1870,-4.1933,-4.5721,-3.6451,0.6573,1.0644,0,3
piano_felt,39,D#2,0.2780,corpus,felt,Felt,0.1250,4.3999,77.7820,155.5730,0.6845,1.3690,-0.9654,-4.0609,,0.0000,-2.1487,-2.1488,-2.1684,-2.1487,-15.3849,0.6119,0.7837,0,3
piano_felt,39,D#2,0.3030,corpus,felt,Felt,0.1250,4.2515,77.7820,155.5730,0.6614,1.3228,-0.9005,-3.7734,,0.0000,-2.3711,-2.3713,-2.3889,-2.3711,-14.5719,0.6165,0.8101,0,3
piano_felt,39,D#2,0.3130,corpus,felt,Felt,0.1250,4.1968,77.7820,155.5730,0.6529,1.3058,-0.8771,-3.6708,,0.0000,-2.4507,-2.4506,-2.4682,-2.4507,-14.2668,0.6182,0.8197,0,3
piano_felt,39,D#2,0.3280,corpus,felt,Felt,0.1250,4.1192,77.7820,155.5730,0.6408,1.2817,-0.8446,-3.5280,,0.0000,-2.5608,-2.5608,-2.5776,-2.5608,-13.8275,0.6205,0.8333,0,3
piano_felt,39,D#2,0.3380,corpus,felt,Felt,0.1250,4.0702,77.7820,155.5730,0.6332,1.2664,-0.8244,-3.4395,,0.0000,-2.6291,-2.6290,-2.6453,-2.6291,-13.5466,0.6220,0.8418,0,3
piano_felt,39,D#2,0.3630,corpus,felt,Felt,0.1250,3.9561,77.7820,155.5730,0.6154,1.2309,-0.7782,-3.2387,,0.0000,-2.7839,-2.7838,-2.7990,-2.7839,-12.8807,0.6253,0.8615,0,3
piano_felt,39,D#2,0.4020,corpus,felt,Felt,0.1250,3.7985,77.7820,155.5730,0.5909,1.1819,-0.7167,-2.9727,,0.0000,-2.9883,-2.9883,-3.0018,-2.9883,-11.9327,0.6297,0.8883,0,3
piano_felt,39,D#2,0.4270,corpus,felt,Felt,0.1250,3.7082,77.7820,155.5730,0.5769,1.1538,-0.6827,-2.8264,,0.0000,-3.1006,-3.1006,-3.1138,-3.1006,-11.3746,0.6322,0.9034,0,3
piano_felt,39,D#2,0.4370,corpus,felt,Felt,0.1250,3.6742,77.7820,155.5730,0.5716,1.1432,-0.6701,-2.7723,,0.0000,-3.1420,-3.1421,-3.1548,-3.1420,-11.1609,0.6331,0.9090,0,3
piano_felt,39,D#2,0.4520,corpus,felt,Felt,0.1250,3.6251,77.7820,155.5730,0.5639,1.1279,-0.6521,-2.6953,,0.0000,-3.2011,-3.2011,-3.2137,-3.2011,-10.8498,0.6344,0.9171,0,3
piano_felt,39,D#2,0.4620,corpus,felt,Felt,0.1250,3.5936,77.7820,155.5730,0.5590,1.1181,-0.6408,-2.6466,,0.0000,-3.2383,-3.2384,-3.2506,-3.2383,-10.6483,0.6352,0.9223,0,3
piano_felt,39,D#2,0.4870,corpus,felt,Felt,0.1250,3.5190,77.7820,155.5730,0.5474,1.0949,-0.6141,-2.5331,,0.0000,-3.3252,-3.3253,-3.3369,-3.3252,-10.1639,0.6372,0.9344,0,3
piano_felt,40,E2,0.0500,regular,felt,Felt,0.1250,8.0000,82.4070,164.8260,1.3185,2.6372,-3.7472,-20.8574,,0.0000,11.8655,11.8654,11.6705,0.0000,-32.7308,0.4618,0.1178,0,3
piano_felt,40,E2,0.0750,regular,felt,Felt,0.1250,7.3011,82.4070,164.8260,1.2033,2.4068,-3.0874,-15.5212,,0.0000,7.1893,7.1894,7.0775,0.0000,-28.5491,0.4983,0.2178,0,3
piano_felt,40,E2,0.1000,regular,felt,Felt,0.1250,6.5075,82.4070,164.8260,1.0725,2.1452,-2.4264,-11.3587,,0.0000,3.6882,3.6879,3.6194,0.0000,-25.3894,0.5377,0.3517,0,3
piano_felt,40,E2,0.1250,regular,felt,Felt,0.1250,5.9518,82.4070,164.8260,0.9809,1.9620,-2.0163,-9.1110,,0.0000,1.8503,1.8504,1.7997,0.0000,-23.0413,0.5637,0.4555,0,3
piano_felt,40,E2,0.1500,regular,felt,Felt,0.1250,5.5332,82.4070,164.8260,0.9120,1.8240,-1.7349,-7.6725,,0.0000,0.6933,0.6933,0.6524,0.0000,-21.1761,0.5822,0.5376,0,3
piano_felt,40,E2,0.1750,regular,felt,Felt,0.1250,5.2023,82.4070,164.8260,0.8574,1.7150,-1.5285,-6.6623,,0.0000,-0.1104,-0.1105,-0.1450,-0.1104,-19.6308,0.5962,0.6039,0,3
piano_felt,40,E2,0.2000,regular,felt,Felt,0.1250,4.9318,82.4070,164.8260,0.8128,1.6258,-1.3702,-5.9095,,0.0000,-0.7053,-0.7050,-0.7350,-0.7053,-18.3128,0.6072,0.6586,0,3
piano_felt,40,E2,0.2250,regular,felt,Felt,0.1250,4.7048,82.4070,164.8260,0.7754,1.5509,-1.2445,-5.3243,,0.0000,-1.1645,-1.1645,-1.1908,-1.1645,-17.1639,0.6161,0.7045,0,3
piano_felt,40,E2,0.2500,regular,felt,Felt,0.1250,4.5106,82.4070,164.8260,0.7434,1.4869,-1.1421,-4.8550,,0.0000,-1.5313,-1.5313,-1.5550,-1.5313,-16.1463,0.6234,0.7435,0,3
piano_felt,40,E2,0.2750,regular,felt,Felt,0.1250,4.3419,82.4070,164.8260,0.7156,1.4313,-1.0568,-4.4694,,0.0000,-1.8316,-1.8316,-1.8532,-1.8316,-15.2332,0.6295,0.7773,0,3
piano_felt,40,E2,0.3000,regular,felt,Felt,0.1250,4.1934,82.4070,164.8260,0.6911,1.3824,-0.9846,-4.1464,,0.0000,-2.0825,-2.0825,-2.1023,-2.0825,-14.4052,0.6348,0.8068,0,3
piano_felt,40,E2,0.3250,regular,felt,Felt,0.1250,4.0613,82.4070,164.8260,0.6694,1.3388,-0.9226,-3.8714,,0.0000,-2.2954,-2.2955,-2.3138,-2.2954,-13.6480,0.6393,0.8327,0,3
piano_felt,40,E2,0.3500,regular,felt,Felt,0.1250,3.9426,82.4070,164.8260,0.6498,1.2997,-0.8688,-3.6343,,0.0000,-2.4788,-2.4788,-2.4957,-2.4788,-12.9505,0.6433,0.8558,0,3
piano_felt,40,E2,0.3750,regular,felt,Felt,0.1250,3.8353,82.4070,164.8260,0.6321,1.2643,-0.8215,-3.4274,,0.0000,-2.6384,-2.6384,-2.6545,-2.6384,-12.3040,0.6468,0.8764,0,3
piano_felt,40,E2,0.4000,regular,felt,Felt,0.1250,3.7376,82.4070,164.8260,0.6160,1.2321,-0.7797,-3.2452,,0.0000,-2.7787,-2.7788,-2.7938,-2.7787,-11.7015,0.6499,0.8950,0,3
piano_felt,40,E2,0.4250,regular,felt,Felt,0.1250,3.6480,82.4070,164.8260,0.6012,1.2026,-0.7423,-3.0833,,0.0000,-2.9032,-2.9033,-2.9179,-2.9032,-11.1375,0.6527,0.9118,0,3
piano_felt,40,E2,0.4500,regular,felt,Felt,0.1250,3.5656,82.4070,164.8260,0.5877,1.1754,-0.7088,-2.9385,,0.0000,-3.0145,-3.0145,-3.0282,-3.0145,-10.6076,0.6552,0.9271,0,3
piano_felt,40,E2,0.4750,regular,felt,Felt,0.1250,3.4893,82.4070,164.8260,0.5751,1.1503,-0.6785,-2.8082,,0.0000,-3.1146,-3.1145,-3.1277,-3.1146,-10.1077,0.6575,0.9411,0,3
piano_felt,40,E2,0.5000,regular,felt,Felt,0.1250,3.4184,82.4070,164.8260,0.5634,1.1269,-0.6509,-2.6901,,0.0000,-3.2051,-3.2051,-3.2176,-3.2051,-9.6346,0.6596,0.9540,0,3
piano_felt,40,E2,0.5250,regular,felt,Felt,0.1250,3.3524,82.4070,164.8260,0.5525,1.1051,-0.6257,-2.5826,,0.0000,-3.2874,-3.2874,-3.2992,-3.2874,-9.1856,0.6615,0.9659,0,3
piano_felt,40,E2,0.5500,regular,felt,Felt,0.1250,3.2906,82.4070,164.8260,0.5423,1.0847,-0.6027,-2.4843,,0.0000,-3.3627,-3.3626,-3.3741,-3.3627,-8.7585,0.6633,0.9769,0,3
piano_felt,40,E2,0.5750,regular,felt,Felt,0.1250,3.2326,82.4070,164.8260,0.5328,1.0656,-0.5814,-2.3940,,0.0000,-3.4317,-3.4317,-3.4427,-3.4317,-8.3511,0.6649,0.9871,0,3
piano_felt,40,E2,0.6000,regular,felt,Felt,0.1250,3.1780,82.4070,164.8260,0.5238,1.0476,-0.5618,-2.3108,,0.0000,-3.4952,-3.4953,-3.5058,-3.4952,-7.9618,0.6664,0.9966,0,3
piano_felt,40,E2,0.6250,regular,felt,Felt,0.1250,3.1265,82.4070,164.8260,0.5153,1.0307,-0.5436,-2.2337,,0.0000,-3.5542,-3.5541,-3.5645,-3.5542,-7.5891,0.6678,1.0055,0,3
piano_felt,40,E2,0.6500,regular,felt,Felt,0.1250,3.0779,82.4070,164.8260,0.5073,1.0146,-0.5266,-2.1622,,0.0000,-3.6087,-3.6087,-3.6189,-3.6087,-7.2314,0.6691,1.0138,0,3
piano_felt,40,E2,0.6750,regular,felt,Felt,0.1250,3.0317,82.4070,164.8260,0.4997,0.9994,-0.5109,-2.0957,,0.0000,-3.6593,-3.6594,-3.6689,-3.6593,-6.8878,0.6704,1.0216,0,3
piano_felt,40,E2,0.7000,regular,felt,Felt,0.1250,2.9880,82.4070,164.8260,0.4925,0.9850,-0.4961,-2.0336,,0.0000,-3.7066,-3.7068,-3.7158,-3.7066,-6.5571,0.6715,1.0289,0,3
piano_felt,40,E2,0.7250,regular,felt,Felt,0.1250,2.9463,82.4070,164.8260,0.4856,0.9713,-0.4823,-1.9754,,0.0000,-3.7510,-3.7511,-3.7600,-3.7510,-6.2385,0.6726,1.0358,0,3
piano_felt,40,E2,0.7500,regular,felt,Felt,0.1250,2.9066,82.4070,164.8260,0.4791,0.9582,-0.4693,-1.9209,,0.0000,-3.7926,-3.7926,-3.8011,-3.7926,-5.9311,0.6736,1.0423,0,3
piano_felt,40,E2,0.7750,regular,felt,Felt,0.1250,2.8688,82.4070,164.8260,0.4728,0.9457,-0.4570,-1.8696,,0.0000,-3.8317,-3.8317,-3.8402,-3.8317,-5.6341,0.6745,1.0485,0,3
piano_felt,40,E2,0.8000,regular,felt,Felt,0.1250,2.8326,82.4070,164.8260,0.4668,0.9338,-0.4455,-1.8213,,0.0000,-3.8685,-3.8684,-3.8766,-3.8685,-5.3467,0.6754,1.0544,0,3
piano_felt,40,E2,0.8250,regular,felt,Felt,0.1250,2.7979,82.4070,164.8260,0.4611,0.9223,-0.4346,-1.7757,,0.0000,-3.9031,-3.9031,-3.9111,-3.9031,-5.0685,0.6763,1.0599,0,3
piano_felt,40,E2,0.8500,regular,felt,Felt,0.1250,2.7647,82.4070,164.8260,0.4557,0.9114,-0.4242,-1.7326,,0.0000,-3.9358,-3.9359,-3.9436,-3.9358,-4.7988,0.6771,1.0652,0,3
piano_felt,40,E2,0.8750,regular,felt,Felt,0.1250,2.7328,82.4070,164.8260,0.4504,0.9009,-0.4145,-1.6918,,0.0000,-3.9668,-3.9669,-3.9745,-3.9668,-4.5373,0.6778,1.0702,0,3
piano_felt,40,E2,0.9000,regular,felt,Felt,0.1250,2.7022,82.4070,164.8260,0.4454,0.8908,-0.4052,-1.6531,,0.0000,-3.9963,-3.9963,-4.0038,-4.0271,-4.2833,0.6786,1.0750,0,3
piano_felt,40,E2,0.9250,regular,felt,Felt,0.1250,2.6727,82.4070,164.8260,0.4405,0.8811,-0.3963,-1.6163,,0.0000,-4.0241,-4.0243,-4.0315,-4.1075,-4.0364,0.6793,1.0796,0,3
piano_felt,40,E2,0.9500,regular,felt,Felt,0.1250,2.6444,82.4070,164.8260,0.4358,0.8717,-0.3879,-1.5813,,0.0000,-4.0508,-4.0509,-4.0577,-4.1837,-3.7964,0.6799,1.0839,0,3
piano_felt,40,E2,0.9750,regular,felt,Felt,0.1250,2.6171,82.4070,164.8260,0.4313,0.8627,-0.3799,-1.5480,,0.0000,-4.0762,-4.0762,-4.0834,-4.2563,-3.5628,0.6805,1.0881,0,3
piano_felt,40,E2,1.0000,regular,felt,Felt,0.1250,2.5907,82.4070,164.8260,0.4270,0.8540,-0.3722,-1.5162,,0.0000,-4.1004,-4.1003,-4.1072,-4.3254,-3.3353,0.6811,1.0921,0,3
piano_felt,40,E2,0.2780,corpus,felt,Felt,0.1250,4.3231,82.4070,164.8260,0.7125,1.4251,-1.0475,-4.4277,,0.0000,-1.8643,-1.8641,-1.8857,-1.8643,-15.1298,0.6302,0.7811,0,3
piano_felt,40,E2,0.3030,corpus,felt,Felt,0.1250,4.1767,82.4070,164.8260,0.6884,1.3769,-0.9767,-4.1111,,0.0000,-2.1100,-2.1098,-2.1299,-2.1100,-14.3110,0.6353,0.8100,0,3
piano_felt,40,E2,0.3130,corpus,felt,Felt,0.1250,4.1228,82.4070,164.8260,0.6795,1.3591,-0.9513,-3.9981,,0.0000,-2.1975,-2.1974,-2.2167,-2.1975,-14.0035,0.6372,0.8207,0,3
piano_felt,40,E2,0.3280,corpus,felt,Felt,0.1250,4.0464,82.4070,164.8260,0.6669,1.3339,-0.9158,-3.8411,,0.0000,-2.3190,-2.3189,-2.3371,-2.3190,-13.5614,0.6398,0.8356,0,3
piano_felt,40,E2,0.3380,corpus,felt,Felt,0.1250,3.9980,82.4070,164.8260,0.6589,1.3180,-0.8937,-3.7439,,0.0000,-2.3940,-2.3941,-2.4121,-2.3940,-13.2784,0.6414,0.8450,0,3
piano_felt,40,E2,0.3630,corpus,felt,Felt,0.1250,3.8855,82.4070,164.8260,0.6404,1.2809,-0.8435,-3.5233,,0.0000,-2.5645,-2.5644,-2.5811,-2.5645,-12.6084,0.6452,0.8668,0,3
piano_felt,40,E2,0.4020,corpus,felt,Felt,0.1250,3.7301,82.4070,164.8260,0.6148,1.2296,-0.7765,-3.2315,,0.0000,-2.7893,-2.7893,-2.8047,-2.7893,-11.6551,0.6502,0.8964,0,3
piano_felt,40,E2,0.4270,corpus,felt,Felt,0.1250,3.6412,82.4070,164.8260,0.6001,1.2003,-0.7395,-3.0712,,0.0000,-2.9126,-2.9126,-2.9271,-2.9126,-11.0940,0.6529,0.9131,0,3
piano_felt,40,E2,0.4370,corpus,felt,Felt,0.1250,3.6076,82.4070,164.8260,0.5946,1.1893,-0.7258,-3.0119,,0.0000,-2.9582,-2.9582,-2.9722,-2.9582,-10.8792,0.6540,0.9193,0,3
piano_felt,40,E2,0.4520,corpus,felt,Felt,0.1250,3.5593,82.4070,164.8260,0.5866,1.1733,-0.7062,-2.9276,,0.0000,-3.0228,-3.0229,-3.0363,-3.0228,-10.5664,0.6554,0.9283,0,3
piano_felt,40,E2,0.4620,corpus,felt,Felt,0.1250,3.5282,82.4070,164.8260,0.5815,1.1631,-0.6939,-2.8743,,0.0000,-3.0638,-3.0638,-3.0771,-3.0638,-10.3641,0.6564,0.9340,0,3
piano_felt,40,E2,0.4870,corpus,felt,Felt,0.1250,3.4546,82.4070,164.8260,0.5694,1.1388,-0.6649,-2.7501,,0.0000,-3.1591,-3.1591,-3.1718,-3.1591,-9.8774,0.6586,0.9474,0,3
piano_felt,41,F2,0.0500,regular,felt,Felt,0.1250,8.0000,87.3070,174.6280,1.3969,2.7940,-4.2408,-26.6131,,0.0000,17.1283,17.1272,16.7764,0.0000,-32.8793,0.4540,0.0632,0,3
piano_felt,41,F2,0.0750,regular,felt,Felt,0.1250,7.1878,87.3070,174.6280,1.2551,2.5104,-3.3746,-17.6430,,0.0000,9.0240,9.0241,8.8835,0.0000,-28.4913,0.5016,0.1775,0,3
piano_felt,41,F2,0.1000,regular,felt,Felt,0.1250,6.4037,87.3070,174.6280,1.1182,2.2365,-2.6468,-12.6597,,0.0000,4.7685,4.7686,4.6877,0.0000,-25.2647,0.5455,0.3150,0,3
piano_felt,41,F2,0.1250,regular,felt,Felt,0.1250,5.8550,87.3070,174.6280,1.0224,2.0449,-2.1965,-10.0743,,0.0000,2.6336,2.6335,2.5753,0.0000,-22.8762,0.5745,0.4242,0,3
piano_felt,41,F2,0.1500,regular,felt,Felt,0.1250,5.4417,87.3070,174.6280,0.9502,1.9005,-1.8880,-8.4461,,0.0000,1.3138,1.3138,1.2677,0.0000,-20.9840,0.5953,0.5117,0,3
piano_felt,41,F2,0.1750,regular,felt,Felt,0.1250,5.1151,87.3070,174.6280,0.8932,1.7865,-1.6622,-7.3128,,0.0000,0.4065,0.4064,0.3681,0.0000,-19.4193,0.6109,0.5830,0,3
piano_felt,41,F2,0.2000,regular,felt,Felt,0.1250,4.8481,87.3070,174.6280,0.8465,1.6932,-1.4891,-6.4730,,0.0000,-0.2603,-0.2603,-0.2932,-0.2603,-18.0863,0.6232,0.6422,0,3
piano_felt,41,F2,0.2250,regular,felt,Felt,0.1250,4.6242,87.3070,174.6280,0.8074,1.6150,-1.3517,-5.8229,,0.0000,-0.7731,-0.7731,-0.8026,-0.7731,-16.9259,0.6332,0.6921,0,3
piano_felt,41,F2,0.2500,regular,felt,Felt,0.1250,4.4326,87.3070,174.6280,0.7740,1.5481,-1.2399,-5.3030,,0.0000,-1.1811,-1.1811,-1.2074,-1.1811,-15.8990,0.6414,0.7348,0,3
piano_felt,41,F2,0.2750,regular,felt,Felt,0.1250,4.2662,87.3070,174.6280,0.7449,1.4900,-1.1468,-4.8768,,0.0000,-1.5143,-1.5143,-1.5383,-1.5143,-14.9781,0.6483,0.7717,0,3
piano_felt,41,F2,0.3000,regular,felt,Felt,0.1250,4.1197,87.3070,174.6280,0.7194,1.4388,-1.0681,-4.5204,,0.0000,-1.7920,-1.7919,-1.8139,-1.7920,-14.1436,0.6542,0.8041,0,3
piano_felt,41,F2,0.3250,regular,felt,Felt,0.1250,3.9895,87.3070,174.6280,0.6966,1.3933,-1.0006,-4.2175,,0.0000,-2.0273,-2.0272,-2.0475,-2.0273,-13.3808,0.6593,0.8326,0,3
piano_felt,41,F2,0.3500,regular,felt,Felt,0.1250,3.8725,87.3070,174.6280,0.6762,1.3525,-0.9419,-3.9566,,0.0000,-2.2296,-2.2295,-2.2484,-2.2296,-12.6785,0.6638,0.8580,0,3
piano_felt,41,F2,0.3750,regular,felt,Felt,0.1250,3.7667,87.3070,174.6280,0.6577,1.3155,-0.8904,-3.7293,,0.0000,-2.4054,-2.4054,-2.4232,-2.4054,-12.0276,0.6677,0.8808,0,3
piano_felt,41,F2,0.4000,regular,felt,Felt,0.1250,3.6704,87.3070,174.6280,0.6409,1.2819,-0.8448,-3.5292,,0.0000,-2.5598,-2.5598,-2.5763,-2.5598,-11.4215,0.6712,0.9013,0,3
piano_felt,41,F2,0.4250,regular,felt,Felt,0.1250,3.5821,87.3070,174.6280,0.6255,1.2511,-0.8042,-3.3517,,0.0000,-2.6967,-2.6967,-2.7125,-2.6967,-10.8543,0.6744,0.9199,0,3
piano_felt,41,F2,0.4500,regular,felt,Felt,0.1250,3.5008,87.3070,174.6280,0.6113,1.2227,-0.7677,-3.1930,,0.0000,-2.8188,-2.8189,-2.8339,-2.8188,-10.3213,0.6772,0.9368,0,3
piano_felt,41,F2,0.4750,regular,felt,Felt,0.1250,3.4256,87.3070,174.6280,0.5982,1.1964,-0.7347,-3.0502,,0.0000,-2.9287,-2.9287,-2.9430,-2.9287,-9.8186,0.6798,0.9524,0,3
piano_felt,41,F2,0.5000,regular,felt,Felt,0.1250,3.3558,87.3070,174.6280,0.5860,1.1720,-0.7047,-2.9209,,0.0000,-3.0279,-3.0280,-3.0413,-3.0279,-9.3431,0.6821,0.9667,0,3
piano_felt,41,F2,0.5250,regular,felt,Felt,0.1250,3.2907,87.3070,174.6280,0.5746,1.1493,-0.6773,-2.8033,,0.0000,-3.1182,-3.1182,-3.1313,-3.1182,-8.8920,0.6843,0.9798,0,3
piano_felt,41,F2,0.5500,regular,felt,Felt,0.1250,3.2298,87.3070,174.6280,0.5640,1.1280,-0.6522,-2.6958,,0.0000,-3.2006,-3.2006,-3.2130,-3.2006,-8.4627,0.6863,0.9920,0,3
piano_felt,41,F2,0.5750,regular,felt,Felt,0.1250,3.1727,87.3070,174.6280,0.5540,1.1081,-0.6291,-2.5971,,0.0000,-3.2762,-3.2762,-3.2883,-3.2762,-8.0536,0.6881,1.0034,0,3
piano_felt,41,F2,0.6000,regular,felt,Felt,0.1250,3.1189,87.3070,174.6280,0.5446,1.0893,-0.6078,-2.5062,,0.0000,-3.3458,-3.3459,-3.3574,-3.3458,-7.6626,0.6898,1.0139,0,3
piano_felt,41,F2,0.6250,regular,felt,Felt,0.1250,3.0682,87.3070,174.6280,0.5358,1.0716,-0.5880,-2.4221,,0.0000,-3.4103,-3.4102,-3.4215,-3.4103,-7.2884,0.6914,1.0238,0,3
piano_felt,41,F2,0.6500,regular,felt,Felt,0.1250,3.0203,87.3070,174.6280,0.5274,1.0549,-0.5696,-2.3440,,0.0000,-3.4699,-3.4699,-3.4805,-3.4699,-6.9293,0.6928,1.0330,0,3
piano_felt,41,F2,0.6750,regular,felt,Felt,0.1250,2.9749,87.3070,174.6280,0.5195,1.0390,-0.5525,-2.2714,,0.0000,-3.5254,-3.5253,-3.5358,-3.5254,-6.5844,0.6942,1.0417,0,3
piano_felt,41,F2,0.7000,regular,felt,Felt,0.1250,2.9318,87.3070,174.6280,0.5119,1.0239,-0.5364,-2.2036,,0.0000,-3.5771,-3.5771,-3.5871,-3.5771,-6.2523,0.6955,1.0499,0,3
piano_felt,41,F2,0.7250,regular,felt,Felt,0.1250,2.8907,87.3070,174.6280,0.5048,1.0096,-0.5214,-2.1402,,0.0000,-3.6254,-3.6255,-3.6351,-3.6254,-5.9324,0.6967,1.0576,0,3
piano_felt,41,F2,0.7500,regular,felt,Felt,0.1250,2.8517,87.3070,174.6280,0.4979,0.9960,-0.5073,-2.0807,,0.0000,-3.6707,-3.6708,-3.6804,-3.6707,-5.6239,0.6978,1.0648,0,3
piano_felt,41,F2,0.7750,regular,felt,Felt,0.1250,2.8144,87.3070,174.6280,0.4914,0.9829,-0.4940,-2.0248,,0.0000,-3.7135,-3.7134,-3.7225,-3.7135,-5.3259,0.6989,1.0717,0,3
piano_felt,41,F2,0.8000,regular,felt,Felt,0.1250,2.7787,87.3070,174.6280,0.4852,0.9705,-0.4815,-1.9722,,0.0000,-3.7536,-3.7535,-3.7625,-3.7536,-5.0376,0.6999,1.0782,0,3
piano_felt,41,F2,0.8250,regular,felt,Felt,0.1250,2.7446,87.3070,174.6280,0.4792,0.9586,-0.4696,-1.9225,,0.0000,-3.7914,-3.7914,-3.8002,-3.7914,-4.7584,0.7008,1.0844,0,3
piano_felt,41,F2,0.8500,regular,felt,Felt,0.1250,2.7119,87.3070,174.6280,0.4735,0.9471,-0.4584,-1.8756,,0.0000,-3.8270,-3.8271,-3.8355,-3.8270,-4.4878,0.7018,1.0903,0,3
piano_felt,41,F2,0.8750,regular,felt,Felt,0.1250,2.6805,87.3070,174.6280,0.4681,0.9362,-0.4478,-1.8311,,0.0000,-3.8610,-3.8609,-3.8694,-3.8610,-4.2257,0.7026,1.0959,0,3
piano_felt,41,F2,0.9000,regular,felt,Felt,0.1250,2.6504,87.3070,174.6280,0.4628,0.9257,-0.4377,-1.7889,,0.0000,-3.8930,-3.8930,-3.9013,-3.8930,-3.9707,0.7034,1.1012,0,3
piano_felt,41,F2,0.9250,regular,felt,Felt,0.1250,2.6214,87.3070,174.6280,0.4577,0.9155,-0.4281,-1.7489,,0.0000,-3.9235,-3.9235,-3.9315,-3.9235,-3.7231,0.7042,1.1063,0,3
piano_felt,41,F2,0.9500,regular,felt,Felt,0.1250,2.5935,87.3070,174.6280,0.4529,0.9058,-0.4190,-1.7108,,0.0000,-3.9524,-3.9524,-3.9601,-3.9524,-3.4824,0.7049,1.1112,0,3
piano_felt,41,F2,0.9750,regular,felt,Felt,0.1250,2.5666,87.3070,174.6280,0.4482,0.8964,-0.4103,-1.6745,,0.0000,-3.9800,-3.9800,-3.9876,-3.9802,-3.2481,0.7056,1.1158,0,3
piano_felt,41,F2,1.0000,regular,felt,Felt,0.1250,2.5406,87.3070,174.6280,0.4436,0.8873,-0.4020,-1.6399,,0.0000,-4.0062,-4.0063,-4.0135,-4.0559,-3.0198,0.7063,1.1203,0,3
piano_felt,41,F2,0.2780,corpus,felt,Felt,0.1250,4.2477,87.3070,174.6280,0.7417,1.4835,-1.1367,-4.8307,,0.0000,-1.5501,-1.5502,-1.5739,-1.5501,-14.8737,0.6490,0.7758,0,3
piano_felt,41,F2,0.3030,corpus,felt,Felt,0.1250,4.1033,87.3070,174.6280,0.7165,1.4331,-1.0595,-4.4815,,0.0000,-1.8222,-1.8222,-1.8439,-1.8222,-14.0486,0.6548,0.8077,0,3
piano_felt,41,F2,0.3130,corpus,felt,Felt,0.1250,4.0502,87.3070,174.6280,0.7072,1.4145,-1.0318,-4.3571,,0.0000,-1.9189,-1.9189,-1.9400,-1.9189,-13.7387,0.6569,0.8193,0,3
piano_felt,41,F2,0.3280,corpus,felt,Felt,0.1250,3.9748,87.3070,174.6280,0.6940,1.3882,-0.9931,-4.1842,,0.0000,-2.0531,-2.0531,-2.0734,-2.0531,-13.2935,0.6599,0.8358,0,3
piano_felt,41,F2,0.3380,corpus,felt,Felt,0.1250,3.9271,87.3070,174.6280,0.6857,1.3716,-0.9691,-4.0772,,0.0000,-2.1361,-2.1361,-2.1556,-2.1361,-13.0086,0.6617,0.8462,0,3
piano_felt,41,F2,0.3630,corpus,felt,Felt,0.1250,3.8162,87.3070,174.6280,0.6664,1.3328,-0.9143,-3.8346,,0.0000,-2.3238,-2.3239,-2.3422,-2.3238,-12.3341,0.6659,0.8701,0,3
piano_felt,41,F2,0.4020,corpus,felt,Felt,0.1250,3.6630,87.3070,174.6280,0.6396,1.2793,-0.8414,-3.5143,,0.0000,-2.5715,-2.5714,-2.5882,-2.5715,-11.3748,0.6715,0.9028,0,3
piano_felt,41,F2,0.4270,corpus,felt,Felt,0.1250,3.5753,87.3070,174.6280,0.6243,1.2487,-0.8011,-3.3384,,0.0000,-2.7070,-2.7070,-2.7227,-2.7070,-10.8104,0.6746,0.9213,0,3
piano_felt,41,F2,0.4370,corpus,felt,Felt,0.1250,3.5423,87.3070,174.6280,0.6185,1.2372,-0.7862,-3.2734,,0.0000,-2.7570,-2.7570,-2.7727,-2.7570,-10.5944,0.6758,0.9282,0,3
piano_felt,41,F2,0.4520,corpus,felt,Felt,0.1250,3.4946,87.3070,174.6280,0.6102,1.2205,-0.7649,-3.1810,,0.0000,-2.8281,-2.8281,-2.8432,-2.8281,-10.2801,0.6774,0.9381,0,3
piano_felt,41,F2,0.4620,corpus,felt,Felt,0.1250,3.4640,87.3070,174.6280,0.6049,1.2098,-0.7514,-3.1226,,0.0000,-2.8731,-2.8730,-2.8877,-2.8731,-10.0765,0.6785,0.9445,0,3
piano_felt,41,F2,0.4870,corpus,felt,Felt,0.1250,3.3915,87.3070,174.6280,0.5922,1.1845,-0.7199,-2.9866,,0.0000,-2.9775,-2.9776,-2.9915,-2.9775,-9.5872,0.6809,0.9594,0,3
piano_felt,42,F#2,0.0500,regular,felt,Felt,0.1250,8.0000,92.4990,185.0140,1.4800,2.9602,-4.8057,-41.8913,,0.0000,31.8293,31.8348,30.1241,0.0000,-33.0913,0.4431,0.0113,0,3
piano_felt,42,F#2,0.0750,regular,felt,Felt,0.1250,7.0761,92.4990,185.0140,1.3091,2.6184,-3.6902,-20.3228,,0.0000,11.3878,11.3880,11.2038,0.0000,-28.4543,0.5038,0.1358,0,3
piano_felt,42,F#2,0.1000,regular,felt,Felt,0.1250,6.3015,92.4990,185.0140,1.1658,2.3317,-2.8882,-14.1787,,0.0000,6.0464,6.0462,5.9503,0.0000,-25.1534,0.5525,0.2754,0,3
piano_felt,42,F#2,0.1250,regular,felt,Felt,0.1250,5.7596,92.4990,185.0140,1.0655,2.1312,-2.3935,-11.1710,,0.0000,3.5332,3.5332,3.4657,0.0000,-22.7205,0.5849,0.3894,0,3
piano_felt,42,F#2,0.1500,regular,felt,Felt,0.1250,5.3516,92.4990,185.0140,0.9900,1.9802,-2.0552,-9.3159,,0.0000,2.0164,2.0165,1.9640,0.0000,-20.7985,0.6081,0.4821,0,3
piano_felt,42,F#2,0.1750,regular,felt,Felt,0.1250,5.0293,92.4990,185.0140,0.9304,1.8610,-1.8079,-8.0388,,0.0000,0.9868,0.9867,0.9433,0.0000,-19.2123,0.6257,0.5585,0,3
piano_felt,42,F#2,0.2000,regular,felt,Felt,0.1250,4.7658,92.4990,185.0140,0.8817,1.7635,-1.6185,-7.0988,,0.0000,0.2360,0.2361,0.1989,0.0000,-17.8631,0.6395,0.6223,0,3
piano_felt,42,F#2,0.2250,regular,felt,Felt,0.1250,4.5449,92.4990,185.0140,0.8408,1.6817,-1.4684,-6.3745,,0.0000,-0.3380,-0.3382,-0.3705,-0.3380,-16.6899,0.6506,0.6764,0,3
piano_felt,42,F#2,0.2500,regular,felt,Felt,0.1250,4.3559,92.4990,185.0140,0.8058,1.6118,-1.3463,-5.7973,,0.0000,-0.7932,-0.7932,-0.8223,-0.7932,-15.6527,0.6598,0.7229,0,3
piano_felt,42,F#2,0.2750,regular,felt,Felt,0.1250,4.1918,92.4990,185.0140,0.7755,1.5511,-1.2447,-5.3254,,0.0000,-1.1636,-1.1636,-1.1903,-1.1636,-14.7233,0.6676,0.7633,0,3
piano_felt,42,F#2,0.3000,regular,felt,Felt,0.1250,4.0474,92.4990,185.0140,0.7488,1.4976,-1.1588,-4.9315,,0.0000,-1.4716,-1.4715,-1.4959,-1.4716,-13.8817,0.6742,0.7987,0,3
piano_felt,42,F#2,0.3250,regular,felt,Felt,0.1250,3.9189,92.4990,185.0140,0.7250,1.4501,-1.0852,-4.5974,,0.0000,-1.7320,-1.7320,-1.7544,-1.7320,-13.1127,0.6800,0.8300,0,3
piano_felt,42,F#2,0.3500,regular,felt,Felt,0.1250,3.8036,92.4990,185.0140,0.7037,1.4074,-1.0212,-4.3100,,0.0000,-1.9555,-1.9555,-1.9764,-1.9555,-12.4051,0.6850,0.8579,0,3
piano_felt,42,F#2,0.3750,regular,felt,Felt,0.1250,3.6993,92.4990,185.0140,0.6844,1.3688,-0.9651,-4.0598,,0.0000,-2.1493,-2.1495,-2.1687,-2.1493,-11.7496,0.6894,0.8830,0,3
piano_felt,42,F#2,0.4000,regular,felt,Felt,0.1250,3.6043,92.4990,185.0140,0.6668,1.3337,-0.9155,-3.8400,,0.0000,-2.3197,-2.3198,-2.3379,-2.3197,-11.1395,0.6934,0.9056,0,3
piano_felt,42,F#2,0.4250,regular,felt,Felt,0.1250,3.5173,92.4990,185.0140,0.6507,1.3015,-0.8712,-3.6451,,0.0000,-2.4704,-2.4704,-2.4876,-2.4704,-10.5687,0.6969,0.9262,0,3
piano_felt,42,F#2,0.4500,regular,felt,Felt,0.1250,3.4373,92.4990,185.0140,0.6359,1.2719,-0.8315,-3.4710,,0.0000,-2.6048,-2.6048,-2.6211,-2.6048,-10.0324,0.7001,0.9449,0,3
piano_felt,42,F#2,0.4750,regular,felt,Felt,0.1250,3.3632,92.4990,185.0140,0.6222,1.2445,-0.7956,-3.3144,,0.0000,-2.7254,-2.7254,-2.7412,-2.7254,-9.5269,0.7030,0.9621,0,3
piano_felt,42,F#2,0.5000,regular,felt,Felt,0.1250,3.2944,92.4990,185.0140,0.6095,1.2190,-0.7630,-3.1728,,0.0000,-2.8343,-2.8344,-2.8493,-2.8343,-9.0487,0.7057,0.9779,0,3
piano_felt,42,F#2,0.5250,regular,felt,Felt,0.1250,3.2302,92.4990,185.0140,0.5976,1.1953,-0.7332,-3.0440,,0.0000,-2.9333,-2.9335,-2.9476,-2.9333,-8.5952,0.7081,0.9925,0,3
piano_felt,42,F#2,0.5500,regular,felt,Felt,0.1250,3.1702,92.4990,185.0140,0.5865,1.1731,-0.7059,-2.9264,,0.0000,-3.0239,-3.0238,-3.0375,-3.0239,-8.1639,0.7103,1.0061,0,3
piano_felt,42,F#2,0.5750,regular,felt,Felt,0.1250,3.1139,92.4990,185.0140,0.5761,1.1522,-0.6808,-2.8184,,0.0000,-3.1068,-3.1067,-3.1197,-3.1068,-7.7528,0.7124,1.0187,0,3
piano_felt,42,F#2,0.6000,regular,felt,Felt,0.1250,3.0610,92.4990,185.0140,0.5663,1.1327,-0.6576,-2.7190,,0.0000,-3.1829,-3.1829,-3.1955,-3.1829,-7.3598,0.7143,1.0304,0,3
piano_felt,42,F#2,0.6250,regular,felt,Felt,0.1250,3.0111,92.4990,185.0140,0.5570,1.1142,-0.6361,-2.6270,,0.0000,-3.2533,-3.2533,-3.2654,-3.2533,-6.9837,0.7160,1.0414,0,3
piano_felt,42,F#2,0.6500,regular,felt,Felt,0.1250,2.9638,92.4990,185.0140,0.5483,1.0967,-0.6161,-2.5418,,0.0000,-3.3185,-3.3186,-3.3302,-3.3185,-6.6230,0.7177,1.0516,0,3
piano_felt,42,F#2,0.6750,regular,felt,Felt,0.1250,2.9191,92.4990,185.0140,0.5400,1.0801,-0.5975,-2.4624,,0.0000,-3.3792,-3.3793,-3.3905,-3.3792,-6.2766,0.7192,1.0613,0,3
piano_felt,42,F#2,0.7000,regular,felt,Felt,0.1250,2.8766,92.4990,185.0140,0.5322,1.0644,-0.5801,-2.3885,,0.0000,-3.4359,-3.4359,-3.4468,-3.4359,-5.9433,0.7207,1.0704,0,3
piano_felt,42,F#2,0.7250,regular,felt,Felt,0.1250,2.8362,92.4990,185.0140,0.5247,1.0495,-0.5638,-2.3193,,0.0000,-3.4888,-3.4888,-3.4993,-3.4888,-5.6223,0.7220,1.0789,0,3
piano_felt,42,F#2,0.7500,regular,felt,Felt,0.1250,2.7978,92.4990,185.0140,0.5176,1.0352,-0.5484,-2.2544,,0.0000,-3.5383,-3.5383,-3.5486,-3.5383,-5.3124,0.7233,1.0870,0,3
piano_felt,42,F#2,0.7750,regular,felt,Felt,0.1250,2.7610,92.4990,185.0140,0.5108,1.0217,-0.5340,-2.1934,,0.0000,-3.5849,-3.5848,-3.5947,-3.5849,-5.0132,0.7245,1.0947,0,3
piano_felt,42,F#2,0.8000,regular,felt,Felt,0.1250,2.7259,92.4990,185.0140,0.5043,1.0087,-0.5204,-2.1360,,0.0000,-3.6288,-3.6286,-3.6385,-3.6288,-4.7239,0.7256,1.1019,0,3
piano_felt,42,F#2,0.8250,regular,felt,Felt,0.1250,2.6923,92.4990,185.0140,0.4981,0.9962,-0.5076,-2.0819,,0.0000,-3.6698,-3.6699,-3.6793,-3.6698,-4.4437,0.7267,1.1088,0,3
piano_felt,42,F#2,0.8500,regular,felt,Felt,0.1250,2.6601,92.4990,185.0140,0.4921,0.9843,-0.4954,-2.0307,,0.0000,-3.7089,-3.7089,-3.7181,-3.7089,-4.1721,0.7277,1.1154,0,3
piano_felt,42,F#2,0.8750,regular,felt,Felt,0.1250,2.6292,92.4990,185.0140,0.4864,0.9729,-0.4839,-1.9823,,0.0000,-3.7458,-3.7458,-3.7546,-3.7458,-3.9089,0.7287,1.1216,0,3
piano_felt,42,F#2,0.9000,regular,felt,Felt,0.1250,2.5996,92.4990,185.0140,0.4809,0.9619,-0.4729,-1.9364,,0.0000,-3.7809,-3.7808,-3.7897,-3.7809,-3.6533,0.7296,1.1276,0,3
piano_felt,42,F#2,0.9250,regular,felt,Felt,0.1250,2.5710,92.4990,185.0140,0.4756,0.9513,-0.4625,-1.8928,,0.0000,-3.8140,-3.8140,-3.8226,-3.8140,-3.4049,0.7305,1.1332,0,3
piano_felt,42,F#2,0.9500,regular,felt,Felt,0.1250,2.5435,92.4990,185.0140,0.4705,0.9412,-0.4526,-1.8513,,0.0000,-3.8457,-3.8456,-3.8539,-3.8457,-3.1634,0.7313,1.1386,0,3
piano_felt,42,F#2,0.9750,regular,felt,Felt,0.1250,2.5171,92.4990,185.0140,0.4656,0.9314,-0.4432,-1.8118,,0.0000,-3.8756,-3.8756,-3.8839,-3.8756,-2.9283,0.7321,1.1438,0,3
piano_felt,42,F#2,1.0000,regular,felt,Felt,0.1250,2.4915,92.4990,185.0140,0.4609,0.9219,-0.4342,-1.7741,,0.0000,-3.9044,-3.9043,-3.9124,-3.9044,-2.6995,0.7329,1.1488,0,3
piano_felt,42,F#2,0.2780,corpus,felt,Felt,0.1250,4.1735,92.4990,185.0140,0.7721,1.5443,-1.2337,-5.2744,,0.0000,-1.2035,-1.2035,-1.2295,-1.2035,-14.6180,0.6684,0.7678,0,3
piano_felt,42,F#2,0.3030,corpus,felt,Felt,0.1250,4.0312,92.4990,185.0140,0.7458,1.4916,-1.1494,-4.8886,,0.0000,-1.5051,-1.5051,-1.5291,-1.5051,-13.7857,0.6750,0.8027,0,3
piano_felt,42,F#2,0.3130,corpus,felt,Felt,0.1250,3.9788,92.4990,185.0140,0.7361,1.4723,-1.1192,-4.7513,,0.0000,-1.6120,-1.6122,-1.6351,-1.6120,-13.4734,0.6773,0.8154,0,3
piano_felt,42,F#2,0.3280,corpus,felt,Felt,0.1250,3.9044,92.4990,185.0140,0.7223,1.4447,-1.0770,-4.5607,,0.0000,-1.7606,-1.7606,-1.7826,-1.7606,-13.0248,0.6806,0.8335,0,3
piano_felt,42,F#2,0.3380,corpus,felt,Felt,0.1250,3.8575,92.4990,185.0140,0.7136,1.4274,-1.0508,-4.4428,,0.0000,-1.8523,-1.8523,-1.8740,-1.8523,-12.7377,0.6826,0.8449,0,3
piano_felt,42,F#2,0.3630,corpus,felt,Felt,0.1250,3.7481,92.4990,185.0140,0.6934,1.3869,-0.9912,-4.1757,,0.0000,-2.0597,-2.0597,-2.0799,-2.0597,-12.0583,0.6874,0.8713,0,3
piano_felt,42,F#2,0.4020,corpus,felt,Felt,0.1250,3.5971,92.4990,185.0140,0.6655,1.3310,-0.9118,-3.8235,,0.0000,-2.3326,-2.3325,-2.3508,-2.3326,-11.0925,0.6937,0.9073,0,3
piano_felt,42,F#2,0.4270,corpus,felt,Felt,0.1250,3.5107,92.4990,185.0140,0.6495,1.2991,-0.8679,-3.6304,,0.0000,-2.4816,-2.4817,-2.4988,-2.4816,-10.5245,0.6972,0.9277,0,3
piano_felt,42,F#2,0.4370,corpus,felt,Felt,0.1250,3.4781,92.4990,185.0140,0.6434,1.2870,-0.8516,-3.5591,,0.0000,-2.5368,-2.5368,-2.5536,-2.5368,-10.3073,0.6985,0.9354,0,3
piano_felt,42,F#2,0.4520,corpus,felt,Felt,0.1250,3.4311,92.4990,185.0140,0.6347,1.2696,-0.8285,-3.4578,,0.0000,-2.6149,-2.6149,-2.6311,-2.6149,-9.9909,0.7004,0.9464,0,3
piano_felt,42,F#2,0.4620,corpus,felt,Felt,0.1250,3.4010,92.4990,185.0140,0.6292,1.2585,-0.8138,-3.3938,,0.0000,-2.6642,-2.6643,-2.6803,-2.6642,-9.7861,0.7015,0.9534,0,3
piano_felt,42,F#2,0.4870,corpus,felt,Felt,0.1250,3.3295,92.4990,185.0140,0.6160,1.2320,-0.7796,-3.2447,,0.0000,-2.7791,-2.7791,-2.7944,-2.7791,-9.2941,0.7043,0.9699,0,3
piano_felt,43,G2,0.0500,regular,felt,Felt,0.1250,8.0000,97.9990,196.0180,1.5680,3.1363,-5.4540,-32.3803,,0.0000,21.6851,21.6846,22.2498,0.0000,-33.3800,0.4286,0.0353,0,3
piano_felt,43,G2,0.0750,regular,felt,Felt,0.1250,6.9661,97.9990,196.0180,1.3653,2.7309,-4.0375,-23.9431,,0.0000,14.6615,14.6606,14.3934,0.0000,-28.4416,0.5045,0.0933,0,3
piano_felt,43,G2,0.1000,regular,felt,Felt,0.1250,6.2009,97.9990,196.0180,1.2154,2.4310,-3.1528,-15.9849,,0.0000,7.5878,7.5877,7.4706,0.0000,-25.0580,0.5586,0.2332,0,3
piano_felt,43,G2,0.1250,regular,felt,Felt,0.1250,5.6657,97.9990,196.0180,1.1105,2.2212,-2.6088,-12.4310,,0.0000,4.5777,4.5778,4.4995,0.0000,-22.5760,0.5947,0.3511,0,3
piano_felt,43,G2,0.1500,regular,felt,Felt,0.1250,5.2630,97.9990,196.0180,1.0315,2.0633,-2.2376,-10.2996,,0.0000,2.8179,2.8177,2.7579,0.0000,-20.6210,0.6207,0.4487,0,3
piano_felt,43,G2,0.1750,regular,felt,Felt,0.1250,4.9449,97.9990,196.0180,0.9692,1.9386,-1.9667,-8.8524,,0.0000,1.6413,1.6415,1.5923,0.0000,-19.0113,0.6403,0.5301,0,3
piano_felt,43,G2,0.2000,regular,felt,Felt,0.1250,4.6849,97.9990,196.0180,0.9182,1.8366,-1.7595,-7.7960,,0.0000,0.7923,0.7923,0.7506,0.0000,-17.6441,0.6558,0.5986,0,3
piano_felt,43,G2,0.2250,regular,felt,Felt,0.1250,4.4669,97.9990,196.0180,0.8755,1.7512,-1.5954,-6.9864,,0.0000,0.1468,0.1468,0.1105,0.0000,-16.4571,0.6683,0.6571,0,3
piano_felt,43,G2,0.2500,regular,felt,Felt,0.1250,4.2806,97.9990,196.0180,0.8390,1.6781,-1.4620,-6.3439,,0.0000,-0.3624,-0.3623,-0.3948,-0.3624,-15.4084,0.6786,0.7076,0,3
piano_felt,43,G2,0.2750,regular,felt,Felt,0.1250,4.1187,97.9990,196.0180,0.8073,1.6147,-1.3511,-5.8201,,0.0000,-0.7752,-0.7752,-0.8047,-0.7752,-14.4697,0.6874,0.7515,0,3
piano_felt,43,G2,0.3000,regular,felt,Felt,0.1250,3.9763,97.9990,196.0180,0.7793,1.5588,-1.2574,-5.3841,,0.0000,-1.1176,-1.1175,-1.1443,-1.1176,-13.6203,0.6948,0.7902,0,3
piano_felt,43,G2,0.3250,regular,felt,Felt,0.1250,3.8496,97.9990,196.0180,0.7545,1.5092,-1.1771,-5.0149,,0.0000,-1.4063,-1.4064,-1.4311,-1.4063,-12.8446,0.7013,0.8245,0,3
piano_felt,43,G2,0.3500,regular,felt,Felt,0.1250,3.7359,97.9990,196.0180,0.7322,1.4646,-1.1074,-4.6978,,0.0000,-1.6537,-1.6538,-1.6766,-1.6537,-12.1312,0.7069,0.8552,0,3
piano_felt,43,G2,0.3750,regular,felt,Felt,0.1250,3.6331,97.9990,196.0180,0.7121,1.4243,-1.0462,-4.4222,,0.0000,-1.8682,-1.8682,-1.8896,-1.8682,-11.4709,0.7119,0.8827,0,3
piano_felt,43,G2,0.4000,regular,felt,Felt,0.1250,3.5395,97.9990,196.0180,0.6937,1.3876,-0.9922,-4.1803,,0.0000,-2.0560,-2.0561,-2.0762,-2.0560,-10.8561,0.7164,0.9077,0,3
piano_felt,43,G2,0.4250,regular,felt,Felt,0.1250,3.4538,97.9990,196.0180,0.6769,1.3540,-0.9440,-3.9660,,0.0000,-2.2222,-2.2222,-2.2409,-2.2222,-10.2815,0.7203,0.9304,0,3
piano_felt,43,G2,0.4500,regular,felt,Felt,0.1250,3.3748,97.9990,196.0180,0.6615,1.3231,-0.9007,-3.7748,,0.0000,-2.3701,-2.3701,-2.3881,-2.3701,-9.7417,0.7239,0.9511,0,3
piano_felt,43,G2,0.4750,regular,felt,Felt,0.1250,3.3018,97.9990,196.0180,0.6472,1.2944,-0.8616,-3.6030,,0.0000,-2.5029,-2.5029,-2.5201,-2.5029,-9.2331,0.7272,0.9701,0,3
piano_felt,43,G2,0.5000,regular,felt,Felt,0.1250,3.2340,97.9990,196.0180,0.6339,1.2679,-0.8261,-3.4477,,0.0000,-2.6228,-2.6227,-2.6390,-2.6228,-8.7520,0.7302,0.9876,0,3
piano_felt,43,G2,0.5250,regular,felt,Felt,0.1250,3.1708,97.9990,196.0180,0.6215,1.2431,-0.7938,-3.3066,,0.0000,-2.7315,-2.7314,-2.7471,-2.7315,-8.2959,0.7329,1.0037,0,3
piano_felt,43,G2,0.5500,regular,felt,Felt,0.1250,3.1117,97.9990,196.0180,0.6099,1.2199,-0.7641,-3.1777,,0.0000,-2.8307,-2.8306,-2.8457,-2.8307,-7.8622,0.7354,1.0187,0,3
piano_felt,43,G2,0.5750,regular,felt,Felt,0.1250,3.0563,97.9990,196.0180,0.5990,1.1982,-0.7368,-3.0596,,0.0000,-2.9215,-2.9215,-2.9359,-2.9215,-7.4487,0.7377,1.0327,0,3
piano_felt,43,G2,0.6000,regular,felt,Felt,0.1250,3.0041,97.9990,196.0180,0.5888,1.1777,-0.7116,-2.9508,,0.0000,-3.0050,-3.0050,-3.0189,-3.0050,-7.0537,0.7399,1.0457,0,3
piano_felt,43,G2,0.6250,regular,felt,Felt,0.1250,2.9549,97.9990,196.0180,0.5792,1.1584,-0.6882,-2.8503,,0.0000,-3.0824,-3.0822,-3.0956,-3.0824,-6.6760,0.7419,1.0579,0,3
piano_felt,43,G2,0.6500,regular,felt,Felt,0.1250,2.9084,97.9990,196.0180,0.5700,1.1402,-0.6665,-2.7571,,0.0000,-3.1537,-3.1537,-3.1665,-3.1537,-6.3134,0.7437,1.0693,0,3
piano_felt,43,G2,0.6750,regular,felt,Felt,0.1250,2.8644,97.9990,196.0180,0.5614,1.1229,-0.6463,-2.6704,,0.0000,-3.2201,-3.2201,-3.2325,-3.2201,-5.9654,0.7455,1.0800,0,3
piano_felt,43,G2,0.7000,regular,felt,Felt,0.1250,2.8225,97.9990,196.0180,0.5532,1.1065,-0.6273,-2.5896,,0.0000,-3.2821,-3.2820,-3.2940,-3.2821,-5.6307,0.7471,1.0901,0,3
piano_felt,43,G2,0.7250,regular,felt,Felt,0.1250,2.7828,97.9990,196.0180,0.5454,1.0909,-0.6096,-2.5140,,0.0000,-3.3398,-3.3398,-3.3513,-3.3398,-5.3080,0.7486,1.0996,0,3
piano_felt,43,G2,0.7500,regular,felt,Felt,0.1250,2.7449,97.9990,196.0180,0.5380,1.0761,-0.5930,-2.4432,,0.0000,-3.3939,-3.3940,-3.4051,-3.3939,-4.9969,0.7501,1.1086,0,3
piano_felt,43,G2,0.7750,regular,felt,Felt,0.1250,2.7087,97.9990,196.0180,0.5309,1.0619,-0.5773,-2.3767,,0.0000,-3.4449,-3.4449,-3.4559,-3.4449,-4.6965,0.7514,1.1172,0,3
piano_felt,43,G2,0.8000,regular,felt,Felt,0.1250,2.6741,97.9990,196.0180,0.5241,1.0484,-0.5625,-2.3141,,0.0000,-3.4927,-3.4927,-3.5032,-3.4927,-4.4060,0.7527,1.1252,0,3
piano_felt,43,G2,0.8250,regular,felt,Felt,0.1250,2.6411,97.9990,196.0180,0.5176,1.0354,-0.5486,-2.2550,,0.0000,-3.5378,-3.5378,-3.5482,-3.5378,-4.1248,0.7539,1.1329,0,3
piano_felt,43,G2,0.8500,regular,felt,Felt,0.1250,2.6094,97.9990,196.0180,0.5114,1.0230,-0.5354,-2.1993,,0.0000,-3.5804,-3.5804,-3.5904,-3.5804,-3.8522,0.7550,1.1402,0,3
piano_felt,43,G2,0.8750,regular,felt,Felt,0.1250,2.5790,97.9990,196.0180,0.5055,1.0110,-0.5229,-2.1465,,0.0000,-3.6207,-3.6206,-3.6306,-3.6207,-3.5880,0.7561,1.1472,0,3
piano_felt,43,G2,0.9000,regular,felt,Felt,0.1250,2.5497,97.9990,196.0180,0.4997,0.9996,-0.5110,-2.0964,,0.0000,-3.6589,-3.6588,-3.6684,-3.6589,-3.3314,0.7572,1.1538,0,3
piano_felt,43,G2,0.9250,regular,felt,Felt,0.1250,2.5216,97.9990,196.0180,0.4942,0.9886,-0.4997,-2.0489,,0.0000,-3.6950,-3.6951,-3.7043,-3.6950,-3.0821,0.7582,1.1601,0,3
piano_felt,43,G2,0.9500,regular,felt,Felt,0.1250,2.4946,97.9990,196.0180,0.4889,0.9780,-0.4890,-2.0037,,0.0000,-3.7296,-3.7295,-3.7386,-3.7296,-2.8398,0.7591,1.1662,0,3
piano_felt,43,G2,0.9750,regular,felt,Felt,0.1250,2.4685,97.9990,196.0180,0.4838,0.9677,-0.4787,-1.9607,,0.0000,-3.7622,-3.7623,-3.7711,-3.7622,-2.6038,0.7600,1.1720,0,3
piano_felt,43,G2,1.0000,regular,felt,Felt,0.1250,2.4434,97.9990,196.0180,0.4789,0.9579,-0.4689,-1.9197,,0.0000,-3.7935,-3.7935,-3.8022,-3.7935,-2.3742,0.7608,1.1775,0,3
piano_felt,43,G2,0.2780,corpus,felt,Felt,0.1250,4.1007,97.9990,196.0180,0.8037,1.6076,-1.3390,-5.7636,,0.0000,-0.8196,-0.8196,-0.8486,-0.8196,-14.3633,0.6883,0.7564,0,3
piano_felt,43,G2,0.3030,corpus,felt,Felt,0.1250,3.9603,97.9990,196.0180,0.7762,1.5526,-1.2471,-5.3366,,0.0000,-1.1547,-1.1547,-1.1813,-1.1547,-13.5236,0.6956,0.7945,0,3
piano_felt,43,G2,0.3130,corpus,felt,Felt,0.1250,3.9086,97.9990,196.0180,0.7661,1.5323,-1.2142,-5.1848,,0.0000,-1.2737,-1.2736,-1.2994,-1.2737,-13.2085,0.6983,0.8086,0,3
piano_felt,43,G2,0.3280,corpus,felt,Felt,0.1250,3.8353,97.9990,196.0180,0.7517,1.5036,-1.1682,-4.9743,,0.0000,-1.4381,-1.4381,-1.4627,-1.4381,-12.7559,0.7020,0.8284,0,3
piano_felt,43,G2,0.3380,corpus,felt,Felt,0.1250,3.7890,97.9990,196.0180,0.7426,1.4854,-1.1396,-4.8442,,0.0000,-1.5396,-1.5396,-1.5633,-1.5396,-12.4665,0.7043,0.8409,0,3
piano_felt,43,G2,0.3630,corpus,felt,Felt,0.1250,3.6812,97.9990,196.0180,0.7215,1.4432,-1.0746,-4.5499,,0.0000,-1.7690,-1.7690,-1.7912,-1.7690,-11.7817,0.7096,0.8699,0,3
piano_felt,43,G2,0.4020,corpus,felt,Felt,0.1250,3.5324,97.9990,196.0180,0.6923,1.3848,-0.9881,-4.1622,,0.0000,-2.0700,-2.0701,-2.0899,-2.0700,-10.8087,0.7167,0.9096,0,3
piano_felt,43,G2,0.4270,corpus,felt,Felt,0.1250,3.4472,97.9990,196.0180,0.6756,1.3514,-0.9403,-3.9499,,0.0000,-2.2347,-2.2346,-2.2535,-2.2347,-10.2371,0.7206,0.9321,0,3
piano_felt,43,G2,0.4370,corpus,felt,Felt,0.1250,3.4151,97.9990,196.0180,0.6693,1.3388,-0.9226,-3.8716,,0.0000,-2.2954,-2.2953,-2.3139,-2.2954,-10.0184,0.7221,0.9405,0,3
piano_felt,43,G2,0.4520,corpus,felt,Felt,0.1250,3.3688,97.9990,196.0180,0.6603,1.3207,-0.8974,-3.7604,,0.0000,-2.3813,-2.3813,-2.3990,-2.3813,-9.6999,0.7242,0.9526,0,3
piano_felt,43,G2,0.4620,corpus,felt,Felt,0.1250,3.3391,97.9990,196.0180,0.6545,1.3090,-0.8815,-3.6901,,0.0000,-2.4356,-2.4356,-2.4531,-2.4356,-9.4939,0.7255,0.9604,0,3
piano_felt,43,G2,0.4870,corpus,felt,Felt,0.1250,3.2687,97.9990,196.0180,0.6407,1.2814,-0.8442,-3.5266,,0.0000,-2.5618,-2.5619,-2.5783,-2.5618,-8.9988,0.7287,0.9786,0,3
piano_felt,44,G#2,0.0500,regular,felt,Felt,0.1250,8.0000,103.8260,207.6760,1.6612,3.3228,-6.2012,-26.3096,,0.0000,14.8651,14.8654,15.0887,0.0000,-33.7603,0.4102,0.0741,0,3
piano_felt,44,G#2,0.0750,regular,felt,Felt,0.1250,6.8576,103.8260,207.6760,1.4240,2.8483,-4.4202,-29.5832,,0.0000,19.9191,19.9176,19.4407,0.0000,-28.4572,0.5036,0.0508,0,3
piano_felt,44,G#2,0.1000,regular,felt,Felt,0.1250,6.1018,103.8260,207.6760,1.2670,2.5344,-3.4431,-18.1908,,0.0000,9.5032,9.5033,9.3549,0.0000,-24.9814,0.5635,0.1887,0,3
piano_felt,44,G#2,0.1250,regular,felt,Felt,0.1250,5.5734,103.8260,207.6760,1.1573,2.3149,-2.8445,-13.8964,,0.0000,5.8076,5.8076,5.7146,0.0000,-22.4447,0.6038,0.3094,0,3
piano_felt,44,G#2,0.1500,regular,felt,Felt,0.1250,5.1758,103.8260,207.6760,1.0748,2.1498,-2.4369,-11.4203,,0.0000,3.7392,3.7391,3.6701,0.0000,-20.4533,0.6328,0.4114,0,3
piano_felt,44,G#2,0.1750,regular,felt,Felt,0.1250,4.8618,103.8260,207.6760,1.0096,2.0194,-2.1400,-9.7689,,0.0000,2.3847,2.3847,2.3290,0.0000,-18.8175,0.6548,0.4976,0,3
piano_felt,44,G#2,0.2000,regular,felt,Felt,0.1250,4.6053,103.8260,207.6760,0.9563,1.9128,-1.9131,-8.5756,,0.0000,1.4182,1.4183,1.3712,0.0000,-17.4307,0.6721,0.5708,0,3
piano_felt,44,G#2,0.2250,regular,felt,Felt,0.1250,4.3903,103.8260,207.6760,0.9116,1.8235,-1.7337,-7.6673,,0.0000,0.6894,0.6894,0.6484,0.0000,-16.2282,0.6861,0.6338,0,3
piano_felt,44,G#2,0.2500,regular,felt,Felt,0.1250,4.2065,103.8260,207.6760,0.8735,1.7472,-1.5878,-6.9498,,0.0000,0.1177,0.1178,0.0813,0.0000,-15.1673,0.6977,0.6884,0,3
piano_felt,44,G#2,0.2750,regular,felt,Felt,0.1250,4.0468,103.8260,207.6760,0.8403,1.6809,-1.4668,-6.3670,,0.0000,-0.3438,-0.3440,-0.3766,-0.3438,-14.2183,0.7075,0.7361,0,3
piano_felt,44,G#2,0.3000,regular,felt,Felt,0.1250,3.9064,103.8260,207.6760,0.8112,1.6225,-1.3645,-5.8832,,0.0000,-0.7255,-0.7255,-0.7553,-0.7255,-13.3603,0.7159,0.7783,0,3
piano_felt,44,G#2,0.3250,regular,felt,Felt,0.1250,3.7815,103.8260,207.6760,0.7852,1.5706,-1.2769,-5.4745,,0.0000,-1.0466,-1.0466,-1.0738,-1.0466,-12.5774,0.7232,0.8158,0,3
piano_felt,44,G#2,0.3500,regular,felt,Felt,0.1250,3.6694,103.8260,207.6760,0.7620,1.5241,-1.2009,-5.1241,,0.0000,-1.3211,-1.3210,-1.3465,-1.3211,-11.8578,0.7295,0.8494,0,3
piano_felt,44,G#2,0.3750,regular,felt,Felt,0.1250,3.5681,103.8260,207.6760,0.7409,1.4820,-1.1343,-4.8200,,0.0000,-1.5585,-1.5585,-1.5819,-1.5585,-11.1919,0.7351,0.8796,0,3
piano_felt,44,G#2,0.4000,regular,felt,Felt,0.1250,3.4758,103.8260,207.6760,0.7218,1.4437,-1.0754,-4.5534,,0.0000,-1.7661,-1.7662,-1.7882,-1.7661,-10.5723,0.7402,0.9071,0,3
piano_felt,44,G#2,0.4250,regular,felt,Felt,0.1250,3.3913,103.8260,207.6760,0.7042,1.4086,-1.0229,-4.3176,,0.0000,-1.9496,-1.9495,-1.9705,-1.9496,-9.9934,0.7446,0.9320,0,3
piano_felt,44,G#2,0.4500,regular,felt,Felt,0.1250,3.3135,103.8260,207.6760,0.6881,1.3763,-0.9758,-4.1073,,0.0000,-2.1126,-2.1127,-2.1321,-2.1126,-9.4497,0.7487,0.9548,0,3
piano_felt,44,G#2,0.4750,regular,felt,Felt,0.1250,3.2416,103.8260,207.6760,0.6731,1.3464,-0.9332,-3.9186,,0.0000,-2.2589,-2.2589,-2.2777,-2.2589,-8.9376,0.7524,0.9758,0,3
piano_felt,44,G#2,0.5000,regular,felt,Felt,0.1250,3.1748,103.8260,207.6760,0.6593,1.3187,-0.8946,-3.7481,,0.0000,-2.3908,-2.3907,-2.4084,-2.3908,-8.4535,0.7557,0.9952,0,3
piano_felt,44,G#2,0.5250,regular,felt,Felt,0.1250,3.1125,103.8260,207.6760,0.6463,1.2928,-0.8594,-3.5933,,0.0000,-2.5104,-2.5103,-2.5274,-2.5104,-7.9945,0.7588,1.0131,0,3
piano_felt,44,G#2,0.5500,regular,felt,Felt,0.1250,3.0543,103.8260,207.6760,0.6342,1.2686,-0.8271,-3.4521,,0.0000,-2.6192,-2.6193,-2.6357,-2.6192,-7.5581,0.7616,1.0297,0,3
piano_felt,44,G#2,0.5750,regular,felt,Felt,0.1250,2.9997,103.8260,207.6760,0.6229,1.2459,-0.7974,-3.3226,,0.0000,-2.7190,-2.7190,-2.7345,-2.7190,-7.1423,0.7642,1.0451,0,3
piano_felt,44,G#2,0.6000,regular,felt,Felt,0.1250,2.9483,103.8260,207.6760,0.6122,1.2246,-0.7700,-3.2035,,0.0000,-2.8108,-2.8107,-2.8256,-2.8108,-6.7453,0.7666,1.0596,0,3
piano_felt,44,G#2,0.6250,regular,felt,Felt,0.1250,2.8999,103.8260,207.6760,0.6022,1.2045,-0.7446,-3.0935,,0.0000,-2.8954,-2.8954,-2.9098,-2.8954,-6.3653,0.7689,1.0731,0,3
piano_felt,44,G#2,0.6500,regular,felt,Felt,0.1250,2.8541,103.8260,207.6760,0.5927,1.1854,-0.7210,-2.9915,,0.0000,-2.9737,-2.9737,-2.9879,-2.9737,-6.0010,0.7710,1.0857,0,3
piano_felt,44,G#2,0.6750,regular,felt,Felt,0.1250,2.8107,103.8260,207.6760,0.5836,1.1674,-0.6990,-2.8968,,0.0000,-3.0465,-3.0465,-3.0600,-3.0465,-5.6512,0.7729,1.0976,0,3
piano_felt,44,G#2,0.7000,regular,felt,Felt,0.1250,2.7695,103.8260,207.6760,0.5751,1.1503,-0.6785,-2.8085,,0.0000,-3.1143,-3.1142,-3.1272,-3.1143,-5.3148,0.7748,1.1089,0,3
piano_felt,44,G#2,0.7250,regular,felt,Felt,0.1250,2.7303,103.8260,207.6760,0.5670,1.1340,-0.6592,-2.7259,,0.0000,-3.1775,-3.1775,-3.1902,-3.1775,-4.9906,0.7765,1.1195,0,3
piano_felt,44,G#2,0.7500,regular,felt,Felt,0.1250,2.6930,103.8260,207.6760,0.5592,1.1185,-0.6411,-2.6486,,0.0000,-3.2368,-3.2368,-3.2489,-3.2368,-4.6782,0.7781,1.1295,0,3
piano_felt,44,G#2,0.7750,regular,felt,Felt,0.1250,2.6574,103.8260,207.6760,0.5518,1.1037,-0.6241,-2.5760,,0.0000,-3.2925,-3.2924,-3.3044,-3.2925,-4.3764,0.7796,1.1389,0,3
piano_felt,44,G#2,0.8000,regular,felt,Felt,0.1250,2.6233,103.8260,207.6760,0.5447,1.0896,-0.6081,-2.5076,,0.0000,-3.3447,-3.3447,-3.3562,-3.3447,-4.0845,0.7811,1.1479,0,3
piano_felt,44,G#2,0.8250,regular,felt,Felt,0.1250,2.5908,103.8260,207.6760,0.5380,1.0761,-0.5929,-2.4432,,0.0000,-3.3940,-3.3940,-3.4053,-3.3940,-3.8021,0.7824,1.1565,0,3
piano_felt,44,G#2,0.8500,regular,felt,Felt,0.1250,2.5596,103.8260,207.6760,0.5315,1.0631,-0.5786,-2.3824,,0.0000,-3.4405,-3.4405,-3.4515,-3.4405,-3.5284,0.7837,1.1646,0,3
piano_felt,44,G#2,0.8750,regular,felt,Felt,0.1250,2.5296,103.8260,207.6760,0.5253,1.0507,-0.5650,-2.3248,,0.0000,-3.4844,-3.4845,-3.4949,-3.4844,-3.2630,0.7850,1.1724,0,3
piano_felt,44,G#2,0.9000,regular,felt,Felt,0.1250,2.5009,103.8260,207.6760,0.5193,1.0387,-0.5522,-2.2702,,0.0000,-3.5261,-3.5262,-3.5367,-3.5261,-3.0055,0.7861,1.1797,0,3
piano_felt,44,G#2,0.9250,regular,felt,Felt,0.1250,2.4732,103.8260,207.6760,0.5136,1.0273,-0.5399,-2.2184,,0.0000,-3.5657,-3.5657,-3.5759,-3.5657,-2.7552,0.7872,1.1868,0,3
piano_felt,44,G#2,0.9500,regular,felt,Felt,0.1250,2.4466,103.8260,207.6760,0.5080,1.0162,-0.5282,-2.1692,,0.0000,-3.6034,-3.6033,-3.6133,-3.6034,-2.5120,0.7883,1.1936,0,3
piano_felt,44,G#2,0.9750,regular,felt,Felt,0.1250,2.4209,103.8260,207.6760,0.5027,1.0055,-0.5171,-2.1223,,0.0000,-3.6391,-3.6391,-3.6486,-3.6391,-2.2753,0.7893,1.2000,0,3
piano_felt,44,G#2,1.0000,regular,felt,Felt,0.1250,2.3962,103.8260,207.6760,0.4976,0.9953,-0.5065,-2.0776,,0.0000,-3.6730,-3.6731,-3.6827,-3.6730,-2.0447,0.7903,1.2062,0,3
piano_felt,44,G#2,0.2780,corpus,felt,Felt,0.1250,4.0290,103.8260,207.6760,0.8366,1.6735,-1.4536,-6.3043,,0.0000,-0.3935,-0.3935,-0.4255,-0.3935,-14.1110,0.7086,0.7414,0,3
piano_felt,44,G#2,0.3030,corpus,felt,Felt,0.1250,3.8906,103.8260,207.6760,0.8079,1.6160,-1.3533,-5.8306,,0.0000,-0.7669,-0.7669,-0.7962,-0.7669,-13.2626,0.7168,0.7830,0,3
piano_felt,44,G#2,0.3130,corpus,felt,Felt,0.1250,3.8397,103.8260,207.6760,0.7973,1.5948,-1.3173,-5.6625,,0.0000,-0.8992,-0.8991,-0.9277,-0.8992,-12.9448,0.7198,0.7983,0,3
piano_felt,44,G#2,0.3280,corpus,felt,Felt,0.1250,3.7674,103.8260,207.6760,0.7823,1.5648,-1.2672,-5.4296,,0.0000,-1.0819,-1.0818,-1.1089,-1.0819,-12.4880,0.7240,0.8200,0,3
piano_felt,44,G#2,0.3380,corpus,felt,Felt,0.1250,3.7218,103.8260,207.6760,0.7728,1.5458,-1.2361,-5.2858,,0.0000,-1.1945,-1.1945,-1.2205,-1.1945,-12.1960,0.7266,0.8337,0,3
piano_felt,44,G#2,0.3630,corpus,felt,Felt,0.1250,3.6155,103.8260,207.6760,0.7508,1.5017,-1.1652,-4.9608,,0.0000,-1.4486,-1.4486,-1.4729,-1.4486,-11.5052,0.7325,0.8655,0,3
piano_felt,44,G#2,0.4020,corpus,felt,Felt,0.1250,3.4688,103.8260,207.6760,0.7203,1.4408,-1.0709,-4.5335,,0.0000,-1.7817,-1.7817,-1.8037,-1.7817,-10.5247,0.7405,0.9091,0,3
piano_felt,44,G#2,0.4270,corpus,felt,Felt,0.1250,3.3849,103.8260,207.6760,0.7029,1.4059,-1.0189,-4.2999,,0.0000,-1.9631,-1.9633,-1.9838,-1.9631,-9.9486,0.7450,0.9339,0,3
piano_felt,44,G#2,0.4370,corpus,felt,Felt,0.1250,3.3532,103.8260,207.6760,0.6963,1.3928,-0.9996,-4.2137,,0.0000,-2.0302,-2.0301,-2.0505,-2.0302,-9.7283,0.7466,0.9432,0,3
piano_felt,44,G#2,0.4520,corpus,felt,Felt,0.1250,3.3076,103.8260,207.6760,0.6868,1.3738,-0.9722,-4.0915,,0.0000,-2.1249,-2.1249,-2.1444,-2.1249,-9.4077,0.7490,0.9566,0,3
piano_felt,44,G#2,0.4620,corpus,felt,Felt,0.1250,3.2783,103.8260,207.6760,0.6808,1.3617,-0.9548,-4.0143,,0.0000,-2.1848,-2.1848,-2.2038,-2.1848,-9.2003,0.7505,0.9651,0,3
piano_felt,44,G#2,0.4870,corpus,felt,Felt,0.1250,3.2089,103.8260,207.6760,0.6663,1.3328,-0.9142,-3.8347,,0.0000,-2.3238,-2.3238,-2.3422,-2.3238,-8.7019,0.7540,0.9853,0,3
piano_felt,45,A2,0.0500,regular,felt,Felt,0.1250,7.9634,110.0000,220.0280,1.7519,3.5043,-6.9932,-23.9981,,0.0000,11.7614,11.7616,11.8894,0.0000,-34.1780,0.3910,0.1009,0,3
piano_felt,45,A2,0.0750,regular,felt,Felt,0.1250,6.7508,110.0000,220.0280,1.4852,2.9707,-4.8425,-44.6232,,0.0000,34.5307,34.5284,32.2894,0.0000,-28.5055,0.5008,0.0094,0,3
piano_felt,45,A2,0.1000,regular,felt,Felt,0.1250,6.0042,110.0000,220.0280,1.3209,2.6422,-3.7619,-21.0023,,0.0000,11.9957,11.9958,11.7985,0.0000,-24.9262,0.5671,0.1425,0,3
piano_felt,45,A2,0.1250,regular,felt,Felt,0.1250,5.4824,110.0000,220.0280,1.2061,2.4126,-3.1026,-15.6300,,0.0000,7.2830,7.2831,7.1702,0.0000,-22.3286,0.6119,0.2646,0,3
piano_felt,45,A2,0.1500,regular,felt,Felt,0.1250,5.0900,110.0000,220.0280,1.1198,2.2399,-2.6548,-12.7097,,0.0000,4.8108,4.8107,4.7294,0.0000,-20.2972,0.6442,0.3703,0,3
piano_felt,45,A2,0.1750,regular,felt,Felt,0.1250,4.7801,110.0000,220.0280,1.0516,2.1035,-2.3291,-10.8081,,0.0000,3.2348,3.2347,3.1710,0.0000,-18.6327,0.6689,0.4609,0,3
piano_felt,45,A2,0.2000,regular,felt,Felt,0.1250,4.5270,110.0000,220.0280,0.9959,1.9921,-2.0806,-9.4518,,0.0000,2.1269,2.1269,2.0735,0.0000,-17.2245,0.6883,0.5388,0,3
piano_felt,45,A2,0.2250,regular,felt,Felt,0.1250,4.3149,110.0000,220.0280,0.9493,1.8988,-1.8843,-8.4279,,0.0000,1.2994,1.2994,1.2537,0.0000,-16.0050,0.7040,0.6062,0,3
piano_felt,45,A2,0.2500,regular,felt,Felt,0.1250,4.1336,110.0000,220.0280,0.9094,1.8190,-1.7249,-7.6237,,0.0000,0.6546,0.6546,0.6140,0.0000,-14.9305,0.7170,0.6650,0,3
piano_felt,45,A2,0.2750,regular,felt,Felt,0.1250,3.9762,110.0000,220.0280,0.8748,1.7497,-1.5926,-6.9733,,0.0000,0.1364,0.1364,0.1000,0.0000,-13.9704,0.7280,0.7167,0,3
piano_felt,45,A2,0.3000,regular,felt,Felt,0.1250,3.8377,110.0000,220.0280,0.8443,1.6888,-1.4810,-6.4350,,0.0000,-0.2900,-0.2902,-0.3229,-0.2900,-13.1028,0.7375,0.7625,0,3
piano_felt,45,A2,0.3250,regular,felt,Felt,0.1250,3.7146,110.0000,220.0280,0.8172,1.6346,-1.3854,-5.9815,,0.0000,-0.6482,-0.6481,-0.6784,-0.6482,-12.3121,0.7456,0.8034,0,3
piano_felt,45,A2,0.3500,regular,felt,Felt,0.1250,3.6041,110.0000,220.0280,0.7929,1.5860,-1.3025,-5.5935,,0.0000,-0.9533,-0.9532,-0.9814,-0.9533,-11.5855,0.7528,0.8401,0,3
piano_felt,45,A2,0.3750,regular,felt,Felt,0.1250,3.5042,110.0000,220.0280,0.7709,1.5420,-1.2299,-5.2574,,0.0000,-1.2167,-1.2167,-1.2427,-1.2167,-10.9135,0.7591,0.8732,0,3
piano_felt,45,A2,0.4000,regular,felt,Felt,0.1250,3.4133,110.0000,220.0280,0.7509,1.5020,-1.1657,-4.9631,,0.0000,-1.4467,-1.4468,-1.4711,-1.4467,-10.2888,0.7647,0.9033,0,3
piano_felt,45,A2,0.4250,regular,felt,Felt,0.1250,3.3300,110.0000,220.0280,0.7326,1.4654,-1.1085,-4.7032,,0.0000,-1.6494,-1.6495,-1.6724,-1.6494,-9.7050,0.7698,0.9307,0,3
piano_felt,45,A2,0.4500,regular,felt,Felt,0.1250,3.2534,110.0000,220.0280,0.7157,1.4317,-1.0572,-4.4717,,0.0000,-1.8297,-1.8297,-1.8513,-1.8297,-9.1573,0.7743,0.9559,0,3
piano_felt,45,A2,0.4750,regular,felt,Felt,0.1250,3.1825,110.0000,220.0280,0.7001,1.4005,-1.0109,-4.2641,,0.0000,-1.9909,-1.9910,-2.0113,-1.9909,-8.6413,0.7785,0.9790,0,3
piano_felt,45,A2,0.5000,regular,felt,Felt,0.1250,3.1167,110.0000,220.0280,0.6857,1.3715,-0.9689,-4.0768,,0.0000,-2.1361,-2.1363,-2.1557,-2.1361,-8.1537,0.7822,1.0004,0,3
piano_felt,45,A2,0.5250,regular,felt,Felt,0.1250,3.0553,110.0000,220.0280,0.6722,1.3445,-0.9305,-3.9068,,0.0000,-2.2681,-2.2680,-2.2868,-2.2681,-7.6918,0.7857,1.0201,0,3
piano_felt,45,A2,0.5500,regular,felt,Felt,0.1250,2.9980,110.0000,220.0280,0.6596,1.3193,-0.8954,-3.7518,,0.0000,-2.3878,-2.3878,-2.4055,-2.3878,-7.2525,0.7889,1.0385,0,3
piano_felt,45,A2,0.5750,regular,felt,Felt,0.1250,2.9442,110.0000,220.0280,0.6477,1.2956,-0.8631,-3.6099,,0.0000,-2.4975,-2.4975,-2.5148,-2.4975,-6.8341,0.7918,1.0556,0,3
piano_felt,45,A2,0.6000,regular,felt,Felt,0.1250,2.8935,110.0000,220.0280,0.6366,1.2733,-0.8333,-3.4793,,0.0000,-2.5981,-2.5982,-2.6144,-2.5981,-6.4346,0.7945,1.0716,0,3
piano_felt,45,A2,0.6250,regular,felt,Felt,0.1250,2.8458,110.0000,220.0280,0.6261,1.2523,-0.8057,-3.3588,,0.0000,-2.6911,-2.6911,-2.7070,-2.6911,-6.0525,0.7971,1.0866,0,3
piano_felt,45,A2,0.6500,regular,felt,Felt,0.1250,2.8007,110.0000,220.0280,0.6162,1.2325,-0.7801,-3.2472,,0.0000,-2.7770,-2.7771,-2.7923,-2.7770,-5.6860,0.7994,1.1006,0,3
piano_felt,45,A2,0.6750,regular,felt,Felt,0.1250,2.7580,110.0000,220.0280,0.6068,1.2137,-0.7562,-3.1435,,0.0000,-2.8569,-2.8569,-2.8714,-2.8569,-5.3344,0.8016,1.1138,0,3
piano_felt,45,A2,0.7000,regular,felt,Felt,0.1250,2.7174,110.0000,220.0280,0.5978,1.1958,-0.7338,-3.0469,,0.0000,-2.9311,-2.9312,-2.9454,-2.9311,-4.9962,0.8037,1.1263,0,3
piano_felt,45,A2,0.7250,regular,felt,Felt,0.1250,2.6788,110.0000,220.0280,0.5893,1.1788,-0.7129,-2.9567,,0.0000,-3.0004,-3.0005,-3.0143,-3.0004,-4.6704,0.8056,1.1381,0,3
piano_felt,45,A2,0.7500,regular,felt,Felt,0.1250,2.6421,110.0000,220.0280,0.5813,1.1627,-0.6933,-2.8721,,0.0000,-3.0653,-3.0654,-3.0787,-3.0653,-4.3564,0.8075,1.1492,0,3
piano_felt,45,A2,0.7750,regular,felt,Felt,0.1250,2.6070,110.0000,220.0280,0.5735,1.1472,-0.6748,-2.7928,,0.0000,-3.1262,-3.1262,-3.1392,-3.1262,-4.0531,0.8092,1.1597,0,3
piano_felt,45,A2,0.8000,regular,felt,Felt,0.1250,2.5735,110.0000,220.0280,0.5662,1.1325,-0.6574,-2.7182,,0.0000,-3.1833,-3.1834,-3.1959,-3.1833,-3.7598,0.8108,1.1697,0,3
piano_felt,45,A2,0.8250,regular,felt,Felt,0.1250,2.5415,110.0000,220.0280,0.5591,1.1184,-0.6409,-2.6478,,0.0000,-3.2373,-3.2373,-3.2493,-3.2373,-3.4762,0.8123,1.1792,0,3
piano_felt,45,A2,0.8500,regular,felt,Felt,0.1250,2.5107,110.0000,220.0280,0.5524,1.1049,-0.6254,-2.5814,,0.0000,-3.2883,-3.2882,-3.3001,-3.2883,-3.2014,0.8138,1.1883,0,3
piano_felt,45,A2,0.8750,regular,felt,Felt,0.1250,2.4813,110.0000,220.0280,0.5459,1.0919,-0.6107,-2.5186,,0.0000,-3.3362,-3.3363,-3.3478,-3.3362,-2.9348,0.8152,1.1969,0,3
piano_felt,45,A2,0.9000,regular,felt,Felt,0.1250,2.4530,110.0000,220.0280,0.5396,1.0794,-0.5967,-2.4591,,0.0000,-3.3819,-3.3818,-3.3932,-3.3819,-2.6762,0.8165,1.2051,0,3
piano_felt,45,A2,0.9250,regular,felt,Felt,0.1250,2.4257,110.0000,220.0280,0.5337,1.0675,-0.5834,-2.4026,,0.0000,-3.4251,-3.4250,-3.4359,-3.4251,-2.4249,0.8177,1.2130,0,3
piano_felt,45,A2,0.9500,regular,felt,Felt,0.1250,2.3995,110.0000,220.0280,0.5279,1.0559,-0.5707,-2.3489,,0.0000,-3.4661,-3.4661,-3.4770,-3.4661,-2.1806,0.8189,1.2205,0,3
piano_felt,45,A2,0.9750,regular,felt,Felt,0.1250,2.3743,110.0000,220.0280,0.5223,1.0448,-0.5587,-2.2978,,0.0000,-3.5051,-3.5051,-3.5155,-3.5051,-1.9429,0.8201,1.2277,0,3
piano_felt,45,A2,1.0000,regular,felt,Felt,0.1250,2.3499,110.0000,220.0280,0.5170,1.0341,-0.5472,-2.2491,,0.0000,-3.5423,-3.5423,-3.5524,-3.5423,-1.7114,0.8212,1.2346,0,3
piano_felt,45,A2,0.2780,corpus,felt,Felt,0.1250,3.9587,110.0000,220.0280,0.8709,1.7420,-1.5782,-6.9034,,0.0000,0.0809,0.0809,0.0451,0.0000,-13.8617,0.7292,0.7225,0,3
piano_felt,45,A2,0.3030,corpus,felt,Felt,0.1250,3.8222,110.0000,220.0280,0.8409,1.6820,-1.4687,-6.3766,,0.0000,-0.3364,-0.3364,-0.3689,-0.3364,-13.0043,0.7385,0.7676,0,3
piano_felt,45,A2,0.3130,corpus,felt,Felt,0.1250,3.7720,110.0000,220.0280,0.8298,1.6599,-1.4295,-6.1900,,0.0000,-0.4838,-0.4838,-0.5153,-0.4838,-12.6829,0.7418,0.7843,0,3
piano_felt,45,A2,0.3280,corpus,felt,Felt,0.1250,3.7007,110.0000,220.0280,0.8142,1.6285,-1.3748,-5.9317,,0.0000,-0.6873,-0.6873,-0.7172,-0.6873,-12.2217,0.7465,0.8080,0,3
piano_felt,45,A2,0.3380,corpus,felt,Felt,0.1250,3.6557,110.0000,220.0280,0.8043,1.6087,-1.3409,-5.7725,,0.0000,-0.8126,-0.8126,-0.8416,-0.8126,-11.9268,0.7494,0.8230,0,3
piano_felt,45,A2,0.3630,corpus,felt,Felt,0.1250,3.5510,110.0000,220.0280,0.7812,1.5626,-1.2636,-5.4129,,0.0000,-1.0949,-1.0949,-1.1219,-1.0949,-11.2298,0.7561,0.8577,0,3
piano_felt,45,A2,0.4020,corpus,felt,Felt,0.1250,3.4063,110.0000,220.0280,0.7494,1.4990,-1.1609,-4.9412,,0.0000,-1.4638,-1.4639,-1.4881,-1.4638,-10.2405,0.7651,0.9056,0,3
piano_felt,45,A2,0.4270,corpus,felt,Felt,0.1250,3.3236,110.0000,220.0280,0.7312,1.4626,-1.1042,-4.6837,,0.0000,-1.6647,-1.6647,-1.6875,-1.6647,-9.6599,0.7702,0.9328,0,3
piano_felt,45,A2,0.4370,corpus,felt,Felt,0.1250,3.2924,110.0000,220.0280,0.7243,1.4489,-1.0832,-4.5888,,0.0000,-1.7384,-1.7386,-1.7607,-1.7384,-9.4378,0.7720,0.9431,0,3
piano_felt,45,A2,0.4520,corpus,felt,Felt,0.1250,3.2475,110.0000,220.0280,0.7144,1.4291,-1.0533,-4.4543,,0.0000,-1.8433,-1.8433,-1.8647,-1.8433,-9.1149,0.7747,0.9578,0,3
piano_felt,45,A2,0.4620,corpus,felt,Felt,0.1250,3.2187,110.0000,220.0280,0.7081,1.4164,-1.0344,-4.3693,,0.0000,-1.9092,-1.9093,-1.9303,-1.9092,-8.9058,0.7764,0.9672,0,3
piano_felt,45,A2,0.4870,corpus,felt,Felt,0.1250,3.1503,110.0000,220.0280,0.6931,1.3863,-0.9902,-4.1719,,0.0000,-2.0626,-2.0626,-2.0828,-2.0626,-8.4040,0.7803,0.9895,0,3
piano_felt,46,A#2,0.0500,regular,felt,Felt,0.1250,7.8438,116.5410,233.1150,1.8283,3.6570,-7.7137,-23.1767,,0.0000,10.2202,10.2197,10.3046,0.0000,-34.5180,0.3760,0.1159,0,3
piano_felt,46,A#2,0.0750,regular,felt,Felt,0.1250,6.6455,116.5410,233.1150,1.5490,3.0984,-5.3093,-34.9461,,0.0000,24.3934,24.3952,25.1886,0.0000,-28.5919,0.4958,0.0299,0,3
piano_felt,46,A#2,0.1000,regular,felt,Felt,0.1250,5.9081,116.5410,233.1150,1.3771,2.7545,-4.1124,-24.8683,,0.0000,15.5111,15.5112,15.2167,0.0000,-24.8961,0.5691,0.0954,0,3
piano_felt,46,A#2,0.1250,regular,felt,Felt,0.1250,5.3929,116.5410,233.1150,1.2570,2.5143,-3.3854,-17.7318,,0.0000,9.1019,9.1021,8.9607,0.0000,-22.2311,0.6188,0.2170,0,3
piano_felt,46,A#2,0.1500,regular,felt,Felt,0.1250,5.0055,116.5410,233.1150,1.1667,2.3337,-2.8931,-14.2124,,0.0000,6.0750,6.0751,5.9782,0.0000,-20.1551,0.6549,0.3254,0,3
piano_felt,46,A#2,0.1750,regular,felt,Felt,0.1250,4.6998,116.5410,233.1150,1.0954,2.1912,-2.5356,-11.9962,,0.0000,4.2162,4.2164,4.1419,0.0000,-18.4587,0.6824,0.4200,0,3
piano_felt,46,A#2,0.2000,regular,felt,Felt,0.1250,4.4501,116.5410,233.1150,1.0372,2.0748,-2.2634,-10.4424,,0.0000,2.9347,2.9348,2.8734,0.0000,-17.0265,0.7041,0.5022,0,3
piano_felt,46,A#2,0.2250,regular,felt,Felt,0.1250,4.2408,116.5410,233.1150,0.9885,1.9772,-2.0484,-9.2815,,0.0000,1.9890,1.9888,1.9370,0.0000,-15.7884,0.7218,0.5740,0,3
piano_felt,46,A#2,0.2500,regular,felt,Felt,0.1250,4.0620,116.5410,233.1150,0.9468,1.8938,-1.8741,-8.3760,,0.0000,1.2576,1.2577,1.2120,0.0000,-14.6990,0.7364,0.6371,0,3
piano_felt,46,A#2,0.2750,regular,felt,Felt,0.1250,3.9068,116.5410,233.1150,0.9106,1.8215,-1.7296,-7.6473,,0.0000,0.6736,0.6736,0.6329,0.0000,-13.7266,0.7488,0.6929,0,3
piano_felt,46,A#2,0.3000,regular,felt,Felt,0.1250,3.7702,116.5410,233.1150,0.8788,1.7578,-1.6076,-7.0467,,0.0000,0.1948,0.1948,0.1581,0.0000,-12.8490,0.7593,0.7425,0,3
piano_felt,46,A#2,0.3250,regular,felt,Felt,0.1250,3.6488,116.5410,233.1150,0.8505,1.7012,-1.5033,-6.5420,,0.0000,-0.2054,-0.2055,-0.2392,-0.2054,-12.0493,0.7685,0.7869,0,3
piano_felt,46,A#2,0.3500,regular,felt,Felt,0.1250,3.5399,116.5410,233.1150,0.8251,1.6504,-1.4129,-6.1114,,0.0000,-0.5458,-0.5457,-0.5768,-0.5458,-11.3153,0.7766,0.8269,0,3
piano_felt,46,A#2,0.3750,regular,felt,Felt,0.1250,3.4415,116.5410,233.1150,0.8021,1.6045,-1.3337,-5.7391,,0.0000,-0.8389,-0.8387,-0.8674,-0.8389,-10.6368,0.7837,0.8631,0,3
piano_felt,46,A#2,0.4000,regular,felt,Felt,0.1250,3.3519,116.5410,233.1150,0.7813,1.5627,-1.2637,-5.4138,,0.0000,-1.0942,-1.0941,-1.1211,-1.0942,-10.0063,0.7900,0.8961,0,3
piano_felt,46,A#2,0.4250,regular,felt,Felt,0.1250,3.2698,116.5410,233.1150,0.7621,1.5245,-1.2014,-5.1268,,0.0000,-1.3188,-1.3188,-1.3439,-1.3188,-9.4173,0.7957,0.9262,0,3
piano_felt,46,A#2,0.4500,regular,felt,Felt,0.1250,3.1943,116.5410,233.1150,0.7445,1.4893,-1.1455,-4.8715,,0.0000,-1.5183,-1.5182,-1.5421,-1.5183,-8.8651,0.8008,0.9538,0,3
piano_felt,46,A#2,0.4750,regular,felt,Felt,0.1250,3.1244,116.5410,233.1150,0.7282,1.4567,-1.0951,-4.6429,,0.0000,-1.6964,-1.6965,-1.7192,-1.6964,-8.3449,0.8055,0.9792,0,3
piano_felt,46,A#2,0.5000,regular,felt,Felt,0.1250,3.0596,116.5410,233.1150,0.7131,1.4265,-1.0494,-4.4367,,0.0000,-1.8570,-1.8569,-1.8784,-1.8570,-7.8538,0.8097,1.0027,0,3
piano_felt,46,A#2,0.5250,regular,felt,Felt,0.1250,2.9991,116.5410,233.1150,0.6990,1.3983,-1.0077,-4.2499,,0.0000,-2.0020,-2.0020,-2.0223,-2.0020,-7.3882,0.8136,1.0246,0,3
piano_felt,46,A#2,0.5500,regular,felt,Felt,0.1250,2.9426,116.5410,233.1150,0.6859,1.3719,-0.9695,-4.0796,,0.0000,-2.1340,-2.1341,-2.1535,-2.1340,-6.9459,0.8172,1.0448,0,3
piano_felt,46,A#2,0.5750,regular,felt,Felt,0.1250,2.8896,116.5410,233.1150,0.6735,1.3472,-0.9344,-3.9238,,0.0000,-2.2548,-2.2548,-2.2736,-2.2548,-6.5248,0.8205,1.0637,0,3
piano_felt,46,A#2,0.6000,regular,felt,Felt,0.1250,2.8398,116.5410,233.1150,0.6619,1.3240,-0.9019,-3.7806,,0.0000,-2.3656,-2.3656,-2.3836,-2.3656,-6.1226,0.8236,1.0814,0,3
piano_felt,46,A#2,0.6250,regular,felt,Felt,0.1250,2.7928,116.5410,233.1150,0.6509,1.3021,-0.8719,-3.6485,,0.0000,-2.4676,-2.4677,-2.4847,-2.4676,-5.7381,0.8265,1.0980,0,3
piano_felt,46,A#2,0.6500,regular,felt,Felt,0.1250,2.7484,116.5410,233.1150,0.6406,1.2814,-0.8440,-3.5262,,0.0000,-2.5620,-2.5621,-2.5786,-2.5620,-5.3695,0.8291,1.1136,0,3
piano_felt,46,A#2,0.6750,regular,felt,Felt,0.1250,2.7063,116.5410,233.1150,0.6308,1.2617,-0.8180,-3.4126,,0.0000,-2.6497,-2.6497,-2.6658,-2.6497,-5.0156,0.8316,1.1282,0,3
piano_felt,46,A#2,0.7000,regular,felt,Felt,0.1250,2.6663,116.5410,233.1150,0.6215,1.2431,-0.7938,-3.3068,,0.0000,-2.7312,-2.7311,-2.7468,-2.7312,-4.6756,0.8339,1.1421,0,3
piano_felt,46,A#2,0.7250,regular,felt,Felt,0.1250,2.6284,116.5410,233.1150,0.6126,1.2254,-0.7710,-3.2081,,0.0000,-2.8072,-2.8072,-2.8221,-2.8072,-4.3480,0.8361,1.1551,0,3
piano_felt,46,A#2,0.7500,regular,felt,Felt,0.1250,2.5922,116.5410,233.1150,0.6042,1.2085,-0.7497,-3.1157,,0.0000,-2.8782,-2.8783,-2.8927,-2.8782,-4.0321,0.8382,1.1675,0,3
piano_felt,46,A#2,0.7750,regular,felt,Felt,0.1250,2.5577,116.5410,233.1150,0.5961,1.1925,-0.7296,-3.0289,,0.0000,-2.9450,-2.9449,-2.9591,-2.9450,-3.7273,0.8401,1.1792,0,3
piano_felt,46,A#2,0.8000,regular,felt,Felt,0.1250,2.5247,116.5410,233.1150,0.5885,1.1771,-0.7107,-2.9474,,0.0000,-3.0076,-3.0076,-3.0212,-3.0076,-3.4327,0.8419,1.1903,0,3
piano_felt,46,A#2,0.8250,regular,felt,Felt,0.1250,2.4931,116.5410,233.1150,0.5811,1.1624,-0.6929,-2.8705,,0.0000,-3.0666,-3.0666,-3.0799,-3.0666,-3.1476,0.8437,1.2009,0,3
piano_felt,46,A#2,0.8500,regular,felt,Felt,0.1250,2.4629,116.5410,233.1150,0.5740,1.1483,-0.6760,-2.7980,,0.0000,-3.1222,-3.1222,-3.1352,-3.1222,-2.8713,0.8453,1.2109,0,3
piano_felt,46,A#2,0.8750,regular,felt,Felt,0.1250,2.4338,116.5410,233.1150,0.5673,1.1347,-0.6600,-2.7294,,0.0000,-3.1749,-3.1748,-3.1875,-3.1749,-2.6036,0.8469,1.2206,0,3
piano_felt,46,A#2,0.9000,regular,felt,Felt,0.1250,2.4060,116.5410,233.1150,0.5608,1.1217,-0.6448,-2.6644,,0.0000,-3.2246,-3.2246,-3.2367,-3.2246,-2.3436,0.8483,1.2297,0,3
piano_felt,46,A#2,0.9250,regular,felt,Felt,0.1250,2.3792,116.5410,233.1150,0.5545,1.1092,-0.6304,-2.6028,,0.0000,-3.2720,-3.2718,-3.2839,-3.2720,-2.0913,0.8498,1.2385,0,3
piano_felt,46,A#2,0.9500,regular,felt,Felt,0.1250,2.3534,116.5410,233.1150,0.5485,1.0972,-0.6166,-2.5442,,0.0000,-3.3167,-3.3167,-3.3283,-3.3167,-1.8459,0.8511,1.2469,0,3
piano_felt,46,A#2,0.9750,regular,felt,Felt,0.1250,2.3285,116.5410,233.1150,0.5427,1.0856,-0.6036,-2.4885,,0.0000,-3.3593,-3.3593,-3.3708,-3.3593,-1.6072,0.8524,1.2549,0,3
piano_felt,46,A#2,1.0000,regular,felt,Felt,0.1250,2.3045,116.5410,233.1150,0.5371,1.0744,-0.5911,-2.4354,,0.0000,-3.4000,-3.3999,-3.4112,-3.4000,-1.3748,0.8536,1.2626,0,3
piano_felt,46,A#2,0.2780,corpus,felt,Felt,0.1250,3.8895,116.5410,233.1150,0.9066,1.8134,-1.7139,-7.5693,,0.0000,0.6112,0.6112,0.5711,0.0000,-13.6166,0.7501,0.6991,0,3
piano_felt,46,A#2,0.3030,corpus,felt,Felt,0.1250,3.7549,116.5410,233.1150,0.8752,1.7507,-1.5943,-6.9816,,0.0000,0.1430,0.1431,0.1068,0.0000,-12.7492,0.7605,0.7481,0,3
piano_felt,46,A#2,0.3130,corpus,felt,Felt,0.1250,3.7054,116.5410,233.1150,0.8637,1.7276,-1.5514,-6.7739,,0.0000,-0.0219,-0.0218,-0.0570,-0.0219,-12.4244,0.7642,0.7662,0,3
piano_felt,46,A#2,0.3280,corpus,felt,Felt,0.1250,3.6352,116.5410,233.1150,0.8473,1.6948,-1.4918,-6.4868,,0.0000,-0.2492,-0.2492,-0.2825,-0.2492,-11.9580,0.7695,0.7919,0,3
piano_felt,46,A#2,0.3380,corpus,felt,Felt,0.1250,3.5908,116.5410,233.1150,0.8370,1.6741,-1.4547,-6.3100,,0.0000,-0.3889,-0.3889,-0.4211,-0.3889,-11.6601,0.7728,0.8082,0,3
piano_felt,46,A#2,0.3630,corpus,felt,Felt,0.1250,3.4875,116.5410,233.1150,0.8129,1.6260,-1.3704,-5.9113,,0.0000,-0.7033,-0.7033,-0.7331,-0.7033,-10.9560,0.7804,0.8462,0,3
piano_felt,46,A#2,0.4020,corpus,felt,Felt,0.1250,3.3450,116.5410,233.1150,0.7797,1.5596,-1.2585,-5.3895,,0.0000,-1.1131,-1.1131,-1.1398,-1.1131,-9.9577,0.7905,0.8986,0,3
piano_felt,46,A#2,0.4270,corpus,felt,Felt,0.1250,3.2635,116.5410,233.1150,0.7607,1.5216,-1.1967,-5.1053,,0.0000,-1.3356,-1.3356,-1.3606,-1.3356,-9.3719,0.7961,0.9284,0,3
piano_felt,46,A#2,0.4370,corpus,felt,Felt,0.1250,3.2328,116.5410,233.1150,0.7535,1.5072,-1.1739,-5.0007,,0.0000,-1.4175,-1.4174,-1.4421,-1.4175,-9.1480,0.7982,0.9397,0,3
piano_felt,46,A#2,0.4520,corpus,felt,Felt,0.1250,3.1885,116.5410,233.1150,0.7432,1.4866,-1.1413,-4.8523,,0.0000,-1.5332,-1.5332,-1.5569,-1.5332,-8.8223,0.8012,0.9559,0,3
piano_felt,46,A#2,0.4620,corpus,felt,Felt,0.1250,3.1601,116.5410,233.1150,0.7366,1.4733,-1.1207,-4.7587,,0.0000,-1.6061,-1.6062,-1.6294,-1.6061,-8.6116,0.8031,0.9662,0,3
piano_felt,46,A#2,0.4870,corpus,felt,Felt,0.1250,3.0927,116.5410,233.1150,0.7209,1.4419,-1.0726,-4.5413,,0.0000,-1.7755,-1.7755,-1.7973,-1.7755,-8.1057,0.8076,0.9907,0,3
piano_felt,47,B2,0.0500,regular,felt,Felt,0.1250,7.7260,123.4710,246.9810,1.9079,3.8163,-8.5232,-23.0146,,0.0000,9.2477,9.2480,9.2980,0.0000,-34.9403,0.3581,0.1235,0,3
piano_felt,47,B2,0.0750,regular,felt,Felt,0.1250,6.5418,123.4710,246.9810,1.6155,3.2314,-5.8264,-28.4830,,0.0000,17.4152,17.4139,17.7370,0.0000,-28.7217,0.4885,0.0658,0,3
piano_felt,47,B2,0.1000,regular,felt,Felt,0.1250,5.8135,123.4710,246.9810,1.4356,2.8716,-4.4983,-31.1697,,0.0000,21.4262,21.4258,20.8649,0.0000,-24.8949,0.5692,0.0483,0,3
piano_felt,47,B2,0.1250,regular,felt,Felt,0.1250,5.3048,123.4710,246.9810,1.3100,2.6204,-3.6958,-20.3791,,0.0000,11.4388,11.4389,11.2537,0.0000,-22.1541,0.6243,0.1673,0,3
piano_felt,47,B2,0.1500,regular,felt,Felt,0.1250,4.9225,123.4710,246.9810,1.2156,2.4315,-3.1539,-15.9953,,0.0000,7.5971,7.5972,7.4794,0.0000,-20.0287,0.6645,0.2771,0,3
piano_felt,47,B2,0.1750,regular,felt,Felt,0.1250,4.6207,123.4710,246.9810,1.1411,2.2825,-2.7613,-13.3696,,0.0000,5.3641,5.3640,5.2767,0.0000,-18.2970,0.6952,0.3749,0,3
piano_felt,47,B2,0.2000,regular,felt,Felt,0.1250,4.3744,123.4710,246.9810,1.0802,2.1608,-2.4628,-11.5709,,0.0000,3.8639,3.8639,3.7934,0.0000,-16.8387,0.7195,0.4612,0,3
piano_felt,47,B2,0.2250,regular,felt,Felt,0.1250,4.1680,123.4710,246.9810,1.0293,2.0588,-2.2274,-10.2448,,0.0000,2.7731,2.7732,2.7135,0.0000,-15.5804,0.7393,0.5372,0,3
piano_felt,47,B2,0.2500,regular,felt,Felt,0.1250,3.9917,123.4710,246.9810,0.9857,1.9717,-2.0366,-9.2196,,0.0000,1.9388,1.9388,1.8871,0.0000,-14.4743,0.7557,0.6045,0,3
piano_felt,47,B2,0.2750,regular,felt,Felt,0.1250,3.8386,123.4710,246.9810,0.9479,1.8961,-1.8786,-8.3996,,0.0000,1.2769,1.2768,1.2310,0.0000,-13.4885,0.7696,0.6643,0,3
piano_felt,47,B2,0.3000,regular,felt,Felt,0.1250,3.7039,123.4710,246.9810,0.9147,1.8296,-1.7455,-7.7268,,0.0000,0.7371,0.7372,0.6959,0.0000,-12.5997,0.7814,0.7179,0,3
piano_felt,47,B2,0.3250,regular,felt,Felt,0.1250,3.5843,123.4710,246.9810,0.8851,1.7705,-1.6315,-7.1636,,0.0000,0.2879,0.2879,0.2505,0.0000,-11.7904,0.7918,0.7660,0,3
piano_felt,47,B2,0.3500,regular,felt,Felt,0.1250,3.4769,123.4710,246.9810,0.8586,1.7175,-1.5328,-6.6843,,0.0000,-0.0926,-0.0927,-0.1271,-0.0926,-11.0479,0.8008,0.8094,0,3
piano_felt,47,B2,0.3750,regular,felt,Felt,0.1250,3.3799,123.4710,246.9810,0.8346,1.6695,-1.4465,-6.2710,,0.0000,-0.4197,-0.4197,-0.4518,-0.4197,-10.3623,0.8088,0.8489,0,3
piano_felt,47,B2,0.4000,regular,felt,Felt,0.1250,3.2915,123.4710,246.9810,0.8128,1.6259,-1.3702,-5.9105,,0.0000,-0.7038,-0.7039,-0.7335,-0.7038,-9.7255,0.8159,0.8848,0,3
piano_felt,47,B2,0.4250,regular,felt,Felt,0.1250,3.2107,123.4710,246.9810,0.7928,1.5859,-1.3023,-5.5930,,0.0000,-0.9534,-0.9535,-0.9814,-0.9534,-9.1310,0.8224,0.9178,0,3
piano_felt,47,B2,0.4500,regular,felt,Felt,0.1250,3.1362,123.4710,246.9810,0.7745,1.5492,-1.2414,-5.3110,,0.0000,-1.1746,-1.1746,-1.2010,-1.1746,-8.5737,0.8281,0.9481,0,3
piano_felt,47,B2,0.4750,regular,felt,Felt,0.1250,3.0674,123.4710,246.9810,0.7575,1.5152,-1.1865,-5.0587,,0.0000,-1.3719,-1.3720,-1.3969,-1.3719,-8.0492,0.8334,0.9760,0,3
piano_felt,47,B2,0.5000,regular,felt,Felt,0.1250,3.0035,123.4710,246.9810,0.7417,1.4836,-1.1367,-4.8315,,0.0000,-1.5493,-1.5494,-1.5730,-1.5493,-7.5539,0.8382,1.0019,0,3
piano_felt,47,B2,0.5250,regular,felt,Felt,0.1250,2.9440,123.4710,246.9810,0.7270,1.4542,-1.0913,-4.6258,,0.0000,-1.7098,-1.7097,-1.7324,-1.7098,-7.0847,0.8426,1.0259,0,3
piano_felt,47,B2,0.5500,regular,felt,Felt,0.1250,2.8884,123.4710,246.9810,0.7133,1.4267,-1.0497,-4.4385,,0.0000,-1.8553,-1.8554,-1.8767,-1.8553,-6.6390,0.8466,1.0482,0,3
piano_felt,47,B2,0.5750,regular,felt,Felt,0.1250,2.8361,123.4710,246.9810,0.7004,1.4009,-1.0115,-4.2673,,0.0000,-1.9885,-1.9885,-2.0092,-1.9885,-6.2147,0.8503,1.0691,0,3
piano_felt,47,B2,0.6000,regular,felt,Felt,0.1250,2.7870,123.4710,246.9810,0.6882,1.3767,-0.9763,-4.1100,,0.0000,-2.1105,-2.1105,-2.1301,-2.1105,-5.8099,0.8538,1.0886,0,3
piano_felt,47,B2,0.6250,regular,felt,Felt,0.1250,2.7408,123.4710,246.9810,0.6768,1.3538,-0.9436,-3.9650,,0.0000,-2.2229,-2.2229,-2.2417,-2.2229,-5.4226,0.8570,1.1070,0,3
piano_felt,47,B2,0.6500,regular,felt,Felt,0.1250,2.6970,123.4710,246.9810,0.6660,1.3322,-0.9133,-3.8308,,0.0000,-2.3266,-2.3267,-2.3449,-2.3266,-5.0516,0.8600,1.1242,0,3
piano_felt,47,B2,0.6750,regular,felt,Felt,0.1250,2.6556,123.4710,246.9810,0.6558,1.3117,-0.8851,-3.7064,,0.0000,-2.4228,-2.4229,-2.4405,-2.4228,-4.6954,0.8628,1.1404,0,3
piano_felt,47,B2,0.7000,regular,felt,Felt,0.1250,2.6162,123.4710,246.9810,0.6461,1.2923,-0.8587,-3.5905,,0.0000,-2.5125,-2.5124,-2.5293,-2.5125,-4.3533,0.8654,1.1557,0,3
piano_felt,47,B2,0.7250,regular,felt,Felt,0.1250,2.5788,123.4710,246.9810,0.6368,1.2738,-0.8340,-3.4823,,0.0000,-2.5958,-2.5959,-2.6121,-2.5958,-4.0237,0.8679,1.1702,0,3
piano_felt,47,B2,0.7500,regular,felt,Felt,0.1250,2.5432,123.4710,246.9810,0.6280,1.2562,-0.8108,-3.3811,,0.0000,-2.6738,-2.6739,-2.6898,-2.6738,-3.7061,0.8702,1.1839,0,3
piano_felt,47,B2,0.7750,regular,felt,Felt,0.1250,2.5092,123.4710,246.9810,0.6196,1.2395,-0.7890,-3.2862,,0.0000,-2.7469,-2.7470,-2.7624,-2.7469,-3.3995,0.8724,1.1969,0,3
piano_felt,47,B2,0.8000,regular,felt,Felt,0.1250,2.4767,123.4710,246.9810,0.6116,1.2234,-0.7685,-3.1970,,0.0000,-2.8157,-2.8156,-2.8307,-2.8157,-3.1033,0.8745,1.2093,0,3
piano_felt,47,B2,0.8250,regular,felt,Felt,0.1250,2.4457,123.4710,246.9810,0.6039,1.2081,-0.7491,-3.1130,,0.0000,-2.8802,-2.8803,-2.8948,-2.8802,-2.8165,0.8764,1.2210,0,3
piano_felt,47,B2,0.8500,regular,felt,Felt,0.1250,2.4159,123.4710,246.9810,0.5966,1.1934,-0.7307,-3.0337,,0.0000,-2.9412,-2.9412,-2.9552,-2.9412,-2.5389,0.8783,1.2323,0,3
piano_felt,47,B2,0.8750,regular,felt,Felt,0.1250,2.3873,123.4710,246.9810,0.5895,1.1792,-0.7134,-2.9588,,0.0000,-2.9987,-2.9988,-3.0124,-2.9987,-2.2697,0.8800,1.2429,0,3
piano_felt,47,B2,0.9000,regular,felt,Felt,0.1250,2.3599,123.4710,246.9810,0.5828,1.1657,-0.6969,-2.8878,,0.0000,-3.0532,-3.0533,-3.0668,-3.0532,-2.0085,0.8817,1.2531,0,3
piano_felt,47,B2,0.9250,regular,felt,Felt,0.1250,2.3335,123.4710,246.9810,0.5762,1.1527,-0.6812,-2.8205,,0.0000,-3.1049,-3.1049,-3.1179,-3.1049,-1.7549,0.8833,1.2629,0,3
piano_felt,47,B2,0.9500,regular,felt,Felt,0.1250,2.3081,123.4710,246.9810,0.5700,1.1401,-0.6663,-2.7566,,0.0000,-3.1540,-3.1539,-3.1668,-3.1540,-1.5084,0.8848,1.2722,0,3
piano_felt,47,B2,0.9750,regular,felt,Felt,0.1250,2.2836,123.4710,246.9810,0.5639,1.1280,-0.6521,-2.6958,,0.0000,-3.2007,-3.2005,-3.2132,-3.2007,-1.2687,0.8863,1.2811,0,3
piano_felt,47,B2,1.0000,regular,felt,Felt,0.1250,2.2600,123.4710,246.9810,0.5581,1.1164,-0.6386,-2.6379,,0.0000,-3.2448,-3.2449,-3.2572,-3.2448,-1.0351,0.8877,1.2897,0,3
piano_felt,47,B2,0.2780,corpus,felt,Felt,0.1250,3.8215,123.4710,246.9810,0.9437,1.8877,-1.8615,-8.3120,,0.0000,1.2064,1.2063,1.1610,0.0000,-13.3771,0.7711,0.6711,0,3
piano_felt,47,B2,0.3030,corpus,felt,Felt,0.1250,3.6888,123.4710,246.9810,0.9109,1.8221,-1.7309,-7.6540,,0.0000,0.6790,0.6790,0.6383,0.0000,-12.4986,0.7828,0.7239,0,3
piano_felt,47,B2,0.3130,corpus,felt,Felt,0.1250,3.6400,123.4710,246.9810,0.8989,1.7980,-1.6841,-7.4221,,0.0000,0.4939,0.4938,0.4545,0.0000,-12.1697,0.7870,0.7435,0,3
piano_felt,47,B2,0.3280,corpus,felt,Felt,0.1250,3.5708,123.4710,246.9810,0.8818,1.7638,-1.6189,-7.1020,,0.0000,0.2389,0.2389,0.2019,0.0000,-11.6979,0.7929,0.7714,0,3
piano_felt,47,B2,0.3380,corpus,felt,Felt,0.1250,3.5270,123.4710,246.9810,0.8710,1.7422,-1.5785,-6.9052,,0.0000,0.0825,0.0824,0.0465,0.0000,-11.3968,0.7966,0.7891,0,3
piano_felt,47,B2,0.3630,corpus,felt,Felt,0.1250,3.4253,123.4710,246.9810,0.8458,1.6920,-1.4865,-6.4621,,0.0000,-0.2686,-0.2687,-0.3015,-0.2686,-10.6850,0.8051,0.8304,0,3
piano_felt,47,B2,0.4020,corpus,felt,Felt,0.1250,3.2848,123.4710,246.9810,0.8112,1.6226,-1.3645,-5.8836,,0.0000,-0.7251,-0.7251,-0.7548,-0.7251,-9.6766,0.8165,0.8876,0,3
piano_felt,47,B2,0.4270,corpus,felt,Felt,0.1250,3.2045,123.4710,246.9810,0.7913,1.5829,-1.2972,-5.5692,,0.0000,-0.9722,-0.9722,-1.0001,-0.9722,-9.0851,0.8228,0.9203,0,3
piano_felt,47,B2,0.4370,corpus,felt,Felt,0.1250,3.1742,123.4710,246.9810,0.7838,1.5679,-1.2723,-5.4536,,0.0000,-1.0629,-1.0629,-1.0903,-1.0629,-8.8592,0.8252,0.9326,0,3
piano_felt,47,B2,0.4520,corpus,felt,Felt,0.1250,3.1305,123.4710,246.9810,0.7731,1.5464,-1.2368,-5.2898,,0.0000,-1.1914,-1.1912,-1.2177,-1.1914,-8.5306,0.8286,0.9504,0,3
piano_felt,47,B2,0.4620,corpus,felt,Felt,0.1250,3.1026,123.4710,246.9810,0.7662,1.5325,-1.2144,-5.1865,,0.0000,-1.2721,-1.2721,-1.2978,-1.2721,-8.3181,0.8307,0.9617,0,3
piano_felt,47,B2,0.4870,corpus,felt,Felt,0.1250,3.0362,123.4710,246.9810,0.7498,1.4998,-1.1620,-4.9468,,0.0000,-1.4594,-1.4594,-1.4836,-1.4594,-7.8080,0.8357,0.9887,0,3
piano_felt,48,C3,0.0500,regular,felt,Felt,0.1250,7.6098,130.8130,261.6730,1.9909,3.9825,-9.4377,-23.4440,,0.0000,8.7629,8.7629,8.7809,0.0000,-35.4610,0.3373,0.1230,0,3
piano_felt,48,C3,0.0750,regular,felt,Felt,0.1250,6.4397,130.8130,261.6730,1.6848,3.3702,-6.4006,-25.5102,,0.0000,13.8663,13.8665,14.0578,0.0000,-28.9024,0.4784,0.0969,0,3
piano_felt,48,C3,0.1000,regular,felt,Felt,0.1250,5.7203,130.8130,261.6730,1.4966,2.9937,-4.9239,-58.0983,,0.0000,45.9763,45.9817,40.4082,0.0000,-24.9268,0.5671,0.0029,1,3
piano_felt,48,C3,0.1250,regular,felt,Felt,0.1250,5.2181,130.8130,261.6730,1.3652,2.7309,-4.0367,-23.9405,,0.0000,14.6586,14.6591,14.3911,0.0000,-22.1014,0.6281,0.1162,0,3
piano_felt,48,C3,0.1500,regular,felt,Felt,0.1250,4.8407,130.8130,261.6730,1.2665,2.5334,-3.4397,-18.1671,,0.0000,9.4829,9.4830,9.3355,0.0000,-19.9208,0.6728,0.2258,0,3
piano_felt,48,C3,0.1750,regular,felt,Felt,0.1250,4.5430,130.8130,261.6730,1.1886,2.3776,-3.0082,-14.9809,,0.0000,6.7283,6.7283,6.6236,0.0000,-18.1504,0.7070,0.3259,0,3
piano_felt,48,C3,0.2000,regular,felt,Felt,0.1250,4.3000,130.8130,261.6730,1.1250,2.2504,-2.6806,-12.8692,,0.0000,4.9443,4.9443,4.8616,0.0000,-16.6629,0.7342,0.4155,0,3
piano_felt,48,C3,0.2250,regular,felt,Felt,0.1250,4.0964,130.8130,261.6730,1.0717,2.1438,-2.4226,-11.3400,,0.0000,3.6731,3.6731,3.6048,0.0000,-15.3819,0.7564,0.4955,0,3
piano_felt,48,C3,0.2500,regular,felt,Felt,0.1250,3.9225,130.8130,261.6730,1.0262,2.0528,-2.2138,-10.1709,,0.0000,2.7131,2.7129,2.6541,0.0000,-14.2579,0.7748,0.5669,0,3
piano_felt,48,C3,0.2750,regular,felt,Felt,0.1250,3.7715,130.8130,261.6730,0.9867,1.9738,-2.0410,-9.2431,,0.0000,1.9578,1.9579,1.9061,0.0000,-13.2573,0.7903,0.6308,0,3
piano_felt,48,C3,0.3000,regular,felt,Felt,0.1250,3.6388,130.8130,261.6730,0.9520,1.9043,-1.8954,-8.4860,,0.0000,1.3461,1.3464,1.2997,0.0000,-12.3560,0.8037,0.6883,0,3
piano_felt,48,C3,0.3250,regular,felt,Felt,0.1250,3.5208,130.8130,261.6730,0.9211,1.8426,-1.7710,-7.8550,,0.0000,0.8399,0.8398,0.7979,0.0000,-11.5362,0.8153,0.7401,0,3
piano_felt,48,C3,0.3500,regular,felt,Felt,0.1250,3.4150,130.8130,261.6730,0.8935,1.7872,-1.6633,-7.3199,,0.0000,0.4124,0.4124,0.3737,0.0000,-10.7848,0.8255,0.7872,0,3
piano_felt,48,C3,0.3750,regular,felt,Felt,0.1250,3.3193,130.8130,261.6730,0.8684,1.7372,-1.5690,-6.8596,,0.0000,0.0462,0.0464,0.0106,0.0000,-10.0914,0.8344,0.8300,0,3
piano_felt,48,C3,0.4000,regular,felt,Felt,0.1250,3.2323,130.8130,261.6730,0.8457,1.6916,-1.4859,-6.4591,,0.0000,-0.2710,-0.2710,-0.3042,-0.2710,-9.4476,0.8425,0.8692,0,3
piano_felt,48,C3,0.4250,regular,felt,Felt,0.1250,3.1526,130.8130,261.6730,0.8248,1.6499,-1.4118,-6.1071,,0.0000,-0.5490,-0.5490,-0.5801,-0.5490,-8.8470,0.8497,0.9051,0,3
piano_felt,48,C3,0.4500,regular,felt,Felt,0.1250,3.0793,130.8130,261.6730,0.8056,1.6115,-1.3455,-5.7949,,0.0000,-0.7949,-0.7948,-0.8241,-0.7949,-8.2842,0.8562,0.9383,0,3
piano_felt,48,C3,0.4750,regular,felt,Felt,0.1250,3.0115,130.8130,261.6730,0.7879,1.5760,-1.2857,-5.5161,,0.0000,-1.0138,-1.0138,-1.0412,-1.0138,-7.7547,0.8621,0.9689,0,3
piano_felt,48,C3,0.5000,regular,felt,Felt,0.1250,2.9485,130.8130,261.6730,0.7714,1.5431,-1.2315,-5.2653,,0.0000,-1.2103,-1.2104,-1.2363,-1.2103,-7.2549,0.8675,0.9972,0,3
piano_felt,48,C3,0.5250,regular,felt,Felt,0.1250,2.8899,130.8130,261.6730,0.7561,1.5124,-1.1820,-5.0384,,0.0000,-1.3878,-1.3878,-1.4125,-1.3878,-6.7817,0.8725,1.0236,0,3
piano_felt,48,C3,0.5500,regular,felt,Felt,0.1250,2.8351,130.8130,261.6730,0.7417,1.4837,-1.1368,-4.8321,,0.0000,-1.5488,-1.5489,-1.5724,-1.5488,-6.3325,0.8770,1.0482,0,3
piano_felt,48,C3,0.5750,regular,felt,Felt,0.1250,2.7836,130.8130,261.6730,0.7283,1.4568,-1.0952,-4.6436,,0.0000,-1.6958,-1.6958,-1.7184,-1.6958,-5.9048,0.8812,1.0712,0,3
piano_felt,48,C3,0.6000,regular,felt,Felt,0.1250,2.7353,130.8130,261.6730,0.7156,1.4315,-1.0568,-4.4707,,0.0000,-1.8303,-1.8304,-1.8520,-1.8303,-5.4966,0.8851,1.0928,0,3
piano_felt,48,C3,0.6250,regular,felt,Felt,0.1250,2.6897,130.8130,261.6730,0.7037,1.4076,-1.0213,-4.3113,,0.0000,-1.9543,-1.9542,-1.9750,-1.9543,-5.1066,0.8888,1.1130,0,3
piano_felt,48,C3,0.6500,regular,felt,Felt,0.1250,2.6466,130.8130,261.6730,0.6924,1.3851,-0.9884,-4.1640,,0.0000,-2.0687,-2.0686,-2.0886,-2.0687,-4.7331,0.8921,1.1321,0,3
piano_felt,48,C3,0.6750,regular,felt,Felt,0.1250,2.6058,130.8130,261.6730,0.6817,1.3637,-0.9577,-4.0274,,0.0000,-2.1744,-2.1745,-2.1937,-2.1744,-4.3745,0.8953,1.1500,0,3
piano_felt,48,C3,0.7000,regular,felt,Felt,0.1250,2.5671,130.8130,261.6730,0.6716,1.3435,-0.9290,-3.9003,,0.0000,-2.2729,-2.2729,-2.2915,-2.2729,-4.0300,0.8983,1.1669,0,3
piano_felt,48,C3,0.7250,regular,felt,Felt,0.1250,2.5302,130.8130,261.6730,0.6620,1.3242,-0.9021,-3.7817,,0.0000,-2.3646,-2.3646,-2.3828,-2.3646,-3.6983,0.9011,1.1830,0,3
piano_felt,48,C3,0.7500,regular,felt,Felt,0.1250,2.4952,130.8130,261.6730,0.6528,1.3058,-0.8769,-3.6709,,0.0000,-2.4503,-2.4503,-2.4677,-2.4503,-3.3787,0.9037,1.1982,0,3
piano_felt,48,C3,0.7750,regular,felt,Felt,0.1250,2.4617,130.8130,261.6730,0.6440,1.2883,-0.8533,-3.5669,,0.0000,-2.5305,-2.5306,-2.5474,-2.5305,-3.0702,0.9061,1.2126,0,3
piano_felt,48,C3,0.8000,regular,felt,Felt,0.1250,2.4297,130.8130,261.6730,0.6357,1.2716,-0.8310,-3.4693,,0.0000,-2.6059,-2.6059,-2.6222,-2.6059,-2.7721,0.9085,1.2263,0,3
piano_felt,48,C3,0.8250,regular,felt,Felt,0.1250,2.3991,130.8130,261.6730,0.6277,1.2556,-0.8099,-3.3773,,0.0000,-2.6767,-2.6768,-2.6926,-2.6767,-2.4837,0.9107,1.2394,0,3
piano_felt,48,C3,0.8500,regular,felt,Felt,0.1250,2.3698,130.8130,261.6730,0.6200,1.2402,-0.7900,-3.2906,,0.0000,-2.7437,-2.7436,-2.7591,-2.7437,-2.2046,0.9128,1.2518,0,3
piano_felt,48,C3,0.8750,regular,felt,Felt,0.1250,2.3417,130.8130,261.6730,0.6127,1.2255,-0.7711,-3.2087,,0.0000,-2.8067,-2.8067,-2.8218,-2.8067,-1.9339,0.9147,1.2637,0,3
piano_felt,48,C3,0.9000,regular,felt,Felt,0.1250,2.3147,130.8130,261.6730,0.6056,1.2114,-0.7532,-3.1311,,0.0000,-2.8663,-2.8663,-2.8809,-2.8663,-1.6713,0.9166,1.2750,0,3
piano_felt,48,C3,0.9250,regular,felt,Felt,0.1250,2.2887,130.8130,261.6730,0.5988,1.1978,-0.7362,-3.0576,,0.0000,-2.9230,-2.9229,-2.9372,-2.9230,-1.4163,0.9184,1.2858,0,3
piano_felt,48,C3,0.9500,regular,felt,Felt,0.1250,2.2637,130.8130,261.6730,0.5923,1.1847,-0.7200,-2.9877,,0.0000,-2.9767,-2.9765,-2.9906,-2.9767,-1.1685,0.9201,1.2962,0,3
piano_felt,48,C3,0.9750,regular,felt,Felt,0.1250,2.2397,130.8130,261.6730,0.5860,1.1721,-0.7046,-2.9213,,0.0000,-3.0275,-3.0275,-3.0412,-3.0275,-0.9275,0.9218,1.3062,0,3
piano_felt,48,C3,1.0000,regular,felt,Felt,0.1250,2.2164,130.8130,261.6730,0.5799,1.1600,-0.6899,-2.8581,,0.0000,-3.0761,-3.0761,-3.0892,-3.0761,-0.6929,0.9233,1.3157,0,3
piano_felt,48,C3,0.2780,corpus,felt,Felt,0.1250,3.7547,130.8130,261.6730,0.9823,1.9650,-2.0222,-9.1443,,0.0000,1.8777,1.8778,1.8266,0.0000,-13.1443,0.7920,0.6381,0,3
piano_felt,48,C3,0.3030,corpus,felt,Felt,0.1250,3.6239,130.8130,261.6730,0.9481,1.8966,-1.8795,-8.4044,,0.0000,1.2807,1.2807,1.2347,0.0000,-12.2535,0.8052,0.6948,0,3
piano_felt,48,C3,0.3130,corpus,felt,Felt,0.1250,3.5758,130.8130,261.6730,0.9355,1.8714,-1.8284,-8.1443,,0.0000,1.0717,1.0717,1.0276,0.0000,-11.9204,0.8099,0.7159,0,3
piano_felt,48,C3,0.3280,corpus,felt,Felt,0.1250,3.5075,130.8130,261.6730,0.9177,1.8356,-1.7573,-7.7862,,0.0000,0.7847,0.7847,0.7433,0.0000,-11.4427,0.8166,0.7460,0,3
piano_felt,48,C3,0.3380,corpus,felt,Felt,0.1250,3.4644,130.8130,261.6730,0.9064,1.8131,-1.7131,-7.5662,,0.0000,0.6088,0.6089,0.5687,0.0000,-11.1377,0.8207,0.7652,0,3
piano_felt,48,C3,0.3630,corpus,felt,Felt,0.1250,3.3641,130.8130,261.6730,0.8801,1.7606,-1.6128,-7.0723,,0.0000,0.2152,0.2153,0.1783,0.0000,-10.4176,0.8303,0.8099,0,3
piano_felt,48,C3,0.4020,corpus,felt,Felt,0.1250,3.2257,130.8130,261.6730,0.8439,1.6881,-1.4796,-6.4293,,0.0000,-0.2944,-0.2945,-0.3275,-0.2944,-9.3980,0.8431,0.8722,0,3
piano_felt,48,C3,0.4270,corpus,felt,Felt,0.1250,3.1465,130.8130,261.6730,0.8232,1.6467,-1.4063,-6.0807,,0.0000,-0.5698,-0.5698,-0.6006,-0.5698,-8.8007,0.8502,0.9079,0,3
piano_felt,48,C3,0.4370,corpus,felt,Felt,0.1250,3.1167,130.8130,261.6730,0.8154,1.6311,-1.3791,-5.9527,,0.0000,-0.6706,-0.6706,-0.7008,-0.6706,-8.5724,0.8529,0.9214,0,3
piano_felt,48,C3,0.4520,corpus,felt,Felt,0.1250,3.0737,130.8130,261.6730,0.8041,1.6086,-1.3405,-5.7715,,0.0000,-0.8132,-0.8132,-0.8421,-0.8132,-8.2406,0.8567,0.9408,0,3
piano_felt,48,C3,0.4620,corpus,felt,Felt,0.1250,3.0461,130.8130,261.6730,0.7969,1.5942,-1.3160,-5.6573,,0.0000,-0.9030,-0.9030,-0.9313,-0.9030,-8.0261,0.8591,0.9532,0,3
piano_felt,48,C3,0.4870,corpus,felt,Felt,0.1250,2.9807,130.8130,261.6730,0.7798,1.5599,-1.2590,-5.3925,,0.0000,-1.1108,-1.1108,-1.1378,-1.1108,-7.5114,0.8648,0.9828,0,3
piano_felt,49,C#3,0.0500,regular,felt,Felt,0.1250,7.4952,138.5910,277.2390,2.0775,4.1559,-10.4772,-24.4918,3,-0.0646,8.7710,8.7710,8.7525,0.0000,-36.1008,0.3133,0.1141,0,3
piano_felt,49,C#3,0.0750,regular,felt,Felt,0.1250,6.3390,138.5910,277.2390,1.7571,3.5148,-7.0399,-23.9156,,0.0000,11.6318,11.6324,11.7569,0.0000,-29.1419,0.4654,0.1220,0,3
piano_felt,49,C#3,0.1000,regular,felt,Felt,0.1250,5.6285,138.5910,277.2390,1.5601,3.1209,-5.3939,-33.3115,,0.0000,22.6776,22.6759,23.3166,0.0000,-24.9971,0.5625,0.0413,0,3
piano_felt,49,C#3,0.1250,regular,felt,Felt,0.1250,5.1328,138.5910,277.2390,1.4227,2.8460,-4.4115,-29.4376,,0.0000,19.7808,19.7805,19.3117,0.0000,-22.0764,0.6299,0.0646,0,3
piano_felt,49,C#3,0.1500,regular,felt,Felt,0.1250,4.7603,138.5910,277.2390,1.3195,2.6395,-3.7530,-20.9233,,0.0000,11.9258,11.9256,11.7298,0.0000,-19.8343,0.6795,0.1721,0,3
piano_felt,49,C#3,0.1750,regular,felt,Felt,0.1250,4.4665,138.5910,277.2390,1.2380,2.4766,-3.2783,-16.9109,,0.0000,8.3879,8.3881,8.2584,0.0000,-18.0205,0.7177,0.2732,0,3
piano_felt,49,C#3,0.2000,regular,felt,Felt,0.1250,4.2268,138.5910,277.2390,1.1716,2.3437,-2.9186,-14.3824,,0.0000,6.2196,6.2195,6.1210,0.0000,-16.5009,0.7480,0.3655,0,3
piano_felt,49,C#3,0.2250,regular,felt,Felt,0.1250,4.0260,138.5910,277.2390,1.1159,2.2323,-2.6357,-12.5965,,0.0000,4.7166,4.7165,4.6362,0.0000,-15.1950,0.7728,0.4490,0,3
piano_felt,49,C#3,0.2500,regular,felt,Felt,0.1250,3.8545,138.5910,277.2390,1.0684,2.1372,-2.4070,-11.2512,,0.0000,3.5998,3.6000,3.5320,0.0000,-14.0512,0.7934,0.5242,0,3
piano_felt,49,C#3,0.2750,regular,felt,Felt,0.1250,3.7056,138.5910,277.2390,1.0271,2.0547,-2.2179,-10.1939,,0.0000,2.7318,2.7318,2.6726,0.0000,-13.0342,0.8109,0.5921,0,3
piano_felt,49,C#3,0.3000,regular,felt,Felt,0.1250,3.5748,138.5910,277.2390,0.9909,1.9821,-2.0587,-9.3373,,0.0000,2.0343,2.0344,1.9818,0.0000,-12.1193,0.8259,0.6534,0,3
piano_felt,49,C#3,0.3250,regular,felt,Felt,0.1250,3.4585,138.5910,277.2390,0.9586,1.9176,-1.9227,-8.6270,,0.0000,1.4600,1.4600,1.4124,0.0000,-11.2880,0.8389,0.7091,0,3
piano_felt,49,C#3,0.3500,regular,felt,Felt,0.1250,3.3542,138.5910,277.2390,0.9297,1.8598,-1.8051,-8.0272,,0.0000,0.9779,0.9778,0.9346,0.0000,-10.5267,0.8503,0.7598,0,3
piano_felt,49,C#3,0.3750,regular,felt,Felt,0.1250,3.2599,138.5910,277.2390,0.9036,1.8075,-1.7023,-7.5130,,0.0000,0.5663,0.5664,0.5265,0.0000,-9.8247,0.8605,0.8062,0,3
piano_felt,49,C#3,0.4000,regular,felt,Felt,0.1250,3.1741,138.5910,277.2390,0.8798,1.7600,-1.6115,-7.0667,,0.0000,0.2110,0.2109,0.1739,0.0000,-9.1733,0.8695,0.8486,0,3
piano_felt,49,C#3,0.4250,regular,felt,Felt,0.1250,3.0956,138.5910,277.2390,0.8580,1.7164,-1.5308,-6.6753,,0.0000,-0.0997,-0.0998,-0.1342,-0.0997,-8.5660,0.8776,0.8878,0,3
piano_felt,49,C#3,0.4500,regular,felt,Felt,0.1250,3.0233,138.5910,277.2390,0.8380,1.6764,-1.4585,-6.3289,,0.0000,-0.3738,-0.3738,-0.4063,-0.3738,-7.9973,0.8850,0.9239,0,3
piano_felt,49,C#3,0.4750,regular,felt,Felt,0.1250,2.9565,138.5910,277.2390,0.8195,1.6393,-1.3933,-6.0200,,0.0000,-0.6174,-0.6175,-0.6479,-0.6174,-7.4624,0.8916,0.9573,0,3
piano_felt,49,C#3,0.5000,regular,felt,Felt,0.1250,2.8945,138.5910,277.2390,0.8023,1.6050,-1.3343,-5.7426,,0.0000,-0.8358,-0.8359,-0.8647,-0.8358,-6.9578,0.8977,0.9884,0,3
piano_felt,49,C#3,0.5250,regular,felt,Felt,0.1250,2.8368,138.5910,277.2390,0.7863,1.5729,-1.2804,-5.4920,,0.0000,-1.0326,-1.0327,-1.0601,-1.0326,-6.4802,0.9033,1.0173,0,3
piano_felt,49,C#3,0.5500,regular,felt,Felt,0.1250,2.7828,138.5910,277.2390,0.7713,1.5430,-1.2312,-5.2643,,0.0000,-1.2111,-1.2111,-1.2371,-1.2111,-6.0269,0.9084,1.0443,0,3
piano_felt,49,C#3,0.5750,regular,felt,Felt,0.1250,2.7321,138.5910,277.2390,0.7573,1.5149,-1.1859,-5.0565,,0.0000,-1.3736,-1.3736,-1.3985,-1.3736,-5.5955,0.9132,1.0696,0,3
piano_felt,49,C#3,0.6000,regular,felt,Felt,0.1250,2.6845,138.5910,277.2390,0.7441,1.4885,-1.1442,-4.8660,,0.0000,-1.5223,-1.5224,-1.5462,-1.5223,-5.1841,0.9176,1.0934,0,3
piano_felt,49,C#3,0.6250,regular,felt,Felt,0.1250,2.6396,138.5910,277.2390,0.7316,1.4636,-1.1056,-4.6907,,0.0000,-1.6591,-1.6591,-1.6819,-1.6591,-4.7910,0.9217,1.1156,0,3
piano_felt,49,C#3,0.6500,regular,felt,Felt,0.1250,2.5972,138.5910,277.2390,0.7199,1.4401,-1.0697,-4.5287,,0.0000,-1.7852,-1.7852,-1.8071,-1.7852,-4.4144,0.9255,1.1366,0,3
piano_felt,49,C#3,0.6750,regular,felt,Felt,0.1250,2.5570,138.5910,277.2390,0.7087,1.4178,-1.0363,-4.3786,,0.0000,-1.9020,-1.9019,-1.9231,-1.9020,-4.0532,0.9290,1.1565,0,3
piano_felt,49,C#3,0.7000,regular,felt,Felt,0.1250,2.5188,138.5910,277.2390,0.6982,1.3966,-1.0051,-4.2390,,0.0000,-2.0103,-2.0103,-2.0306,-2.0103,-3.7062,0.9324,1.1752,0,3
piano_felt,49,C#3,0.7250,regular,felt,Felt,0.1250,2.4826,138.5910,277.2390,0.6881,1.3765,-0.9759,-4.1089,,0.0000,-2.1113,-2.1112,-2.1308,-2.1113,-3.3722,0.9355,1.1929,0,3
piano_felt,49,C#3,0.7500,regular,felt,Felt,0.1250,2.4480,138.5910,277.2390,0.6786,1.3574,-0.9486,-3.9873,,0.0000,-2.2055,-2.2055,-2.2248,-2.2055,-3.0504,0.9385,1.2098,0,3
piano_felt,49,C#3,0.7750,regular,felt,Felt,0.1250,2.4151,138.5910,277.2390,0.6694,1.3391,-0.9228,-3.8734,,0.0000,-2.2937,-2.2937,-2.3121,-2.2937,-2.7398,0.9413,1.2257,0,3
piano_felt,49,C#3,0.8000,regular,felt,Felt,0.1250,2.3836,138.5910,277.2390,0.6607,1.3217,-0.8986,-3.7664,,0.0000,-2.3764,-2.3765,-2.3943,-2.3764,-2.4398,0.9439,1.2409,0,3
piano_felt,49,C#3,0.8250,regular,felt,Felt,0.1250,2.3535,138.5910,277.2390,0.6523,1.3050,-0.8757,-3.6657,,0.0000,-2.4543,-2.4543,-2.4716,-2.4543,-2.1496,0.9464,1.2554,0,3
piano_felt,49,C#3,0.8500,regular,felt,Felt,0.1250,2.3246,138.5910,277.2390,0.6444,1.2890,-0.8541,-3.5707,,0.0000,-2.5275,-2.5276,-2.5444,-2.5275,-1.8687,0.9487,1.2692,0,3
piano_felt,49,C#3,0.8750,regular,felt,Felt,0.1250,2.2970,138.5910,277.2390,0.6367,1.2736,-0.8336,-3.4810,,0.0000,-2.5968,-2.5968,-2.6132,-2.5968,-1.5965,0.9510,1.2824,0,3
piano_felt,49,C#3,0.9000,regular,felt,Felt,0.1250,2.2704,138.5910,277.2390,0.6293,1.2589,-0.8142,-3.3962,,0.0000,-2.6622,-2.6622,-2.6781,-2.6622,-1.3323,0.9531,1.2950,0,3
piano_felt,49,C#3,0.9250,regular,felt,Felt,0.1250,2.2448,138.5910,277.2390,0.6222,1.2447,-0.7957,-3.3158,,0.0000,-2.7242,-2.7242,-2.7397,-2.7242,-1.0758,0.9551,1.3070,0,3
piano_felt,49,C#3,0.9500,regular,felt,Felt,0.1250,2.2202,138.5910,277.2390,0.6154,1.2311,-0.7782,-3.2394,,0.0000,-2.7829,-2.7830,-2.7981,-2.7829,-0.8267,0.9571,1.3185,0,3
piano_felt,49,C#3,0.9750,regular,felt,Felt,0.1250,2.1965,138.5910,277.2390,0.6088,1.2179,-0.7614,-3.1668,,0.0000,-2.8388,-2.8388,-2.8536,-2.8388,-0.5844,0.9589,1.3296,0,3
piano_felt,49,C#3,1.0000,regular,felt,Felt,0.1250,2.1737,138.5910,277.2390,0.6025,1.2053,-0.7455,-3.0978,,0.0000,-2.8919,-2.8919,-2.9064,-2.8919,-0.3484,0.9607,1.3402,0,3
piano_felt,49,C#3,0.2780,corpus,felt,Felt,0.1250,3.6891,138.5910,277.2390,1.0225,2.0455,-2.1974,-10.0819,,0.0000,2.6400,2.6402,2.5818,0.0000,-12.9195,0.8128,0.5998,0,3
piano_felt,49,C#3,0.3030,corpus,felt,Felt,0.1250,3.5601,138.5910,277.2390,0.9868,1.9740,-2.0413,-9.2452,,0.0000,1.9597,1.9597,1.9078,0.0000,-12.0155,0.8275,0.6604,0,3
piano_felt,49,C#3,0.3130,corpus,felt,Felt,0.1250,3.5127,138.5910,277.2390,0.9736,1.9477,-1.9855,-8.9523,,0.0000,1.7225,1.7226,1.6728,0.0000,-11.6777,0.8329,0.6830,0,3
piano_felt,49,C#3,0.3280,corpus,felt,Felt,0.1250,3.4454,138.5910,277.2390,0.9550,1.9104,-1.9077,-8.5498,,0.0000,1.3977,1.3978,1.3509,0.0000,-11.1933,0.8403,0.7154,0,3
piano_felt,49,C#3,0.3380,corpus,felt,Felt,0.1250,3.4029,138.5910,277.2390,0.9432,1.8868,-1.8595,-8.3031,,0.0000,1.1994,1.1993,1.1544,0.0000,-10.8841,0.8450,0.7360,0,3
piano_felt,49,C#3,0.3630,corpus,felt,Felt,0.1250,3.3040,138.5910,277.2390,0.9158,1.8320,-1.7500,-7.7503,,0.0000,0.7560,0.7561,0.7144,0.0000,-10.1549,0.8558,0.7844,0,3
piano_felt,49,C#3,0.4020,corpus,felt,Felt,0.1250,3.1676,138.5910,277.2390,0.8780,1.7564,-1.6047,-7.0335,,0.0000,0.1845,0.1845,0.1478,0.0000,-9.1232,0.8702,0.8519,0,3
piano_felt,49,C#3,0.4270,corpus,felt,Felt,0.1250,3.0896,138.5910,277.2390,0.8564,1.7131,-1.5247,-6.6460,,0.0000,-0.1229,-0.1229,-0.1571,-0.1229,-8.5192,0.8782,0.8908,0,3
piano_felt,49,C#3,0.4370,corpus,felt,Felt,0.1250,3.0602,138.5910,277.2390,0.8482,1.6968,-1.4951,-6.5039,,0.0000,-0.2354,-0.2354,-0.2690,-0.2354,-8.2885,0.8812,0.9054,0,3
piano_felt,49,C#3,0.4520,corpus,felt,Felt,0.1250,3.0178,138.5910,277.2390,0.8365,1.6733,-1.4530,-6.3029,,0.0000,-0.3944,-0.3943,-0.4268,-0.3944,-7.9534,0.8855,0.9266,0,3
piano_felt,49,C#3,0.4620,corpus,felt,Felt,0.1250,2.9906,138.5910,277.2390,0.8290,1.6582,-1.4264,-6.1764,,0.0000,-0.4943,-0.4943,-0.5257,-0.4943,-7.7366,0.8882,0.9403,0,3
piano_felt,49,C#3,0.4870,corpus,felt,Felt,0.1250,2.9262,138.5910,277.2390,0.8111,1.6225,-1.3643,-5.8833,,0.0000,-0.7253,-0.7252,-0.7551,-0.7253,-7.2166,0.8946,0.9725,0,3
piano_felt,50,D3,0.0500,regular,felt,Felt,0.1250,7.3822,146.8320,293.7320,2.1679,4.3368,-11.6690,-26.2888,3,-0.3056,9.3753,9.3761,9.3103,0.0000,-36.8866,0.2862,0.0973,0,3
piano_felt,50,D3,0.0750,regular,felt,Felt,0.1250,6.2398,146.8320,293.7320,1.8324,3.6657,-7.7544,-23.1517,,0.0000,10.1542,10.1539,10.2354,0.0000,-29.4500,0.4492,0.1396,0,3
piano_felt,50,D3,0.1000,regular,felt,Felt,0.1250,5.5382,146.8320,293.7320,1.6264,3.2535,-5.9144,-27.8611,,0.0000,16.7040,16.7041,16.9950,0.0000,-25.1113,0.5552,0.0811,0,3
piano_felt,50,D3,0.1250,regular,felt,Felt,0.1250,5.0488,146.8320,293.7320,1.4826,2.9660,-4.8245,-43.2848,,0.0000,33.2062,33.2077,31.2428,0.0000,-22.0833,0.6294,0.0138,0,3
piano_felt,50,D3,0.1500,regular,felt,Felt,0.1250,4.6812,146.8320,293.7320,1.3747,2.7500,-4.0972,-24.6856,,0.0000,15.3437,15.3433,15.0547,0.0000,-19.7722,0.6844,0.1170,0,3
piano_felt,50,D3,0.1750,regular,felt,Felt,0.1250,4.3913,146.8320,293.7320,1.2896,2.5798,-3.5743,-19.2966,,0.0000,10.4780,10.4777,10.3118,0.0000,-17.9105,0.7268,0.2175,0,3
piano_felt,50,D3,0.2000,regular,felt,Felt,0.1250,4.1548,146.8320,293.7320,1.2201,2.4408,-3.1789,-16.1788,,0.0000,7.7554,7.7554,7.6361,0.0000,-16.3551,0.7607,0.3115,0,3
piano_felt,50,D3,0.2250,regular,felt,Felt,0.1250,3.9568,146.8320,293.7320,1.1620,2.3245,-2.8685,-14.0559,,0.0000,5.9432,5.9430,5.8482,0.0000,-15.0216,0.7884,0.3977,0,3
piano_felt,50,D3,0.2500,regular,felt,Felt,0.1250,3.7876,146.8320,293.7320,1.1123,2.2251,-2.6178,-12.4890,,0.0000,4.6271,4.6269,4.5482,0.0000,-13.8558,0.8115,0.4763,0,3
piano_felt,50,D3,0.2750,regular,felt,Felt,0.1250,3.6409,146.8320,293.7320,1.0692,2.1389,-2.4107,-11.2735,,0.0000,3.6183,3.6184,3.5500,0.0000,-12.8210,0.8310,0.5479,0,3
piano_felt,50,D3,0.3000,regular,felt,Felt,0.1250,3.5119,146.8320,293.7320,1.0313,2.0631,-2.2366,-10.2974,,0.0000,2.8165,2.8165,2.7564,0.0000,-11.8910,0.8479,0.6131,0,3
piano_felt,50,D3,0.3250,regular,felt,Felt,0.1250,3.3972,146.8320,293.7320,0.9976,1.9957,-2.0880,-9.4933,,0.0000,2.1615,2.1610,2.1072,0.0000,-11.0466,0.8625,0.6725,0,3
piano_felt,50,D3,0.3500,regular,felt,Felt,0.1250,3.2944,146.8320,293.7320,0.9675,1.9354,-1.9595,-8.8176,,0.0000,1.6139,1.6139,1.5652,0.0000,-10.2749,0.8754,0.7269,0,3
piano_felt,50,D3,0.3750,regular,felt,Felt,0.1250,3.2015,146.8320,293.7320,0.9402,1.8808,-1.8472,-8.2407,,0.0000,1.1493,1.1493,1.1045,0.0000,-9.5634,0.8867,0.7769,0,3
piano_felt,50,D3,0.4000,regular,felt,Felt,0.1250,3.1170,146.8320,293.7320,0.9153,1.8311,-1.7482,-7.7417,,0.0000,0.7493,0.7492,0.7080,0.0000,-8.9038,0.8969,0.8228,0,3
piano_felt,50,D3,0.4250,regular,felt,Felt,0.1250,3.0396,146.8320,293.7320,0.8926,1.7857,-1.6601,-7.3051,,0.0000,0.4007,0.4008,0.3622,0.0000,-8.2892,0.9061,0.8652,0,3
piano_felt,50,D3,0.4500,regular,felt,Felt,0.1250,2.9684,146.8320,293.7320,0.8717,1.7438,-1.5813,-6.9197,,0.0000,0.0943,0.0942,0.0583,0.0000,-7.7139,0.9143,0.9044,0,3
piano_felt,50,D3,0.4750,regular,felt,Felt,0.1250,2.9026,146.8320,293.7320,0.8524,1.7052,-1.5102,-6.5766,,0.0000,-0.1779,-0.1778,-0.2117,-0.1779,-7.1732,0.9218,0.9409,0,3
piano_felt,50,D3,0.5000,regular,felt,Felt,0.1250,2.8415,146.8320,293.7320,0.8345,1.6693,-1.4459,-6.2691,,0.0000,-0.4211,-0.4210,-0.4530,-0.4211,-6.6634,0.9287,0.9748,0,3
piano_felt,50,D3,0.5250,regular,felt,Felt,0.1250,2.7846,146.8320,293.7320,0.8177,1.6359,-1.3872,-5.9916,,0.0000,-0.6398,-0.6399,-0.6701,-0.6398,-6.1809,0.9350,1.0064,0,3
piano_felt,50,D3,0.5500,regular,felt,Felt,0.1250,2.7314,146.8320,293.7320,0.8021,1.6046,-1.3336,-5.7399,,0.0000,-0.8380,-0.8380,-0.8668,-0.8380,-5.7232,0.9408,1.0360,0,3
piano_felt,50,D3,0.5750,regular,felt,Felt,0.1250,2.6815,146.8320,293.7320,0.7875,1.5753,-1.2843,-5.5104,,0.0000,-1.0181,-1.0182,-1.0456,-1.0181,-5.2877,0.9461,1.0638,0,3
piano_felt,50,D3,0.6000,regular,felt,Felt,0.1250,2.6346,146.8320,293.7320,0.7737,1.5478,-1.2389,-5.3002,,0.0000,-1.1829,-1.1829,-1.2091,-1.1829,-4.8727,0.9511,1.0898,0,3
piano_felt,50,D3,0.6250,regular,felt,Felt,0.1250,2.5904,146.8320,293.7320,0.7607,1.5218,-1.1969,-5.1069,,0.0000,-1.3342,-1.3341,-1.3593,-1.3342,-4.4761,0.9557,1.1143,0,3
piano_felt,50,D3,0.6500,regular,felt,Felt,0.1250,2.5486,146.8320,293.7320,0.7484,1.4972,-1.1578,-4.9286,,0.0000,-1.4734,-1.4735,-1.4975,-1.4734,-4.0963,0.9600,1.1375,0,3
piano_felt,50,D3,0.6750,regular,felt,Felt,0.1250,2.5091,146.8320,293.7320,0.7368,1.4740,-1.1215,-4.7634,,0.0000,-1.6024,-1.6024,-1.6257,-1.6024,-3.7323,0.9640,1.1593,0,3
piano_felt,50,D3,0.7000,regular,felt,Felt,0.1250,2.4715,146.8320,293.7320,0.7258,1.4519,-1.0876,-4.6099,,0.0000,-1.7220,-1.7220,-1.7443,-1.7220,-3.3825,0.9678,1.1800,0,3
piano_felt,50,D3,0.7250,regular,felt,Felt,0.1250,2.4358,146.8320,293.7320,0.7153,1.4309,-1.0559,-4.4669,,0.0000,-1.8333,-1.8332,-1.8548,-1.8333,-3.0460,0.9713,1.1996,0,3
piano_felt,50,D3,0.7500,regular,felt,Felt,0.1250,2.4018,146.8320,293.7320,0.7053,1.4110,-1.0262,-4.3334,,0.0000,-1.9370,-1.9370,-1.9579,-1.9370,-2.7217,0.9747,1.2182,0,3
piano_felt,50,D3,0.7750,regular,felt,Felt,0.1250,2.3694,146.8320,293.7320,0.6958,1.3919,-0.9982,-4.2083,,0.0000,-2.0342,-2.0341,-2.0544,-2.0342,-2.4091,0.9778,1.2358,0,3
piano_felt,50,D3,0.8000,regular,felt,Felt,0.1250,2.3384,146.8320,293.7320,0.6867,1.3737,-0.9718,-4.0909,,0.0000,-2.1251,-2.1251,-2.1446,-2.1251,-2.1069,0.9808,1.2526,0,3
piano_felt,50,D3,0.8250,regular,felt,Felt,0.1250,2.3087,146.8320,293.7320,0.6780,1.3563,-0.9470,-3.9805,,0.0000,-2.2107,-2.2107,-2.2296,-2.2107,-1.8147,0.9836,1.2687,0,3
piano_felt,50,D3,0.8500,regular,felt,Felt,0.1250,2.2803,146.8320,293.7320,0.6697,1.3396,-0.9235,-3.8765,,0.0000,-2.2912,-2.2912,-2.3098,-2.2912,-1.5320,0.9862,1.2839,0,3
piano_felt,50,D3,0.8750,regular,felt,Felt,0.1250,2.2531,146.8320,293.7320,0.6617,1.3236,-0.9012,-3.7782,,0.0000,-2.3673,-2.3672,-2.3852,-2.3673,-1.2579,0.9888,1.2986,0,3
piano_felt,50,D3,0.9000,regular,felt,Felt,0.1250,2.2269,146.8320,293.7320,0.6540,1.3082,-0.8801,-3.6853,,0.0000,-2.4391,-2.4391,-2.4566,-2.4391,-0.9921,0.9912,1.3125,0,3
piano_felt,50,D3,0.9250,regular,felt,Felt,0.1250,2.2018,146.8320,293.7320,0.6466,1.2935,-0.8601,-3.5973,,0.0000,-2.5071,-2.5070,-2.5241,-2.5071,-0.7341,0.9935,1.3259,0,3
piano_felt,50,D3,0.9500,regular,felt,Felt,0.1250,2.1776,146.8320,293.7320,0.6395,1.2792,-0.8410,-3.5137,,0.0000,-2.5715,-2.5715,-2.5882,-2.5715,-0.4834,0.9956,1.3387,0,3
piano_felt,50,D3,0.9750,regular,felt,Felt,0.1250,2.1542,146.8320,293.7320,0.6326,1.2655,-0.8229,-3.4344,,0.0000,-2.6328,-2.6327,-2.6490,-2.6328,-0.2396,0.9977,1.3510,0,3
piano_felt,50,D3,1.0000,regular,felt,Felt,0.1250,2.1317,146.8320,293.7320,0.6260,1.2523,-0.8056,-3.3588,,0.0000,-2.6911,-2.6910,-2.7069,-2.6911,-0.0024,0.9997,1.3628,0,3
piano_felt,50,D3,0.2780,corpus,felt,Felt,0.1250,3.6245,146.8320,293.7320,1.0644,2.1293,-2.3883,-11.1453,,0.0000,3.5128,3.5127,3.4458,0.0000,-12.7042,0.8332,0.5560,0,3
piano_felt,50,D3,0.3030,corpus,felt,Felt,0.1250,3.4974,146.8320,293.7320,1.0271,2.0546,-2.2176,-10.1928,,0.0000,2.7309,2.7310,2.6720,0.0000,-11.7855,0.8497,0.6205,0,3
piano_felt,50,D3,0.3130,corpus,felt,Felt,0.1250,3.4506,146.8320,293.7320,1.0133,2.0271,-2.1565,-9.8609,,0.0000,2.4602,2.4601,2.4034,0.0000,-11.4425,0.8557,0.6446,0,3
piano_felt,50,D3,0.3280,corpus,felt,Felt,0.1250,3.3843,146.8320,293.7320,0.9938,1.9882,-2.0716,-9.4061,,0.0000,2.0901,2.0903,2.0370,0.0000,-10.9510,0.8641,0.6793,0,3
piano_felt,50,D3,0.3380,corpus,felt,Felt,0.1250,3.3424,146.8320,293.7320,0.9816,1.9636,-2.0189,-9.1280,,0.0000,1.8649,1.8648,1.8138,0.0000,-10.6374,0.8694,0.7014,0,3
piano_felt,50,D3,0.3630,corpus,felt,Felt,0.1250,3.2450,146.8320,293.7320,0.9529,1.9063,-1.8993,-8.5068,,0.0000,1.3632,1.3632,1.3166,0.0000,-9.8979,0.8815,0.7534,0,3
piano_felt,50,D3,0.4020,corpus,felt,Felt,0.1250,3.1105,146.8320,293.7320,0.9135,1.8273,-1.7407,-7.7046,,0.0000,0.7196,0.7196,0.6785,0.0000,-8.8530,0.8977,0.8263,0,3
piano_felt,50,D3,0.4270,corpus,felt,Felt,0.1250,3.0337,146.8320,293.7320,0.8909,1.7822,-1.6535,-7.2726,,0.0000,0.3750,0.3748,0.3365,0.0000,-8.2417,0.9068,0.8684,0,3
piano_felt,50,D3,0.4370,corpus,felt,Felt,0.1250,3.0047,146.8320,293.7320,0.8824,1.7652,-1.6212,-7.1143,,0.0000,0.2489,0.2489,0.2116,0.0000,-8.0084,0.9101,0.8844,0,3
piano_felt,50,D3,0.4520,corpus,felt,Felt,0.1250,2.9630,146.8320,293.7320,0.8701,1.7406,-1.5753,-6.8908,,0.0000,0.0713,0.0713,0.0356,0.0000,-7.6694,0.9149,0.9075,0,3
piano_felt,50,D3,0.4620,corpus,felt,Felt,0.1250,2.9362,146.8320,293.7320,0.8623,1.7249,-1.5463,-6.7502,,0.0000,-0.0404,-0.0403,-0.0754,-0.0404,-7.4503,0.9180,0.9223,0,3
piano_felt,50,D3,0.4870,corpus,felt,Felt,0.1250,2.8727,146.8320,293.7320,0.8436,1.6876,-1.4786,-6.4249,,0.0000,-0.2978,-0.2979,-0.3307,-0.2978,-6.9247,0.9252,0.9575,0,3
piano_felt,51,D#3,0.0500,regular,felt,Felt,0.1250,7.2708,155.5630,311.2060,2.2621,4.5254,-13.0503,-29.1632,3,-0.7581,10.8690,10.8692,10.7263,0.0000,-37.8555,0.2560,0.0733,0,3
piano_felt,51,D#3,0.0750,regular,felt,Felt,0.1250,6.1421,155.5630,311.2060,1.9110,3.8229,-8.5561,-23.0206,,0.0000,9.2206,9.2211,9.2690,0.0000,-29.8395,0.4295,0.1486,0,3
piano_felt,51,D#3,0.1000,regular,felt,Felt,0.1250,5.4492,155.5630,311.2060,1.6954,3.3917,-6.4918,-25.2007,,0.0000,13.4660,13.4658,13.6437,0.0000,-25.2764,0.5447,0.1156,0,3
piano_felt,51,D#3,0.1250,regular,felt,Felt,0.1250,4.9661,155.5630,311.2060,1.5451,3.0910,-5.2802,-35.5729,,0.0000,25.0514,25.0516,25.9119,0.0000,-22.1266,0.6263,0.0350,0,3
piano_felt,51,D#3,0.1500,regular,felt,Felt,0.1250,4.6033,155.5630,311.2060,1.4322,2.8652,-4.4755,-30.7047,,0.0000,20.9836,20.9835,20.4484,0.0000,-19.7383,0.6871,0.0614,0,3
piano_felt,51,D#3,0.1750,regular,felt,Felt,0.1250,4.3174,155.5630,311.2060,1.3432,2.6872,-3.8989,-22.4012,,0.0000,13.2575,13.2576,13.0289,0.0000,-17.8227,0.7342,0.1596,0,3
piano_felt,51,D#3,0.2000,regular,felt,Felt,0.1250,4.0840,155.5630,311.2060,1.2707,2.5420,-3.4639,-18.3686,,0.0000,9.6604,9.6603,9.5092,0.0000,-16.2278,0.7719,0.2538,0,3
piano_felt,51,D#3,0.2250,regular,felt,Felt,0.1250,3.8887,155.5630,311.2060,1.2099,2.4204,-3.1229,-15.7796,,0.0000,7.4126,7.4124,7.2980,0.0000,-14.8638,0.8028,0.3420,0,3
piano_felt,51,D#3,0.2500,regular,felt,Felt,0.1250,3.7219,155.5630,311.2060,1.1580,2.3166,-2.8480,-13.9242,,0.0000,5.8321,5.8320,5.7387,0.0000,-13.6737,0.8287,0.4234,0,3
piano_felt,51,D#3,0.2750,regular,felt,Felt,0.1250,3.5772,155.5630,311.2060,1.1130,2.2265,-2.6211,-12.5100,,0.0000,4.6447,4.6447,4.5655,0.0000,-12.6190,0.8506,0.4983,0,3
piano_felt,51,D#3,0.3000,regular,felt,Felt,0.1250,3.4501,155.5630,311.2060,1.0734,2.1474,-2.4305,-11.3877,,0.0000,3.7129,3.7129,3.6439,0.0000,-11.6726,0.8695,0.5670,0,3
piano_felt,51,D#3,0.3250,regular,felt,Felt,0.1250,3.3371,155.5630,311.2060,1.0382,2.0770,-2.2680,-10.4708,,0.0000,2.9586,2.9587,2.8974,0.0000,-10.8148,0.8859,0.6301,0,3
piano_felt,51,D#3,0.3500,regular,felt,Felt,0.1250,3.2357,155.5630,311.2060,1.0067,2.0140,-2.1275,-9.7052,,0.0000,2.3336,2.3335,2.2782,0.0000,-10.0306,0.9003,0.6882,0,3
piano_felt,51,D#3,0.3750,regular,felt,Felt,0.1250,3.1442,155.5630,311.2060,0.9782,1.9570,-2.0048,-9.0548,,0.0000,1.8057,1.8057,1.7550,0.0000,-9.3087,0.9131,0.7417,0,3
piano_felt,51,D#3,0.4000,regular,felt,Felt,0.1250,3.0609,155.5630,311.2060,0.9523,1.9051,-1.8967,-8.4942,,0.0000,1.3534,1.3533,1.3070,0.0000,-8.6400,0.9246,0.7912,0,3
piano_felt,51,D#3,0.4250,regular,felt,Felt,0.1250,2.9846,155.5630,311.2060,0.9286,1.8577,-1.8006,-8.0055,,0.0000,0.9607,0.9607,0.9176,0.0000,-8.0174,0.9348,0.8370,0,3
piano_felt,51,D#3,0.4500,regular,felt,Felt,0.1250,2.9145,155.5630,311.2060,0.9068,1.8140,-1.7146,-7.5752,,0.0000,0.6165,0.6164,0.5764,0.0000,-7.4348,0.9442,0.8795,0,3
piano_felt,51,D#3,0.4750,regular,felt,Felt,0.1250,2.8497,155.5630,311.2060,0.8866,1.7737,-1.6372,-7.1930,,0.0000,0.3116,0.3116,0.2740,0.0000,-6.8878,0.9526,0.9190,0,3
piano_felt,51,D#3,0.5000,regular,felt,Felt,0.1250,2.7895,155.5630,311.2060,0.8679,1.7362,-1.5670,-6.8511,,0.0000,0.0397,0.0398,0.0041,0.0000,-6.3722,0.9603,0.9559,0,3
piano_felt,51,D#3,0.5250,regular,felt,Felt,0.1250,2.7334,155.5630,311.2060,0.8504,1.7013,-1.5032,-6.5431,,0.0000,-0.2044,-0.2043,-0.2381,-0.2044,-5.8846,0.9674,0.9905,0,3
piano_felt,51,D#3,0.5500,regular,felt,Felt,0.1250,2.6810,155.5630,311.2060,0.8341,1.6687,-1.4447,-6.2641,,0.0000,-0.4248,-0.4248,-0.4569,-0.4248,-5.4220,0.9739,1.0228,0,3
piano_felt,51,D#3,0.5750,regular,felt,Felt,0.1250,2.6319,155.5630,311.2060,0.8189,1.6381,-1.3911,-6.0101,,0.0000,-0.6251,-0.6252,-0.6555,-0.6251,-4.9823,0.9800,1.0531,0,3
piano_felt,51,D#3,0.6000,regular,felt,Felt,0.1250,2.5857,155.5630,311.2060,0.8045,1.6094,-1.3416,-5.7778,,0.0000,-0.8080,-0.8080,-0.8369,-0.8080,-4.5630,0.9856,1.0817,0,3
piano_felt,51,D#3,0.6250,regular,felt,Felt,0.1250,2.5422,155.5630,311.2060,0.7909,1.5823,-1.2959,-5.5644,,0.0000,-0.9758,-0.9757,-1.0037,-0.9758,-4.1629,0.9908,1.1086,0,3
piano_felt,51,D#3,0.6500,regular,felt,Felt,0.1250,2.5010,155.5630,311.2060,0.7781,1.5567,-1.2534,-5.3676,,0.0000,-1.1301,-1.1300,-1.1568,-1.1301,-3.7797,0.9956,1.1340,0,3
piano_felt,51,D#3,0.6750,regular,felt,Felt,0.1250,2.4621,155.5630,311.2060,0.7660,1.5324,-1.2139,-5.1855,,0.0000,-1.2726,-1.2726,-1.2982,-1.2726,-3.4124,1.0002,1.1580,0,3
piano_felt,51,D#3,0.7000,regular,felt,Felt,0.1250,2.4251,155.5630,311.2060,0.7545,1.5094,-1.1770,-5.0165,,0.0000,-1.4048,-1.4047,-1.4294,-1.4048,-3.0596,1.0044,1.1808,0,3
piano_felt,51,D#3,0.7250,regular,felt,Felt,0.1250,2.3899,155.5630,311.2060,0.7436,1.4875,-1.1426,-4.8592,,0.0000,-1.5277,-1.5276,-1.5515,-1.5277,-2.7204,1.0084,1.2023,0,3
piano_felt,51,D#3,0.7500,regular,felt,Felt,0.1250,2.3565,155.5630,311.2060,0.7332,1.4667,-1.1102,-4.7123,,0.0000,-1.6422,-1.6421,-1.6651,-1.6422,-2.3935,1.0122,1.2228,0,3
piano_felt,51,D#3,0.7750,regular,felt,Felt,0.1250,2.3245,155.5630,311.2060,0.7232,1.4468,-1.0798,-4.5748,,0.0000,-1.7492,-1.7492,-1.7714,-1.7492,-2.0783,1.0157,1.2424,0,3
piano_felt,51,D#3,0.8000,regular,felt,Felt,0.1250,2.2940,155.5630,311.2060,0.7137,1.4278,-1.0512,-4.4459,,0.0000,-1.8494,-1.8495,-1.8710,-1.8494,-1.7739,1.0191,1.2609,0,3
piano_felt,51,D#3,0.8250,regular,felt,Felt,0.1250,2.2648,155.5630,311.2060,0.7047,1.4097,-1.0242,-4.3247,,0.0000,-1.9437,-1.9437,-1.9645,-1.9437,-1.4796,1.0223,1.2786,0,3
piano_felt,51,D#3,0.8500,regular,felt,Felt,0.1250,2.2369,155.5630,311.2060,0.6960,1.3923,-0.9986,-4.2105,,0.0000,-2.0322,-2.0323,-2.0525,-2.0322,-1.1948,1.0253,1.2955,0,3
piano_felt,51,D#3,0.8750,regular,felt,Felt,0.1250,2.2101,155.5630,311.2060,0.6876,1.3756,-0.9745,-4.1028,,0.0000,-2.1158,-2.1159,-2.1354,-2.1158,-0.9188,1.0281,1.3117,0,3
piano_felt,51,D#3,0.9000,regular,felt,Felt,0.1250,2.1843,155.5630,311.2060,0.6796,1.3595,-0.9515,-4.0009,,0.0000,-2.1947,-2.1948,-2.2139,-2.1947,-0.6512,1.0309,1.3272,0,3
piano_felt,51,D#3,0.9250,regular,felt,Felt,0.1250,2.1596,155.5630,311.2060,0.6719,1.3441,-0.9298,-3.9045,,0.0000,-2.2695,-2.2695,-2.2880,-2.2695,-0.3915,1.0334,1.3420,0,3
piano_felt,51,D#3,0.9500,regular,felt,Felt,0.1250,2.1357,155.5630,311.2060,0.6645,1.3293,-0.9091,-3.8130,,0.0000,-2.3403,-2.3403,-2.3585,-2.3403,-0.1392,1.0359,1.3562,0,3
piano_felt,51,D#3,0.9750,regular,felt,Felt,0.1250,2.1128,155.5630,311.2060,0.6573,1.3150,-0.8894,-3.7261,,0.0000,-2.4075,-2.4075,-2.4253,-2.4075,0.1062,1.0383,1.3699,0,3
piano_felt,51,D#3,1.0000,regular,felt,Felt,0.1250,2.0906,155.5630,311.2060,0.6505,1.3012,-0.8706,-3.6434,,0.0000,-2.4713,-2.4714,-2.4886,-2.4713,0.3449,1.0405,1.3830,0,3
piano_felt,51,D#3,0.2780,corpus,felt,Felt,0.1250,3.5611,155.5630,311.2060,1.1080,2.2165,-2.5965,-12.3621,,0.0000,4.5213,4.5213,4.4433,0.0000,-12.5002,0.8530,0.5069,0,3
piano_felt,51,D#3,0.3030,corpus,felt,Felt,0.1250,3.4358,155.5630,311.2060,1.0690,2.1385,-2.4097,-11.2681,,0.0000,3.6143,3.6142,3.5465,0.0000,-11.5653,0.8716,0.5749,0,3
piano_felt,51,D#3,0.3130,corpus,felt,Felt,0.1250,3.3897,155.5630,311.2060,1.0546,2.1098,-2.3429,-10.8893,,0.0000,3.3020,3.3021,3.2371,0.0000,-11.2166,0.8783,0.6005,0,3
piano_felt,51,D#3,0.3280,corpus,felt,Felt,0.1250,3.3243,155.5630,311.2060,1.0343,2.0691,-2.2500,-10.3718,,0.0000,2.8775,2.8776,2.8168,0.0000,-10.7171,0.8877,0.6374,0,3
piano_felt,51,D#3,0.3380,corpus,felt,Felt,0.1250,3.2830,155.5630,311.2060,1.0214,2.0434,-2.1925,-10.0565,,0.0000,2.6197,2.6198,2.5615,0.0000,-10.3987,0.8936,0.6609,0,3
piano_felt,51,D#3,0.3630,corpus,felt,Felt,0.1250,3.1870,155.5630,311.2060,0.9916,1.9836,-2.0617,-9.3544,,0.0000,2.0486,2.0485,1.9960,0.0000,-9.6481,0.9072,0.7166,0,3
piano_felt,51,D#3,0.4020,corpus,felt,Felt,0.1250,3.0545,155.5630,311.2060,0.9503,1.9012,-1.8886,-8.4527,,0.0000,1.3199,1.3199,1.2734,0.0000,-8.5886,0.9254,0.7950,0,3
piano_felt,51,D#3,0.4270,corpus,felt,Felt,0.1250,2.9788,155.5630,311.2060,0.9268,1.8540,-1.7934,-7.9691,,0.0000,0.9315,0.9315,0.8887,0.0000,-7.9694,0.9356,0.8405,0,3
piano_felt,51,D#3,0.4370,corpus,felt,Felt,0.1250,2.9503,155.5630,311.2060,0.9179,1.8363,-1.7582,-7.7924,,0.0000,0.7900,0.7900,0.7483,0.0000,-7.7331,0.9394,0.8578,0,3
piano_felt,51,D#3,0.4520,corpus,felt,Felt,0.1250,2.9091,155.5630,311.2060,0.9051,1.8107,-1.7082,-7.5430,,0.0000,0.5906,0.5906,0.5507,0.0000,-7.3900,0.9448,0.8827,0,3
piano_felt,51,D#3,0.4620,corpus,felt,Felt,0.1250,2.8827,155.5630,311.2060,0.8969,1.7943,-1.6765,-7.3863,,0.0000,0.4655,0.4656,0.4264,0.0000,-7.1682,0.9483,0.8988,0,3
piano_felt,51,D#3,0.4870,corpus,felt,Felt,0.1250,2.8202,155.5630,311.2060,0.8774,1.7553,-1.6027,-7.0243,,0.0000,0.1774,0.1774,0.1408,0.0000,-6.6366,0.9564,0.9371,0,3
piano_felt,52,E3,0.0500,regular,felt,Felt,0.1250,7.1610,164.8140,329.7220,2.3605,4.7223,-14.6755,-34.0499,3,-1.4738,14.1292,14.1304,13.8081,0.0000,-39.0619,0.2228,0.0438,0,3
piano_felt,52,E3,0.0750,regular,felt,Felt,0.1250,6.0459,164.8140,329.7220,1.9929,3.9869,-9.4604,-23.4629,,0.0000,8.7589,8.7592,8.7750,0.0000,-30.3253,0.4061,0.1482,0,3
piano_felt,52,E3,0.1000,regular,felt,Felt,0.1250,5.3617,164.8140,329.7220,1.7674,3.5357,-7.1346,-23.7643,,0.0000,11.3866,11.3865,11.5049,0.0000,-25.5006,0.5309,0.1431,0,3
piano_felt,52,E3,0.1250,regular,felt,Felt,0.1250,4.8848,164.8140,329.7220,1.6102,3.2212,-5.7840,-28.7972,,0.0000,17.7697,17.7707,18.1088,0.0000,-22.2119,0.6201,0.0802,0,3
piano_felt,52,E3,0.1500,regular,felt,Felt,0.1250,4.5267,164.8140,329.7220,1.4921,2.9851,-4.8921,-50.6000,,0.0000,40.4568,40.4475,36.4736,0.0000,-19.7364,0.6872,0.0065,0,3
piano_felt,52,E3,0.1750,regular,felt,Felt,0.1250,4.2446,164.8140,329.7220,1.3991,2.7991,-4.2554,-26.8564,,0.0000,17.3559,17.3560,16.9959,0.0000,-17.7608,0.7395,0.1003,0,3
piano_felt,52,E3,0.2000,regular,felt,Felt,0.1250,4.0145,164.8140,329.7220,1.3233,2.6473,-3.7762,-21.1537,,0.0000,12.1331,12.1330,11.9318,0.0000,-16.1217,0.7814,0.1933,0,3
piano_felt,52,E3,0.2250,regular,felt,Felt,0.1250,3.8218,164.8140,329.7220,1.2598,2.5203,-3.4014,-17.8662,,0.0000,9.2202,9.2205,9.0772,0.0000,-14.7238,0.8159,0.2822,0,3
piano_felt,52,E3,0.2500,regular,felt,Felt,0.1250,3.6574,164.8140,329.7220,1.2056,2.4118,-3.0995,-15.6159,,0.0000,7.2720,7.2721,7.1592,0.0000,-13.5067,0.8447,0.3657,0,3
piano_felt,52,E3,0.2750,regular,felt,Felt,0.1250,3.5147,164.8140,329.7220,1.1585,2.3178,-2.8508,-13.9437,,0.0000,5.8486,5.8486,5.7551,0.0000,-12.4303,0.8693,0.4433,0,3
piano_felt,52,E3,0.3000,regular,felt,Felt,0.1250,3.3893,164.8140,329.7220,1.1172,2.2351,-2.6420,-12.6376,,0.0000,4.7514,4.7513,4.6709,0.0000,-11.4657,0.8904,0.5153,0,3
piano_felt,52,E3,0.3250,regular,felt,Felt,0.1250,3.2779,164.8140,329.7220,1.0805,2.1616,-2.4641,-11.5824,,0.0000,3.8740,3.8741,3.8031,0.0000,-10.5926,0.9088,0.5818,0,3
piano_felt,52,E3,0.3500,regular,felt,Felt,0.1250,3.1781,164.8140,329.7220,1.0476,2.0958,-2.3105,-10.7084,,0.0000,3.1535,3.1536,3.0903,0.0000,-9.7953,0.9251,0.6434,0,3
piano_felt,52,E3,0.3750,regular,felt,Felt,0.1250,3.0878,164.8140,329.7220,1.0178,2.0363,-2.1765,-9.9703,,0.0000,2.5497,2.5496,2.4923,0.0000,-9.0619,0.9395,0.7005,0,3
piano_felt,52,E3,0.4000,regular,felt,Felt,0.1250,3.0058,164.8140,329.7220,0.9908,1.9821,-2.0584,-9.3373,,0.0000,2.0346,2.0348,1.9822,0.0000,-8.3834,0.9523,0.7534,0,3
piano_felt,52,E3,0.4250,regular,felt,Felt,0.1250,2.9306,164.8140,329.7220,0.9660,1.9326,-1.9535,-8.7877,,0.0000,1.5898,1.5900,1.5413,0.0000,-7.7519,0.9639,0.8026,0,3
piano_felt,52,E3,0.4500,regular,felt,Felt,0.1250,2.8615,164.8140,329.7220,0.9432,1.8870,-1.8597,-8.3052,,0.0000,1.2013,1.2014,1.1559,0.0000,-7.1615,0.9743,0.8485,0,3
piano_felt,52,E3,0.4750,regular,felt,Felt,0.1250,2.7977,164.8140,329.7220,0.9222,1.8449,-1.7752,-7.8779,,0.0000,0.8586,0.8585,0.8162,0.0000,-6.6074,0.9839,0.8913,0,3
piano_felt,52,E3,0.5000,regular,felt,Felt,0.1250,2.7384,164.8140,329.7220,0.9027,1.8058,-1.6987,-7.4964,,0.0000,0.5536,0.5536,0.5139,0.0000,-6.0854,0.9926,0.9313,0,3
piano_felt,52,E3,0.5250,regular,felt,Felt,0.1250,2.6832,164.8140,329.7220,0.8845,1.7694,-1.6291,-7.1536,,0.0000,0.2804,0.2804,0.2430,0.0000,-5.5920,1.0006,0.9688,0,3
piano_felt,52,E3,0.5500,regular,felt,Felt,0.1250,2.6316,164.8140,329.7220,0.8674,1.7354,-1.5654,-6.8436,,0.0000,0.0339,0.0340,-0.0015,0.0000,-5.1243,1.0079,1.0040,0,3
piano_felt,52,E3,0.5750,regular,felt,Felt,0.1250,2.5832,164.8140,329.7220,0.8515,1.7035,-1.5070,-6.5618,,0.0000,-0.1894,-0.1894,-0.2231,-0.1894,-4.6797,1.0147,1.0371,0,3
piano_felt,52,E3,0.6000,regular,felt,Felt,0.1250,2.5377,164.8140,329.7220,0.8365,1.6735,-1.4531,-6.3043,,0.0000,-0.3930,-0.3929,-0.4251,-0.3930,-4.2562,1.0210,1.0683,0,3
piano_felt,52,E3,0.6250,regular,felt,Felt,0.1250,2.4948,164.8140,329.7220,0.8224,1.6452,-1.4033,-6.0682,,0.0000,-0.5793,-0.5793,-0.6101,-0.5793,-3.8518,1.0269,1.0977,0,3
piano_felt,52,E3,0.6500,regular,felt,Felt,0.1250,2.4543,164.8140,329.7220,0.8090,1.6185,-1.3571,-5.8506,,0.0000,-0.7507,-0.7506,-0.7802,-0.7507,-3.4649,1.0324,1.1256,0,3
piano_felt,52,E3,0.6750,regular,felt,Felt,0.1250,2.4159,164.8140,329.7220,0.7964,1.5932,-1.3141,-5.6496,,0.0000,-0.9088,-0.9087,-0.9370,-0.9088,-3.0942,1.0375,1.1519,0,3
piano_felt,52,E3,0.7000,regular,felt,Felt,0.1250,2.3795,164.8140,329.7220,0.7844,1.5692,-1.2740,-5.4631,,0.0000,-1.0551,-1.0551,-1.0822,-1.0551,-2.7381,1.0423,1.1769,0,3
piano_felt,52,E3,0.7250,regular,felt,Felt,0.1250,2.3449,164.8140,329.7220,0.7730,1.5463,-1.2365,-5.2896,,0.0000,-1.1910,-1.1910,-1.2173,-1.1910,-2.3958,1.0468,1.2007,0,3
piano_felt,52,E3,0.7500,regular,felt,Felt,0.1250,2.3120,164.8140,329.7220,0.7621,1.5246,-1.2013,-5.1279,,0.0000,-1.3176,-1.3176,-1.3430,-1.3176,-2.0661,1.0511,1.2232,0,3
piano_felt,52,E3,0.7750,regular,felt,Felt,0.1250,2.2805,164.8140,329.7220,0.7517,1.5039,-1.1682,-4.9766,,0.0000,-1.4359,-1.4359,-1.4603,-1.4359,-1.7483,1.0551,1.2447,0,3
piano_felt,52,E3,0.8000,regular,felt,Felt,0.1250,2.2505,164.8140,329.7220,0.7418,1.4841,-1.1371,-4.8347,,0.0000,-1.5466,-1.5466,-1.5704,-1.5466,-1.4415,1.0589,1.2652,0,3
piano_felt,52,E3,0.8250,regular,felt,Felt,0.1250,2.2218,164.8140,329.7220,0.7324,1.4651,-1.1078,-4.7015,,0.0000,-1.6504,-1.6504,-1.6734,-1.6504,-1.1448,1.0624,1.2848,0,3
piano_felt,52,E3,0.8500,regular,felt,Felt,0.1250,2.1943,164.8140,329.7220,0.7233,1.4470,-1.0800,-4.5761,,0.0000,-1.7482,-1.7481,-1.7704,-1.7482,-0.8578,1.0658,1.3035,0,3
piano_felt,52,E3,0.8750,regular,felt,Felt,0.1250,2.1679,164.8140,329.7220,0.7146,1.4296,-1.0538,-4.4578,,0.0000,-1.8402,-1.8402,-1.8618,-1.8402,-0.5797,1.0691,1.3214,0,3
piano_felt,52,E3,0.9000,regular,felt,Felt,0.1250,2.1425,164.8140,329.7220,0.7062,1.4129,-1.0289,-4.3460,,0.0000,-1.9270,-1.9271,-1.9480,-1.9270,-0.3101,1.0721,1.3384,0,3
piano_felt,52,E3,0.9250,regular,felt,Felt,0.1250,2.1182,164.8140,329.7220,0.6982,1.3968,-1.0052,-4.2402,,0.0000,-2.0092,-2.0092,-2.0296,-2.0092,-0.0485,1.0751,1.3549,0,3
piano_felt,52,E3,0.9500,regular,felt,Felt,0.1250,2.0947,164.8140,329.7220,0.6905,1.3813,-0.9827,-4.1398,,0.0000,-2.0872,-2.0871,-2.1070,-2.0872,0.2056,1.0778,1.3706,0,3
piano_felt,52,E3,0.9750,regular,felt,Felt,0.1250,2.0721,164.8140,329.7220,0.6830,1.3664,-0.9613,-4.0446,,0.0000,-2.1609,-2.1609,-2.1804,-2.1609,0.4527,1.0805,1.3857,0,3
piano_felt,52,E3,1.0000,regular,felt,Felt,0.1250,2.0503,164.8140,329.7220,0.6758,1.3521,-0.9409,-3.9540,,0.0000,-2.2310,-2.2311,-2.2499,-2.2310,0.6931,1.0831,1.4002,0,3
piano_felt,52,E3,0.2780,corpus,felt,Felt,0.1250,3.4988,164.8140,329.7220,1.1533,2.3073,-2.8239,-13.7705,,0.0000,5.7025,5.7024,5.6108,0.0000,-12.3091,0.8720,0.4523,0,3
piano_felt,52,E3,0.3030,corpus,felt,Felt,0.1250,3.3753,164.8140,329.7220,1.1126,2.2258,-2.6192,-12.4994,,0.0000,4.6360,4.6360,4.5572,0.0000,-11.3565,0.8928,0.5235,0,3
piano_felt,52,E3,0.3130,corpus,felt,Felt,0.1250,3.3298,164.8140,329.7220,1.0976,2.1958,-2.5461,-12.0628,,0.0000,4.2724,4.2724,4.1975,0.0000,-11.0014,0.9003,0.5505,0,3
piano_felt,52,E3,0.3280,corpus,felt,Felt,0.1250,3.2654,164.8140,329.7220,1.0764,2.1533,-2.4445,-11.4690,,0.0000,3.7802,3.7803,3.7105,0.0000,-10.4931,0.9109,0.5895,0,3
piano_felt,52,E3,0.3380,corpus,felt,Felt,0.1250,3.2247,164.8140,329.7220,1.0630,2.1265,-2.3816,-11.1086,,0.0000,3.4827,3.4828,3.4160,0.0000,-10.1694,0.9175,0.6144,0,3
piano_felt,52,E3,0.3630,corpus,felt,Felt,0.1250,3.1301,164.8140,329.7220,1.0318,2.0641,-2.2386,-10.3098,,0.0000,2.8270,2.8270,2.7669,0.0000,-9.4066,0.9327,0.6736,0,3
piano_felt,52,E3,0.4020,corpus,felt,Felt,0.1250,2.9995,164.8140,329.7220,0.9887,1.9780,-2.0495,-9.2906,,0.0000,1.9967,1.9968,1.9443,0.0000,-8.3312,0.9533,0.7575,0,3
piano_felt,52,E3,0.4270,corpus,felt,Felt,0.1250,2.9249,164.8140,329.7220,0.9641,1.9288,-1.9456,-8.7468,,0.0000,1.5569,1.5570,1.5086,0.0000,-7.7032,0.9647,0.8064,0,3
piano_felt,52,E3,0.4370,corpus,felt,Felt,0.1250,2.8968,164.8140,329.7220,0.9549,1.9103,-1.9072,-8.5485,,0.0000,1.3970,1.3971,1.3501,0.0000,-7.4636,0.9690,0.8251,0,3
piano_felt,52,E3,0.4520,corpus,felt,Felt,0.1250,2.8562,164.8140,329.7220,0.9415,1.8835,-1.8526,-8.2691,,0.0000,1.1723,1.1724,1.1275,0.0000,-7.1159,0.9751,0.8520,0,3
piano_felt,52,E3,0.4620,corpus,felt,Felt,0.1250,2.8303,164.8140,329.7220,0.9329,1.8664,-1.8180,-8.0938,,0.0000,1.0315,1.0316,0.9880,0.0000,-6.8913,0.9790,0.8694,0,3
piano_felt,52,E3,0.4870,corpus,felt,Felt,0.1250,2.7687,164.8140,329.7220,0.9126,1.8258,-1.7375,-7.6896,,0.0000,0.7079,0.7078,0.6668,0.0000,-6.3531,0.9881,0.9108,0,3
piano_felt,53,F3,0.0500,regular,felt,Felt,0.1250,7.0527,174.6140,349.3410,2.4630,4.9276,-16.6277,-46.2414,3,-2.5338,24.3615,24.3651,22.9116,0.0000,-40.5898,0.1869,0.0113,0,3
piano_felt,53,F3,0.0750,regular,felt,Felt,0.1250,5.9510,174.6140,349.3410,2.0783,4.1579,-10.4865,-24.5073,3,-0.0658,8.7772,8.7773,8.7587,0.0000,-30.9271,0.3790,0.1380,0,3
piano_felt,53,F3,0.1000,regular,felt,Felt,0.1250,5.2754,174.6140,349.3410,1.8423,3.6859,-7.8523,-23.1009,,0.0000,10.0054,10.0053,10.0827,0.0000,-25.7941,0.5132,0.1622,0,3
piano_felt,53,F3,0.1250,regular,felt,Felt,0.1250,4.8047,174.6140,349.3410,1.6779,3.3569,-6.3421,-25.7162,,0.0000,14.1311,14.1311,14.3291,0.0000,-22.3457,0.6107,0.1200,0,3
piano_felt,53,F3,0.1500,regular,felt,Felt,0.1250,4.4514,174.6140,349.3410,1.5546,3.1101,-5.3516,-34.0476,,0.0000,23.4553,23.4548,24.1586,0.0000,-19.7715,0.6844,0.0460,0,3
piano_felt,53,F3,0.1750,regular,felt,Felt,0.1250,4.1730,174.6140,349.3410,1.4573,2.9156,-4.6473,-35.0817,,0.0000,25.1872,25.1873,24.3409,0.0000,-17.7282,0.7422,0.0408,0,3
piano_felt,53,F3,0.2000,regular,felt,Felt,0.1250,3.9460,174.6140,349.3410,1.3781,2.7570,-4.1188,-24.9707,,0.0000,15.6066,15.6069,15.3102,0.0000,-16.0400,0.7888,0.1308,0,3
piano_felt,53,F3,0.2250,regular,felt,Felt,0.1250,3.7561,174.6140,349.3410,1.3117,2.6243,-3.7062,-20.4888,,0.0000,11.5380,11.5379,11.3497,0.0000,-14.6043,0.8272,0.2191,0,3
piano_felt,53,F3,0.2500,regular,felt,Felt,0.1250,3.5939,174.6140,349.3410,1.2551,2.5110,-3.3746,-17.6569,,0.0000,9.0377,9.0378,8.8975,0.0000,-13.3575,0.8594,0.3036,0,3
piano_felt,53,F3,0.2750,regular,felt,Felt,0.1250,3.4532,174.6140,349.3410,1.2060,2.4127,-3.1017,-15.6328,,0.0000,7.2870,7.2868,7.1744,0.0000,-12.2567,0.8868,0.3832,0,3
piano_felt,53,F3,0.3000,regular,felt,Felt,0.1250,3.3297,174.6140,349.3410,1.1628,2.3264,-2.8728,-14.0879,,0.0000,5.9708,5.9707,5.8756,0.0000,-11.2721,0.9105,0.4579,0,3
piano_felt,53,F3,0.3250,regular,felt,Felt,0.1250,3.2199,174.6140,349.3410,1.1245,2.2497,-2.6780,-12.8584,,0.0000,4.9360,4.9361,4.8535,0.0000,-10.3820,0.9311,0.5275,0,3
piano_felt,53,F3,0.3500,regular,felt,Felt,0.1250,3.1214,174.6140,349.3410,1.0901,2.1809,-2.5099,-11.8507,,0.0000,4.0964,4.0965,4.0234,0.0000,-9.5704,0.9493,0.5924,0,3
piano_felt,53,F3,0.3750,regular,felt,Felt,0.1250,3.0325,174.6140,349.3410,1.0590,2.1188,-2.3634,-11.0065,,0.0000,3.3989,3.3989,3.3331,0.0000,-8.8245,0.9655,0.6528,0,3
piano_felt,53,F3,0.4000,regular,felt,Felt,0.1250,2.9516,174.6140,349.3410,1.0308,2.0623,-2.2343,-10.2871,,0.0000,2.8085,2.8085,2.7484,0.0000,-8.1348,0.9799,0.7092,0,3
piano_felt,53,F3,0.4250,regular,felt,Felt,0.1250,2.8776,174.6140,349.3410,1.0049,2.0105,-2.1198,-9.6652,,0.0000,2.3014,2.3012,2.2467,0.0000,-7.4936,0.9930,0.7618,0,3
piano_felt,53,F3,0.4500,regular,felt,Felt,0.1250,2.8095,174.6140,349.3410,0.9812,1.9630,-2.0173,-9.1216,,0.0000,1.8599,1.8601,1.8089,0.0000,-6.8948,1.0047,0.8111,0,3
piano_felt,53,F3,0.4750,regular,felt,Felt,0.1250,2.7466,174.6140,349.3410,0.9592,1.9190,-1.9251,-8.6417,,0.0000,1.4723,1.4724,1.4249,0.0000,-6.3330,1.0154,0.8571,0,3
piano_felt,53,F3,0.5000,regular,felt,Felt,0.1250,2.6882,174.6140,349.3410,0.9388,1.8782,-1.8417,-8.2146,,0.0000,1.1287,1.1286,1.0841,0.0000,-5.8040,1.0252,0.9003,0,3
piano_felt,53,F3,0.5250,regular,felt,Felt,0.1250,2.6339,174.6140,349.3410,0.9198,1.8402,-1.7658,-7.8315,,0.0000,0.8215,0.8215,0.7796,0.0000,-5.3043,1.0343,0.9409,0,3
piano_felt,53,F3,0.5500,regular,felt,Felt,0.1250,2.5830,174.6140,349.3410,0.9021,1.8047,-1.6964,-7.4859,,0.0000,0.5454,0.5453,0.5058,0.0000,-4.8308,1.0425,0.9791,0,3
piano_felt,53,F3,0.5750,regular,felt,Felt,0.1250,2.5354,174.6140,349.3410,0.8854,1.7714,-1.6327,-7.1723,,0.0000,0.2953,0.2953,0.2576,0.0000,-4.3811,1.0502,1.0151,0,3
piano_felt,53,F3,0.6000,regular,felt,Felt,0.1250,2.4906,174.6140,349.3410,0.8698,1.7401,-1.5741,-6.8863,,0.0000,0.0680,0.0680,0.0321,0.0000,-3.9528,1.0573,1.0491,0,3
piano_felt,53,F3,0.6250,regular,felt,Felt,0.1250,2.4484,174.6140,349.3410,0.8550,1.7106,-1.5198,-6.6242,,0.0000,-0.1399,-0.1398,-0.1739,-0.1399,-3.5440,1.0639,1.0812,0,3
piano_felt,53,F3,0.6500,regular,felt,Felt,0.1250,2.4085,174.6140,349.3410,0.8411,1.6828,-1.4695,-6.3832,,0.0000,-0.3306,-0.3305,-0.3633,-0.3306,-3.1530,1.0701,1.1117,0,3
piano_felt,53,F3,0.6750,regular,felt,Felt,0.1250,2.3707,174.6140,349.3410,0.8279,1.6564,-1.4227,-6.1607,,0.0000,-0.5063,-0.5063,-0.5376,-0.5063,-2.7783,1.0759,1.1405,0,3
piano_felt,53,F3,0.7000,regular,felt,Felt,0.1250,2.3348,174.6140,349.3410,0.8154,1.6313,-1.3791,-5.9545,,0.0000,-0.6688,-0.6688,-0.6989,-0.6688,-2.4188,1.0813,1.1679,0,3
piano_felt,53,F3,0.7250,regular,felt,Felt,0.1250,2.3008,174.6140,349.3410,0.8035,1.6075,-1.3383,-5.7629,,0.0000,-0.8196,-0.8196,-0.8486,-0.8196,-2.0733,1.0864,1.1939,0,3
piano_felt,53,F3,0.7500,regular,felt,Felt,0.1250,2.2683,174.6140,349.3410,0.7922,1.5848,-1.3000,-5.5844,,0.0000,-0.9598,-0.9598,-0.9878,-0.9598,-1.7405,1.0912,1.2187,0,3
piano_felt,53,F3,0.7750,regular,felt,Felt,0.1250,2.2374,174.6140,349.3410,0.7814,1.5632,-1.2641,-5.4176,,0.0000,-1.0907,-1.0907,-1.1177,-1.0907,-1.4197,1.0958,1.2424,0,3
piano_felt,53,F3,0.8000,regular,felt,Felt,0.1250,2.2078,174.6140,349.3410,0.7710,1.5426,-1.2302,-5.2613,,0.0000,-1.2132,-1.2131,-1.2393,-1.2132,-1.1101,1.1000,1.2649,0,3
piano_felt,53,F3,0.8250,regular,felt,Felt,0.1250,2.1796,174.6140,349.3410,0.7612,1.5228,-1.1983,-5.1146,,0.0000,-1.3279,-1.3279,-1.3533,-1.3279,-0.8109,1.1041,1.2865,0,3
piano_felt,53,F3,0.8500,regular,felt,Felt,0.1250,2.1525,174.6140,349.3410,0.7517,1.5039,-1.1682,-4.9766,,0.0000,-1.4357,-1.4358,-1.4602,-1.4357,-0.5215,1.1079,1.3071,0,3
piano_felt,53,F3,0.8750,regular,felt,Felt,0.1250,2.1265,174.6140,349.3410,0.7426,1.4857,-1.1396,-4.8465,,0.0000,-1.5372,-1.5373,-1.5609,-1.5372,-0.2411,1.1116,1.3268,0,3
piano_felt,53,F3,0.9000,regular,felt,Felt,0.1250,2.1015,174.6140,349.3410,0.7339,1.4683,-1.1126,-4.7236,,0.0000,-1.6330,-1.6331,-1.6561,-1.6330,0.0307,1.1150,1.3457,0,3
piano_felt,53,F3,0.9250,regular,felt,Felt,0.1250,2.0776,174.6140,349.3410,0.7255,1.4516,-1.0869,-4.6074,,0.0000,-1.7237,-1.7237,-1.7461,-1.7237,0.2942,1.1183,1.3638,0,3
piano_felt,53,F3,0.9500,regular,felt,Felt,0.1250,2.0545,174.6140,349.3410,0.7175,1.4354,-1.0624,-4.4973,,0.0000,-1.8094,-1.8094,-1.8312,-1.8094,0.5504,1.1215,1.3812,0,3
piano_felt,53,F3,0.9750,regular,felt,Felt,0.1250,2.0323,174.6140,349.3410,0.7097,1.4199,-1.0392,-4.3927,,0.0000,-1.8907,-1.8907,-1.9120,-1.8907,0.7992,1.1245,1.3979,0,3
piano_felt,53,F3,1.0000,regular,felt,Felt,0.1250,2.0108,174.6140,349.3410,0.7022,1.4049,-1.0170,-4.2934,,0.0000,-1.9678,-1.9679,-1.9885,-1.9678,1.0413,1.1274,1.4140,0,3
piano_felt,53,F3,0.2780,corpus,felt,Felt,0.1250,3.4376,174.6140,349.3410,1.2005,2.4018,-3.0721,-15.4263,,0.0000,7.1098,7.1098,6.9998,0.0000,-12.1330,0.8898,0.3925,0,3
piano_felt,53,F3,0.3030,corpus,felt,Felt,0.1250,3.3158,174.6140,349.3410,1.1580,2.3167,-2.8478,-13.9260,,0.0000,5.8340,5.8338,5.7406,0.0000,-11.1607,0.9131,0.4665,0,3
piano_felt,53,F3,0.3130,corpus,felt,Felt,0.1250,3.2710,174.6140,349.3410,1.1423,2.2854,-2.7678,-13.4162,,0.0000,5.4043,5.4041,5.3162,0.0000,-10.7985,0.9216,0.4947,0,3
piano_felt,53,F3,0.3280,corpus,felt,Felt,0.1250,3.2075,174.6140,349.3410,1.1201,2.2410,-2.6565,-12.7271,,0.0000,4.8262,4.8263,4.7453,0.0000,-10.2808,0.9334,0.5355,0,3
piano_felt,53,F3,0.3380,corpus,felt,Felt,0.1250,3.1674,174.6140,349.3410,1.1061,2.2130,-2.5876,-12.3110,,0.0000,4.4791,4.4791,4.4018,0.0000,-9.9510,0.9409,0.5618,0,3
piano_felt,53,F3,0.3630,corpus,felt,Felt,0.1250,3.0741,174.6140,349.3410,1.0736,2.1478,-2.4313,-11.3941,,0.0000,3.7185,3.7186,3.6494,0.0000,-9.1749,0.9580,0.6243,0,3
piano_felt,53,F3,0.4020,corpus,felt,Felt,0.1250,2.9455,174.6140,349.3410,1.0286,2.0580,-2.2247,-10.2340,,0.0000,2.7652,2.7651,2.7057,0.0000,-8.0818,0.9810,0.7136,0,3
piano_felt,53,F3,0.4270,corpus,felt,Felt,0.1250,2.8720,174.6140,349.3410,1.0030,2.0066,-2.1111,-9.6191,,0.0000,2.2630,2.2637,2.2065,0.0000,-7.4450,0.9939,0.7659,0,3
piano_felt,53,F3,0.4370,corpus,felt,Felt,0.1250,2.8443,174.6140,349.3410,0.9933,1.9872,-2.0692,-9.3955,,0.0000,2.0820,2.0821,2.0293,0.0000,-7.2013,0.9987,0.7859,0,3
piano_felt,53,F3,0.4520,corpus,felt,Felt,0.1250,2.8043,174.6140,349.3410,0.9794,1.9593,-2.0096,-9.0811,,0.0000,1.8271,1.8272,1.7766,0.0000,-6.8486,1.0056,0.8148,0,3
piano_felt,53,F3,0.4620,corpus,felt,Felt,0.1250,2.7787,174.6140,349.3410,0.9704,1.9415,-1.9719,-8.8841,,0.0000,1.6679,1.6680,1.6187,0.0000,-6.6207,1.0100,0.8335,0,3
piano_felt,53,F3,0.4870,corpus,felt,Felt,0.1250,2.7181,174.6140,349.3410,0.9492,1.8991,-1.8841,-8.4307,,0.0000,1.3024,1.3024,1.2564,0.0000,-6.0751,1.0203,0.8782,0,3
piano_felt,54,F#3,0.0500,regular,felt,Felt,0.1250,6.9460,184.9970,370.1280,2.5700,5.1418,-19.0494,-41.2267,3,-4.0784,16.9377,16.9377,18.0122,0.0000,-42.5808,0.1486,0.0211,0,3
piano_felt,54,F#3,0.0750,regular,felt,Felt,0.1250,5.8576,184.9970,370.1280,2.1673,4.3362,-11.6607,-26.2812,3,-0.3034,9.3762,9.3768,9.3112,0.0000,-31.6709,0.3478,0.1182,0,3
piano_felt,54,F#3,0.1000,regular,felt,Felt,0.1250,5.1905,184.9970,370.1280,1.9205,3.8423,-8.6572,-23.0437,,0.0000,9.1430,9.1432,9.1865,0.0000,-26.1686,0.4916,0.1716,0,3
piano_felt,54,F#3,0.1250,regular,felt,Felt,0.1250,4.7259,184.9970,370.1280,1.7485,3.4984,-6.9623,-24.0470,,0.0000,11.8417,11.8415,11.9725,0.0000,-22.5353,0.5975,0.1528,0,3
piano_felt,54,F#3,0.1500,regular,felt,Felt,0.1250,4.3773,184.9970,370.1280,1.6196,3.2403,-5.8594,-28.2240,,0.0000,17.1215,17.1220,17.4298,0.0000,-19.8490,0.6784,0.0945,0,3
piano_felt,54,F#3,0.1750,regular,felt,Felt,0.1250,4.1027,184.9970,370.1280,1.5180,3.0370,-5.0789,-43.0151,,0.0000,32.6993,32.6999,35.0108,0.0000,-17.7294,0.7421,0.0172,0,3
piano_felt,54,F#3,0.2000,regular,felt,Felt,0.1250,3.8788,184.9970,370.1280,1.4351,2.8713,-4.4951,-31.1431,,0.0000,21.4023,21.4020,20.8426,0.0000,-15.9858,0.7937,0.0675,0,3
piano_felt,54,F#3,0.2250,regular,felt,Felt,0.1250,3.6914,184.9970,370.1280,1.3658,2.7326,-4.0405,-24.0053,,0.0000,14.7198,14.7199,14.4501,0.0000,-14.5082,0.8364,0.1536,0,3
piano_felt,54,F#3,0.2500,regular,felt,Felt,0.1250,3.5315,184.9970,370.1280,1.3066,2.6142,-3.6757,-20.2089,,0.0000,11.2884,11.2886,11.1062,0.0000,-13.2282,0.8723,0.2378,0,3
piano_felt,54,F#3,0.2750,regular,felt,Felt,0.1250,3.3929,184.9970,370.1280,1.2553,2.5116,-3.3760,-17.6699,,0.0000,9.0495,9.0494,8.9096,0.0000,-12.1006,0.9029,0.3185,0,3
piano_felt,54,F#3,0.3000,regular,felt,Felt,0.1250,3.2710,184.9970,370.1280,1.2103,2.4214,-3.1249,-15.7988,,0.0000,7.4294,7.4295,7.3145,0.0000,-11.0938,0.9294,0.3951,0,3
piano_felt,54,F#3,0.3250,regular,felt,Felt,0.1250,3.1628,184.9970,370.1280,1.1702,2.3413,-2.9114,-14.3416,,0.0000,6.1859,6.1859,6.0880,0.0000,-10.1851,0.9525,0.4673,0,3
piano_felt,54,F#3,0.3500,regular,felt,Felt,0.1250,3.0658,184.9970,370.1280,1.1343,2.2695,-2.7274,-13.1648,,0.0000,5.1931,5.1931,5.1076,0.0000,-9.3574,0.9729,0.5351,0,3
piano_felt,54,F#3,0.3750,regular,felt,Felt,0.1250,2.9782,184.9970,370.1280,1.1019,2.2046,-2.5670,-12.1892,,0.0000,4.3779,4.3779,4.3019,0.0000,-8.5977,0.9910,0.5987,0,3
piano_felt,54,F#3,0.4000,regular,felt,Felt,0.1250,2.8985,184.9970,370.1280,1.0724,2.1456,-2.4259,-11.3643,,0.0000,3.6941,3.6941,3.6252,0.0000,-7.8960,1.0073,0.6583,0,3
piano_felt,54,F#3,0.4250,regular,felt,Felt,0.1250,2.8256,184.9970,370.1280,1.0454,2.0916,-2.3007,-10.6558,,0.0000,3.1107,3.1108,3.0480,0.0000,-7.2442,1.0219,0.7143,0,3
piano_felt,54,F#3,0.4500,regular,felt,Felt,0.1250,2.7585,184.9970,370.1280,1.0206,2.0420,-2.1889,-10.0394,,0.0000,2.6063,2.6063,2.5485,0.0000,-6.6359,1.0351,0.7668,0,3
piano_felt,54,F#3,0.4750,regular,felt,Felt,0.1250,2.6965,184.9970,370.1280,0.9977,1.9961,-2.0882,-9.4976,,0.0000,2.1649,2.1651,2.1113,0.0000,-6.0658,1.0472,0.8161,0,3
piano_felt,54,F#3,0.5000,regular,felt,Felt,0.1250,2.6390,184.9970,370.1280,0.9764,1.9535,-1.9972,-9.0169,,0.0000,1.7755,1.7755,1.7252,0.0000,-5.5291,1.0582,0.8626,0,3
piano_felt,54,F#3,0.5250,regular,felt,Felt,0.1250,2.5855,184.9970,370.1280,0.9566,1.9139,-1.9144,-8.5871,,0.0000,1.4285,1.4285,1.3813,0.0000,-5.0225,1.0684,0.9063,0,3
piano_felt,54,F#3,0.5500,regular,felt,Felt,0.1250,2.5354,184.9970,370.1280,0.9381,1.8768,-1.8387,-8.2003,,0.0000,1.1174,1.1173,1.0730,0.0000,-4.5427,1.0777,0.9476,0,3
piano_felt,54,F#3,0.5750,regular,felt,Felt,0.1250,2.4885,184.9970,370.1280,0.9207,1.8421,-1.7693,-7.8500,,0.0000,0.8365,0.8365,0.7942,0.0000,-4.0872,1.0863,0.9866,0,3
piano_felt,54,F#3,0.6000,regular,felt,Felt,0.1250,2.4443,184.9970,370.1280,0.9044,1.8094,-1.7054,-7.5312,,0.0000,0.5816,0.5816,0.5417,0.0000,-3.6536,1.0944,1.0235,0,3
piano_felt,54,F#3,0.6250,regular,felt,Felt,0.1250,2.4028,184.9970,370.1280,0.8890,1.7787,-1.6463,-7.2396,,0.0000,0.3491,0.3491,0.3109,0.0000,-3.2400,1.1018,1.0584,0,3
piano_felt,54,F#3,0.6500,regular,felt,Felt,0.1250,2.3635,184.9970,370.1280,0.8745,1.7496,-1.5916,-6.9718,,0.0000,0.1361,0.1360,0.0999,0.0000,-2.8445,1.1088,1.0916,0,3
piano_felt,54,F#3,0.6750,regular,felt,Felt,0.1250,2.3263,184.9970,370.1280,0.8607,1.7221,-1.5406,-6.7249,,0.0000,-0.0600,-0.0600,-0.0947,-0.0600,-2.4658,1.1153,1.1231,0,3
piano_felt,54,F#3,0.7000,regular,felt,Felt,0.1250,2.2910,184.9970,370.1280,0.8477,1.6959,-1.4931,-6.4964,,0.0000,-0.2408,-0.2409,-0.2742,-0.2408,-2.1024,1.1215,1.1530,0,3
piano_felt,54,F#3,0.7250,regular,felt,Felt,0.1250,2.2575,184.9970,370.1280,0.8352,1.6711,-1.4487,-6.2843,,0.0000,-0.4085,-0.4086,-0.4406,-0.4085,-1.7531,1.1272,1.1815,0,3
piano_felt,54,F#3,0.7500,regular,felt,Felt,0.1250,2.2255,184.9970,370.1280,0.8234,1.6475,-1.4070,-6.0869,,0.0000,-0.5644,-0.5644,-0.5953,-0.5644,-1.4171,1.1326,1.2087,0,3
piano_felt,54,F#3,0.7750,regular,felt,Felt,0.1250,2.1951,184.9970,370.1280,0.8122,1.6249,-1.3679,-5.9025,,0.0000,-0.7096,-0.7096,-0.7392,-0.7096,-1.0932,1.1377,1.2346,0,3
piano_felt,54,F#3,0.8000,regular,felt,Felt,0.1250,2.1660,184.9970,370.1280,0.8014,1.6034,-1.3311,-5.7300,,0.0000,-0.8453,-0.8453,-0.8739,-0.8453,-0.7806,1.1426,1.2593,0,3
piano_felt,54,F#3,0.8250,regular,felt,Felt,0.1250,2.1381,184.9970,370.1280,0.7911,1.5828,-1.2964,-5.5682,,0.0000,-0.9724,-0.9724,-1.0002,-0.9724,-0.4787,1.1471,1.2830,0,3
piano_felt,54,F#3,0.8500,regular,felt,Felt,0.1250,2.1115,184.9970,370.1280,0.7812,1.5630,-1.2636,-5.4161,,0.0000,-1.0917,-1.0917,-1.1188,-1.0917,-0.1865,1.1515,1.3057,0,3
piano_felt,54,F#3,0.8750,regular,felt,Felt,0.1250,2.0859,184.9970,370.1280,0.7718,1.5441,-1.2326,-5.2728,,0.0000,-1.2040,-1.2040,-1.2300,-1.2040,0.0963,1.1556,1.3274,0,3
piano_felt,54,F#3,0.9000,regular,felt,Felt,0.1250,2.0614,184.9970,370.1280,0.7627,1.5259,-1.2032,-5.1376,,0.0000,-1.3099,-1.3099,-1.3353,-1.3099,0.3703,1.1595,1.3482,0,3
piano_felt,54,F#3,0.9250,regular,felt,Felt,0.1250,2.0378,184.9970,370.1280,0.7540,1.5085,-1.1753,-5.0097,,0.0000,-1.4098,-1.4098,-1.4344,-1.4098,0.6363,1.1633,1.3682,0,3
piano_felt,54,F#3,0.9500,regular,felt,Felt,0.1250,2.0150,184.9970,370.1280,0.7456,1.4916,-1.1488,-4.8886,,0.0000,-1.5043,-1.5044,-1.5283,-1.5043,0.8945,1.1668,1.3874,0,3
piano_felt,54,F#3,0.9750,regular,felt,Felt,0.1250,1.9932,184.9970,370.1280,0.7375,1.4755,-1.1235,-4.7737,,0.0000,-1.5940,-1.5940,-1.6175,-1.5940,1.1453,1.1702,1.4059,0,3
piano_felt,54,F#3,1.0000,regular,felt,Felt,0.1250,1.9721,184.9970,370.1280,0.7297,1.4598,-1.0994,-4.6646,,0.0000,-1.6791,-1.6790,-1.7018,-1.6791,1.3893,1.1734,1.4237,0,3
piano_felt,54,F#3,0.2780,corpus,felt,Felt,0.1250,3.3774,184.9970,370.1280,1.2496,2.5002,-3.3435,-17.4168,,0.0000,8.8287,8.8289,8.6924,0.0000,-11.9740,0.9063,0.3280,0,3
piano_felt,54,F#3,0.3030,corpus,felt,Felt,0.1250,3.2574,184.9970,370.1280,1.2052,2.4113,-3.0975,-15.6055,,0.0000,7.2635,7.2636,7.1508,0.0000,-10.9800,0.9323,0.4040,0,3
piano_felt,54,F#3,0.3130,corpus,felt,Felt,0.1250,3.2132,184.9970,370.1280,1.1889,2.3786,-3.0098,-14.9996,,0.0000,6.7454,6.7455,6.6402,0.0000,-10.6103,0.9418,0.4332,0,3
piano_felt,54,F#3,0.3280,corpus,felt,Felt,0.1250,3.1506,184.9970,370.1280,1.1657,2.3323,-2.8879,-14.1875,,0.0000,6.0554,6.0553,5.9593,0.0000,-10.0817,0.9551,0.4756,0,3
piano_felt,54,F#3,0.3380,corpus,felt,Felt,0.1250,3.1111,184.9970,370.1280,1.1511,2.3030,-2.8125,-13.7006,,0.0000,5.6439,5.6438,5.5532,0.0000,-9.7454,0.9634,0.5031,0,3
piano_felt,54,F#3,0.3630,corpus,felt,Felt,0.1250,3.0192,184.9970,370.1280,1.1171,2.2350,-2.6414,-12.6360,,0.0000,4.7505,4.7504,4.6703,0.0000,-8.9544,0.9826,0.5686,0,3
piano_felt,54,F#3,0.4020,corpus,felt,Felt,0.1250,2.8924,184.9970,370.1280,1.0702,2.1411,-2.4154,-11.3037,,0.0000,3.6441,3.6441,3.5758,0.0000,-7.8421,1.0085,0.6629,0,3
piano_felt,54,F#3,0.4270,corpus,felt,Felt,0.1250,2.8200,184.9970,370.1280,1.0434,2.0875,-2.2913,-10.6033,,0.0000,3.0678,3.0678,3.0052,0.0000,-7.1940,1.0230,0.7186,0,3
piano_felt,54,F#3,0.4370,corpus,felt,Felt,0.1250,2.7927,184.9970,370.1280,1.0333,2.0673,-2.2455,-10.3496,,0.0000,2.8600,2.8599,2.7997,0.0000,-6.9471,1.0284,0.7399,0,3
piano_felt,54,F#3,0.4520,corpus,felt,Felt,0.1250,2.7534,184.9970,370.1280,1.0187,2.0382,-2.1804,-9.9935,,0.0000,2.5690,2.5689,2.5113,0.0000,-6.5889,1.0361,0.7709,0,3
piano_felt,54,F#3,0.4620,corpus,felt,Felt,0.1250,2.7282,184.9970,370.1280,1.0094,2.0195,-2.1393,-9.7709,,0.0000,2.3875,2.3875,2.3317,0.0000,-6.3576,1.0411,0.7909,0,3
piano_felt,54,F#3,0.4870,corpus,felt,Felt,0.1250,2.6684,184.9970,370.1280,0.9873,1.9753,-2.0434,-9.2599,,0.0000,1.9723,1.9723,1.9202,0.0000,-5.8041,1.0526,0.8388,0,3
piano_felt,55,G3,0.0500,regular,felt,Felt,0.1250,6.8407,195.9980,392.1540,2.6815,5.3652,-22.2163,-34.1846,3,-6.3816,6.7265,6.7272,7.2575,0.0000,-45.3112,0.1085,0.0500,0,3
piano_felt,55,G3,0.0750,regular,felt,Felt,0.1250,5.7656,195.9980,392.1540,2.2601,4.5220,-13.0188,-29.0992,3,-0.7461,10.8361,10.8368,10.6960,0.0000,-32.5923,0.3128,0.0898,0,3
piano_felt,55,G3,0.1000,regular,felt,Felt,0.1250,5.1069,195.9980,392.1540,2.0019,4.0054,-9.5645,-23.5472,3,-0.0000,8.7396,8.7394,8.7526,0.0000,-26.6392,0.4656,0.1702,0,3
piano_felt,55,G3,0.1250,regular,felt,Felt,0.1250,4.6483,195.9980,392.1540,1.8221,3.6457,-7.6538,-23.2127,,0.0000,10.3157,10.3157,10.4025,0.0000,-22.7905,0.5802,0.1769,0,3
piano_felt,55,G3,0.1500,regular,felt,Felt,0.1250,4.3043,195.9980,392.1540,1.6873,3.3759,-6.4219,-25.4245,,0.0000,13.7592,13.7595,13.9457,0.0000,-19.9751,0.6686,0.1371,0,3
piano_felt,55,G3,0.1750,regular,felt,Felt,0.1250,4.0334,195.9980,392.1540,1.5811,3.1635,-5.5552,-30.9973,,0.0000,20.2003,20.2000,20.6660,0.0000,-17.7694,0.7387,0.0722,0,3
piano_felt,55,G3,0.2000,regular,felt,Felt,0.1250,3.8126,195.9980,392.1540,1.4945,2.9902,-4.9091,-54.2942,,0.0000,44.1239,44.1147,38.6214,0.0000,-15.9634,0.7958,0.0049,1,3
piano_felt,55,G3,0.2250,regular,felt,Felt,0.1250,3.6279,195.9980,392.1540,1.4221,2.8454,-4.4075,-29.3970,,0.0000,19.7442,19.7440,19.2767,0.0000,-14.4388,0.8431,0.0868,0,3
piano_felt,55,G3,0.2500,regular,felt,Felt,0.1250,3.4702,195.9980,392.1540,1.3603,2.7217,-4.0057,-23.6000,,0.0000,14.3494,14.3496,14.0913,0.0000,-13.1218,0.8830,0.1692,0,3
piano_felt,55,G3,0.2750,regular,felt,Felt,0.1250,3.3335,195.9980,392.1540,1.3067,2.6145,-3.6762,-20.2160,,0.0000,11.2957,11.2953,11.1133,0.0000,-11.9644,0.9172,0.2498,0,3
piano_felt,55,G3,0.3000,regular,felt,Felt,0.1250,3.2134,195.9980,392.1540,1.2596,2.5203,-3.4005,-17.8664,,0.0000,9.2216,9.2215,9.0784,0.0000,-10.9331,0.9467,0.3275,0,3
piano_felt,55,G3,0.3250,regular,felt,Felt,0.1250,3.1068,195.9980,392.1540,1.2178,2.4366,-3.1663,-16.0965,,0.0000,7.6858,7.6858,7.5673,0.0000,-10.0036,0.9726,0.4015,0,3
piano_felt,55,G3,0.3500,regular,felt,Felt,0.1250,3.0112,195.9980,392.1540,1.1804,2.3617,-2.9647,-14.6970,,0.0000,6.4882,6.4880,6.3861,0.0000,-9.1583,0.9954,0.4716,0,3
piano_felt,55,G3,0.3750,regular,felt,Felt,0.1250,2.9248,195.9980,392.1540,1.1465,2.2940,-2.7891,-13.5537,,0.0000,5.5203,5.5203,5.4310,0.0000,-8.3835,1.0158,0.5380,0,3
piano_felt,55,G3,0.4000,regular,felt,Felt,0.1250,2.8463,195.9980,392.1540,1.1157,2.2324,-2.6347,-12.5972,,0.0000,4.7182,4.7183,4.6382,0.0000,-7.6685,1.0340,0.6006,0,3
piano_felt,55,G3,0.4250,regular,felt,Felt,0.1250,2.7745,195.9980,392.1540,1.0876,2.1760,-2.4979,-11.7824,,0.0000,4.0402,4.0403,3.9676,0.0000,-7.0050,1.0504,0.6597,0,3
piano_felt,55,G3,0.4500,regular,felt,Felt,0.1250,2.7084,195.9980,392.1540,1.0617,2.1242,-2.3756,-11.0781,,0.0000,3.4583,3.4583,3.3919,0.0000,-6.3862,1.0653,0.7154,0,3
piano_felt,55,G3,0.4750,regular,felt,Felt,0.1250,2.6473,195.9980,392.1540,1.0377,2.0763,-2.2657,-10.4621,,0.0000,2.9522,2.9522,2.8908,0.0000,-5.8067,1.0789,0.7680,0,3
piano_felt,55,G3,0.5000,regular,felt,Felt,0.1250,2.5907,195.9980,392.1540,1.0155,2.0319,-2.1663,-9.9179,,0.0000,2.5075,2.5074,2.4507,0.0000,-5.2617,1.0913,0.8176,0,3
piano_felt,55,G3,0.5250,regular,felt,Felt,0.1250,2.5379,195.9980,392.1540,0.9949,1.9905,-2.0759,-9.4331,,0.0000,2.1128,2.1130,2.0597,0.0000,-4.7478,1.1027,0.8646,0,3
piano_felt,55,G3,0.5500,regular,felt,Felt,0.1250,2.4886,195.9980,392.1540,0.9755,1.9518,-1.9934,-8.9981,,0.0000,1.7605,1.7605,1.7105,0.0000,-4.2610,1.1132,0.9090,0,3
piano_felt,55,G3,0.5750,regular,felt,Felt,0.1250,2.4424,195.9980,392.1540,0.9574,1.9156,-1.9177,-8.6053,,0.0000,1.4433,1.4433,1.3961,0.0000,-3.7994,1.1230,0.9510,0,3
piano_felt,55,G3,0.6000,regular,felt,Felt,0.1250,2.3990,195.9980,392.1540,0.9404,1.8815,-1.8481,-8.2485,,0.0000,1.1563,1.1562,1.1117,0.0000,-3.3599,1.1320,0.9909,0,3
piano_felt,55,G3,0.6250,regular,felt,Felt,0.1250,2.3580,195.9980,392.1540,0.9243,1.8494,-1.7837,-7.9229,,0.0000,0.8950,0.8950,0.8525,0.0000,-2.9410,1.1404,1.0288,0,3
piano_felt,55,G3,0.6500,regular,felt,Felt,0.1250,2.3193,195.9980,392.1540,0.9092,1.8191,-1.7240,-7.6243,,0.0000,0.6562,0.6561,0.6156,0.0000,-2.5406,1.1483,1.0648,0,3
piano_felt,55,G3,0.6750,regular,felt,Felt,0.1250,2.2827,195.9980,392.1540,0.8948,1.7904,-1.6685,-7.3494,,0.0000,0.4367,0.4367,0.3979,0.0000,-2.1573,1.1557,1.0990,0,3
piano_felt,55,G3,0.7000,regular,felt,Felt,0.1250,2.2480,195.9980,392.1540,0.8812,1.7631,-1.6168,-7.0955,,0.0000,0.2345,0.2345,0.1975,0.0000,-1.7897,1.1626,1.1316,0,3
piano_felt,55,G3,0.7250,regular,felt,Felt,0.1250,2.2150,195.9980,392.1540,0.8683,1.7372,-1.5684,-6.8601,,0.0000,0.0475,0.0475,0.0118,0.0000,-1.4366,1.1690,1.1627,0,3
piano_felt,55,G3,0.7500,regular,felt,Felt,0.1250,2.1835,195.9980,392.1540,0.8559,1.7126,-1.5231,-6.6412,,0.0000,-0.1261,-0.1261,-0.1602,-0.1261,-1.0968,1.1752,1.1923,0,3
piano_felt,55,G3,0.7750,regular,felt,Felt,0.1250,2.1535,195.9980,392.1540,0.8442,1.6890,-1.4806,-6.4371,,0.0000,-0.2876,-0.2877,-0.3207,-0.2876,-0.7694,1.1809,1.2207,0,3
piano_felt,55,G3,0.8000,regular,felt,Felt,0.1250,2.1249,195.9980,392.1540,0.8330,1.6666,-1.4405,-6.2462,,0.0000,-0.4385,-0.4385,-0.4704,-0.4385,-0.4537,1.1864,1.2478,0,3
piano_felt,55,G3,0.8250,regular,felt,Felt,0.1250,2.0975,195.9980,392.1540,0.8222,1.6451,-1.4028,-6.0674,,0.0000,-0.5796,-0.5796,-0.6105,-0.5796,-0.1486,1.1916,1.2738,0,3
piano_felt,55,G3,0.8500,regular,felt,Felt,0.1250,2.0713,195.9980,392.1540,0.8119,1.6245,-1.3671,-5.8993,,0.0000,-0.7120,-0.7120,-0.7418,-0.7120,0.1463,1.1965,1.2987,0,3
piano_felt,55,G3,0.8750,regular,felt,Felt,0.1250,2.0461,195.9980,392.1540,0.8021,1.6048,-1.3334,-5.7412,,0.0000,-0.8364,-0.8364,-0.8653,-0.8364,0.4318,1.2011,1.3225,0,3
piano_felt,55,G3,0.9000,regular,felt,Felt,0.1250,2.0219,195.9980,392.1540,0.7926,1.5858,-1.3014,-5.5921,,0.0000,-0.9536,-0.9536,-0.9816,-0.9536,0.7085,1.2055,1.3454,0,3
piano_felt,55,G3,0.9250,regular,felt,Felt,0.1250,1.9987,195.9980,392.1540,0.7835,1.5676,-1.2711,-5.4511,,0.0000,-1.0641,-1.0641,-1.0913,-1.0641,0.9768,1.2098,1.3674,0,3
piano_felt,55,G3,0.9500,regular,felt,Felt,0.1250,1.9764,195.9980,392.1540,0.7747,1.5501,-1.2423,-5.3178,,0.0000,-1.1686,-1.1687,-1.1949,-1.1686,1.2373,1.2138,1.3886,0,3
piano_felt,55,G3,0.9750,regular,felt,Felt,0.1250,1.9548,195.9980,392.1540,0.7663,1.5332,-1.2148,-5.1913,,0.0000,-1.2676,-1.2677,-1.2933,-1.2676,1.4904,1.2176,1.4089,0,3
piano_felt,55,G3,1.0000,regular,felt,Felt,0.1250,1.9341,195.9980,392.1540,0.7582,1.5169,-1.1887,-5.0713,,0.0000,-1.3615,-1.3616,-1.3864,-1.3615,1.7364,1.2213,1.4286,0,3
piano_felt,55,G3,0.2780,corpus,felt,Felt,0.1250,3.3183,195.9980,392.1540,1.3008,2.6026,-3.6405,-19.8923,,0.0000,11.0076,11.0072,10.8306,0.0000,-11.8345,0.9209,0.2593,0,3
piano_felt,55,G3,0.3030,corpus,felt,Felt,0.1250,3.1999,195.9980,392.1540,1.2544,2.5097,-3.3704,-17.6289,,0.0000,9.0138,9.0141,8.8740,0.0000,-10.8166,0.9500,0.3365,0,3
piano_felt,55,G3,0.3130,corpus,felt,Felt,0.1250,3.1564,195.9980,392.1540,1.2373,2.4756,-3.2742,-16.8901,,0.0000,8.3717,8.3715,8.2425,0.0000,-10.4383,0.9606,0.3664,0,3
piano_felt,55,G3,0.3280,corpus,felt,Felt,0.1250,3.0947,195.9980,392.1540,1.2131,2.4272,-3.1406,-15.9119,,0.0000,7.5272,7.5270,7.4109,0.0000,-9.8980,0.9755,0.4101,0,3
piano_felt,55,G3,0.3380,corpus,felt,Felt,0.1250,3.0558,195.9980,392.1540,1.1979,2.3967,-3.0579,-15.3312,,0.0000,7.0290,7.0290,6.9200,0.0000,-9.5544,0.9848,0.4384,0,3
piano_felt,55,G3,0.3630,corpus,felt,Felt,0.1250,2.9652,195.9980,392.1540,1.1624,2.3256,-2.8705,-14.0756,,0.0000,5.9610,5.9609,5.8662,0.0000,-8.7472,1.0063,0.5066,0,3
piano_felt,55,G3,0.4020,corpus,felt,Felt,0.1250,2.8403,195.9980,392.1540,1.1134,2.2277,-2.6232,-12.5273,,0.0000,4.6598,4.6599,4.5805,0.0000,-7.6137,1.0354,0.6055,0,3
piano_felt,55,G3,0.4270,corpus,felt,Felt,0.1250,2.7690,195.9980,392.1540,1.0854,2.1717,-2.4876,-11.7223,,0.0000,3.9905,3.9905,3.9187,0.0000,-6.9539,1.0517,0.6643,0,3
piano_felt,55,G3,0.4370,corpus,felt,Felt,0.1250,2.7421,195.9980,392.1540,1.0749,2.1506,-2.4375,-11.4321,,0.0000,3.7504,3.7503,3.6809,0.0000,-6.7027,1.0577,0.6868,0,3
piano_felt,55,G3,0.4520,corpus,felt,Felt,0.1250,2.7033,195.9980,392.1540,1.0597,2.1202,-2.3664,-11.0258,,0.0000,3.4152,3.4152,3.3491,0.0000,-6.3385,1.0664,0.7197,0,3
piano_felt,55,G3,0.4620,corpus,felt,Felt,0.1250,2.6785,195.9980,392.1540,1.0500,2.1008,-2.3214,-10.7725,,0.0000,3.2069,3.2069,3.1432,0.0000,-6.1035,1.0720,0.7410,0,3
piano_felt,55,G3,0.4870,corpus,felt,Felt,0.1250,2.6196,195.9980,392.1540,1.0269,2.0546,-2.2168,-10.1927,,0.0000,2.7319,2.7318,2.6728,0.0000,-5.5411,1.0850,0.7922,0,3
piano_felt,56,G#3,0.0500,regular,felt,Felt,0.1250,6.7370,207.6520,415.4930,2.7979,5.5983,-26.7982,-31.4982,3,-10.1121,-0.5410,-0.5412,-0.0443,-0.5410,-49.4500,0.0674,0.0717,0,3
piano_felt,56,G#3,0.0750,regular,felt,Felt,0.1250,5.6750,207.6520,415.4930,2.3568,4.7158,-14.6117,-33.8389,3,-1.4426,13.9832,13.9831,13.6707,0.0000,-33.7431,0.2740,0.0548,0,3
piano_felt,56,G#3,0.1000,regular,felt,Felt,0.1250,5.0246,207.6520,415.4930,2.0868,4.1754,-10.5936,-24.6488,3,-0.0809,8.8122,8.8118,8.7890,0.0000,-27.2262,0.4352,0.1578,0,3
piano_felt,56,G#3,0.1250,regular,felt,Felt,0.1250,4.5720,207.6520,415.4930,1.8988,3.7993,-8.4275,-23.0035,,0.0000,9.3330,9.3327,9.3858,0.0000,-23.1218,0.5585,0.1907,0,3
piano_felt,56,G#3,0.1500,regular,felt,Felt,0.1250,4.2326,207.6520,415.4930,1.7578,3.5172,-7.0468,-23.8975,,0.0000,11.6075,11.6075,11.7313,0.0000,-20.1576,0.6547,0.1721,0,3
piano_felt,56,G#3,0.1750,regular,felt,Felt,0.1250,3.9653,207.6520,415.4930,1.6468,3.2951,-6.0816,-26.8660,,0.0000,15.5423,15.5415,15.7893,0.0000,-17.8534,0.7316,0.1222,0,3
piano_felt,56,G#3,0.2000,regular,felt,Felt,0.1250,3.7475,207.6520,415.4930,1.5564,3.1142,-5.3653,-33.7628,,0.0000,23.1555,23.1558,23.8338,0.0000,-15.9773,0.7945,0.0553,0,3
piano_felt,56,G#3,0.2250,regular,felt,Felt,0.1250,3.5654,207.6520,415.4930,1.4807,2.9628,-4.8108,-42.4831,,0.0000,32.4238,32.4219,30.6106,0.0000,-14.3998,0.8469,0.0203,0,3
piano_felt,56,G#3,0.2500,regular,felt,Felt,0.1250,3.4099,207.6520,415.4930,1.4162,2.8336,-4.3678,-28.6923,,0.0000,19.0790,19.0793,18.6428,0.0000,-13.0416,0.8912,0.0991,0,3
piano_felt,56,G#3,0.2750,regular,felt,Felt,0.1250,3.2752,207.6520,415.4930,1.3602,2.7216,-4.0050,-23.5968,,0.0000,14.3467,14.3471,14.0883,0.0000,-11.8510,0.9292,0.1782,0,3
piano_felt,56,G#3,0.3000,regular,felt,Felt,0.1250,3.1568,207.6520,415.4930,1.3110,2.6233,-3.7020,-20.4593,,0.0000,11.5128,11.5128,11.3255,0.0000,-10.7922,0.9622,0.2556,0,3
piano_felt,56,G#3,0.3250,regular,felt,Felt,0.1250,3.0517,207.6520,415.4930,1.2674,2.5359,-3.4449,-18.2262,,0.0000,9.5369,9.5369,9.3880,0.0000,-9.8399,0.9911,0.3306,0,3
piano_felt,56,G#3,0.3500,regular,felt,Felt,0.1250,2.9575,207.6520,415.4930,1.2283,2.4576,-3.2238,-16.5176,,0.0000,8.0494,8.0495,7.9252,0.0000,-8.9750,1.0167,0.4024,0,3
piano_felt,56,G#3,0.3750,regular,felt,Felt,0.1250,2.8724,207.6520,415.4930,1.1929,2.3869,-3.0314,-15.1512,,0.0000,6.8755,6.8756,6.7686,0.0000,-8.1835,1.0394,0.4710,0,3
piano_felt,56,G#3,0.4000,regular,felt,Felt,0.1250,2.7950,207.6520,415.4930,1.1608,2.3226,-2.8624,-14.0252,,0.0000,5.9186,5.9186,5.8243,0.0000,-7.4538,1.0599,0.5362,0,3
piano_felt,56,G#3,0.4250,regular,felt,Felt,0.1250,2.7243,207.6520,415.4930,1.1314,2.2638,-2.7126,-13.0764,,0.0000,5.1195,5.1196,5.0350,0.0000,-6.7775,1.0783,0.5981,0,3
piano_felt,56,G#3,0.4500,regular,felt,Felt,0.1250,2.6592,207.6520,415.4930,1.1044,2.2097,-2.5790,-12.2633,,0.0000,4.4403,4.4401,4.3635,0.0000,-6.1473,1.0950,0.6568,0,3
piano_felt,56,G#3,0.4750,regular,felt,Felt,0.1250,2.5990,207.6520,415.4930,1.0794,2.1598,-2.4588,-11.5569,,0.0000,3.8539,3.8538,3.7832,0.0000,-5.5576,1.1103,0.7124,0,3
piano_felt,56,G#3,0.5000,regular,felt,Felt,0.1250,2.5432,207.6520,415.4930,1.0562,2.1134,-2.3503,-10.9362,,0.0000,3.3419,3.3417,3.2766,0.0000,-5.0034,1.1242,0.7652,0,3
piano_felt,56,G#3,0.5250,regular,felt,Felt,0.1250,2.4913,207.6520,415.4930,1.0346,2.0702,-2.2516,-10.3858,,0.0000,2.8900,2.8900,2.8292,0.0000,-4.4810,1.1371,0.8153,0,3
piano_felt,56,G#3,0.5500,regular,felt,Felt,0.1250,2.4427,207.6520,415.4930,1.0145,2.0299,-2.1616,-9.8937,,0.0000,2.4879,2.4879,2.4309,0.0000,-3.9870,1.1489,0.8628,0,3
piano_felt,56,G#3,0.5750,regular,felt,Felt,0.1250,2.3972,207.6520,415.4930,0.9956,1.9921,-2.0790,-9.4508,,0.0000,2.1274,2.1276,2.0740,0.0000,-3.5184,1.1599,0.9079,0,3
piano_felt,56,G#3,0.6000,regular,felt,Felt,0.1250,2.3544,207.6520,415.4930,0.9778,1.9565,-2.0030,-9.0496,,0.0000,1.8024,1.8024,1.7519,0.0000,-3.0726,1.1701,0.9508,0,3
piano_felt,56,G#3,0.6250,regular,felt,Felt,0.1250,2.3141,207.6520,415.4930,0.9611,1.9230,-1.9329,-8.6844,,0.0000,1.5072,1.5073,1.4593,0.0000,-2.6479,1.1796,0.9917,0,3
piano_felt,56,G#3,0.6500,regular,felt,Felt,0.1250,2.2760,207.6520,415.4930,0.9452,1.8914,-1.8678,-8.3502,,0.0000,1.2382,1.2382,1.1929,0.0000,-2.2421,1.1885,1.0306,0,3
piano_felt,56,G#3,0.6750,regular,felt,Felt,0.1250,2.2400,207.6520,415.4930,0.9303,1.8614,-1.8074,-8.0432,,0.0000,0.9917,0.9916,0.9483,0.0000,-1.8539,1.1967,1.0676,0,3
piano_felt,56,G#3,0.7000,regular,felt,Felt,0.1250,2.2058,207.6520,415.4930,0.9161,1.8330,-1.7510,-7.7600,,0.0000,0.7648,0.7648,0.7233,0.0000,-1.4817,1.2045,1.1030,0,3
piano_felt,56,G#3,0.7250,regular,felt,Felt,0.1250,2.1733,207.6520,415.4930,0.9026,1.8060,-1.6984,-7.4978,,0.0000,0.5551,0.5553,0.5154,0.0000,-1.1243,1.2119,1.1368,0,3
piano_felt,56,G#3,0.7500,regular,felt,Felt,0.1250,2.1423,207.6520,415.4930,0.8897,1.7802,-1.6490,-7.2544,,0.0000,0.3612,0.3612,0.3231,0.0000,-0.7804,1.2188,1.1691,0,3
piano_felt,56,G#3,0.7750,regular,felt,Felt,0.1250,2.1128,207.6520,415.4930,0.8775,1.7557,-1.6027,-7.0277,,0.0000,0.1809,0.1808,0.1442,0.0000,-0.4493,1.2253,1.2000,0,3
piano_felt,56,G#3,0.8000,regular,felt,Felt,0.1250,2.0846,207.6520,415.4930,0.8658,1.7323,-1.5592,-6.8160,,0.0000,0.0127,0.0127,-0.0226,0.0000,-0.1299,1.2314,1.2296,0,3
piano_felt,56,G#3,0.8250,regular,felt,Felt,0.1250,2.0577,207.6520,415.4930,0.8546,1.7099,-1.5181,-6.6178,,0.0000,-0.1444,-0.1445,-0.1787,-0.1444,0.1784,1.2373,1.2580,0,3
piano_felt,56,G#3,0.8500,regular,felt,Felt,0.1250,2.0318,207.6520,415.4930,0.8438,1.6884,-1.4793,-6.4318,,0.0000,-0.2917,-0.2917,-0.3246,-0.2917,0.4765,1.2428,1.2853,0,3
piano_felt,56,G#3,0.8750,regular,felt,Felt,0.1250,2.0071,207.6520,415.4930,0.8335,1.6678,-1.4426,-6.2569,,0.0000,-0.4299,-0.4299,-0.4618,-0.4299,0.7649,1.2481,1.3114,0,3
piano_felt,56,G#3,0.9000,regular,felt,Felt,0.1250,1.9833,207.6520,415.4930,0.8237,1.6481,-1.4079,-6.0921,,0.0000,-0.5600,-0.5600,-0.5909,-0.5600,1.0444,1.2531,1.3365,0,3
piano_felt,56,G#3,0.9250,regular,felt,Felt,0.1250,1.9604,207.6520,415.4930,0.8142,1.6291,-1.3749,-5.9365,,0.0000,-0.6825,-0.6826,-0.7126,-0.6825,1.3153,1.2578,1.3607,0,3
piano_felt,56,G#3,0.9500,regular,felt,Felt,0.1250,1.9384,207.6520,415.4930,0.8050,1.6108,-1.3435,-5.7893,,0.0000,-0.7984,-0.7984,-0.8275,-0.7984,1.5783,1.2624,1.3839,0,3
piano_felt,56,G#3,0.9750,regular,felt,Felt,0.1250,1.9173,207.6520,415.4930,0.7962,1.5932,-1.3137,-5.6499,,0.0000,-0.9080,-0.9080,-0.9364,-0.9080,1.8338,1.2667,1.4063,0,3
piano_felt,56,G#3,1.0000,regular,felt,Felt,0.1250,1.8968,207.6520,415.4930,0.7878,1.5762,-1.2853,-5.5176,,0.0000,-1.0119,-1.0119,-1.0394,-1.0119,2.0822,1.2709,1.4279,0,3
piano_felt,56,G#3,0.2780,corpus,felt,Felt,0.1250,3.2602,207.6520,415.4930,1.3540,2.7092,-3.9658,-23.1498,,0.0000,13.9392,13.9393,13.6925,0.0000,-11.7176,0.9334,0.1875,0,3
piano_felt,56,G#3,0.3030,corpus,felt,Felt,0.1250,3.1435,207.6520,415.4930,1.3055,2.6122,-3.6690,-20.1541,,0.0000,11.2407,11.2406,11.0589,0.0000,-10.6728,0.9659,0.2648,0,3
piano_felt,56,G#3,0.3130,corpus,felt,Felt,0.1250,3.1006,207.6520,415.4930,1.2877,2.5766,-3.5633,-19.2162,,0.0000,10.4086,10.4085,10.2437,0.0000,-10.2850,0.9777,0.2950,0,3
piano_felt,56,G#3,0.3280,corpus,felt,Felt,0.1250,3.0398,207.6520,415.4930,1.2625,2.5261,-3.4167,-17.9982,,0.0000,9.3373,9.3371,9.1920,0.0000,-9.7317,0.9944,0.3394,0,3
piano_felt,56,G#3,0.3380,corpus,felt,Felt,0.1250,3.0015,207.6520,415.4930,1.2465,2.4942,-3.3260,-17.2864,,0.0000,8.7162,8.7161,8.5818,0.0000,-9.3802,1.0048,0.3684,0,3
piano_felt,56,G#3,0.3630,corpus,felt,Felt,0.1250,2.9122,207.6520,415.4930,1.2094,2.4200,-3.1205,-15.7720,,0.0000,7.4072,7.4072,7.2929,0.0000,-8.5551,1.0288,0.4385,0,3
piano_felt,56,G#3,0.4020,corpus,felt,Felt,0.1250,2.7891,207.6520,415.4930,1.1583,2.3177,-2.8498,-13.9434,,0.0000,5.8494,5.8494,5.7559,0.0000,-7.3978,1.0614,0.5413,0,3
piano_felt,56,G#3,0.4270,corpus,felt,Felt,0.1250,2.7189,207.6520,415.4930,1.1292,2.2593,-2.7014,-13.0069,,0.0000,5.0612,5.0612,4.9770,0.0000,-6.7255,1.0797,0.6029,0,3
piano_felt,56,G#3,0.4370,corpus,felt,Felt,0.1250,2.6924,207.6520,415.4930,1.1181,2.2373,-2.6466,-12.6712,,0.0000,4.7804,4.7804,4.6996,0.0000,-6.4696,1.0865,0.6266,0,3
piano_felt,56,G#3,0.4520,corpus,felt,Felt,0.1250,2.6542,207.6520,415.4930,1.1023,2.2056,-2.5689,-12.2032,,0.0000,4.3901,4.3901,4.3136,0.0000,-6.0987,1.0963,0.6613,0,3
piano_felt,56,G#3,0.4620,corpus,felt,Felt,0.1250,2.6297,207.6520,415.4930,1.0921,2.1853,-2.5197,-11.9123,,0.0000,4.1485,4.1484,4.0750,0.0000,-5.8594,1.1025,0.6839,0,3
piano_felt,56,G#3,0.4870,corpus,felt,Felt,0.1250,2.5717,207.6520,415.4930,1.0681,2.1371,-2.4054,-11.2493,,0.0000,3.5998,3.5997,3.5320,0.0000,-5.2874,1.1171,0.7381,0,3
piano_felt,57,A3,0.0500,regular,felt,Felt,0.1250,6.6347,220.0000,440.2240,2.9193,5.8415,-35.4858,-30.6747,3,-17.9591,-10.0508,-10.0506,-9.1344,-10.0508,-57.6878,0.0261,0.0830,0,3
piano_felt,57,A3,0.0750,regular,felt,Felt,0.1250,5.5857,220.0000,440.2240,2.4577,4.9179,-16.5190,-45.1196,3,-2.4699,23.3514,23.3538,22.0787,0.0000,-35.2018,0.2317,0.0158,0,3
piano_felt,57,A3,0.1000,regular,felt,Felt,0.1250,4.9436,220.0000,440.2240,2.1752,4.3526,-11.7707,-26.4854,3,-0.3331,9.4711,9.4713,9.4011,0.0000,-27.9551,0.4002,0.1345,0,3
piano_felt,57,A3,0.1250,regular,felt,Felt,0.1250,4.4969,220.0000,440.2240,1.9786,3.9593,-9.2975,-23.3498,,0.0000,8.8087,8.8089,8.8300,0.0000,-23.5437,0.5320,0.1930,0,3
piano_felt,57,A3,0.1500,regular,felt,Felt,0.1250,4.1620,220.0000,440.2240,1.8313,3.6644,-7.7432,-23.1552,,0.0000,10.1686,10.1687,10.2504,0.0000,-20.4058,0.6362,0.1973,0,3
piano_felt,57,A3,0.1750,regular,felt,Felt,0.1250,3.8984,220.0000,440.2240,1.7153,3.4323,-6.6652,-24.6926,,0.0000,12.7840,12.7843,12.9411,0.0000,-17.9887,0.7203,0.1653,0,3
piano_felt,57,A3,0.2000,regular,felt,Felt,0.1250,3.6836,220.0000,440.2240,1.6208,3.2432,-5.8691,-28.1420,,0.0000,17.0299,17.0301,17.3349,0.0000,-16.0329,0.7894,0.1111,0,3
piano_felt,57,A3,0.2250,regular,felt,Felt,0.1250,3.5039,220.0000,440.2240,1.5417,3.0850,-5.2550,-36.1171,,0.0000,25.6208,25.6211,26.5483,0.0000,-14.3957,0.8473,0.0444,0,3
piano_felt,57,A3,0.2500,regular,felt,Felt,0.1250,3.3507,220.0000,440.2240,1.4743,2.9501,-4.7656,-39.8601,,0.0000,29.8471,29.8461,28.4606,0.0000,-12.9912,0.8964,0.0289,0,3
piano_felt,57,A3,0.2750,regular,felt,Felt,0.1250,3.2178,220.0000,440.2240,1.4159,2.8331,-4.3657,-28.6656,,0.0000,19.0544,19.0547,18.6201,0.0000,-11.7634,0.9386,0.1047,0,3
piano_felt,57,A3,0.3000,regular,felt,Felt,0.1250,3.1012,220.0000,440.2240,1.3645,2.7304,-4.0323,-23.9232,,0.0000,14.6461,14.6462,14.3790,0.0000,-10.6742,0.9754,0.1807,0,3
piano_felt,57,A3,0.3250,regular,felt,Felt,0.1250,2.9976,220.0000,440.2240,1.3189,2.6392,-3.7498,-20.9154,,0.0000,11.9214,11.9212,11.7251,0.0000,-9.6965,1.0076,0.2554,0,3
piano_felt,57,A3,0.3500,regular,felt,Felt,0.1250,2.9048,220.0000,440.2240,1.2781,2.5575,-3.5070,-18.7415,,0.0000,9.9900,9.9901,9.8327,0.0000,-8.8101,1.0362,0.3280,0,3
piano_felt,57,A3,0.3750,regular,felt,Felt,0.1250,2.8209,220.0000,440.2240,1.2412,2.4837,-3.2961,-17.0607,,0.0000,8.5201,8.5204,8.3886,0.0000,-7.9998,1.0616,0.3981,0,3
piano_felt,57,A3,0.4000,regular,felt,Felt,0.1250,2.7447,220.0000,440.2240,1.2077,2.4166,-3.1109,-15.7061,,0.0000,7.3511,7.3509,7.2374,0.0000,-7.2540,1.0845,0.4652,0,3
piano_felt,57,A3,0.4250,regular,felt,Felt,0.1250,2.6750,220.0000,440.2240,1.1770,2.3552,-2.9469,-14.5825,,0.0000,6.3915,6.3914,6.2911,0.0000,-6.5634,1.1052,0.5295,0,3
piano_felt,57,A3,0.4500,regular,felt,Felt,0.1250,2.6108,220.0000,440.2240,1.1488,2.2987,-2.8006,-13.6307,,0.0000,5.5858,5.5859,5.4956,0.0000,-5.9207,1.1240,0.5908,0,3
piano_felt,57,A3,0.4750,regular,felt,Felt,0.1250,2.5516,220.0000,440.2240,1.1227,2.2466,-2.6693,-12.8112,,0.0000,4.8977,4.8977,4.8156,0.0000,-5.3197,1.1411,0.6493,0,3
piano_felt,57,A3,0.5000,regular,felt,Felt,0.1250,2.4967,220.0000,440.2240,1.0985,2.1982,-2.5506,-12.0963,,0.0000,4.3016,4.3016,4.2262,0.0000,-4.7555,1.1568,0.7050,0,3
piano_felt,57,A3,0.5250,regular,felt,Felt,0.1250,2.4455,220.0000,440.2240,1.0760,2.1531,-2.4429,-11.4661,,0.0000,3.7791,3.7790,3.7095,0.0000,-4.2240,1.1712,0.7580,0,3
piano_felt,57,A3,0.5500,regular,felt,Felt,0.1250,2.3977,220.0000,440.2240,1.0550,2.1110,-2.3445,-10.9053,,0.0000,3.3165,3.3166,3.2517,0.0000,-3.7217,1.1845,0.8086,0,3
piano_felt,57,A3,0.5750,regular,felt,Felt,0.1250,2.3529,220.0000,440.2240,1.0353,2.0716,-2.2544,-10.4026,,0.0000,2.9040,2.9040,2.8432,0.0000,-3.2454,1.1969,0.8568,0,3
piano_felt,57,A3,0.6000,regular,felt,Felt,0.1250,2.3107,220.0000,440.2240,1.0167,2.0345,-2.1715,-9.9489,,0.0000,2.5333,2.5332,2.4761,0.0000,-2.7928,1.2084,0.9027,0,3
piano_felt,57,A3,0.6250,regular,felt,Felt,0.1250,2.2710,220.0000,440.2240,0.9993,1.9995,-2.0950,-9.5370,,0.0000,2.1978,2.1979,2.1437,0.0000,-2.3618,1.2191,0.9466,0,3
piano_felt,57,A3,0.6500,regular,felt,Felt,0.1250,2.2335,220.0000,440.2240,0.9828,1.9665,-2.0241,-9.1612,,0.0000,1.8929,1.8930,1.8416,0.0000,-1.9502,1.2291,0.9884,0,3
piano_felt,57,A3,0.6750,regular,felt,Felt,0.1250,2.1981,220.0000,440.2240,0.9671,1.9353,-1.9582,-8.8167,,0.0000,1.6143,1.6144,1.5656,0.0000,-1.5564,1.2384,1.0284,0,3
piano_felt,57,A3,0.7000,regular,felt,Felt,0.1250,2.1644,220.0000,440.2240,0.9523,1.9056,-1.8968,-8.4996,,0.0000,1.3586,1.3586,1.3120,0.0000,-1.1792,1.2472,1.0666,0,3
piano_felt,57,A3,0.7250,regular,felt,Felt,0.1250,2.1324,220.0000,440.2240,0.9382,1.8775,-1.8394,-8.2066,,0.0000,1.1229,1.1230,1.0783,0.0000,-0.8170,1.2555,1.1032,0,3
piano_felt,57,A3,0.7500,regular,felt,Felt,0.1250,2.1019,220.0000,440.2240,0.9248,1.8506,-1.7857,-7.9349,,0.0000,0.9051,0.9051,0.8624,0.0000,-0.4688,1.2633,1.1383,0,3
piano_felt,57,A3,0.7750,regular,felt,Felt,0.1250,2.0729,220.0000,440.2240,0.9121,1.8251,-1.7353,-7.6823,,0.0000,0.7029,0.7029,0.6620,0.0000,-0.1335,1.2706,1.1719,0,3
piano_felt,57,A3,0.8000,regular,felt,Felt,0.1250,2.0451,220.0000,440.2240,0.8999,1.8006,-1.6879,-7.4468,,0.0000,0.5147,0.5148,0.4752,0.0000,0.1896,1.2776,1.2041,0,3
piano_felt,57,A3,0.8250,regular,felt,Felt,0.1250,2.0186,220.0000,440.2240,0.8882,1.7773,-1.6432,-7.2265,,0.0000,0.3392,0.3392,0.3013,0.0000,0.5016,1.2842,1.2350,0,3
piano_felt,57,A3,0.8500,regular,felt,Felt,0.1250,1.9932,220.0000,440.2240,0.8770,1.7549,-1.6010,-7.0200,,0.0000,0.1749,0.1749,0.1381,0.0000,0.8031,1.2904,1.2647,0,3
piano_felt,57,A3,0.8750,regular,felt,Felt,0.1250,1.9688,220.0000,440.2240,0.8663,1.7334,-1.5611,-6.8260,,0.0000,0.0209,0.0208,-0.0144,0.0000,1.0949,1.2964,1.2933,0,3
piano_felt,57,A3,0.9000,regular,felt,Felt,0.1250,1.9454,220.0000,440.2240,0.8560,1.7128,-1.5233,-6.6434,,0.0000,-0.1240,-0.1240,-0.1583,-0.1240,1.3773,1.3020,1.3207,0,3
piano_felt,57,A3,0.9250,regular,felt,Felt,0.1250,1.9229,220.0000,440.2240,0.8461,1.6930,-1.4874,-6.4712,,0.0000,-0.2603,-0.2603,-0.2934,-0.2603,1.6511,1.3074,1.3472,0,3
piano_felt,57,A3,0.9500,regular,felt,Felt,0.1250,1.9013,220.0000,440.2240,0.8366,1.6740,-1.4533,-6.3084,,0.0000,-0.3890,-0.3890,-0.4214,-0.3890,1.9169,1.3126,1.3727,0,3
piano_felt,57,A3,0.9750,regular,felt,Felt,0.1250,1.8804,220.0000,440.2240,0.8274,1.6556,-1.4209,-6.1543,,0.0000,-0.5107,-0.5107,-0.5419,-0.5107,2.1749,1.3175,1.3973,0,3
piano_felt,57,A3,1.0000,regular,felt,Felt,0.1250,1.8603,220.0000,440.2240,0.8185,1.6379,-1.3900,-6.0083,,0.0000,-0.6259,-0.6259,-0.6562,-0.6259,2.4257,1.3222,1.4209,0,3
piano_felt,57,A3,0.2780,corpus,felt,Felt,0.1250,3.2031,220.0000,440.2240,1.4093,2.8201,-4.3226,-27.9379,,0.0000,18.3702,18.3702,17.9668,0.0000,-11.6260,0.9433,0.1138,0,3
piano_felt,57,A3,0.3030,corpus,felt,Felt,0.1250,3.0881,220.0000,440.2240,1.3588,2.7189,-3.9960,-23.4982,,0.0000,14.2578,14.2576,14.0022,0.0000,-10.5515,0.9794,0.1897,0,3
piano_felt,57,A3,0.3130,corpus,felt,Felt,0.1250,3.0458,220.0000,440.2240,1.3402,2.6817,-3.8799,-22.2216,,0.0000,13.0973,13.0972,12.8733,0.0000,-10.1533,0.9926,0.2198,0,3
piano_felt,57,A3,0.3280,corpus,felt,Felt,0.1250,2.9859,220.0000,440.2240,1.3138,2.6289,-3.7187,-20.6199,,0.0000,11.6567,11.6567,11.4664,0.0000,-9.5855,1.0112,0.2642,0,3
piano_felt,57,A3,0.3380,corpus,felt,Felt,0.1250,2.9481,220.0000,440.2240,1.2972,2.5956,-3.6192,-19.7085,,0.0000,10.8452,10.8450,10.6719,0.0000,-9.2252,1.0229,0.2935,0,3
piano_felt,57,A3,0.3630,corpus,felt,Felt,0.1250,2.8601,220.0000,440.2240,1.2585,2.5182,-3.3938,-17.8188,,0.0000,9.1805,9.1807,9.0381,0.0000,-8.3800,1.0498,0.3648,0,3
piano_felt,57,A3,0.4020,corpus,felt,Felt,0.1250,2.7389,220.0000,440.2240,1.2051,2.4115,-3.0970,-15.6086,,0.0000,7.2675,7.2674,7.1551,0.0000,-7.1968,1.0863,0.4705,0,3
piano_felt,57,A3,0.4270,corpus,felt,Felt,0.1250,2.6696,220.0000,440.2240,1.1746,2.3505,-2.9346,-14.5006,,0.0000,6.3218,6.3218,6.2222,0.0000,-6.5104,1.1068,0.5345,0,3
piano_felt,57,A3,0.4370,corpus,felt,Felt,0.1250,2.6435,220.0000,440.2240,1.1632,2.3275,-2.8747,-14.1069,,0.0000,5.9882,5.9881,5.8927,0.0000,-6.2493,1.1144,0.5593,0,3
piano_felt,57,A3,0.4520,corpus,felt,Felt,0.1250,2.6059,220.0000,440.2240,1.1466,2.2944,-2.7896,-13.5607,,0.0000,5.5270,5.5269,5.4375,0.0000,-5.8712,1.1254,0.5956,0,3
piano_felt,57,A3,0.4620,corpus,felt,Felt,0.1250,2.5818,220.0000,440.2240,1.1360,2.2732,-2.7359,-13.2227,,0.0000,5.2428,5.2427,5.1569,0.0000,-5.6273,1.1324,0.6192,0,3
piano_felt,57,A3,0.4870,corpus,felt,Felt,0.1250,2.5247,220.0000,440.2240,1.1109,2.2229,-2.6108,-12.4564,,0.0000,4.6014,4.6013,4.5228,0.0000,-5.0446,1.1488,0.6764,0,3
piano_felt,58,A#3,0.0500,regular,felt,Felt,0.1250,6.5339,233.0820,466.4310,3.0458,6.0952,-41.2164,-31.2599,3,-22.8588,-15.2000,-15.2046,-17.0644,-15.2000,-62.9687,0.0142,0.0818,0,3
piano_felt,58,A#3,0.0750,regular,felt,Felt,0.1250,5.4977,233.0820,466.4310,2.5628,5.1286,-18.8728,-42.0139,3,-3.9585,17.9023,17.9018,19.0712,0.0000,-37.1015,0.1862,0.0237,0,3
piano_felt,58,A#3,0.1000,regular,felt,Felt,0.1250,4.8638,233.0820,466.4310,2.2673,4.5373,-13.1314,-29.3896,3,-0.7895,11.0153,11.0145,10.8664,0.0000,-28.8614,0.3605,0.1014,0,3
piano_felt,58,A#3,0.1250,regular,felt,Felt,0.1250,4.4229,233.0820,466.4310,2.0618,4.1260,-10.2816,-24.2666,3,-0.0410,8.7418,8.7416,8.7303,0.0000,-24.0734,0.5005,0.1830,0,3
piano_felt,58,A#3,0.1500,regular,felt,Felt,0.1250,4.0925,233.0820,466.4310,1.9078,3.8178,-8.5225,-23.0159,,0.0000,9.2498,9.2501,9.2992,0.0000,-20.7308,0.6129,0.2113,0,3
piano_felt,58,A#3,0.1750,regular,felt,Felt,0.1250,3.8325,233.0820,466.4310,1.7866,3.5752,-7.3138,-23.5213,,0.0000,10.9646,10.9642,11.0697,0.0000,-18.1832,0.7044,0.1993,0,3
piano_felt,58,A#3,0.2000,regular,felt,Felt,0.1250,3.6207,233.0820,466.4310,1.6878,3.3776,-6.4267,-25.4000,,0.0000,13.7305,13.7303,13.9161,0.0000,-16.1362,0.7801,0.1606,0,3
piano_felt,58,A#3,0.2250,regular,felt,Felt,0.1250,3.4436,233.0820,466.4310,1.6053,3.2124,-5.7450,-29.0854,,0.0000,18.0978,18.0979,18.4511,0.0000,-14.4315,0.8438,0.1050,0,3
piano_felt,58,A#3,0.2500,regular,felt,Felt,0.1250,3.2925,233.0820,466.4310,1.5348,3.0714,-5.2035,-37.5396,,0.0000,27.0972,27.0962,28.2155,0.0000,-12.9748,0.8981,0.0397,0,3
piano_felt,58,A#3,0.2750,regular,felt,Felt,0.1250,3.1615,233.0820,466.4310,1.4738,2.9493,-4.7620,-39.7072,,0.0000,29.6975,29.6961,28.3325,0.0000,-11.7054,0.9449,0.0309,0,3
piano_felt,58,A#3,0.3000,regular,felt,Felt,0.1250,3.0465,233.0820,466.4310,1.4202,2.8420,-4.3946,-29.1895,,0.0000,19.5496,19.5495,19.0906,0.0000,-10.5823,0.9857,0.1038,0,3
piano_felt,58,A#3,0.3250,regular,felt,Felt,0.1250,2.9444,233.0820,466.4310,1.3726,2.7467,-4.0837,-24.5543,,0.0000,15.2258,15.2258,14.9412,0.0000,-9.5761,1.0217,0.1770,0,3
piano_felt,58,A#3,0.3500,regular,felt,Felt,0.1250,2.8530,233.0820,466.4310,1.3299,2.6614,-3.8169,-21.5802,,0.0000,12.5186,12.5187,12.3090,0.0000,-8.6656,1.0535,0.2493,0,3
piano_felt,58,A#3,0.3750,regular,felt,Felt,0.1250,2.7704,233.0820,466.4310,1.2914,2.5844,-3.5853,-19.4147,,0.0000,10.5848,10.5849,10.4164,0.0000,-7.8348,1.0820,0.3199,0,3
piano_felt,58,A#3,0.4000,regular,felt,Felt,0.1250,2.6953,233.0820,466.4310,1.2564,2.5143,-3.3822,-17.7309,,0.0000,9.1043,9.1043,8.9630,0.0000,-7.0711,1.1076,0.3883,0,3
piano_felt,58,A#3,0.4250,regular,felt,Felt,0.1250,2.6266,233.0820,466.4310,1.2244,2.4502,-3.2025,-16.3673,,0.0000,7.9205,7.9205,7.7984,0.0000,-6.3649,1.1307,0.4543,0,3
piano_felt,58,A#3,0.4500,regular,felt,Felt,0.1250,2.5634,233.0820,466.4310,1.1950,2.3913,-3.0424,-15.2316,,0.0000,6.9449,6.9450,6.8369,0.0000,-5.7083,1.1518,0.5178,0,3
piano_felt,58,A#3,0.4750,regular,felt,Felt,0.1250,2.5051,233.0820,466.4310,1.1678,2.3369,-2.8986,-14.2661,,0.0000,6.1231,6.1232,6.0262,0.0000,-5.0948,1.1710,0.5786,0,3
piano_felt,58,A#3,0.5000,regular,felt,Felt,0.1250,2.4509,233.0820,466.4310,1.1425,2.2864,-2.7689,-13.4320,,0.0000,5.4188,5.4189,5.3306,0.0000,-4.5195,1.1886,0.6370,0,3
piano_felt,58,A#3,0.5250,regular,felt,Felt,0.1250,2.4005,233.0820,466.4310,1.1190,2.2394,-2.6511,-12.7023,,0.0000,4.8070,4.8070,4.7258,0.0000,-3.9781,1.2049,0.6928,0,3
piano_felt,58,A#3,0.5500,regular,felt,Felt,0.1250,2.3535,233.0820,466.4310,1.0971,2.1954,-2.5437,-12.0572,,0.0000,4.2692,4.2693,4.1943,0.0000,-3.4665,1.2199,0.7462,0,3
piano_felt,58,A#3,0.5750,regular,felt,Felt,0.1250,2.3093,233.0820,466.4310,1.0765,2.1543,-2.4453,-11.4818,,0.0000,3.7925,3.7923,3.7225,0.0000,-2.9820,1.2338,0.7973,0,3
piano_felt,58,A#3,0.6000,regular,felt,Felt,0.1250,2.2678,233.0820,466.4310,1.0572,2.1156,-2.3548,-10.9648,,0.0000,3.3659,3.3659,3.3007,0.0000,-2.5219,1.2467,0.8462,0,3
piano_felt,58,A#3,0.6250,regular,felt,Felt,0.1250,2.2288,233.0820,466.4310,1.0390,2.0791,-2.2712,-10.4973,,0.0000,2.9819,2.9819,2.9203,0.0000,-2.0837,1.2587,0.8930,0,3
piano_felt,58,A#3,0.6500,regular,felt,Felt,0.1250,2.1918,233.0820,466.4310,1.0218,2.0447,-2.1939,-10.0721,,0.0000,2.6340,2.6340,2.5758,0.0000,-1.6657,1.2700,0.9378,0,3
piano_felt,58,A#3,0.6750,regular,felt,Felt,0.1250,2.1569,233.0820,466.4310,1.0055,2.0121,-2.1220,-9.6834,,0.0000,2.3173,2.3171,2.2623,0.0000,-1.2660,1.2806,0.9807,0,3
piano_felt,58,A#3,0.7000,regular,felt,Felt,0.1250,2.1238,233.0820,466.4310,0.9900,1.9812,-2.0551,-9.3265,,0.0000,2.0272,2.0272,1.9746,0.0000,-0.8833,1.2904,1.0218,0,3
piano_felt,58,A#3,0.7250,regular,felt,Felt,0.1250,2.0923,233.0820,466.4310,0.9753,1.9518,-1.9926,-8.9975,,0.0000,1.7607,1.7607,1.7107,0.0000,-0.5159,1.2998,1.0613,0,3
piano_felt,58,A#3,0.7500,regular,felt,Felt,0.1250,2.0623,233.0820,466.4310,0.9614,1.9238,-1.9341,-8.6930,,0.0000,1.5148,1.5148,1.4669,0.0000,-0.1630,1.3085,1.0991,0,3
piano_felt,58,A#3,0.7750,regular,felt,Felt,0.1250,2.0337,233.0820,466.4310,0.9480,1.8971,-1.8792,-8.4105,,0.0000,1.2871,1.2871,1.2413,0.0000,0.1768,1.3169,1.1355,0,3
piano_felt,58,A#3,0.8000,regular,felt,Felt,0.1250,2.0064,233.0820,466.4310,0.9353,1.8717,-1.8275,-8.1473,,0.0000,1.0757,1.0757,1.0316,0.0000,0.5042,1.3247,1.1704,0,3
piano_felt,58,A#3,0.8250,regular,felt,Felt,0.1250,1.9802,233.0820,466.4310,0.9231,1.8473,-1.7789,-7.9017,,0.0000,0.8787,0.8787,0.8363,0.0000,0.8201,1.3321,1.2040,0,3
piano_felt,58,A#3,0.8500,regular,felt,Felt,0.1250,1.9552,233.0820,466.4310,0.9115,1.8240,-1.7329,-7.6717,,0.0000,0.6945,0.6946,0.6537,0.0000,1.1253,1.3392,1.2363,0,3
piano_felt,58,A#3,0.8750,regular,felt,Felt,0.1250,1.9312,233.0820,466.4310,0.9003,1.8016,-1.6895,-7.4559,,0.0000,0.5223,0.5223,0.4829,0.0000,1.4205,1.3459,1.2674,0,3
piano_felt,58,A#3,0.9000,regular,felt,Felt,0.1250,1.9082,233.0820,466.4310,0.8895,1.7801,-1.6484,-7.2531,,0.0000,0.3605,0.3605,0.3223,0.0000,1.7064,1.3523,1.2973,0,3
piano_felt,58,A#3,0.9250,regular,felt,Felt,0.1250,1.8861,233.0820,466.4310,0.8792,1.7595,-1.6093,-7.0619,,0.0000,0.2084,0.2084,0.1715,0.0000,1.9834,1.3584,1.3262,0,3
piano_felt,58,A#3,0.9500,regular,felt,Felt,0.1250,1.8648,233.0820,466.4310,0.8693,1.7396,-1.5723,-6.8814,,0.0000,0.0649,0.0650,0.0291,0.0000,2.2521,1.3642,1.3540,0,3
piano_felt,58,A#3,0.9750,regular,felt,Felt,0.1250,1.8443,233.0820,466.4310,0.8597,1.7204,-1.5370,-6.7107,,0.0000,-0.0705,-0.0705,-0.1052,-0.0705,2.5130,1.3698,1.3809,0,3
piano_felt,58,A#3,1.0000,regular,felt,Felt,0.1250,1.8245,233.0820,466.4310,0.8505,1.7020,-1.5034,-6.5490,,0.0000,-0.1985,-0.1986,-0.2322,-0.1985,2.7666,1.3751,1.4069,0,3
piano_felt,58,A#3,0.2780,corpus,felt,Felt,0.1250,3.1469,233.0820,466.4310,1.4670,2.9357,-4.7144,-37.5601,,0.0000,27.5972,27.5978,26.5034,0.0000,-11.5636,0.9501,0.0396,0,3
piano_felt,58,A#3,0.3030,corpus,felt,Felt,0.1250,3.0336,233.0820,466.4310,1.4142,2.8300,-4.3546,-28.4830,,0.0000,18.8830,18.8831,18.4570,0.0000,-10.4558,0.9903,0.1126,0,3
piano_felt,58,A#3,0.3130,corpus,felt,Felt,0.1250,2.9920,233.0820,466.4310,1.3948,2.7911,-4.2267,-26.4731,,0.0000,17.0011,17.0013,16.6543,0.0000,-10.0460,1.0050,0.1419,0,3
piano_felt,58,A#3,0.3280,corpus,felt,Felt,0.1250,2.9329,233.0820,466.4310,1.3672,2.7360,-4.0495,-24.1357,,0.0000,14.8413,14.8413,14.5684,0.0000,-9.4622,1.0257,0.1858,0,3
piano_felt,58,A#3,0.3380,corpus,felt,Felt,0.1250,2.8957,233.0820,466.4310,1.3499,2.7012,-3.9401,-22.8749,,0.0000,13.6902,13.6901,13.4505,0.0000,-9.0919,1.0387,0.2148,0,3
piano_felt,58,A#3,0.3630,corpus,felt,Felt,0.1250,2.8090,233.0820,466.4310,1.3095,2.6204,-3.6926,-20.3797,,0.0000,11.4427,11.4426,11.2569,0.0000,-8.2246,1.0687,0.2862,0,3
piano_felt,58,A#3,0.4020,corpus,felt,Felt,0.1250,2.6895,233.0820,466.4310,1.2538,2.5090,-3.3670,-17.6116,,0.0000,9.0002,9.0002,8.8609,0.0000,-7.0126,1.1095,0.3937,0,3
piano_felt,58,A#3,0.4270,corpus,felt,Felt,0.1250,2.6213,233.0820,466.4310,1.2220,2.4453,-3.1890,-16.2690,,0.0000,7.8355,7.8356,7.7149,0.0000,-6.3106,1.1325,0.4595,0,3
piano_felt,58,A#3,0.4370,corpus,felt,Felt,0.1250,2.5956,233.0820,466.4310,1.2100,2.4213,-3.1234,-15.7979,,0.0000,7.4302,7.4301,7.3156,0.0000,-6.0439,1.1411,0.4851,0,3
piano_felt,58,A#3,0.4520,corpus,felt,Felt,0.1250,2.5586,233.0820,466.4310,1.1927,2.3868,-3.0303,-15.1488,,0.0000,6.8742,6.8742,6.7674,0.0000,-5.6576,1.1534,0.5227,0,3
piano_felt,58,A#3,0.4620,corpus,felt,Felt,0.1250,2.5348,233.0820,466.4310,1.1817,2.3647,-2.9715,-14.7497,,0.0000,6.5339,6.5339,6.4315,0.0000,-5.4088,1.1612,0.5473,0,3
piano_felt,58,A#3,0.4870,corpus,felt,Felt,0.1250,2.4786,233.0820,466.4310,1.1554,2.3122,-2.8347,-13.8512,,0.0000,5.7724,5.7722,5.6799,0.0000,-4.8143,1.1797,0.6069,0,3
piano_felt,59,B3,0.0500,regular,felt,Felt,0.1250,6.4345,246.9420,494.2010,3.1779,6.3598,-30.3682,-33.3887,3,-11.1885,-2.2247,-2.2240,-2.8214,-2.2247,-51.6605,0.0522,0.0675,0,3
piano_felt,59,B3,0.0750,regular,felt,Felt,0.1250,5.4111,246.9420,494.2010,2.6725,5.3483,-21.9249,-34.4952,3,-6.1587,7.3286,7.3293,7.8703,0.0000,-39.6930,0.1381,0.0594,0,3
piano_felt,59,B3,0.1000,regular,felt,Felt,0.1250,4.7853,246.9420,494.2010,2.3634,4.7298,-14.7272,-34.3031,3,-1.4993,14.3305,14.3317,13.9965,0.0000,-29.9972,0.3163,0.0608,0,3
piano_felt,59,B3,0.1250,regular,felt,Felt,0.1250,4.3502,246.9420,494.2010,2.1485,4.2997,-11.4031,-25.8553,3,-0.2385,9.2090,9.2088,9.1550,0.0000,-24.7346,0.4638,0.1607,0,3
piano_felt,59,B3,0.1500,regular,felt,Felt,0.1250,4.0242,246.9420,494.2010,1.9875,3.9776,-9.3986,-23.4229,,0.0000,8.7807,8.7810,8.7987,0.0000,-21.1466,0.5842,0.2126,0,3
piano_felt,59,B3,0.1750,regular,felt,Felt,0.1250,3.7678,246.9420,494.2010,1.8608,3.7241,-8.0374,-23.0335,,0.0000,9.7526,9.7528,9.8208,0.0000,-18.4466,0.6833,0.2223,0,3
piano_felt,59,B3,0.2000,regular,felt,Felt,0.1250,3.5588,246.9420,494.2010,1.7577,3.5176,-7.0454,-23.8949,,0.0000,11.6065,11.6064,11.7308,0.0000,-16.2947,0.7660,0.2013,0,3
piano_felt,59,B3,0.2250,regular,felt,Felt,0.1250,3.3842,246.9420,494.2010,1.6714,3.3449,-6.2868,-25.9143,,0.0000,14.3843,14.3846,14.5915,0.0000,-14.5131,0.8359,0.1596,0,3
piano_felt,59,B3,0.2500,regular,felt,Felt,0.1250,3.2352,246.9420,494.2010,1.5978,3.1977,-5.6862,-29.5964,,0.0000,18.6682,18.6678,19.0499,0.0000,-12.9974,0.8958,0.1044,0,3
piano_felt,59,B3,0.2750,regular,felt,Felt,0.1250,3.1062,246.9420,494.2010,1.5341,3.0701,-5.1979,-37.6888,,0.0000,27.2510,27.2510,28.3884,0.0000,-11.6813,0.9476,0.0411,0,3
piano_felt,59,B3,0.3000,regular,felt,Felt,0.1250,2.9928,246.9420,494.2010,1.4781,2.9581,-4.7924,-41.4273,,0.0000,31.3847,31.3847,29.7569,0.0000,-10.5199,0.9929,0.0268,0,3
piano_felt,59,B3,0.3250,regular,felt,Felt,0.1250,2.8922,246.9420,494.2010,1.4284,2.8587,-4.4498,-30.2568,,0.0000,20.5609,20.5612,20.0494,0.0000,-9.4822,1.0328,0.0968,0,3
piano_felt,59,B3,0.3500,regular,felt,Felt,0.1250,2.8021,246.9420,494.2010,1.3839,2.7696,-4.1563,-25.5009,,0.0000,16.0997,16.0996,15.7855,0.0000,-8.5449,1.0683,0.1674,0,3
piano_felt,59,B3,0.3750,regular,felt,Felt,0.1250,2.7207,246.9420,494.2010,1.3437,2.6891,-3.9018,-22.4660,,0.0000,13.3197,13.3195,13.0899,0.0000,-7.6912,1.1000,0.2374,0,3
piano_felt,59,B3,0.4000,regular,felt,Felt,0.1250,2.6467,246.9420,494.2010,1.3072,2.6160,-3.6788,-20.2578,,0.0000,11.3346,11.3345,11.1508,0.0000,-6.9075,1.1287,0.3061,0,3
piano_felt,59,B3,0.4250,regular,felt,Felt,0.1250,2.5790,246.9420,494.2010,1.2737,2.5491,-3.4818,-18.5393,,0.0000,9.8132,9.8131,9.6594,0.0000,-6.1839,1.1546,0.3730,0,3
piano_felt,59,B3,0.4500,regular,felt,Felt,0.1250,2.5168,246.9420,494.2010,1.2430,2.4876,-3.3062,-17.1453,,0.0000,8.5947,8.5947,8.4618,0.0000,-5.5120,1.1781,0.4380,0,3
piano_felt,59,B3,0.4750,regular,felt,Felt,0.1250,2.4594,246.9420,494.2010,1.2146,2.4308,-3.1488,-15.9822,,0.0000,7.5892,7.5890,7.4719,0.0000,-4.8849,1.1997,0.5007,0,3
piano_felt,59,B3,0.5000,regular,felt,Felt,0.1250,2.4061,246.9420,494.2010,1.1883,2.3781,-3.0068,-14.9914,,0.0000,6.7402,6.7403,6.6350,0.0000,-4.2973,1.2194,0.5613,0,3
piano_felt,59,B3,0.5250,regular,felt,Felt,0.1250,2.3564,246.9420,494.2010,1.1638,2.3291,-2.8780,-14.1338,,0.0000,6.0116,6.0116,5.9158,0.0000,-3.7447,1.2377,0.6195,0,3
piano_felt,59,B3,0.5500,regular,felt,Felt,0.1250,2.3101,246.9420,494.2010,1.1409,2.2833,-2.7605,-13.3821,,0.0000,5.3772,5.3774,5.2895,0.0000,-3.2233,1.2545,0.6755,0,3
piano_felt,59,B3,0.5750,regular,felt,Felt,0.1250,2.2666,246.9420,494.2010,1.1194,2.2403,-2.6530,-12.7164,,0.0000,4.8191,4.8192,4.7379,0.0000,-2.7296,1.2701,0.7293,0,3
piano_felt,59,B3,0.6000,regular,felt,Felt,0.1250,2.2258,246.9420,494.2010,1.0993,2.1999,-2.5542,-12.1217,,0.0000,4.3233,4.3233,4.2476,0.0000,-2.2611,1.2847,0.7810,0,3
piano_felt,59,B3,0.6250,regular,felt,Felt,0.1250,2.1873,246.9420,494.2010,1.0803,2.1619,-2.4630,-11.5864,,0.0000,3.8792,3.8793,3.8083,0.0000,-1.8153,1.2982,0.8306,0,3
piano_felt,59,B3,0.6500,regular,felt,Felt,0.1250,2.1509,246.9420,494.2010,1.0623,2.1260,-2.3786,-11.1016,,0.0000,3.4788,3.4789,3.4122,0.0000,-1.3903,1.3109,0.8783,0,3
piano_felt,59,B3,0.6750,regular,felt,Felt,0.1250,2.1165,246.9420,494.2010,1.0453,2.0920,-2.3002,-10.6601,,0.0000,3.1157,3.1157,3.0527,0.0000,-0.9840,1.3228,0.9241,0,3
piano_felt,59,B3,0.7000,regular,felt,Felt,0.1250,2.0839,246.9420,494.2010,1.0292,2.0597,-2.2272,-10.2559,,0.0000,2.7846,2.7846,2.7249,0.0000,-0.5951,1.3340,0.9681,0,3
piano_felt,59,B3,0.7250,regular,felt,Felt,0.1250,2.0529,246.9420,494.2010,1.0139,2.0291,-2.1590,-9.8843,,0.0000,2.4812,2.4812,2.4244,0.0000,-0.2222,1.3445,1.0104,0,3
piano_felt,59,B3,0.7500,regular,felt,Felt,0.1250,2.0234,246.9420,494.2010,0.9993,1.9999,-2.0952,-9.5414,,0.0000,2.2017,2.2020,2.1479,0.0000,0.1358,1.3543,1.0511,0,3
piano_felt,59,B3,0.7750,regular,felt,Felt,0.1250,1.9952,246.9420,494.2010,0.9854,1.9721,-2.0354,-9.2237,,0.0000,1.9441,1.9442,1.8924,0.0000,0.4807,1.3637,1.0902,0,3
piano_felt,59,B3,0.8000,regular,felt,Felt,0.1250,1.9684,246.9420,494.2010,0.9721,1.9455,-1.9791,-8.9285,,0.0000,1.7053,1.7053,1.6558,0.0000,0.8127,1.3726,1.1279,0,3
piano_felt,59,B3,0.8250,regular,felt,Felt,0.1250,1.9426,246.9420,494.2010,0.9594,1.9201,-1.9261,-8.6534,,0.0000,1.4831,1.4831,1.4354,0.0000,1.1330,1.3810,1.1642,0,3
piano_felt,59,B3,0.8500,regular,felt,Felt,0.1250,1.9180,246.9420,494.2010,0.9473,1.8958,-1.8761,-8.3963,,0.0000,1.2759,1.2760,1.2302,0.0000,1.4423,1.3890,1.1992,0,3
piano_felt,59,B3,0.8750,regular,felt,Felt,0.1250,1.8944,246.9420,494.2010,0.9356,1.8725,-1.8288,-8.1554,,0.0000,1.0824,1.0824,1.0382,0.0000,1.7414,1.3966,1.2329,0,3
piano_felt,59,B3,0.9000,regular,felt,Felt,0.1250,1.8718,246.9420,494.2010,0.9244,1.8501,-1.7841,-7.9292,,0.0000,0.9009,0.9009,0.8583,0.0000,2.0309,1.4038,1.2655,0,3
piano_felt,59,B3,0.9250,regular,felt,Felt,0.1250,1.8500,246.9420,494.2010,0.9137,1.8285,-1.7416,-7.7163,,0.0000,0.7305,0.7305,0.6894,0.0000,2.3113,1.4107,1.2969,0,3
piano_felt,59,B3,0.9500,regular,felt,Felt,0.1250,1.8290,246.9420,494.2010,0.9033,1.8078,-1.7013,-7.5155,,0.0000,0.5701,0.5701,0.5303,0.0000,2.5833,1.4172,1.3272,0,3
piano_felt,59,B3,0.9750,regular,felt,Felt,0.1250,1.8088,246.9420,494.2010,0.8934,1.7879,-1.6629,-7.3258,,0.0000,0.4188,0.4188,0.3801,0.0000,2.8472,1.4235,1.3565,0,3
piano_felt,59,B3,1.0000,regular,felt,Felt,0.1250,1.7894,246.9420,494.2010,0.8837,1.7686,-1.6264,-7.1463,,0.0000,0.2758,0.2758,0.2383,0.0000,3.1037,1.4295,1.3848,0,3
piano_felt,59,B3,0.2780,corpus,felt,Felt,0.1250,3.0918,246.9420,494.2010,1.5270,3.0559,-5.1453,-39.5569,,0.0000,29.1724,29.1728,30.6307,0.0000,-11.5344,0.9533,0.0332,0,3
piano_felt,59,B3,0.3030,corpus,felt,Felt,0.1250,2.9801,246.9420,494.2010,1.4718,2.9456,-4.7483,-39.0726,,0.0000,29.0782,29.0756,27.7984,0.0000,-10.3893,0.9979,0.0351,0,3
piano_felt,59,B3,0.3130,corpus,felt,Felt,0.1250,2.9391,246.9420,494.2010,1.4516,2.9050,-4.6074,-33.9838,,0.0000,24.1289,24.1298,23.3746,0.0000,-9.9665,1.0142,0.0630,0,3
piano_felt,59,B3,0.3280,corpus,felt,Felt,0.1250,2.8809,246.9420,494.2010,1.4228,2.8475,-4.4123,-29.5285,,0.0000,19.8709,19.8707,19.3966,0.0000,-9.3647,1.0373,0.1053,0,3
piano_felt,59,B3,0.3380,corpus,felt,Felt,0.1250,2.8442,246.9420,494.2010,1.4047,2.8112,-4.2918,-27.4640,,0.0000,17.9272,17.9270,17.5436,0.0000,-8.9835,1.0517,0.1335,0,3
piano_felt,59,B3,0.3630,corpus,felt,Felt,0.1250,2.7588,246.9420,494.2010,1.3625,2.7268,-4.0196,-23.7864,,0.0000,14.5221,14.5220,14.2587,0.0000,-8.0914,1.0852,0.2039,0,3
piano_felt,59,B3,0.4020,corpus,felt,Felt,0.1250,2.6411,246.9420,494.2010,1.3044,2.6104,-3.6622,-20.1052,,0.0000,11.1987,11.1985,11.0181,0.0000,-6.8476,1.1308,0.3115,0,3
piano_felt,59,B3,0.4270,corpus,felt,Felt,0.1250,2.5739,246.9420,494.2010,1.2712,2.5440,-3.4670,-18.4174,,0.0000,9.7061,9.7060,9.5543,0.0000,-6.1284,1.1565,0.3783,0,3
piano_felt,59,B3,0.4370,corpus,felt,Felt,0.1250,2.5485,246.9420,494.2010,1.2587,2.5190,-3.3951,-17.8366,,0.0000,9.1970,9.1971,9.0542,0.0000,-5.8554,1.1661,0.4045,0,3
piano_felt,59,B3,0.4520,corpus,felt,Felt,0.1250,2.5121,246.9420,494.2010,1.2407,2.4829,-3.2930,-17.0447,,0.0000,8.5074,8.5074,8.3762,0.0000,-5.4602,1.1799,0.4431,0,3
piano_felt,59,B3,0.4620,corpus,felt,Felt,0.1250,2.4887,246.9420,494.2010,1.2291,2.4598,-3.2286,-16.5624,,0.0000,8.0896,8.0895,7.9649,0.0000,-5.2058,1.1887,0.4684,0,3
piano_felt,59,B3,0.4870,corpus,felt,Felt,0.1250,2.4333,246.9420,494.2010,1.2018,2.4051,-3.0789,-15.4878,,0.0000,7.1644,7.1646,7.0534,0.0000,-4.5983,1.2094,0.5301,0,3
piano_felt,60,C4,0.0500,regular,felt,Felt,0.1250,6.3365,261.6260,523.6290,3.3156,6.6359,-26.4481,-38.0094,3,-6.4541,6.3145,6.3169,5.6797,0.0000,-47.2743,0.0866,0.0418,0,3
piano_felt,60,C4,0.0750,regular,felt,Felt,0.1250,5.3258,261.6260,523.6290,2.7867,5.5774,-26.2676,-31.6466,3,-9.6613,0.1386,0.1381,0.6268,0.0000,-43.5687,0.0884,0.0870,0,3
piano_felt,60,C4,0.1000,regular,felt,Felt,0.1250,4.7080,261.6260,523.6290,2.4635,4.9305,-16.6373,-46.6038,3,-2.5394,24.7189,24.7179,23.2025,0.0000,-31.4409,0.2679,0.0156,0,3
piano_felt,60,C4,0.1250,regular,felt,Felt,0.1250,4.2786,261.6260,523.6290,2.2388,4.4808,-12.6936,-28.3667,3,-0.6259,10.4301,10.4296,10.3116,0.0000,-25.5591,0.4218,0.1270,0,3
piano_felt,60,C4,0.1500,regular,felt,Felt,0.1250,3.9570,261.6260,523.6290,2.0705,4.1440,-10.3895,-24.3999,3,-0.0534,8.7669,8.7671,8.7509,0.0000,-21.6716,0.5500,0.2004,0,3
piano_felt,60,C4,0.1750,regular,felt,Felt,0.1250,3.7040,261.6260,523.6290,1.9382,3.8791,-8.8480,-23.1095,,0.0000,9.0183,9.0182,9.0548,0.0000,-18.7910,0.6568,0.2325,0,3
piano_felt,60,C4,0.2000,regular,felt,Felt,0.1250,3.4980,261.6260,523.6290,1.8303,3.6633,-7.7341,-23.1582,,0.0000,10.1808,10.1809,10.2629,0.0000,-16.5173,0.7466,0.2312,0,3
piano_felt,60,C4,0.2250,regular,felt,Felt,0.1250,3.3258,261.6260,523.6290,1.7402,3.4830,-6.8874,-24.1794,,0.0000,12.0488,12.0490,12.1857,0.0000,-14.6475,0.8231,0.2056,0,3
piano_felt,60,C4,0.2500,regular,felt,Felt,0.1250,3.1790,261.6260,523.6290,1.6634,3.3292,-6.2196,-26.1908,,0.0000,14.7280,14.7283,14.9464,0.0000,-13.0646,0.8888,0.1631,0,3
piano_felt,60,C4,0.2750,regular,felt,Felt,0.1250,3.0518,261.6260,523.6290,1.5968,3.1960,-5.6784,-29.6602,,0.0000,18.7398,18.7396,19.1253,0.0000,-11.6956,0.9460,0.1094,0,3
piano_felt,60,C4,0.3000,regular,felt,Felt,0.1250,2.9401,261.6260,523.6290,1.5384,3.0790,-5.2300,-36.7161,,0.0000,26.2460,26.2459,27.2476,0.0000,-10.4913,0.9961,0.0485,0,3
piano_felt,60,C4,0.3250,regular,felt,Felt,0.1250,2.8409,261.6260,523.6290,1.4865,2.9752,-4.8520,-46.0772,,0.0000,35.9683,35.9704,33.3776,0.0000,-9.4181,1.0404,0.0165,0,3
piano_felt,60,C4,0.3500,regular,felt,Felt,0.1250,2.7521,261.6260,523.6290,1.4400,2.8822,-4.5286,-31.9757,,0.0000,22.2007,22.2010,21.5880,0.0000,-8.4510,1.0799,0.0838,0,3
piano_felt,60,C4,0.3750,regular,felt,Felt,0.1250,2.6719,261.6260,523.6290,1.3981,2.7982,-4.2485,-26.8126,,0.0000,17.3194,17.3190,16.9609,0.0000,-7.5717,1.1153,0.1518,0,3
piano_felt,60,C4,0.4000,regular,felt,Felt,0.1250,2.5990,261.6260,523.6290,1.3599,2.7218,-4.0034,-23.6051,,0.0000,14.3574,14.3569,14.0989,0.0000,-6.7660,1.1472,0.2197,0,3
piano_felt,60,C4,0.4250,regular,felt,Felt,0.1250,2.5324,261.6260,523.6290,1.3251,2.6520,-3.7871,-21.2950,,0.0000,12.2634,12.2633,12.0593,0.0000,-6.0230,1.1761,0.2866,0,3
piano_felt,60,C4,0.4500,regular,felt,Felt,0.1250,2.4711,261.6260,523.6290,1.2930,2.5879,-3.5945,-19.5052,,0.0000,10.6661,10.6662,10.4962,0.0000,-5.3341,1.2025,0.3522,0,3
piano_felt,60,C4,0.4750,regular,felt,Felt,0.1250,2.4145,261.6260,523.6290,1.2634,2.5286,-3.4220,-18.0562,,0.0000,9.3899,9.3899,9.2437,0.0000,-4.6919,1.2266,0.4161,0,3
piano_felt,60,C4,0.5000,regular,felt,Felt,0.1250,2.3620,261.6260,523.6290,1.2359,2.4736,-3.2664,-16.8480,,0.0000,8.3374,8.3373,8.2090,0.0000,-4.0908,1.2488,0.4782,0,3
piano_felt,60,C4,0.5250,regular,felt,Felt,0.1250,2.3131,261.6260,523.6290,1.2103,2.4224,-3.1254,-15.8187,,0.0000,7.4490,7.4490,7.3340,0.0000,-3.5260,1.2692,0.5384,0,3
piano_felt,60,C4,0.5500,regular,felt,Felt,0.1250,2.2674,261.6260,523.6290,1.1864,2.3746,-2.9969,-14.9275,,0.0000,6.6862,6.6863,6.5818,0.0000,-2.9935,1.2881,0.5966,0,3
piano_felt,60,C4,0.5750,regular,felt,Felt,0.1250,2.2247,261.6260,523.6290,1.1641,2.3298,-2.8793,-14.1457,,0.0000,6.0221,6.0221,5.9265,0.0000,-2.4898,1.3057,0.6527,0,3
piano_felt,60,C4,0.6000,regular,felt,Felt,0.1250,2.1845,261.6260,523.6290,1.1430,2.2877,-2.7713,-13.4528,,0.0000,5.4371,5.4373,5.3487,0.0000,-2.0121,1.3220,0.7069,0,3
piano_felt,60,C4,0.6250,regular,felt,Felt,0.1250,2.1466,261.6260,523.6290,1.1232,2.2480,-2.6717,-12.8332,,0.0000,4.9173,4.9173,4.8351,0.0000,-1.5578,1.3373,0.7592,0,3
piano_felt,60,C4,0.6500,regular,felt,Felt,0.1250,2.1108,261.6260,523.6290,1.1045,2.2105,-2.5795,-12.2750,,0.0000,4.4514,4.4513,4.3746,0.0000,-1.1250,1.3516,0.8096,0,3
piano_felt,60,C4,0.6750,regular,felt,Felt,0.1250,2.0769,261.6260,523.6290,1.0868,2.1751,-2.4939,-11.7690,,0.0000,4.0310,4.0309,3.9588,0.0000,-0.7117,1.3649,0.8581,0,3
piano_felt,60,C4,0.7000,regular,felt,Felt,0.1250,2.0448,261.6260,523.6290,1.0699,2.1414,-2.4143,-11.3077,,0.0000,3.6491,3.6493,3.5809,0.0000,-0.3161,1.3775,0.9050,0,3
piano_felt,60,C4,0.7250,regular,felt,Felt,0.1250,2.0143,261.6260,523.6290,1.0540,2.1095,-2.3399,-10.8851,,0.0000,3.3010,3.3010,3.2363,0.0000,0.0631,1.3894,0.9501,0,3
piano_felt,60,C4,0.7500,regular,felt,Felt,0.1250,1.9852,261.6260,523.6290,1.0388,2.0790,-2.2703,-10.4962,,0.0000,2.9817,2.9817,2.9201,0.0000,0.4271,1.4005,0.9936,0,3
piano_felt,60,C4,0.7750,regular,felt,Felt,0.1250,1.9575,261.6260,523.6290,1.0243,2.0500,-2.2051,-10.1370,,0.0000,2.6878,2.6877,2.6291,0.0000,0.7772,1.4111,1.0355,0,3
piano_felt,60,C4,0.8000,regular,felt,Felt,0.1250,1.9311,261.6260,523.6290,1.0104,2.0223,-2.1438,-9.8039,,0.0000,2.4161,2.4160,2.3600,0.0000,1.1143,1.4211,1.0760,0,3
piano_felt,60,C4,0.8250,regular,felt,Felt,0.1250,1.9058,261.6260,523.6290,0.9972,1.9958,-2.0860,-9.4942,,0.0000,2.1643,2.1640,2.1102,0.0000,1.4395,1.4306,1.1151,0,3
piano_felt,60,C4,0.8500,regular,felt,Felt,0.1250,1.8815,261.6260,523.6290,0.9845,1.9705,-2.0316,-9.2054,,0.0000,1.9297,1.9296,1.8782,0.0000,1.7530,1.4396,1.1528,0,3
piano_felt,60,C4,0.8750,regular,felt,Felt,0.1250,1.8583,261.6260,523.6290,0.9724,1.9461,-1.9801,-8.9352,,0.0000,1.7109,1.7110,1.6612,0.0000,2.0563,1.4481,1.1892,0,3
piano_felt,60,C4,0.9000,regular,felt,Felt,0.1250,1.8360,261.6260,523.6290,0.9607,1.9228,-1.9313,-8.6819,,0.0000,1.5065,1.5064,1.4586,0.0000,2.3497,1.4563,1.2244,0,3
piano_felt,60,C4,0.9250,regular,felt,Felt,0.1250,1.8146,261.6260,523.6290,0.9495,1.9003,-1.8851,-8.4439,,0.0000,1.3147,1.3146,1.2686,0.0000,2.6340,1.4640,1.2584,0,3
piano_felt,60,C4,0.9500,regular,felt,Felt,0.1250,1.7940,261.6260,523.6290,0.9387,1.8787,-1.8412,-8.2197,,0.0000,1.1344,1.1344,1.0898,0.0000,2.9095,1.4715,1.2913,0,3
piano_felt,60,C4,0.9750,regular,felt,Felt,0.1250,1.7741,261.6260,523.6290,0.9283,1.8579,-1.7995,-8.0082,,0.0000,0.9646,0.9646,0.9215,0.0000,3.1768,1.4786,1.3231,0,3
piano_felt,60,C4,1.0000,regular,felt,Felt,0.1250,1.7549,261.6260,523.6290,0.9183,1.8379,-1.7597,-7.8083,,0.0000,0.8045,0.8044,0.7627,0.0000,3.4365,1.4853,1.3539,0,3
piano_felt,60,C4,0.2780,corpus,felt,Felt,0.1250,3.0376,261.6260,523.6290,1.5894,3.1812,-5.6202,-30.2339,,0.0000,19.3716,19.3715,19.7890,0.0000,-11.5432,0.9524,0.1024,0,3
piano_felt,60,C4,0.3030,corpus,felt,Felt,0.1250,2.9275,261.6260,523.6290,1.5318,3.0659,-5.1813,-38.2017,,0.0000,27.7805,27.7809,29.0017,0.0000,-10.3562,1.0017,0.0409,0,3
piano_felt,60,C4,0.3130,corpus,felt,Felt,0.1250,2.8871,261.6260,523.6290,1.5107,3.0235,-5.0258,-46.8639,,0.0000,36.6024,36.6062,40.5839,0.0000,-9.9186,1.0198,0.0151,0,3
piano_felt,60,C4,0.3280,corpus,felt,Felt,0.1250,2.8297,261.6260,523.6290,1.4807,2.9635,-4.8105,-42.6516,,0.0000,32.5882,32.5898,30.7441,0.0000,-9.2969,1.0454,0.0245,0,3
piano_felt,60,C4,0.3380,corpus,felt,Felt,0.1250,2.7936,261.6260,523.6290,1.4617,2.9256,-4.6778,-36.2320,,0.0000,26.3060,26.3068,25.3529,0.0000,-8.9032,1.0615,0.0514,0,3
piano_felt,60,C4,0.3630,corpus,felt,Felt,0.1250,2.7094,261.6260,523.6290,1.4177,2.8375,-4.3781,-28.9181,,0.0000,19.2941,19.2946,18.8484,0.0000,-7.9837,1.0988,0.1192,0,3
piano_felt,60,C4,0.4020,corpus,felt,Felt,0.1250,2.5935,261.6260,523.6290,1.3570,2.7160,-3.9852,-23.3944,,0.0000,14.1647,14.1645,13.9116,0.0000,-6.7044,1.1496,0.2251,0,3
piano_felt,60,C4,0.4270,corpus,felt,Felt,0.1250,2.5273,261.6260,523.6290,1.3224,2.6467,-3.7709,-21.1358,,0.0000,12.1204,12.1204,11.9192,0.0000,-5.9660,1.1783,0.2919,0,3
piano_felt,60,C4,0.4370,corpus,felt,Felt,0.1250,2.5023,261.6260,523.6290,1.3093,2.6206,-3.6919,-20.3846,,0.0000,11.4480,11.4482,11.2624,0.0000,-5.6861,1.1891,0.3183,0,3
piano_felt,60,C4,0.4520,corpus,felt,Felt,0.1250,2.4664,261.6260,523.6290,1.2905,2.5829,-3.5800,-19.3784,,0.0000,10.5538,10.5539,10.3864,0.0000,-5.2810,1.2045,0.3574,0,3
piano_felt,60,C4,0.4620,corpus,felt,Felt,0.1250,2.4434,261.6260,523.6290,1.2785,2.5588,-3.5094,-18.7745,,0.0000,10.0206,10.0207,9.8629,0.0000,-5.0204,1.2143,0.3831,0,3
piano_felt,60,C4,0.4870,corpus,felt,Felt,0.1250,2.3888,261.6260,523.6290,1.2499,2.5017,-3.3454,-17.4507,,0.0000,8.8611,8.8610,8.7241,0.0000,-4.3985,1.2375,0.4462,0,3
piano_felt,61,C#4,0.0500,regular,felt,Felt,0.1250,6.2529,277.1830,554.8140,3.4664,6.9384,-24.3344,-53.7627,3,-3.4941,24.1738,24.1776,21.5881,0.0000,-44.6881,0.1166,0.0072,0,3
piano_felt,61,C#4,0.0750,regular,felt,Felt,0.1250,5.2507,277.1830,554.8140,2.9108,5.8263,-34.5674,-30.6834,3,-17.0978,-9.1220,-9.1231,-8.2786,-9.1220,-51.3945,0.0359,0.1026,0,3
piano_felt,61,C#4,0.1000,regular,felt,Felt,0.1250,4.6386,277.1830,554.8140,2.5715,5.1471,-19.0875,-40.9299,3,-4.1043,16.6042,16.6026,17.6417,0.0000,-33.4186,0.2133,0.0315,0,3
piano_felt,61,C#4,0.1250,regular,felt,Felt,0.1250,4.2134,277.1830,554.8140,2.3358,4.6753,-14.2474,-32.6145,3,-1.2687,13.1226,13.1233,12.8626,0.0000,-26.6407,0.3724,0.0822,0,3
piano_felt,61,C#4,0.1500,regular,felt,Felt,0.1250,3.8951,277.1830,554.8140,2.1593,4.3221,-11.5509,-26.1131,3,-0.2749,9.3191,9.3188,9.2581,0.0000,-22.3606,0.5080,0.1738,0,3
piano_felt,61,C#4,0.1750,regular,felt,Felt,0.1250,3.6448,277.1830,554.8140,2.0206,4.0444,-9.7833,-23.7475,3,-0.0045,8.7207,8.7209,8.7255,0.0000,-19.2541,0.6227,0.2282,0,3
piano_felt,61,C#4,0.2000,regular,felt,Felt,0.1250,3.4411,277.1830,554.8140,1.9076,3.8183,-8.5206,-23.0163,,0.0000,9.2527,9.2525,9.3017,0.0000,-16.8317,0.7201,0.2482,0,3
piano_felt,61,C#4,0.2250,regular,felt,Felt,0.1250,3.2708,277.1830,554.8140,1.8132,3.6294,-7.5677,-23.2709,,0.0000,10.4603,10.4601,10.5511,0.0000,-14.8557,0.8036,0.2410,0,3
piano_felt,61,C#4,0.2500,regular,felt,Felt,0.1250,3.1257,277.1830,554.8140,1.7328,3.4683,-6.8202,-24.3157,,0.0000,12.2521,12.2524,12.3940,0.0000,-13.1930,0.8758,0.2137,0,3
piano_felt,61,C#4,0.2750,regular,felt,Felt,0.1250,2.9999,277.1830,554.8140,1.6631,3.3288,-6.2166,-26.1988,,0.0000,14.7397,14.7393,14.9577,0.0000,-11.7616,0.9388,0.1720,0,3
piano_felt,61,C#4,0.3000,regular,felt,Felt,0.1250,2.8895,277.1830,554.8140,1.6019,3.2063,-5.7181,-29.2909,,0.0000,18.3298,18.3304,18.6947,0.0000,-10.5073,0.9943,0.1205,0,3
piano_felt,61,C#4,0.3250,regular,felt,Felt,0.1250,2.7916,277.1830,554.8140,1.5476,3.0976,-5.2988,-35.0052,,0.0000,24.4644,24.4652,25.2674,0.0000,-9.3928,1.0435,0.0624,0,3
piano_felt,61,C#4,0.3500,regular,felt,Felt,0.1250,2.7039,277.1830,554.8140,1.4989,3.0003,-4.9408,-84.8278,,0.0000,48.5784,48.5787,45.5049,0.0000,-8.3911,1.0874,0.0041,1,3
piano_felt,61,C#4,0.3750,regular,felt,Felt,0.1250,2.6247,277.1830,554.8140,1.4550,2.9124,-4.6314,-34.7378,,0.0000,24.8593,24.8599,24.0433,0.0000,-7.4824,1.1268,0.0644,0,3
piano_felt,61,C#4,0.4000,regular,felt,Felt,0.1250,2.5527,277.1830,554.8140,1.4151,2.8326,-4.3610,-28.6316,,0.0000,19.0252,19.0255,18.5918,0.0000,-6.6514,1.1624,0.1300,0,3
piano_felt,61,C#4,0.4250,regular,felt,Felt,0.1250,2.4869,277.1830,554.8140,1.3787,2.7595,-4.1225,-25.0747,,0.0000,15.7073,15.7074,15.4068,0.0000,-5.8865,1.1948,0.1959,0,3
piano_felt,61,C#4,0.4500,regular,felt,Felt,0.1250,2.4264,277.1830,554.8140,1.3451,2.6924,-3.9106,-22.5750,,0.0000,13.4200,13.4199,13.1876,0.0000,-5.1779,1.2243,0.2611,0,3
piano_felt,61,C#4,0.4750,regular,felt,Felt,0.1250,2.3705,277.1830,554.8140,1.3141,2.6304,-3.7208,-20.6619,,0.0000,11.6968,11.6967,11.5050,0.0000,-4.5186,1.2513,0.3255,0,3
piano_felt,61,C#4,0.5000,regular,felt,Felt,0.1250,2.3187,277.1830,554.8140,1.2854,2.5729,-3.5499,-19.1237,,0.0000,10.3296,10.3295,10.1659,0.0000,-3.9021,1.2762,0.3886,0,3
piano_felt,61,C#4,0.5250,regular,felt,Felt,0.1250,2.2705,277.1830,554.8140,1.2587,2.5194,-3.3951,-17.8462,,0.0000,9.2068,9.2068,9.0640,0.0000,-3.3235,1.2992,0.4501,0,3
piano_felt,61,C#4,0.5500,regular,felt,Felt,0.1250,2.2254,277.1830,554.8140,1.2337,2.4694,-3.2541,-16.7604,,0.0000,8.2622,8.2621,8.1348,0.0000,-2.7785,1.3204,0.5100,0,3
piano_felt,61,C#4,0.5750,regular,felt,Felt,0.1250,2.1832,277.1830,554.8140,1.2103,2.4226,-3.1252,-15.8216,,0.0000,7.4522,7.4522,7.3370,0.0000,-2.2635,1.3402,0.5683,0,3
piano_felt,61,C#4,0.6000,regular,felt,Felt,0.1250,2.1436,277.1830,554.8140,1.1883,2.3786,-3.0069,-14.9988,,0.0000,6.7478,6.7477,6.6426,0.0000,-1.7755,1.3585,0.6247,0,3
piano_felt,61,C#4,0.6250,regular,felt,Felt,0.1250,2.1062,277.1830,554.8140,1.1676,2.3371,-2.8978,-14.2697,,0.0000,6.1278,6.1278,6.0308,0.0000,-1.3118,1.3757,0.6794,0,3
piano_felt,61,C#4,0.6500,regular,felt,Felt,0.1250,2.0709,277.1830,554.8140,1.1480,2.2979,-2.7969,-13.6179,,0.0000,5.5769,5.5769,5.4867,0.0000,-0.8703,1.3918,0.7324,0,3
piano_felt,61,C#4,0.6750,regular,felt,Felt,0.1250,2.0375,277.1830,554.8140,1.1295,2.2609,-2.7032,-13.0307,,0.0000,5.0833,5.0833,4.9990,0.0000,-0.4488,1.4069,0.7836,0,3
piano_felt,61,C#4,0.7000,regular,felt,Felt,0.1250,2.0058,277.1830,554.8140,1.1120,2.2257,-2.6161,-12.4982,,0.0000,4.6379,4.6379,4.5588,0.0000,-0.0459,1.4211,0.8331,0,3
piano_felt,61,C#4,0.7250,regular,felt,Felt,0.1250,1.9757,277.1830,554.8140,1.0953,2.1923,-2.5349,-12.0126,,0.0000,4.2336,4.2336,4.1591,0.0000,0.3403,1.4344,0.8810,0,3
piano_felt,61,C#4,0.7500,regular,felt,Felt,0.1250,1.9471,277.1830,554.8140,1.0794,2.1605,-2.4589,-11.5675,,0.0000,3.8645,3.8645,3.7940,0.0000,0.7107,1.4470,0.9274,0,3
piano_felt,61,C#4,0.7750,regular,felt,Felt,0.1250,1.9198,277.1830,554.8140,1.0643,2.1302,-2.3876,-11.1579,,0.0000,3.5261,3.5261,3.4591,0.0000,1.0668,1.4589,0.9722,0,3
piano_felt,61,C#4,0.8000,regular,felt,Felt,0.1250,1.8937,277.1830,554.8140,1.0498,2.1013,-2.3207,-10.7793,,0.0000,3.2145,3.2145,3.1506,0.0000,1.4095,1.4702,1.0154,0,3
piano_felt,61,C#4,0.8250,regular,felt,Felt,0.1250,1.8687,277.1830,554.8140,1.0360,2.0736,-2.2577,-10.4282,,0.0000,2.9264,2.9264,2.8654,0.0000,1.7398,1.4809,1.0573,0,3
piano_felt,61,C#4,0.8500,regular,felt,Felt,0.1250,1.8449,277.1830,554.8140,1.0227,2.0471,-2.1982,-10.1015,,0.0000,2.6592,2.6592,2.6009,0.0000,2.0586,1.4911,1.0979,0,3
piano_felt,61,C#4,0.8750,regular,felt,Felt,0.1250,1.8220,277.1830,554.8140,1.0100,2.0217,-2.1421,-9.7967,,0.0000,2.4105,2.4105,2.3544,0.0000,2.3664,1.5008,1.1371,0,3
piano_felt,61,C#4,0.9000,regular,felt,Felt,0.1250,1.8000,277.1830,554.8140,0.9979,1.9973,-2.0889,-9.5115,,0.0000,2.1786,2.1784,2.1246,0.0000,2.6644,1.5100,1.1750,0,3
piano_felt,61,C#4,0.9250,regular,felt,Felt,0.1250,1.7789,277.1830,554.8140,0.9861,1.9739,-2.0385,-9.2439,,0.0000,1.9613,1.9613,1.9093,0.0000,2.9527,1.5188,1.2118,0,3
piano_felt,61,C#4,0.9500,regular,felt,Felt,0.1250,1.7585,277.1830,554.8140,0.9749,1.9513,-1.9907,-8.9924,,0.0000,1.7576,1.7577,1.7076,0.0000,3.2322,1.5272,1.2474,0,3
piano_felt,61,C#4,0.9750,regular,felt,Felt,0.1250,1.7390,277.1830,554.8140,0.9640,1.9296,-1.9452,-8.7555,,0.0000,1.5662,1.5662,1.5179,0.0000,3.5033,1.5352,1.2819,0,3
piano_felt,61,C#4,1.0000,regular,felt,Felt,0.1250,1.7201,277.1830,554.8140,0.9536,1.9087,-1.9019,-8.5319,,0.0000,1.3858,1.3859,1.3390,0.0000,3.7664,1.5428,1.3153,0,3
piano_felt,61,C#4,0.2780,corpus,felt,Felt,0.1250,2.9859,277.1830,554.8140,1.6553,3.3133,-6.1518,-26.4933,,0.0000,15.0987,15.0987,15.3290,0.0000,-11.6026,0.9459,0.1663,0,3
piano_felt,61,C#4,0.3030,corpus,felt,Felt,0.1250,2.8772,277.1830,554.8140,1.5950,3.1926,-5.6640,-29.7863,,0.0000,18.8800,18.8799,19.2712,0.0000,-10.3668,1.0005,0.1138,0,3
piano_felt,61,C#4,0.3130,corpus,felt,Felt,0.1250,2.8372,277.1830,554.8140,1.5729,3.1482,-5.4914,-31.7354,,0.0000,21.0018,21.0020,21.5178,0.0000,-9.9123,1.0206,0.0909,0,3
piano_felt,61,C#4,0.3280,corpus,felt,Felt,0.1250,2.7806,277.1830,554.8140,1.5415,3.0854,-5.2529,-36.0837,,0.0000,25.5893,25.5900,26.5147,0.0000,-9.2670,1.0490,0.0551,0,3
piano_felt,61,C#4,0.3380,corpus,felt,Felt,0.1250,2.7448,277.1830,554.8140,1.5216,3.0457,-5.1059,-41.2382,,0.0000,30.8935,30.8940,32.7125,0.0000,-8.8593,1.0669,0.0304,0,3
piano_felt,61,C#4,0.3630,corpus,felt,Felt,0.1250,2.6617,277.1830,554.8140,1.4756,2.9535,-4.7745,-40.4959,,0.0000,30.4711,30.4724,28.9897,0.0000,-7.9080,1.1084,0.0332,0,3
piano_felt,61,C#4,0.4020,corpus,felt,Felt,0.1250,2.5472,277.1830,554.8140,1.4121,2.8265,-4.3408,-28.2866,,0.0000,18.7010,18.7007,18.2838,0.0000,-6.5879,1.1651,0.1353,0,3
piano_felt,61,C#4,0.4270,corpus,felt,Felt,0.1250,2.4819,277.1830,554.8140,1.3759,2.7540,-4.1047,-24.8449,,0.0000,15.4954,15.4955,15.2019,0.0000,-5.8278,1.1972,0.2011,0,3
piano_felt,61,C#4,0.4370,corpus,felt,Felt,0.1250,2.4572,277.1830,554.8140,1.3622,2.7266,-4.0178,-23.7814,,0.0000,14.5190,14.5190,14.2555,0.0000,-5.5398,1.2093,0.2273,0,3
piano_felt,61,C#4,0.4520,corpus,felt,Felt,0.1250,2.4218,277.1830,554.8140,1.3425,2.6873,-3.8946,-22.4041,,0.0000,13.2650,13.2650,13.0363,0.0000,-5.1235,1.2266,0.2663,0,3
piano_felt,61,C#4,0.4620,corpus,felt,Felt,0.1250,2.3990,277.1830,554.8140,1.3300,2.6621,-3.8170,-21.5999,,0.0000,12.5384,12.5384,12.3281,0.0000,-4.8558,1.2376,0.2922,0,3
piano_felt,61,C#4,0.4870,corpus,felt,Felt,0.1250,2.3452,277.1830,554.8140,1.3001,2.6023,-3.6366,-19.8853,,0.0000,11.0044,11.0043,10.8279,0.0000,-4.2177,1.2635,0.3559,0,3
piano_felt,62,D4,0.0500,regular,felt,Felt,0.1250,6.1701,293.6650,587.8630,3.6239,7.2544,-23.2923,-42.4582,3,-1.6132,13.9252,13.9259,14.5381,0.0000,-43.1678,0.1389,0.0280,0,3
piano_felt,62,D4,0.0750,regular,felt,Felt,0.1250,5.1765,293.6650,587.8630,3.0403,6.0861,-42.3011,-31.2155,3,-23.9790,-16.3327,-16.3347,-18.4790,-16.3327,-58.6586,0.0156,0.1020,0,3
piano_felt,62,D4,0.1000,regular,felt,Felt,0.1250,4.5701,293.6650,587.8630,2.6842,5.3732,-22.3019,-34.0455,3,-6.4475,6.5012,6.5025,7.0246,0.0000,-36.1553,0.1557,0.0736,0,3
piano_felt,62,D4,0.1250,regular,felt,Felt,0.1250,4.1491,293.6650,587.8630,2.4369,4.8782,-16.1016,-41.5781,3,-2.2297,20.2290,20.2308,19.3811,0.0000,-28.0168,0.3179,0.0310,0,3
piano_felt,62,D4,0.1500,regular,felt,Felt,0.1250,3.8341,293.6650,587.8630,2.2519,4.5079,-12.8925,-28.8397,3,-0.6984,10.7035,10.7036,10.5705,0.0000,-23.2242,0.4599,0.1341,0,3
piano_felt,62,D4,0.1750,regular,felt,Felt,0.1250,3.5865,293.6650,587.8630,2.1065,4.2168,-10.8462,-25.0099,3,-0.1220,8.9202,8.9204,8.8873,0.0000,-19.8390,0.5821,0.2084,0,3
piano_felt,62,D4,0.2000,regular,felt,Felt,0.1250,3.3850,293.6650,587.8630,1.9881,3.9798,-9.4056,-23.4325,,0.0000,8.7836,8.7836,8.8012,0.0000,-17.2384,0.6872,0.2500,0,3
piano_felt,62,D4,0.2250,regular,felt,Felt,0.1250,3.2167,293.6650,587.8630,1.8892,3.7819,-8.3282,-22.9989,,0.0000,9.4276,9.4274,9.4834,0.0000,-15.1379,0.7779,0.2627,0,3
piano_felt,62,D4,0.2500,regular,felt,Felt,0.1250,3.0732,293.6650,587.8630,1.8050,3.6132,-7.4884,-23.3362,,0.0000,10.6044,10.6047,10.6996,0.0000,-13.3830,0.8569,0.2528,0,3
piano_felt,62,D4,0.2750,regular,felt,Felt,0.1250,2.9489,293.6650,587.8630,1.7320,3.4671,-6.8133,-24.3272,,0.0000,12.2708,12.2709,12.4132,0.0000,-11.8800,0.9261,0.2255,0,3
piano_felt,62,D4,0.3000,regular,felt,Felt,0.1250,2.8399,293.6650,587.8630,1.6679,3.3389,-6.2577,-26.0180,,0.0000,14.5178,14.5175,14.7288,0.0000,-10.5687,0.9873,0.1856,0,3
piano_felt,62,D4,0.3250,regular,felt,Felt,0.1250,2.7431,293.6650,587.8630,1.6111,3.2252,-5.7916,-28.6740,,0.0000,17.6396,17.6398,17.9706,0.0000,-9.4074,1.0417,0.1367,0,3
piano_felt,62,D4,0.3500,regular,felt,Felt,0.1250,2.6565,293.6650,587.8630,1.5602,3.1233,-5.3947,-33.1587,,0.0000,22.5234,22.5223,23.1505,0.0000,-8.3668,1.0904,0.0815,0,3
piano_felt,62,D4,0.3750,regular,felt,Felt,0.1250,2.5783,293.6650,587.8630,1.5143,3.0313,-5.0522,-44.4218,,0.0000,34.1321,34.1340,36.9359,0.0000,-7.4250,1.1343,0.0223,0,3
piano_felt,62,D4,0.4000,regular,felt,Felt,0.1250,2.5072,293.6650,587.8630,1.4726,2.9478,-4.7534,-39.4511,,0.0000,29.4481,29.4492,28.1189,0.0000,-6.5656,1.1740,0.0396,0,3
piano_felt,62,D4,0.4250,regular,felt,Felt,0.1250,2.4422,293.6650,587.8630,1.4344,2.8714,-4.4903,-31.1533,,0.0000,21.4173,21.4173,20.8556,0.0000,-5.7759,1.2101,0.1028,0,3
piano_felt,62,D4,0.4500,regular,felt,Felt,0.1250,2.3825,293.6650,587.8630,1.3993,2.8012,-4.2567,-26.9607,,0.0000,17.4590,17.4591,17.0949,0.0000,-5.0458,1.2431,0.1666,0,3
piano_felt,62,D4,0.4750,regular,felt,Felt,0.1250,2.3274,293.6650,587.8630,1.3669,2.7364,-4.0478,-24.1494,,0.0000,14.8571,14.8570,14.5840,0.0000,-4.3673,1.2733,0.2302,0,3
piano_felt,62,D4,0.5000,regular,felt,Felt,0.1250,2.2763,293.6650,587.8630,1.3369,2.6763,-3.8598,-22.0463,,0.0000,12.9418,12.9420,12.7214,0.0000,-3.7338,1.3012,0.2933,0,3
piano_felt,62,D4,0.5250,regular,felt,Felt,0.1250,2.2287,293.6650,587.8630,1.3090,2.6203,-3.6896,-20.3770,,0.0000,11.4428,11.4429,11.2570,0.0000,-3.1399,1.3269,0.3554,0,3
piano_felt,62,D4,0.5500,regular,felt,Felt,0.1250,2.1842,293.6650,587.8630,1.2829,2.5680,-3.5349,-19.0016,,0.0000,10.2223,10.2224,10.0610,0.0000,-2.5811,1.3508,0.4164,0,3
piano_felt,62,D4,0.5750,regular,felt,Felt,0.1250,2.1426,293.6650,587.8630,1.2584,2.5191,-3.3934,-17.8388,,0.0000,9.2012,9.2011,9.0584,0.0000,-2.0535,1.3730,0.4760,0,3
piano_felt,62,D4,0.6000,regular,felt,Felt,0.1250,2.1034,293.6650,587.8630,1.2354,2.4731,-3.2636,-16.8368,,0.0000,8.3290,8.3289,8.2006,0.0000,-1.5540,1.3936,0.5342,0,3
piano_felt,62,D4,0.6250,regular,felt,Felt,0.1250,2.0666,293.6650,587.8630,1.2138,2.4297,-3.1441,-15.9608,,0.0000,7.5725,7.5725,7.4556,0.0000,-1.0799,1.4129,0.5909,0,3
piano_felt,62,D4,0.6500,regular,felt,Felt,0.1250,2.0318,293.6650,587.8630,1.1933,2.3888,-3.0336,-15.1859,,0.0000,6.9081,6.9081,6.8007,0.0000,-0.6288,1.4310,0.6460,0,3
piano_felt,62,D4,0.6750,regular,felt,Felt,0.1250,1.9988,293.6650,587.8630,1.1740,2.3501,-2.9311,-14.4938,,0.0000,6.3184,6.3185,6.2190,0.0000,-0.1985,1.4480,0.6996,0,3
piano_felt,62,D4,0.7000,regular,felt,Felt,0.1250,1.9676,293.6650,587.8630,1.1556,2.3134,-2.8358,-13.8709,,0.0000,5.7908,5.7909,5.6980,0.0000,0.2127,1.4640,0.7516,0,3
piano_felt,62,D4,0.7250,regular,felt,Felt,0.1250,1.9379,293.6650,587.8630,1.1382,2.2785,-2.7469,-13.3062,,0.0000,5.3152,5.3152,5.2282,0.0000,0.6064,1.4790,0.8021,0,3
piano_felt,62,D4,0.7500,regular,felt,Felt,0.1250,1.9097,293.6650,587.8630,1.1216,2.2453,-2.6638,-12.7915,,0.0000,4.8836,4.8835,4.8018,0.0000,0.9840,1.4933,0.8511,0,3
piano_felt,62,D4,0.7750,regular,felt,Felt,0.1250,1.8828,293.6650,587.8630,1.1058,2.2136,-2.5860,-12.3199,,0.0000,4.4897,4.4898,4.4124,0.0000,1.3466,1.5067,0.8985,0,3
piano_felt,62,D4,0.8000,regular,felt,Felt,0.1250,1.8571,293.6650,587.8630,1.0907,2.1834,-2.5128,-11.8857,,0.0000,4.1287,4.1288,4.0553,0.0000,1.6955,1.5194,0.9446,0,3
piano_felt,62,D4,0.8250,regular,felt,Felt,0.1250,1.8325,293.6650,587.8630,1.0763,2.1545,-2.4440,-11.4846,,0.0000,3.7963,3.7964,3.7263,0.0000,2.0316,1.5315,0.9893,0,3
piano_felt,62,D4,0.8500,regular,felt,Felt,0.1250,1.8089,293.6650,587.8630,1.0624,2.1268,-2.3792,-11.1124,,0.0000,3.4892,3.4892,3.4225,0.0000,2.3558,1.5430,1.0326,0,3
piano_felt,62,D4,0.8750,regular,felt,Felt,0.1250,1.7864,293.6650,587.8630,1.0492,2.1003,-2.3179,-10.7662,,0.0000,3.2042,3.2042,3.1404,0.0000,2.6688,1.5539,1.0745,0,3
piano_felt,62,D4,0.9000,regular,felt,Felt,0.1250,1.7647,293.6650,587.8630,1.0365,2.0748,-2.2599,-10.4430,,0.0000,2.9390,2.9391,2.8778,0.0000,2.9715,1.5643,1.1153,0,3
piano_felt,62,D4,0.9250,regular,felt,Felt,0.1250,1.7439,293.6650,587.8630,1.0242,2.0503,-2.2049,-10.1406,,0.0000,2.6916,2.6916,2.6329,0.0000,3.2645,1.5743,1.1548,0,3
piano_felt,62,D4,0.9500,regular,felt,Felt,0.1250,1.7239,293.6650,587.8630,1.0125,2.0268,-2.1528,-9.8569,,0.0000,2.4600,2.4601,2.4035,0.0000,3.5483,1.5838,1.1931,0,3
piano_felt,62,D4,0.9750,regular,felt,Felt,0.1250,1.7046,293.6650,587.8630,1.0011,2.0041,-2.1032,-9.5902,,0.0000,2.2430,2.2429,2.1882,0.0000,3.8235,1.5928,1.2303,0,3
piano_felt,62,D4,1.0000,regular,felt,Felt,0.1250,1.6860,293.6650,587.8630,0.9902,1.9823,-2.0560,-9.3388,,0.0000,2.0388,2.0387,1.9861,0.0000,4.0906,1.6015,1.2665,0,3
piano_felt,62,D4,0.2780,corpus,felt,Felt,0.1250,2.9351,293.6650,587.8630,1.7239,3.4509,-6.7410,-24.4905,,0.0000,12.5068,12.5065,12.6563,0.0000,-11.7135,0.9339,0.2213,0,3
piano_felt,62,D4,0.3030,corpus,felt,Felt,0.1250,2.8277,293.6650,587.8630,1.6608,3.3246,-6.1975,-26.2771,,0.0000,14.8368,14.8368,15.0590,0.0000,-10.4221,0.9941,0.1801,0,3
piano_felt,62,D4,0.3130,corpus,felt,Felt,0.1250,2.7882,293.6650,587.8630,1.6376,3.2781,-6.0056,-27.2474,,0.0000,15.9991,15.9991,16.2622,0.0000,-9.9481,1.0164,0.1611,0,3
piano_felt,62,D4,0.3280,corpus,felt,Felt,0.1250,2.7322,293.6650,587.8630,1.6047,3.2123,-5.7407,-29.0860,,0.0000,18.1030,18.1029,18.4559,0.0000,-9.2766,1.0478,0.1304,0,3
piano_felt,62,D4,0.3380,corpus,felt,Felt,0.1250,2.6969,293.6650,587.8630,1.5840,3.1708,-5.5776,-30.6676,,0.0000,19.8476,19.8478,20.2932,0.0000,-8.8527,1.0677,0.1087,0,3
piano_felt,62,D4,0.3630,corpus,felt,Felt,0.1250,2.6148,293.6650,587.8630,1.5358,3.0743,-5.2105,-37.2110,,0.0000,26.7591,26.7602,27.8297,0.0000,-7.8659,1.1138,0.0512,0,3
piano_felt,62,D4,0.4020,corpus,felt,Felt,0.1250,2.5018,293.6650,587.8630,1.4694,2.9414,-4.7311,-38.4126,,0.0000,28.4327,28.4335,27.2376,0.0000,-6.5000,1.1770,0.0446,0,3
piano_felt,62,D4,0.4270,corpus,felt,Felt,0.1250,2.4373,293.6650,587.8630,1.4315,2.8656,-4.4706,-30.7333,,0.0000,21.0173,21.0171,20.4794,0.0000,-5.7154,1.2128,0.1079,0,3
piano_felt,62,D4,0.4370,corpus,felt,Felt,0.1250,2.4130,293.6650,587.8630,1.4172,2.8370,-4.3748,-28.8905,,0.0000,19.2706,19.2705,18.8257,0.0000,-5.4186,1.2263,0.1334,0,3
piano_felt,62,D4,0.4520,corpus,felt,Felt,0.1250,2.3780,293.6650,587.8630,1.3966,2.7958,-4.2391,-26.6986,,0.0000,17.2146,17.2145,16.8601,0.0000,-4.9898,1.2456,0.1716,0,3
piano_felt,62,D4,0.4620,corpus,felt,Felt,0.1250,2.3555,293.6650,587.8630,1.3835,2.7695,-4.1536,-25.4957,,0.0000,16.0976,16.0973,15.7841,0.0000,-4.7141,1.2579,0.1971,0,3
piano_felt,62,D4,0.4870,corpus,felt,Felt,0.1250,2.3024,293.6650,587.8630,1.3523,2.7070,-3.9551,-23.0731,,0.0000,13.8732,13.8734,13.6282,0.0000,-4.0581,1.2870,0.2606,0,3
piano_felt,63,D#4,0.0500,regular,felt,Felt,0.1250,6.0882,311.1270,622.8880,3.7884,7.5845,-22.9998,-37.0430,3,-0.4889,8.8007,8.8021,8.9844,0.0000,-42.3906,0.1519,0.0551,0,3
piano_felt,63,D#4,0.0750,regular,felt,Felt,0.1250,5.1031,311.1270,622.8880,3.1754,6.3574,-30.4699,-33.3606,3,-11.3048,-2.3536,-2.3534,-2.9577,-2.3536,-46.3400,0.0643,0.0843,0,3
piano_felt,63,D#4,0.1000,regular,felt,Felt,0.1250,4.5025,311.1270,622.8880,2.8017,5.6091,-26.9848,-31.4272,3,-10.2716,-0.7989,-0.7986,-0.3009,-0.7989,-40.3537,0.0960,0.1053,0,3
piano_felt,63,D#4,0.1250,regular,felt,Felt,0.1250,4.0857,311.1270,622.8880,2.5424,5.0899,-18.3779,-44.9592,3,-3.6284,21.3415,21.3429,22.9930,0.0000,-29.8089,0.2586,0.0222,0,3
piano_felt,63,D#4,0.1500,regular,felt,Felt,0.1250,3.7740,311.1270,622.8880,2.3484,4.7015,-14.4641,-33.3881,3,-1.3712,13.6813,13.6801,13.3892,0.0000,-24.3113,0.4058,0.0840,0,3
piano_felt,63,D#4,0.1750,regular,felt,Felt,0.1250,3.5291,311.1270,622.8880,2.1960,4.3964,-12.0647,-27.0681,3,-0.4182,9.7603,9.7600,9.6750,0.0000,-20.5730,0.5350,0.1739,0,3
piano_felt,63,D#4,0.2000,regular,felt,Felt,0.1250,3.3298,311.1270,622.8880,2.0720,4.1482,-10.4076,-24.4316,3,-0.0556,8.7809,8.7806,8.7642,0.0000,-17.7561,0.6474,0.2356,0,3
piano_felt,63,D#4,0.2250,regular,felt,Felt,0.1250,3.1634,311.1270,622.8880,1.9684,3.9408,-9.1824,-23.2830,,0.0000,8.8570,8.8573,8.8818,0.0000,-15.5079,0.7455,0.2689,0,3
piano_felt,63,D#4,0.2500,regular,felt,Felt,0.1250,3.0216,311.1270,622.8880,1.8802,3.7642,-8.2346,-23.0012,,0.0000,9.5233,9.5234,9.5830,0.0000,-13.6448,0.8314,0.2777,0,3
piano_felt,63,D#4,0.2750,regular,felt,Felt,0.1250,2.8988,311.1270,622.8880,1.8038,3.6112,-7.4768,-23.3449,,0.0000,10.6249,10.6249,10.7206,0.0000,-12.0592,0.9072,0.2670,0,3
piano_felt,63,D#4,0.3000,regular,felt,Felt,0.1250,2.7910,311.1270,622.8880,1.7367,3.4770,-6.8557,-24.2340,,0.0000,12.1352,12.1352,12.2736,0.0000,-10.6824,0.9745,0.2410,0,3
piano_felt,63,D#4,0.3250,regular,felt,Felt,0.1250,2.6955,311.1270,622.8880,1.6773,3.3579,-6.3364,-25.7003,,0.0000,14.1206,14.1209,14.3184,0.0000,-9.4679,1.0345,0.2036,0,3
piano_felt,63,D#4,0.3500,regular,felt,Felt,0.1250,2.6099,311.1270,622.8880,1.6240,3.2513,-5.8953,-27.9185,,0.0000,16.7802,16.7805,17.0746,0.0000,-8.3829,1.0884,0.1577,0,3
piano_felt,63,D#4,0.3750,regular,felt,Felt,0.1250,2.5327,311.1270,622.8880,1.5760,3.1551,-5.5155,-31.3901,,0.0000,20.6322,20.6325,21.1253,0.0000,-7.4040,1.1370,0.1057,0,3
piano_felt,63,D#4,0.4000,regular,felt,Felt,0.1250,2.4625,311.1270,622.8880,1.5323,3.0677,-5.1848,-37.9736,,0.0000,27.5488,27.5488,28.7332,0.0000,-6.5126,1.1812,0.0495,0,3
piano_felt,63,D#4,0.4250,regular,felt,Felt,0.1250,2.3984,311.1270,622.8880,1.4924,2.9878,-4.8940,-52.3665,,0.0000,42.2100,42.2090,37.5453,0.0000,-5.6952,1.2214,0.0095,0,3
piano_felt,63,D#4,0.4500,regular,felt,Felt,0.1250,2.3394,311.1270,622.8880,1.4557,2.9144,-4.6362,-34.9508,,0.0000,25.0693,25.0682,24.2355,0.0000,-4.9410,1.2582,0.0702,0,3
piano_felt,63,D#4,0.4750,regular,felt,Felt,0.1250,2.2850,311.1270,622.8880,1.4219,2.8466,-4.4059,-29.4764,,0.0000,19.8261,19.8252,19.3535,0.0000,-4.2411,1.2920,0.1318,0,3
piano_felt,63,D#4,0.5000,regular,felt,Felt,0.1250,2.2346,311.1270,622.8880,1.3905,2.7838,-4.1989,-26.1326,,0.0000,16.6890,16.6889,16.3541,0.0000,-3.5885,1.3231,0.1937,0,3
piano_felt,63,D#4,0.5250,regular,felt,Felt,0.1250,2.1876,311.1270,622.8880,1.3613,2.7253,-4.0117,-23.7314,,0.0000,14.4751,14.4751,14.2129,0.0000,-2.9776,1.3519,0.2554,0,3
piano_felt,63,D#4,0.5500,regular,felt,Felt,0.1250,2.1438,311.1270,622.8880,1.3340,2.6706,-3.8416,-21.8679,,0.0000,12.7819,12.7819,12.5652,0.0000,-2.4034,1.3787,0.3165,0,3
piano_felt,63,D#4,0.5750,regular,felt,Felt,0.1250,2.1027,311.1270,622.8880,1.3084,2.6195,-3.6863,-20.3537,,0.0000,11.4232,11.4231,11.2381,0.0000,-1.8620,1.4036,0.3768,0,3
piano_felt,63,D#4,0.6000,regular,felt,Felt,0.1250,2.0641,311.1270,622.8880,1.2844,2.5714,-3.5438,-19.0851,,0.0000,10.2968,10.2970,10.1342,0.0000,-1.3499,1.4268,0.4360,0,3
piano_felt,63,D#4,0.6250,regular,felt,Felt,0.1250,2.0277,311.1270,622.8880,1.2618,2.5261,-3.4127,-17.9990,,0.0000,9.3420,9.3420,9.1967,0.0000,-0.8641,1.4485,0.4941,0,3
piano_felt,63,D#4,0.6500,regular,felt,Felt,0.1250,1.9934,311.1270,622.8880,1.2404,2.4833,-3.2916,-17.0535,,0.0000,8.5178,8.5177,8.3862,0.0000,-0.4024,1.4688,0.5509,0,3
piano_felt,63,D#4,0.6750,regular,felt,Felt,0.1250,1.9609,311.1270,622.8880,1.2202,2.4429,-3.1793,-16.2200,,0.0000,7.7965,7.7965,7.6761,0.0000,0.0377,1.4879,0.6064,0,3
piano_felt,63,D#4,0.7000,regular,felt,Felt,0.1250,1.9301,311.1270,622.8880,1.2010,2.4045,-3.0750,-15.4774,,0.0000,7.1584,7.1583,7.0474,0.0000,0.4579,1.5059,0.6605,0,3
piano_felt,63,D#4,0.7250,regular,felt,Felt,0.1250,1.9009,311.1270,622.8880,1.1828,2.3681,-2.9777,-14.8102,,0.0000,6.5884,6.5883,6.4853,0.0000,0.8600,1.5229,0.7132,0,3
piano_felt,63,D#4,0.7500,regular,felt,Felt,0.1250,1.8730,311.1270,622.8880,1.1655,2.3334,-2.8868,-14.2063,,0.0000,6.0753,6.0754,5.9790,0.0000,1.2453,1.5389,0.7646,0,3
piano_felt,63,D#4,0.7750,regular,felt,Felt,0.1250,1.8465,311.1270,622.8880,1.1490,2.3003,-2.8017,-13.6564,,0.0000,5.6106,5.6106,5.5200,0.0000,1.6153,1.5541,0.8146,0,3
piano_felt,63,D#4,0.8000,regular,felt,Felt,0.1250,1.8211,311.1270,622.8880,1.1332,2.2687,-2.7217,-13.1529,,0.0000,5.1870,5.1871,5.1017,0.0000,1.9709,1.5684,0.8632,0,3
piano_felt,63,D#4,0.8250,regular,felt,Felt,0.1250,1.7969,311.1270,622.8880,1.1181,2.2385,-2.6466,-12.6898,,0.0000,4.7991,4.7991,4.7183,0.0000,2.3135,1.5820,0.9105,0,3
piano_felt,63,D#4,0.8500,regular,felt,Felt,0.1250,1.7737,311.1270,622.8880,1.1037,2.2096,-2.5757,-12.2620,,0.0000,4.4422,4.4422,4.3653,0.0000,2.6436,1.5950,0.9564,0,3
piano_felt,63,D#4,0.8750,regular,felt,Felt,0.1250,1.7515,311.1270,622.8880,1.0899,2.1819,-2.5088,-11.8653,,0.0000,4.1123,4.1124,4.0391,0.0000,2.9623,1.6073,1.0011,0,3
piano_felt,63,D#4,0.9000,regular,felt,Felt,0.1250,1.7301,311.1270,622.8880,1.0766,2.1553,-2.4455,-11.4963,,0.0000,3.8067,3.8067,3.7367,0.0000,3.2703,1.6191,1.0446,0,3
piano_felt,63,D#4,0.9250,regular,felt,Felt,0.1250,1.7096,311.1270,622.8880,1.0638,2.1298,-2.3855,-11.1520,,0.0000,3.5223,3.5224,3.4552,0.0000,3.5682,1.6303,1.0868,0,3
piano_felt,63,D#4,0.9500,regular,felt,Felt,0.1250,1.6899,311.1270,622.8880,1.0515,2.1052,-2.3287,-10.8298,,0.0000,3.2571,3.2571,3.1928,0.0000,3.8568,1.6410,1.1279,0,3
piano_felt,63,D#4,0.9750,regular,felt,Felt,0.1250,1.6709,311.1270,622.8880,1.0397,2.0815,-2.2746,-10.5276,,0.0000,3.0090,3.0089,2.9473,0.0000,4.1365,1.6513,1.1678,0,3
piano_felt,63,D#4,1.0000,regular,felt,Felt,0.1250,1.6526,311.1270,622.8880,1.0283,2.0587,-2.2232,-10.2435,,0.0000,2.7763,2.7762,2.7167,0.0000,4.4078,1.6611,1.2066,0,3
piano_felt,63,D#4,0.2780,corpus,felt,Felt,0.1250,2.8851,311.1270,622.8880,1.7953,3.5942,-7.3959,-23.4232,,0.0000,10.7842,10.7841,10.8846,0.0000,-11.8841,0.9157,0.2646,0,3
piano_felt,63,D#4,0.3030,corpus,felt,Felt,0.1250,2.7790,311.1270,622.8880,1.7292,3.4620,-6.7886,-24.3777,,0.0000,12.3460,12.3461,12.4903,0.0000,-10.5287,0.9820,0.2370,0,3
piano_felt,63,D#4,0.3130,corpus,felt,Felt,0.1250,2.7400,311.1270,622.8880,1.7050,3.4134,-6.5747,-24.9177,,0.0000,13.0999,13.1001,13.2665,0.0000,-10.0328,1.0065,0.2228,0,3
piano_felt,63,D#4,0.3280,corpus,felt,Felt,0.1250,2.6847,311.1270,622.8880,1.6706,3.3445,-6.2798,-25.9212,,0.0000,14.3986,14.3985,14.6057,0.0000,-9.3313,1.0413,0.1984,0,3
piano_felt,63,D#4,0.3380,corpus,felt,Felt,0.1250,2.6498,311.1270,622.8880,1.6489,3.3011,-6.0985,-26.7401,,0.0000,15.3991,15.3988,15.6402,0.0000,-8.8892,1.0632,0.1806,0,3
piano_felt,63,D#4,0.3630,corpus,felt,Felt,0.1250,2.5688,311.1270,622.8880,1.5984,3.2001,-5.6910,-29.5090,,0.0000,18.5760,18.5755,18.9524,0.0000,-7.8619,1.1143,0.1313,0,3
piano_felt,63,D#4,0.4020,corpus,felt,Felt,0.1250,2.4572,311.1270,622.8880,1.5290,3.0611,-5.1601,-38.8262,,0.0000,28.4258,28.4264,29.7491,0.0000,-6.4447,1.1845,0.0449,0,3
piano_felt,63,D#4,0.4270,corpus,felt,Felt,0.1250,2.3935,311.1270,622.8880,1.4894,2.9817,-4.8722,-48.7944,,0.0000,38.6642,38.6652,35.2955,0.0000,-5.6327,1.2244,0.0143,0,3
piano_felt,63,D#4,0.4370,corpus,felt,Felt,0.1250,2.3695,311.1270,622.8880,1.4744,2.9519,-4.7665,-40.1792,,0.0000,30.1643,30.1640,28.7322,0.0000,-5.3259,1.2394,0.0385,0,3
piano_felt,63,D#4,0.4520,corpus,felt,Felt,0.1250,2.3349,311.1270,622.8880,1.4529,2.9088,-4.6168,-34.3639,,0.0000,24.5014,24.5007,23.7170,0.0000,-4.8831,1.2610,0.0751,0,3
piano_felt,63,D#4,0.4620,corpus,felt,Felt,0.1250,2.3128,311.1270,622.8880,1.4391,2.8812,-4.5225,-31.9019,,0.0000,22.1337,22.1337,21.5264,0.0000,-4.5987,1.2748,0.0997,0,3
piano_felt,63,D#4,0.4870,corpus,felt,Felt,0.1250,2.2603,311.1270,622.8880,1.4065,2.8159,-4.3039,-27.7109,,0.0000,18.1620,18.1621,17.7689,0.0000,-3.9223,1.3072,0.1615,0,3
piano_felt,64,E4,0.0500,regular,felt,Felt,0.1250,6.0071,329.6280,660.0100,3.9602,7.9295,-23.3535,-35.8840,3,-0.0170,7.2887,7.2893,7.3176,0.0000,-42.2533,0.1543,0.0667,0,3
piano_felt,64,E4,0.0750,regular,felt,Felt,0.1250,5.0307,329.6280,660.0100,3.3165,6.6406,-26.4300,-38.1217,3,-6.4306,6.4481,6.4474,5.8068,0.0000,-41.8078,0.1083,0.0515,0,3
piano_felt,64,E4,0.1000,regular,felt,Felt,0.1250,4.4357,329.6280,660.0100,2.9243,5.8553,-36.0759,-30.6712,3,-18.5153,-10.6437,-10.6436,-9.6765,-10.6437,-48.9515,0.0357,0.1215,0,3
piano_felt,64,E4,0.1250,regular,felt,Felt,0.1250,4.0232,329.6280,660.0100,2.6523,5.3107,-21.3028,-35.2716,3,-5.6897,8.7296,8.7280,9.3079,0.0000,-32.2424,0.1954,0.0715,0,3
piano_felt,64,E4,0.1500,regular,felt,Felt,0.1250,3.7147,329.6280,660.0100,2.4490,4.9035,-16.3418,-43.6728,3,-2.3669,22.0820,22.0842,20.9962,0.0000,-25.6984,0.3459,0.0272,0,3
piano_felt,64,E4,0.1750,regular,felt,Felt,0.1250,3.4725,329.6280,660.0100,2.2892,4.5837,-13.4777,-30.3431,3,-0.9291,11.6221,11.6217,11.4431,0.0000,-21.4953,0.4811,0.1262,0,3
piano_felt,64,E4,0.2000,regular,felt,Felt,0.1250,3.2754,329.6280,660.0100,2.1593,4.3236,-11.5510,-26.1305,3,-0.2749,9.3363,9.3361,9.2750,0.0000,-18.4089,0.6005,0.2050,0,3
piano_felt,64,E4,0.2250,regular,felt,Felt,0.1250,3.1109,329.6280,660.0100,2.0509,4.1065,-10.1474,-24.1297,3,-0.0278,8.7392,8.7391,8.7314,0.0000,-15.9821,0.7058,0.2581,0,3
piano_felt,64,E4,0.2500,regular,felt,Felt,0.1250,2.9708,329.6280,660.0100,1.9585,3.9215,-9.0717,-23.2202,,0.0000,8.9053,8.9053,8.9338,0.0000,-13.9912,0.7989,0.2866,0,3
piano_felt,64,E4,0.2750,regular,felt,Felt,0.1250,2.8494,329.6280,660.0100,1.8785,3.7613,-8.2174,-23.0022,,0.0000,9.5417,9.5416,9.6017,0.0000,-12.3091,0.8815,0.2939,0,3
piano_felt,64,E4,0.3000,regular,felt,Felt,0.1250,2.7430,329.6280,660.0100,1.8083,3.6208,-7.5206,-23.3046,,0.0000,10.5408,10.5409,10.6341,0.0000,-10.8565,0.9551,0.2838,0,3
piano_felt,64,E4,0.3250,regular,felt,Felt,0.1250,2.6486,329.6280,660.0100,1.7461,3.4962,-6.9403,-24.0648,,0.0000,11.8815,11.8815,12.0126,0.0000,-9.5811,1.0211,0.2600,0,3
piano_felt,64,E4,0.3500,regular,felt,Felt,0.1250,2.5641,329.6280,660.0100,1.6904,3.3847,-6.4488,-25.2981,,0.0000,13.6064,13.6065,13.7888,0.0000,-8.4458,1.0805,0.2256,0,3
piano_felt,64,E4,0.3750,regular,felt,Felt,0.1250,2.4879,329.6280,660.0100,1.6401,3.2840,-6.0266,-27.1113,,0.0000,15.8417,15.8420,16.0995,0.0000,-7.4244,1.1344,0.1831,0,3
piano_felt,64,E4,0.4000,regular,felt,Felt,0.1250,2.4186,329.6280,660.0100,1.5945,3.1926,-5.6598,-29.7858,,0.0000,18.8841,18.8838,19.2760,0.0000,-6.4970,1.1833,0.1346,0,3
piano_felt,64,E4,0.4250,regular,felt,Felt,0.1250,2.3553,329.6280,660.0100,1.5527,3.1090,-5.3379,-34.1245,,0.0000,23.5456,23.5455,24.2575,0.0000,-5.6485,1.2280,0.0816,0,3
piano_felt,64,E4,0.4500,regular,felt,Felt,0.1250,2.2971,329.6280,660.0100,1.5144,3.0323,-5.0529,-44.1780,,0.0000,33.8870,33.8900,36.5990,0.0000,-4.8670,1.2689,0.0256,0,3
piano_felt,64,E4,0.4750,regular,felt,Felt,0.1250,2.2434,329.6280,660.0100,1.4790,2.9614,-4.7987,-42.1543,,0.0000,32.1067,32.1048,30.3532,0.0000,-4.1432,1.3066,0.0324,0,3
piano_felt,64,E4,0.5000,regular,felt,Felt,0.1250,2.1936,329.6280,660.0100,1.4462,2.8957,-4.5705,-33.1145,,0.0000,23.2980,23.2978,22.6092,0.0000,-3.4695,1.3414,0.0918,0,3
piano_felt,64,E4,0.5250,regular,felt,Felt,0.1250,2.1473,329.6280,660.0100,1.4156,2.8345,-4.3643,-28.7446,,0.0000,19.1347,19.1350,18.6976,0.0000,-2.8395,1.3736,0.1517,0,3
piano_felt,64,E4,0.5500,regular,felt,Felt,0.1250,2.1041,329.6280,660.0100,1.3871,2.7774,-4.1771,-25.8444,,0.0000,16.4227,16.4224,16.0974,0.0000,-2.2483,1.4035,0.2119,0,3
piano_felt,64,E4,0.5750,regular,felt,Felt,0.1250,2.0635,329.6280,660.0100,1.3604,2.7239,-4.0063,-23.6808,,0.0000,14.4297,14.4298,14.1693,0.0000,-1.6914,1.4314,0.2718,0,3
piano_felt,64,E4,0.6000,regular,felt,Felt,0.1250,2.0255,329.6280,660.0100,1.3353,2.6737,-3.8498,-21.9633,,0.0000,12.8689,12.8689,12.6501,0.0000,-1.1652,1.4574,0.3312,0,3
piano_felt,64,E4,0.6250,regular,felt,Felt,0.1250,1.9896,329.6280,660.0100,1.3117,2.6263,-3.7059,-20.5460,,0.0000,11.5956,11.5957,11.4067,0.0000,-0.6667,1.4818,0.3900,0,3
piano_felt,64,E4,0.6500,regular,felt,Felt,0.1250,1.9558,329.6280,660.0100,1.2894,2.5817,-3.5730,-19.3451,,0.0000,10.5279,10.5278,10.3610,0.0000,-0.1931,1.5046,0.4477,0,3
piano_felt,64,E4,0.6750,regular,felt,Felt,0.1250,1.9237,329.6280,660.0100,1.2682,2.5394,-3.4499,-18.3076,,0.0000,9.6134,9.6134,9.4636,0.0000,0.2577,1.5261,0.5046,0,3
piano_felt,64,E4,0.7000,regular,felt,Felt,0.1250,1.8934,329.6280,660.0100,1.2482,2.4993,-3.3356,-17.3980,,0.0000,8.8182,8.8181,8.6820,0.0000,0.6879,1.5463,0.5603,0,3
piano_felt,64,E4,0.7250,regular,felt,Felt,0.1250,1.8645,329.6280,660.0100,1.2292,2.4612,-3.2290,-16.5910,,0.0000,8.1176,8.1177,7.9927,0.0000,1.0993,1.5654,0.6148,0,3
piano_felt,64,E4,0.7500,regular,felt,Felt,0.1250,1.8371,329.6280,660.0100,1.2111,2.4250,-3.1296,-15.8682,,0.0000,7.4945,7.4944,7.3788,0.0000,1.4933,1.5835,0.6682,0,3
piano_felt,64,E4,0.7750,regular,felt,Felt,0.1250,1.8109,329.6280,660.0100,1.1939,2.3904,-3.0364,-15.2157,,0.0000,6.9352,6.9351,6.8273,0.0000,1.8713,1.6005,0.7203,0,3
piano_felt,64,E4,0.8000,regular,felt,Felt,0.1250,1.7859,329.6280,660.0100,1.1774,2.3575,-2.9490,-14.6227,,0.0000,6.4295,6.4296,6.3285,0.0000,2.2344,1.6167,0.7712,0,3
piano_felt,64,E4,0.8250,regular,felt,Felt,0.1250,1.7620,329.6280,660.0100,1.1616,2.3259,-2.8668,-14.0807,,0.0000,5.9698,5.9697,5.8748,0.0000,2.5839,1.6321,0.8208,0,3
piano_felt,64,E4,0.8500,regular,felt,Felt,0.1250,1.7392,329.6280,660.0100,1.1466,2.2958,-2.7894,-13.5827,,0.0000,5.5492,5.5492,5.4595,0.0000,2.9206,1.6467,0.8693,0,3
piano_felt,64,E4,0.8750,regular,felt,Felt,0.1250,1.7173,329.6280,660.0100,1.1321,2.2668,-2.7163,-13.1233,,0.0000,5.1630,5.1629,5.0779,0.0000,3.2455,1.6606,0.9165,0,3
piano_felt,64,E4,0.9000,regular,felt,Felt,0.1250,1.6962,329.6280,660.0100,1.1183,2.2391,-2.6472,-12.6976,,0.0000,4.8062,4.8063,4.7252,0.0000,3.5593,1.6739,0.9625,0,3
piano_felt,64,E4,0.9250,regular,felt,Felt,0.1250,1.6760,329.6280,660.0100,1.1049,2.2124,-2.5817,-12.3019,,0.0000,4.4760,4.4761,4.3987,0.0000,3.8627,1.6865,1.0074,0,3
piano_felt,64,E4,0.9500,regular,felt,Felt,0.1250,1.6566,329.6280,660.0100,1.0921,2.1867,-2.5196,-11.9329,,0.0000,4.1693,4.1692,4.0954,0.0000,4.1564,1.6986,1.0511,0,3
piano_felt,64,E4,0.9750,regular,felt,Felt,0.1250,1.6379,329.6280,660.0100,1.0798,2.1620,-2.4606,-11.5878,,0.0000,3.8832,3.8831,3.8124,0.0000,4.4411,1.7102,1.0937,0,3
piano_felt,64,E4,1.0000,regular,felt,Felt,0.1250,1.6198,329.6280,660.0100,1.0679,2.1382,-2.4046,-11.2642,,0.0000,3.6156,3.6155,3.5476,0.0000,4.7171,1.7213,1.1352,0,3
piano_felt,64,E4,0.2780,corpus,felt,Felt,0.1250,2.8359,329.6280,660.0100,1.8696,3.7435,-8.1264,-23.0130,,0.0000,9.6436,9.6434,9.7079,0.0000,-12.1239,0.8908,0.2935,0,3
piano_felt,64,E4,0.3030,corpus,felt,Felt,0.1250,2.7311,329.6280,660.0100,1.8005,3.6051,-7.4455,-23.3720,,0.0000,10.6836,10.6835,10.7810,0.0000,-10.6949,0.9634,0.2816,0,3
piano_felt,64,E4,0.3130,corpus,felt,Felt,0.1250,2.6926,329.6280,660.0100,1.7751,3.5542,-7.2063,-23.6436,,0.0000,11.1940,11.1942,11.3057,0.0000,-10.1738,0.9903,0.2729,0,3
piano_felt,64,E4,0.3280,corpus,felt,Felt,0.1250,2.6380,329.6280,660.0100,1.7391,3.4822,-6.8771,-24.1867,,0.0000,12.0665,12.0667,12.2027,0.0000,-9.4380,1.0286,0.2564,0,3
piano_felt,64,E4,0.3380,corpus,felt,Felt,0.1250,2.6035,329.6280,660.0100,1.7164,3.4367,-6.6750,-24.6430,,0.0000,12.7248,12.7250,12.8804,0.0000,-8.9751,1.0528,0.2433,0,3
piano_felt,64,E4,0.3630,corpus,felt,Felt,0.1250,2.5235,329.6280,660.0100,1.6636,3.3311,-6.2216,-26.1567,,0.0000,14.6921,14.6924,14.9087,0.0000,-7.9018,1.1092,0.2044,0,3
piano_felt,64,E4,0.4020,corpus,felt,Felt,0.1250,2.4133,329.6280,660.0100,1.5910,3.1857,-5.6325,-30.0540,,0.0000,19.1789,19.1793,19.5861,0.0000,-6.4264,1.1870,0.1305,0,3
piano_felt,64,E4,0.4270,corpus,felt,Felt,0.1250,2.3505,329.6280,660.0100,1.5496,3.1027,-5.3138,-34.6035,,0.0000,24.0487,24.0487,24.8077,0.0000,-5.5837,1.2314,0.0773,0,3
piano_felt,64,E4,0.4370,corpus,felt,Felt,0.1250,2.3268,329.6280,660.0100,1.5339,3.0714,-5.1969,-37.5418,,0.0000,27.1048,27.1051,28.2249,0.0000,-5.2657,1.2481,0.0551,0,3
piano_felt,64,E4,0.4520,corpus,felt,Felt,0.1250,2.2927,329.6280,660.0100,1.5115,3.0264,-5.0315,-45.8857,,0.0000,35.6209,35.6210,39.0822,0.0000,-4.8071,1.2721,0.0211,0,3
piano_felt,64,E4,0.4620,corpus,felt,Felt,0.1250,2.2708,329.6280,660.0100,1.4971,2.9975,-4.9274,-66.3381,,0.0000,47.5624,47.5633,43.0252,0.0000,-4.5130,1.2874,0.0054,0,3
piano_felt,64,E4,0.4870,corpus,felt,Felt,0.1250,2.2191,329.6280,660.0100,1.4629,2.9292,-4.6862,-36.6922,,0.0000,26.7588,26.7585,25.7599,0.0000,-3.8140,1.3236,0.0608,0,3
piano_felt,65,F4,0.0500,regular,felt,Felt,0.1250,5.9269,349.2280,699.3530,4.1397,8.2900,-24.3673,-37.5492,5,-0.2108,7.9418,7.9406,7.8241,0.0000,-42.7699,0.1454,0.0583,0,3
piano_felt,65,F4,0.0750,regular,felt,Felt,0.1250,4.9591,349.2280,699.3530,3.4637,6.9363,-24.3604,-53.4760,3,-3.5347,23.8596,23.8652,21.3601,0.0000,-39.2415,0.1455,0.0093,0,3
piano_felt,65,F4,0.1000,regular,felt,Felt,0.1250,4.3699,349.2280,699.3530,3.0522,6.1122,-40.1376,-31.3477,3,-21.7396,-14.0358,-14.0372,-15.6720,-14.0358,-52.5234,0.0236,0.1190,0,3
piano_felt,65,F4,0.1250,regular,felt,Felt,0.1250,3.9615,349.2280,699.3530,2.7669,5.5410,-25.3868,-31.9417,3,-8.9227,1.3145,1.3138,1.7916,0.0000,-35.8292,0.1293,0.1111,0,3
piano_felt,65,F4,0.1500,regular,felt,Felt,0.1250,3.6563,349.2280,699.3530,2.5538,5.1141,-18.6514,-42.9898,3,-3.8098,19.0982,19.0994,20.4115,0.0000,-27.5109,0.2808,0.0312,0,3
piano_felt,65,F4,0.1750,regular,felt,Felt,0.1250,3.4167,349.2280,699.3530,2.3864,4.7790,-15.1420,-36.1483,3,-1.7092,15.7630,15.7621,15.3334,0.0000,-22.6625,0.4206,0.0685,0,3
piano_felt,65,F4,0.2000,regular,felt,Felt,0.1250,3.2219,349.2280,699.3530,2.2503,4.5065,-12.8688,-28.8143,3,-0.6896,10.7022,10.7020,10.5704,0.0000,-19.2297,0.5464,0.1594,0,3
piano_felt,65,F4,0.2250,regular,felt,Felt,0.1250,3.0593,349.2280,699.3530,2.1368,4.2790,-11.2451,-25.6284,3,-0.2020,9.1401,9.1400,9.0915,0.0000,-16.5829,0.6587,0.2300,0,3
piano_felt,65,F4,0.2500,regular,felt,Felt,0.1250,2.9208,349.2280,699.3530,2.0400,4.0853,-10.0158,-23.9906,3,-0.0172,8.7316,8.7316,8.7279,0.0000,-14.4384,0.7588,0.2777,0,3
piano_felt,65,F4,0.2750,regular,felt,Felt,0.1250,2.8009,349.2280,699.3530,1.9563,3.9177,-9.0475,-23.2087,,0.0000,8.9179,8.9180,8.9472,0.0000,-12.6423,0.8483,0.3039,0,3
piano_felt,65,F4,0.3000,regular,felt,Felt,0.1250,2.6958,349.2280,699.3530,1.8829,3.7706,-8.2624,-22.9995,,0.0000,9.4939,9.4939,9.5522,0.0000,-11.1015,0.9285,0.3113,0,3
piano_felt,65,F4,0.3250,regular,felt,Felt,0.1250,2.6026,349.2280,699.3530,1.8178,3.6402,-7.6115,-23.2315,,0.0000,10.3767,10.3768,10.4649,0.0000,-9.7554,1.0008,0.3030,0,3
piano_felt,65,F4,0.3500,regular,felt,Felt,0.1250,2.5191,349.2280,699.3530,1.7595,3.5235,-7.0622,-23.8507,,0.0000,11.5458,11.5455,11.6674,0.0000,-8.5624,1.0661,0.2822,0,3
piano_felt,65,F4,0.3750,regular,felt,Felt,0.1250,2.4438,349.2280,699.3530,1.7069,3.4182,-6.5918,-24.8583,,0.0000,13.0236,13.0236,13.1877,0.0000,-7.4926,1.1255,0.2513,0,3
piano_felt,65,F4,0.4000,regular,felt,Felt,0.1250,2.3755,349.2280,699.3530,1.6592,3.3226,-6.1841,-26.3139,,0.0000,14.8869,14.8870,15.1098,0.0000,-6.5243,1.1796,0.2125,0,3
piano_felt,65,F4,0.4250,regular,felt,Felt,0.1250,2.3130,349.2280,699.3530,1.6155,3.2352,-5.8269,-28.3714,,0.0000,17.3020,17.3020,17.6178,0.0000,-5.6405,1.2291,0.1677,0,3
piano_felt,65,F4,0.4500,regular,felt,Felt,0.1250,2.2556,349.2280,699.3530,1.5754,3.1549,-5.5113,-31.4023,,0.0000,20.6490,20.6490,21.1424,0.0000,-4.8285,1.2746,0.1183,0,3
piano_felt,65,F4,0.4750,regular,felt,Felt,0.1250,2.2026,349.2280,699.3530,1.5384,3.0808,-5.2302,-36.5340,,0.0000,26.0635,26.0633,27.0427,0.0000,-4.0778,1.3165,0.0655,0,3
piano_felt,65,F4,0.5000,regular,felt,Felt,0.1250,2.1535,349.2280,699.3530,1.5041,3.0121,-4.9781,-52.5781,,0.0000,42.3836,42.3772,53.3938,0.0000,-3.3802,1.3553,0.0103,0,3
piano_felt,65,F4,0.5250,regular,felt,Felt,0.1250,2.1078,349.2280,699.3530,1.4722,2.9482,-4.7507,-39.5126,,0.0000,29.5151,29.5134,28.1777,0.0000,-2.7290,1.3912,0.0465,0,3
piano_felt,65,F4,0.5500,regular,felt,Felt,0.1250,2.0651,349.2280,699.3530,1.4424,2.8885,-4.5445,-32.4912,,0.0000,22.7009,22.7008,22.0562,0.0000,-2.1187,1.4246,0.1044,0,3
piano_felt,65,F4,0.5750,regular,felt,Felt,0.1250,2.0251,349.2280,699.3530,1.4145,2.8326,-4.3565,-28.6314,,0.0000,19.0300,19.0297,18.5972,0.0000,-1.5446,1.4558,0.1628,0,3
piano_felt,65,F4,0.6000,regular,felt,Felt,0.1250,1.9876,349.2280,699.3530,1.3882,2.7800,-4.1844,-25.9628,,0.0000,16.5338,16.5336,16.2048,0.0000,-1.0028,1.4849,0.2213,0,3
piano_felt,65,F4,0.6250,regular,felt,Felt,0.1250,1.9522,349.2280,699.3530,1.3635,2.7306,-4.0262,-23.9295,,0.0000,14.6585,14.6587,14.3914,0.0000,-0.4900,1.5122,0.2797,0,3
piano_felt,65,F4,0.6500,regular,felt,Felt,0.1250,1.9188,349.2280,699.3530,1.3402,2.6839,-3.8803,-22.2936,,0.0000,13.1687,13.1688,12.9426,0.0000,-0.0035,1.5378,0.3377,0,3
piano_felt,65,F4,0.6750,regular,felt,Felt,0.1250,1.8873,349.2280,699.3530,1.3182,2.6397,-3.7452,-20.9306,,0.0000,11.9412,11.9411,11.7447,0.0000,0.4594,1.5619,0.3950,0,3
piano_felt,65,F4,0.7000,regular,felt,Felt,0.1250,1.8573,349.2280,699.3530,1.2973,2.5979,-3.6198,-19.7672,,0.0000,10.9031,10.9031,10.7286,0.0000,0.9007,1.5847,0.4516,0,3
piano_felt,65,F4,0.7250,regular,felt,Felt,0.1250,1.8289,349.2280,699.3530,1.2774,2.5581,-3.5030,-18.7560,,0.0000,10.0088,10.0088,9.8516,0.0000,1.3223,1.6061,0.5074,0,3
piano_felt,65,F4,0.7500,regular,felt,Felt,0.1250,1.8018,349.2280,699.3530,1.2585,2.5202,-3.3940,-17.8650,,0.0000,9.2267,9.2267,9.0836,0.0000,1.7258,1.6264,0.5622,0,3
piano_felt,65,F4,0.7750,regular,felt,Felt,0.1250,1.7760,349.2280,699.3530,1.2405,2.4842,-3.2920,-17.0711,,0.0000,8.5349,8.5348,8.4032,0.0000,2.1126,1.6456,0.6160,0,3
piano_felt,65,F4,0.8000,regular,felt,Felt,0.1250,1.7514,349.2280,699.3530,1.2233,2.4497,-3.1964,-16.3573,,0.0000,7.9168,7.9167,7.7947,0.0000,2.4840,1.6638,0.6688,0,3
piano_felt,65,F4,0.8250,regular,felt,Felt,0.1250,1.7279,349.2280,699.3530,1.2069,2.4168,-3.1064,-15.7107,,0.0000,7.3601,7.3601,7.2464,0.0000,2.8412,1.6811,0.7204,0,3
piano_felt,65,F4,0.8500,regular,felt,Felt,0.1250,1.7054,349.2280,699.3530,1.1911,2.3853,-3.0218,-15.1212,,0.0000,6.8553,6.8553,6.7486,0.0000,3.1852,1.6976,0.7710,0,3
piano_felt,65,F4,0.8750,regular,felt,Felt,0.1250,1.6838,349.2280,699.3530,1.1760,2.3551,-2.9419,-14.5809,,0.0000,6.3948,6.3949,6.2943,0.0000,3.5168,1.7133,0.8205,0,3
piano_felt,65,F4,0.9000,regular,felt,Felt,0.1250,1.6630,349.2280,699.3530,1.1616,2.3261,-2.8663,-14.0832,,0.0000,5.9726,5.9727,5.8776,0.0000,3.8371,1.7283,0.8689,0,3
piano_felt,65,F4,0.9250,regular,felt,Felt,0.1250,1.6431,349.2280,699.3530,1.1476,2.2982,-2.7948,-13.6228,,0.0000,5.5839,5.5839,5.4937,0.0000,4.1465,1.7426,0.9162,0,3
piano_felt,65,F4,0.9500,regular,felt,Felt,0.1250,1.6240,349.2280,699.3530,1.1343,2.2714,-2.7271,-13.1954,,0.0000,5.2243,5.2243,5.1383,0.0000,4.4460,1.7562,0.9624,0,3
piano_felt,65,F4,0.9750,regular,felt,Felt,0.1250,1.6055,349.2280,699.3530,1.1214,2.2456,-2.6627,-12.7972,,0.0000,4.8906,4.8905,4.8087,0.0000,4.7360,1.7693,1.0075,0,3
piano_felt,65,F4,1.0000,regular,felt,Felt,0.1250,1.5877,349.2280,699.3530,1.1090,2.2208,-2.6015,-12.4252,,0.0000,4.5797,4.5797,4.5012,0.0000,5.0171,1.7818,1.0516,0,3
piano_felt,65,F4,0.2780,corpus,felt,Felt,0.1250,2.7876,349.2280,699.3530,1.9470,3.8990,-8.9448,-23.1569,,0.0000,8.9690,8.9689,9.0023,0.0000,-12.4453,0.8584,0.3057,0,3
piano_felt,65,F4,0.3030,corpus,felt,Felt,0.1250,2.6840,349.2280,699.3530,1.8747,3.7541,-8.1780,-23.0057,,0.0000,9.5845,9.5845,9.6460,0.0000,-10.9306,0.9376,0.3110,0,3
piano_felt,65,F4,0.3130,corpus,felt,Felt,0.1250,2.6460,349.2280,699.3530,1.8481,3.7009,-7.9096,-23.0699,,0.0000,9.9173,9.9172,9.9906,0.0000,-10.3802,0.9670,0.3087,0,3
piano_felt,65,F4,0.3280,corpus,felt,Felt,0.1250,2.5921,349.2280,699.3530,1.8104,3.6255,-7.5408,-23.2858,,0.0000,10.5018,10.5019,10.5933,0.0000,-9.6048,1.0090,0.3012,0,3
piano_felt,65,F4,0.3380,corpus,felt,Felt,0.1250,2.5581,349.2280,699.3530,1.7867,3.5780,-7.3148,-23.5063,,0.0000,10.9483,10.9484,11.0527,0.0000,-9.1180,1.0356,0.2936,0,3
piano_felt,65,F4,0.3630,corpus,felt,Felt,0.1250,2.4790,349.2280,699.3530,1.7315,3.4675,-6.8089,-24.3240,,0.0000,12.2720,12.2721,12.4142,0.0000,-7.9922,1.0977,0.2672,0,3
piano_felt,65,F4,0.4020,corpus,felt,Felt,0.1250,2.3703,349.2280,699.3530,1.6555,3.3153,-6.1538,-26.4533,,0.0000,15.0569,15.0568,15.2863,0.0000,-6.4506,1.1837,0.2091,0,3
piano_felt,65,F4,0.4270,corpus,felt,Felt,0.1250,2.3082,349.2280,699.3530,1.6122,3.2285,-5.8002,-28.5706,,0.0000,17.5273,17.5278,17.8539,0.0000,-5.5731,1.2329,0.1639,0,3
piano_felt,65,F4,0.4370,corpus,felt,Felt,0.1250,2.2848,349.2280,699.3530,1.5959,3.1958,-5.6707,-29.6659,,0.0000,18.7529,18.7529,19.1375,0.0000,-5.2425,1.2514,0.1445,0,3
piano_felt,65,F4,0.4520,corpus,felt,Felt,0.1250,2.2512,349.2280,699.3530,1.5724,3.1488,-5.4876,-31.7096,,0.0000,20.9799,20.9801,21.4949,0.0000,-4.7663,1.2780,0.1142,0,3
piano_felt,65,F4,0.4620,corpus,felt,Felt,0.1250,2.2296,349.2280,699.3530,1.5573,3.1186,-5.3724,-33.4621,,0.0000,22.8484,22.8481,23.5018,0.0000,-4.4611,1.2951,0.0933,0,3
piano_felt,65,F4,0.4870,corpus,felt,Felt,0.1250,2.1786,349.2280,699.3530,1.5216,3.0472,-5.1059,-40.9782,,0.0000,30.6315,30.6340,32.3905,0.0000,-3.7367,1.3355,0.0393,0,3
piano_felt,66,F#4,0.0500,regular,felt,Felt,0.1250,5.8475,369.9940,741.0550,4.3271,8.6667,-26.1720,-43.4189,5,-1.2009,12.0031,12.0048,11.5325,0.0000,-44.0706,0.1252,0.0314,0,3
piano_felt,66,F#4,0.0750,regular,felt,Felt,0.1250,4.8884,369.9940,741.0550,3.6173,7.2451,-23.3188,-42.7405,3,-1.6738,14.1806,14.1817,14.8171,0.0000,-37.6963,0.1738,0.0340,0,3
piano_felt,66,F#4,0.1000,regular,felt,Felt,0.1250,4.3049,369.9940,741.0550,3.1855,6.3803,-30.0580,-33.6292,3,-10.8318,-1.6725,-1.6727,-2.2645,-1.6725,-41.9371,0.0800,0.0970,0,3
piano_felt,66,F#4,0.1250,regular,felt,Felt,0.1250,3.9007,369.9940,741.0550,2.8864,5.7812,-32.3237,-30.7403,3,-15.0197,-6.8240,-6.8237,-6.1315,-6.8240,-42.2617,0.0617,0.1353,0,3
piano_felt,66,F#4,0.1500,regular,felt,Felt,0.1250,3.5988,369.9940,741.0550,2.6630,5.3337,-21.6301,-34.7813,3,-5.9353,7.9104,7.9102,8.4651,0.0000,-29.9855,0.2112,0.0849,0,3
piano_felt,66,F#4,0.1750,regular,felt,Felt,0.1250,3.3618,369.9940,741.0550,2.4877,4.9825,-17.1464,-58.7807,3,-2.8455,36.3602,36.3708,31.2690,0.0000,-24.1633,0.3538,0.0054,1,3
piano_felt,66,F#4,0.2000,regular,felt,Felt,0.1250,3.1692,369.9940,741.0550,2.3452,4.6971,-14.4082,-33.2512,3,-1.3445,13.5985,13.5991,13.3127,0.0000,-20.2653,0.4850,0.1013,0,3
piano_felt,66,F#4,0.2250,regular,felt,Felt,0.1250,3.0085,369.9940,741.0550,2.2262,4.4589,-12.5056,-28.0046,3,-0.5603,10.2550,10.2556,10.1452,0.0000,-17.3396,0.6037,0.1854,0,3
piano_felt,66,F#4,0.2500,regular,felt,Felt,0.1250,2.8716,369.9940,741.0550,2.1250,4.2560,-11.0880,-25.3893,3,-0.1684,9.0580,9.0580,9.0150,0.0000,-15.0067,0.7108,0.2505,0,3
piano_felt,66,F#4,0.2750,regular,felt,Felt,0.1250,2.7532,369.9940,741.0550,2.0373,4.0805,-9.9831,-23.9604,3,-0.0149,8.7340,8.7340,8.7310,0.0000,-13.0740,0.8072,0.2953,0,3
piano_felt,66,F#4,0.3000,regular,felt,Felt,0.1250,2.6493,369.9940,741.0550,1.9605,3.9266,-9.0938,-23.2361,,0.0000,8.8991,8.8991,8.9266,0.0000,-11.4289,0.8942,0.3210,0,3
piano_felt,66,F#4,0.3250,regular,felt,Felt,0.1250,2.5573,369.9940,741.0550,1.8924,3.7902,-8.3606,-23.0002,,0.0000,9.3963,9.3965,9.4506,0.0000,-10.0005,0.9729,0.3298,0,3
piano_felt,66,F#4,0.3500,regular,felt,Felt,0.1250,2.4749,369.9940,741.0550,1.8314,3.6681,-7.7444,-23.1450,,0.0000,10.1577,10.1575,10.2390,0.0000,-8.7406,1.0445,0.3244,0,3
piano_felt,66,F#4,0.3750,regular,felt,Felt,0.1250,2.4006,369.9940,741.0550,1.7764,3.5579,-7.2186,-23.6209,,0.0000,11.1593,11.1593,11.2703,0.0000,-7.6156,1.1097,0.3071,0,3
piano_felt,66,F#4,0.4000,regular,felt,Felt,0.1250,2.3331,369.9940,741.0550,1.7265,3.4579,-6.7640,-24.4183,,0.0000,12.4112,12.4113,12.5571,0.0000,-6.6004,1.1693,0.2801,0,3
piano_felt,66,F#4,0.4250,regular,felt,Felt,0.1250,2.2714,369.9940,741.0550,1.6808,3.3665,-6.3668,-25.5660,,0.0000,13.9563,13.9563,14.1493,0.0000,-5.6767,1.2240,0.2455,0,3
piano_felt,66,F#4,0.4500,regular,felt,Felt,0.1250,2.2148,369.9940,741.0550,1.6389,3.2825,-6.0165,-27.1452,,0.0000,15.8861,15.8860,16.1445,0.0000,-4.8298,1.2744,0.2046,0,3
piano_felt,66,F#4,0.4750,regular,felt,Felt,0.1250,2.1625,369.9940,741.0550,1.6002,3.2051,-5.7051,-29.3346,,0.0000,18.3872,18.3872,18.7532,0.0000,-4.0488,1.3209,0.1590,0,3
piano_felt,66,F#4,0.5000,regular,felt,Felt,0.1250,2.1140,369.9940,741.0550,1.5644,3.1332,-5.4262,-32.5554,,0.0000,21.8865,21.8874,22.4647,0.0000,-3.3244,1.3640,0.1098,0,3
piano_felt,66,F#4,0.5250,regular,felt,Felt,0.1250,2.0689,369.9940,741.0550,1.5310,3.0664,-5.1750,-38.1373,,0.0000,27.7224,27.7224,28.9315,0.0000,-2.6493,1.4040,0.0577,0,3
piano_felt,66,F#4,0.5500,regular,felt,Felt,0.1250,2.0269,369.9940,741.0550,1.4998,3.0040,-4.9474,-62.0778,,0.0000,46.9435,46.9398,50.6179,0.0000,-2.0178,1.4413,0.0065,0,3
piano_felt,66,F#4,0.5750,regular,felt,Felt,0.1250,1.9874,369.9940,741.0550,1.4707,2.9456,-4.7402,-39.0785,,0.0000,29.0889,29.0902,27.8098,0.0000,-1.4244,1.4761,0.0518,0,3
piano_felt,66,F#4,0.6000,regular,felt,Felt,0.1250,1.9504,369.9940,741.0550,1.4433,2.8907,-4.5506,-32.6825,,0.0000,22.8865,22.8860,22.2275,0.0000,-0.8651,1.5087,0.1082,0,3
piano_felt,66,F#4,0.6250,regular,felt,Felt,0.1250,1.9155,369.9940,741.0550,1.4175,2.8390,-4.3766,-29.0125,,0.0000,19.3909,19.3908,18.9411,0.0000,-0.3366,1.5392,0.1651,0,3
piano_felt,66,F#4,0.6500,regular,felt,Felt,0.1250,1.8826,369.9940,741.0550,1.3931,2.7903,-4.2161,-26.4337,,0.0000,16.9725,16.9728,16.6275,0.0000,0.1645,1.5679,0.2222,0,3
piano_felt,66,F#4,0.6750,regular,felt,Felt,0.1250,1.8515,369.9940,741.0550,1.3701,2.7441,-4.0677,-24.4506,,0.0000,15.1386,15.1383,14.8568,0.0000,0.6408,1.5949,0.2791,0,3
piano_felt,66,F#4,0.7000,regular,felt,Felt,0.1250,1.8220,369.9940,741.0550,1.3482,2.7004,-3.9301,-22.8450,,0.0000,13.6708,13.6705,13.4316,0.0000,1.0944,1.6204,0.3358,0,3
piano_felt,66,F#4,0.7250,regular,felt,Felt,0.1250,1.7939,369.9940,741.0550,1.3275,2.6588,-3.8020,-21.5009,,0.0000,12.4545,12.4546,12.2457,0.0000,1.5272,1.6445,0.3920,0,3
piano_felt,66,F#4,0.7500,regular,felt,Felt,0.1250,1.7673,369.9940,741.0550,1.3078,2.6193,-3.6824,-20.3490,,0.0000,11.4224,11.4222,11.2372,0.0000,1.9412,1.6673,0.4476,0,3
piano_felt,66,F#4,0.7750,regular,felt,Felt,0.1250,1.7419,369.9940,741.0550,1.2890,2.5816,-3.5706,-19.3444,,0.0000,10.5296,10.5295,10.3627,0.0000,2.3379,1.6888,0.5025,0,3
piano_felt,66,F#4,0.8000,regular,felt,Felt,0.1250,1.7176,369.9940,741.0550,1.2710,2.5457,-3.4659,-18.4565,,0.0000,9.7463,9.7464,9.5941,0.0000,2.7184,1.7093,0.5566,0,3
piano_felt,66,F#4,0.8250,regular,felt,Felt,0.1250,1.6944,369.9940,741.0550,1.2538,2.5113,-3.3674,-17.6632,,0.0000,9.0514,9.0516,8.9112,0.0000,3.0841,1.7288,0.6098,0,3
piano_felt,66,F#4,0.8500,regular,felt,Felt,0.1250,1.6722,369.9940,741.0550,1.2374,2.4784,-3.2747,-16.9482,,0.0000,8.4294,8.4293,8.2994,0.0000,3.4361,1.7474,0.6621,0,3
piano_felt,66,F#4,0.8750,regular,felt,Felt,0.1250,1.6509,369.9940,741.0550,1.2217,2.4468,-3.1873,-16.2991,,0.0000,7.8677,7.8676,7.7465,0.0000,3.7753,1.7650,0.7135,0,3
piano_felt,66,F#4,0.9000,regular,felt,Felt,0.1250,1.6305,369.9940,741.0550,1.2065,2.4166,-3.1048,-15.7061,,0.0000,7.3573,7.3572,7.2436,0.0000,4.1025,1.7819,0.7639,0,3
piano_felt,66,F#4,0.9250,regular,felt,Felt,0.1250,1.6109,369.9940,741.0550,1.1920,2.3875,-3.0266,-15.1614,,0.0000,6.8907,6.8907,6.7835,0.0000,4.4187,1.7980,0.8133,0,3
piano_felt,66,F#4,0.9500,regular,felt,Felt,0.1250,1.5920,369.9940,741.0550,1.1781,2.3595,-2.9525,-14.6588,,0.0000,6.4621,6.4622,6.3606,0.0000,4.7243,1.8134,0.8618,0,3
piano_felt,66,F#4,0.9750,regular,felt,Felt,0.1250,1.5738,369.9940,741.0550,1.1646,2.3326,-2.8822,-14.1931,,0.0000,6.0668,6.0668,5.9705,0.0000,5.0203,1.8281,0.9092,0,3
piano_felt,66,F#4,1.0000,regular,felt,Felt,0.1250,1.5563,369.9940,741.0550,1.1517,2.3066,-2.8154,-13.7600,,0.0000,5.7005,5.7005,5.6088,0.0000,5.3070,1.8423,0.9557,0,3
piano_felt,66,F#4,0.2780,corpus,felt,Felt,0.1250,2.7400,369.9940,741.0550,2.0276,4.0610,-9.8664,-23.8420,3,-0.0082,8.7325,8.7324,8.7338,0.0000,-12.8630,0.8181,0.2994,0,3
piano_felt,66,F#4,0.3030,corpus,felt,Felt,0.1250,2.6377,369.9940,741.0550,1.9519,3.9094,-8.9985,-23.1849,,0.0000,8.9430,8.9432,8.9742,0.0000,-11.2473,0.9041,0.3229,0,3
piano_felt,66,F#4,0.3130,corpus,felt,Felt,0.1250,2.6001,369.9940,741.0550,1.9241,3.8537,-8.6959,-23.0610,,0.0000,9.1218,9.1220,9.1632,0.0000,-10.6626,0.9361,0.3275,0,3
piano_felt,66,F#4,0.3280,corpus,felt,Felt,0.1250,2.5469,369.9940,741.0550,1.8847,3.7748,-8.2811,-22.9989,,0.0000,9.4745,9.4747,9.5319,0.0000,-9.8412,0.9819,0.3299,0,3
piano_felt,66,F#4,0.3380,corpus,felt,Felt,0.1250,2.5133,369.9940,741.0550,1.8598,3.7251,-8.0275,-23.0322,,0.0000,9.7613,9.7616,9.8294,0.0000,-9.3267,1.0110,0.3286,0,3
piano_felt,66,F#4,0.3630,corpus,felt,Felt,0.1250,2.4353,369.9940,741.0550,1.8021,3.6094,-7.4610,-23.3526,,0.0000,10.6484,10.6485,10.7446,0.0000,-8.1405,1.0791,0.3167,0,3
piano_felt,66,F#4,0.4020,corpus,felt,Felt,0.1250,2.3280,369.9940,741.0550,1.7227,3.4503,-6.7303,-24.4965,,0.0000,12.5234,12.5233,12.6728,0.0000,-6.5234,1.1738,0.2776,0,3
piano_felt,66,F#4,0.4270,corpus,felt,Felt,0.1250,2.2667,369.9940,741.0550,1.6773,3.3595,-6.3372,-25.6749,,0.0000,14.0949,14.0948,14.2918,0.0000,-5.6063,1.2282,0.2424,0,3
piano_felt,66,F#4,0.4370,corpus,felt,Felt,0.1250,2.2437,369.9940,741.0550,1.6603,3.3253,-6.1934,-26.2623,,0.0000,14.8262,14.8262,15.0467,0.0000,-5.2613,1.2487,0.2265,0,3
piano_felt,66,F#4,0.4520,corpus,felt,Felt,0.1250,2.2104,369.9940,741.0550,1.6357,3.2761,-5.9903,-27.2945,,0.0000,16.0618,16.0616,16.3273,0.0000,-4.7651,1.2782,0.2011,0,3
piano_felt,66,F#4,0.4620,corpus,felt,Felt,0.1250,2.1892,369.9940,741.0550,1.6200,3.2446,-5.8626,-28.1028,,0.0000,16.9980,16.9976,17.3012,0.0000,-4.4473,1.2972,0.1833,0,3
piano_felt,66,F#4,0.4870,corpus,felt,Felt,0.1250,2.1388,369.9940,741.0550,1.5827,3.1699,-5.5675,-30.7076,,0.0000,19.8976,19.8979,20.3444,0.0000,-3.6945,1.3420,0.1358,0,3
piano_felt,67,G4,0.0500,regular,felt,Felt,0.1250,5.7690,391.9950,785.2590,4.5228,9.0603,-29.1144,-58.6614,5,-3.3333,24.3128,24.3185,29.3828,0.0000,-46.6668,0.0928,0.0057,0,3
piano_felt,67,G4,0.0750,regular,felt,Felt,0.1250,4.8185,391.9950,785.2590,3.7777,7.5676,-22.9988,-37.1853,3,-0.5408,8.9457,8.9457,9.1369,0.0000,-37.0290,0.1877,0.0670,0,3
piano_felt,67,G4,0.1000,regular,felt,Felt,0.1250,4.2407,391.9950,785.2590,3.3247,6.6601,-26.2748,-38.6086,3,-6.2285,7.0891,7.0897,6.4268,0.0000,-37.8071,0.1287,0.0569,0,3
piano_felt,67,G4,0.1250,regular,felt,Felt,0.1250,3.8407,391.9950,785.2590,3.0111,6.0319,-53.3367,-30.9869,3,-35.2031,-27.6214,-27.6138,-40.9881,-27.6214,-62.9596,0.0057,0.1368,1,3
piano_felt,67,G4,0.1500,regular,felt,Felt,0.1250,3.5420,391.9950,785.2590,2.7769,5.5628,-25.8225,-31.7593,3,-9.2865,0.6957,0.6957,1.1759,0.0000,-33.8311,0.1356,0.1252,0,3
piano_felt,67,G4,0.1750,regular,felt,Felt,0.1250,3.3077,391.9950,785.2590,2.5932,5.1948,-19.6444,-38.7166,3,-4.4894,13.8319,13.8319,14.6464,0.0000,-26.3141,0.2762,0.0562,0,3
piano_felt,67,G4,0.2000,regular,felt,Felt,0.1250,3.1173,391.9950,785.2590,2.4439,4.8958,-16.2408,-42.9777,3,-2.3089,21.4898,21.4906,20.4871,0.0000,-21.7509,0.4087,0.0344,0,3
piano_felt,67,G4,0.2250,regular,felt,Felt,0.1250,2.9584,391.9950,785.2590,2.3194,4.6463,-13.9710,-31.8287,3,-1.1423,12.6143,12.6139,12.3853,0.0000,-18.4582,0.5308,0.1242,0,3
piano_felt,67,G4,0.2500,regular,felt,Felt,0.1250,2.8232,391.9950,785.2590,2.2134,4.4339,-12.3166,-27.6148,3,-0.4974,10.0546,10.0548,9.9552,0.0000,-15.8886,0.6421,0.2018,0,3
piano_felt,67,G4,0.2750,regular,felt,Felt,0.1250,2.7062,391.9950,785.2590,2.1217,4.2502,-11.0447,-25.3307,3,-0.1596,9.0429,9.0427,9.0018,0.0000,-13.7889,0.7434,0.2625,0,3
piano_felt,67,G4,0.3000,regular,felt,Felt,0.1250,2.6037,391.9950,785.2590,2.0413,4.0891,-10.0306,-24.0151,3,-0.0183,8.7411,8.7413,8.7365,0.0000,-12.0191,0.8355,0.3054,0,3
piano_felt,67,G4,0.3250,regular,felt,Felt,0.1250,2.5128,391.9950,785.2590,1.9700,3.9464,-9.2001,-23.3023,,0.0000,8.8590,8.8590,8.8829,0.0000,-10.4934,0.9193,0.3315,0,3
piano_felt,67,G4,0.3500,regular,felt,Felt,0.1250,2.4314,391.9950,785.2590,1.9062,3.8186,-8.5059,-23.0166,,0.0000,9.2679,9.2676,9.3164,0.0000,-9.1553,0.9958,0.3426,0,3
piano_felt,67,G4,0.3750,regular,felt,Felt,0.1250,2.3581,391.9950,785.2590,1.8487,3.7034,-7.9158,-23.0653,,0.0000,9.9064,9.9064,9.9795,0.0000,-7.9660,1.0658,0.3407,0,3
piano_felt,67,G4,0.4000,regular,felt,Felt,0.1250,2.2915,391.9950,785.2590,1.7965,3.5988,-7.4075,-23.4011,,0.0000,10.7505,10.7506,10.8494,0.0000,-6.8972,1.1300,0.3278,0,3
piano_felt,67,G4,0.4250,regular,felt,Felt,0.1250,2.2306,391.9950,785.2590,1.7488,3.5032,-6.9645,-24.0071,,0.0000,11.7996,11.7996,11.9284,0.0000,-5.9276,1.1891,0.3057,0,3
piano_felt,67,G4,0.4500,regular,felt,Felt,0.1250,2.1747,391.9950,785.2590,1.7050,3.4154,-6.5747,-24.8925,,0.0000,13.0751,13.0749,13.2407,0.0000,-5.0412,1.2437,0.2760,0,3
piano_felt,67,G4,0.4750,regular,felt,Felt,0.1250,2.1231,391.9950,785.2590,1.6645,3.3344,-6.2288,-26.0974,,0.0000,14.6256,14.6258,14.8397,0.0000,-4.2258,1.2943,0.2403,0,3
piano_felt,67,G4,0.5000,regular,felt,Felt,0.1250,2.0753,391.9950,785.2590,1.6270,3.2593,-5.9197,-27.7086,,0.0000,16.5466,16.5464,16.8309,0.0000,-3.4712,1.3411,0.1996,0,3
piano_felt,67,G4,0.5250,regular,felt,Felt,0.1250,2.0308,391.9950,785.2590,1.5922,3.1895,-5.6416,-29.9051,,0.0000,19.0209,19.0213,19.4203,0.0000,-2.7693,1.3848,0.1550,0,3
piano_felt,67,G4,0.5500,regular,felt,Felt,0.1250,1.9893,391.9950,785.2590,1.5596,3.1243,-5.3900,-33.0965,,0.0000,22.4639,22.4650,23.0856,0.0000,-2.1136,1.4255,0.1073,0,3
piano_felt,67,G4,0.5750,regular,felt,Felt,0.1250,1.9504,391.9950,785.2590,1.5291,3.0632,-5.1612,-38.5441,,0.0000,28.1433,28.1435,29.4169,0.0000,-1.4987,1.4635,0.0573,0,3
piano_felt,67,G4,0.6000,regular,felt,Felt,0.1250,1.9139,391.9950,785.2590,1.5005,3.0059,-4.9521,-58.8054,,0.0000,46.2387,46.2307,55.0180,0.0000,-0.9199,1.4992,0.0073,0,3
piano_felt,67,G4,0.6250,regular,felt,Felt,0.1250,1.8796,391.9950,785.2590,1.4736,2.9519,-4.7604,-40.1840,,0.0000,30.1731,30.1747,28.7409,0.0000,-0.3736,1.5326,0.0475,0,3
piano_felt,67,G4,0.6500,regular,felt,Felt,0.1250,1.8471,391.9950,785.2590,1.4481,2.9009,-4.5837,-33.5953,,0.0000,23.7647,23.7653,23.0406,0.0000,0.1437,1.5641,0.1014,0,3
piano_felt,67,G4,0.6750,regular,felt,Felt,0.1250,1.8164,391.9950,785.2590,1.4241,2.8527,-4.4205,-29.8632,,0.0000,20.1973,20.1974,19.7060,0.0000,0.6348,1.5938,0.1558,0,3
piano_felt,67,G4,0.7000,regular,felt,Felt,0.1250,1.7873,391.9950,785.2590,1.4012,2.8070,-4.2692,-27.2515,,0.0000,17.7374,17.7374,17.3618,0.0000,1.1019,1.6218,0.2104,0,3
piano_felt,67,G4,0.7250,regular,felt,Felt,0.1250,1.7597,391.9950,785.2590,1.3796,2.7636,-4.1285,-25.2460,,0.0000,15.8728,15.8728,15.5670,0.0000,1.5474,1.6483,0.2651,0,3
piano_felt,67,G4,0.7500,regular,felt,Felt,0.1250,1.7334,391.9950,785.2590,1.3590,2.7223,-3.9973,-23.6228,,0.0000,14.3808,14.3809,14.1215,0.0000,1.9731,1.6734,0.3196,0,3
piano_felt,67,G4,0.7750,regular,felt,Felt,0.1250,1.7083,391.9950,785.2590,1.3393,2.6830,-3.8746,-22.2635,,0.0000,13.1443,13.1444,12.9189,0.0000,2.3806,1.6972,0.3737,0,3
piano_felt,67,G4,0.8000,regular,felt,Felt,0.1250,1.6844,391.9950,785.2590,1.3206,2.6454,-3.7597,-21.0978,,0.0000,12.0935,12.0937,11.8935,0.0000,2.7712,1.7198,0.4274,0,3
piano_felt,67,G4,0.8250,regular,felt,Felt,0.1250,1.6616,391.9950,785.2590,1.3027,2.6095,-3.6519,-20.0803,,0.0000,11.1841,11.1842,11.0041,0.0000,3.1464,1.7413,0.4805,0,3
piano_felt,67,G4,0.8500,regular,felt,Felt,0.1250,1.6397,391.9950,785.2590,1.2855,2.5752,-3.5504,-19.1802,,0.0000,10.3856,10.3855,10.2216,0.0000,3.5072,1.7617,0.5329,0,3
piano_felt,67,G4,0.8750,regular,felt,Felt,0.1250,1.6187,391.9950,785.2590,1.2691,2.5422,-3.4547,-18.3751,,0.0000,9.6763,9.6762,9.5254,0.0000,3.8547,1.7812,0.5847,0,3
piano_felt,67,G4,0.9000,regular,felt,Felt,0.1250,1.5986,391.9950,785.2590,1.2533,2.5106,-3.3643,-17.6487,,0.0000,9.0402,9.0402,8.9003,0.0000,4.1897,1.7999,0.6357,0,3
piano_felt,67,G4,0.9250,regular,felt,Felt,0.1250,1.5793,391.9950,785.2590,1.2381,2.4803,-3.2788,-16.9884,,0.0000,8.4656,8.4654,8.3350,0.0000,4.5132,1.8177,0.6859,0,3
piano_felt,67,G4,0.9500,regular,felt,Felt,0.1250,1.5607,391.9950,785.2590,1.2236,2.4511,-3.1978,-16.3846,,0.0000,7.9426,7.9426,7.8202,0.0000,4.8258,1.8347,0.7352,0,3
piano_felt,67,G4,0.9750,regular,felt,Felt,0.1250,1.5428,391.9950,785.2590,1.2095,2.4230,-3.1210,-15.8293,,0.0000,7.4642,7.4642,7.3490,0.0000,5.1283,1.8510,0.7838,0,3
piano_felt,67,G4,1.0000,regular,felt,Felt,0.1250,1.5255,391.9950,785.2590,1.1960,2.3959,-3.0479,-15.3164,,0.0000,7.0244,7.0243,6.9154,0.0000,5.4213,1.8666,0.8315,0,3
piano_felt,67,G4,0.2780,corpus,felt,Felt,0.1250,2.6932,391.9950,785.2590,2.1115,4.2298,-10.9112,-25.1317,3,-0.1339,8.9772,8.9773,8.9415,0.0000,-13.5611,0.7549,0.2686,0,3
piano_felt,67,G4,0.3030,corpus,felt,Felt,0.1250,2.5922,391.9950,785.2590,2.0323,4.0711,-9.9224,-23.9023,3,-0.0112,8.7367,8.7367,8.7362,0.0000,-11.8244,0.8459,0.3094,0,3
piano_felt,67,G4,0.3130,corpus,felt,Felt,0.1250,2.5551,391.9950,785.2590,2.0032,4.0128,-9.5793,-23.5830,3,-0.0001,8.7606,8.7605,8.7717,0.0000,-11.1993,0.8800,0.3210,0,3
piano_felt,67,G4,0.3280,corpus,felt,Felt,0.1250,2.5025,391.9950,785.2590,1.9620,3.9303,-9.1104,-23.2479,,0.0000,8.8942,8.8943,8.9212,0.0000,-10.3238,0.9288,0.3336,0,3
piano_felt,67,G4,0.3380,corpus,felt,Felt,0.1250,2.4694,391.9950,785.2590,1.9360,3.8782,-8.8244,-23.1076,,0.0000,9.0400,9.0401,9.0766,0.0000,-9.7769,0.9599,0.3390,0,3
piano_felt,67,G4,0.3630,corpus,felt,Felt,0.1250,2.3924,391.9950,785.2590,1.8756,3.7573,-8.1876,-23.0040,,0.0000,9.5730,9.5732,9.6342,0.0000,-8.5204,1.0329,0.3431,0,3
piano_felt,67,G4,0.4020,corpus,felt,Felt,0.1250,2.2864,391.9950,785.2590,1.7925,3.5908,-7.3698,-23.4397,,0.0000,10.8268,10.8269,10.9276,0.0000,-6.8161,1.1349,0.3263,0,3
piano_felt,67,G4,0.4270,corpus,felt,Felt,0.1250,2.2260,391.9950,785.2590,1.7451,3.4959,-6.9315,-24.0673,,0.0000,11.8928,11.8929,12.0243,0.0000,-5.8538,1.1937,0.3036,0,3
piano_felt,67,G4,0.4370,corpus,felt,Felt,0.1250,2.2032,391.9950,785.2590,1.7273,3.4602,-6.7714,-24.3956,,0.0000,12.3809,12.3813,12.5261,0.0000,-5.4926,1.2159,0.2923,0,3
piano_felt,67,G4,0.4520,corpus,felt,Felt,0.1250,2.1704,391.9950,785.2590,1.7016,3.4087,-6.5455,-24.9763,,0.0000,13.1879,13.1880,13.3563,0.0000,-4.9736,1.2479,0.2734,0,3
piano_felt,67,G4,0.4620,corpus,felt,Felt,0.1250,2.1494,391.9950,785.2590,1.6851,3.3757,-6.4037,-25.4270,,0.0000,13.7804,13.7805,13.9669,0.0000,-4.6417,1.2685,0.2596,0,3
piano_felt,67,G4,0.4870,corpus,felt,Felt,0.1250,2.0997,391.9950,785.2590,1.6462,3.2977,-6.0762,-26.8120,,0.0000,15.4929,15.4932,15.7369,0.0000,-3.8565,1.3172,0.2213,0,3
piano_felt,68,G#4,0.0500,regular,felt,Felt,0.1250,5.6913,415.3050,832.1170,4.7272,9.4717,-34.2163,-42.3745,5,-7.6296,2.9195,2.9208,3.7355,0.0000,-51.7676,0.0516,0.0369,0,3
piano_felt,68,G#4,0.0750,regular,felt,Felt,0.1250,4.7495,415.3050,832.1170,3.9450,7.9043,-23.2974,-35.8729,3,-0.0325,7.3334,7.3344,7.3719,0.0000,-37.3279,0.1814,0.0780,0,3
piano_felt,68,G#4,0.1000,regular,felt,Felt,0.1250,4.1774,415.3050,832.1170,3.4698,6.9522,-24.3017,-55.9939,3,-3.4427,26.4369,26.4392,23.2584,0.0000,-35.8333,0.1616,0.0077,0,3
piano_felt,68,G#4,0.1250,regular,felt,Felt,0.1250,3.7815,415.3050,832.1170,3.1410,6.2934,-32.1196,-32.6901,3,-13.1652,-4.6734,-4.6739,-5.3562,-4.6734,-41.7145,0.0657,0.1125,0,3
piano_felt,68,G#4,0.1500,regular,felt,Felt,0.1250,3.4861,415.3050,832.1170,2.8956,5.8017,-33.1092,-30.7086,3,-15.7428,-7.6398,-7.6404,-6.9015,-7.6398,-41.1158,0.0586,0.1413,0,3
piano_felt,68,G#4,0.1750,regular,felt,Felt,0.1250,3.2544,415.3050,832.1170,2.7032,5.4161,-22.9405,-33.3672,3,-6.9440,5.1857,5.1857,5.6823,0.0000,-29.6095,0.1890,0.1040,0,3
piano_felt,68,G#4,0.2000,regular,felt,Felt,0.1250,3.0662,415.3050,832.1170,2.5468,5.1029,-18.4840,-43.8423,3,-3.6985,20.1191,20.1197,21.5707,0.0000,-23.9939,0.3157,0.0311,0,3
piano_felt,68,G#4,0.2250,regular,felt,Felt,0.1250,2.9092,415.3050,832.1170,2.4164,4.8416,-15.7036,-39.1954,3,-2.0082,18.2457,18.2469,17.6087,0.0000,-20.1908,0.4348,0.0532,0,3
piano_felt,68,G#4,0.2500,regular,felt,Felt,0.1250,2.7756,415.3050,832.1170,2.3055,4.6193,-13.7409,-31.1564,3,-1.0408,12.1722,12.1720,11.9660,0.0000,-17.3126,0.5450,0.1342,0,3
piano_felt,68,G#4,0.2750,regular,felt,Felt,0.1250,2.6601,415.3050,832.1170,2.2095,4.4270,-12.2598,-27.5102,3,-0.4790,10.0074,10.0071,9.9107,0.0000,-15.0040,0.6463,0.2042,0,3
piano_felt,68,G#4,0.3000,regular,felt,Felt,0.1250,2.5588,415.3050,832.1170,2.1254,4.2584,-11.0934,-25.4136,3,-0.1695,9.0767,9.0770,9.0334,0.0000,-13.0817,0.7392,0.2600,0,3
piano_felt,68,G#4,0.3250,regular,felt,Felt,0.1250,2.4690,415.3050,832.1170,2.0508,4.1090,-10.1464,-24.1474,3,-0.0277,8.7578,8.7578,8.7497,0.0000,-11.4396,0.8244,0.3008,0,3
piano_felt,68,G#4,0.3500,regular,felt,Felt,0.1250,2.3887,415.3050,832.1170,1.9841,3.9754,-9.3598,-23.4140,,0.0000,8.8113,8.8111,8.8295,0.0000,-10.0092,0.9025,0.3273,0,3
piano_felt,68,G#4,0.3750,regular,felt,Felt,0.1250,2.3163,415.3050,832.1170,1.9240,3.8549,-8.6946,-23.0630,,0.0000,9.1253,9.1253,9.1664,0.0000,-8.7449,0.9744,0.3408,0,3
piano_felt,68,G#4,0.4000,regular,felt,Felt,0.1250,2.2506,415.3050,832.1170,1.8694,3.7455,-8.1238,-23.0115,,0.0000,9.6446,9.6446,9.7082,0.0000,-7.6134,1.0406,0.3428,0,3
piano_felt,68,G#4,0.4250,regular,felt,Felt,0.1250,2.1905,415.3050,832.1170,1.8195,3.6455,-7.6280,-23.2133,,0.0000,10.3423,10.3422,10.4289,0.0000,-6.5911,1.1017,0.3349,0,3
piano_felt,68,G#4,0.4500,regular,felt,Felt,0.1250,2.1354,415.3050,832.1170,1.7737,3.5537,-7.1930,-23.6466,,0.0000,11.2107,11.2107,11.3229,0.0000,-5.6596,1.1583,0.3186,0,3
piano_felt,68,G#4,0.4750,regular,felt,Felt,0.1250,2.0845,415.3050,832.1170,1.7314,3.4690,-6.8078,-24.3087,,0.0000,12.2582,12.2580,12.3994,0.0000,-4.8048,1.2108,0.2952,0,3
piano_felt,68,G#4,0.5000,regular,felt,Felt,0.1250,2.0373,415.3050,832.1170,1.6922,3.3906,-6.4643,-25.2160,,0.0000,13.5089,13.5089,13.6871,0.0000,-4.0157,1.2596,0.2660,0,3
piano_felt,68,G#4,0.5250,regular,felt,Felt,0.1250,1.9934,415.3050,832.1170,1.6558,3.3176,-6.1558,-26.4098,,0.0000,15.0114,15.0113,15.2390,0.0000,-3.2835,1.3052,0.2318,0,3
piano_felt,68,G#4,0.5500,regular,felt,Felt,0.1250,1.9525,415.3050,832.1170,1.6218,3.2494,-5.8771,-27.9706,,0.0000,16.8509,16.8511,17.1476,0.0000,-2.6006,1.3477,0.1937,0,3
piano_felt,68,G#4,0.5750,regular,felt,Felt,0.1250,1.9142,415.3050,832.1170,1.5899,3.1856,-5.6240,-30.0560,,0.0000,19.1895,19.1899,19.5969,0.0000,-1.9615,1.3876,0.1523,0,3
piano_felt,68,G#4,0.6000,regular,felt,Felt,0.1250,1.8782,415.3050,832.1170,1.5600,3.1257,-5.3930,-33.0085,,0.0000,22.3747,22.3740,22.9897,0.0000,-1.3609,1.4250,0.1084,0,3
piano_felt,68,G#4,0.6250,regular,felt,Felt,0.1250,1.8443,415.3050,832.1170,1.5319,3.0693,-5.1814,-37.7905,,0.0000,27.3688,27.3693,28.5244,0.0000,-0.7946,1.4601,0.0625,0,3
piano_felt,68,G#4,0.6500,regular,felt,Felt,0.1250,1.8123,415.3050,832.1170,1.5053,3.0160,-4.9866,-50.1460,,0.0000,39.9319,39.9316,46.6993,0.0000,-0.2591,1.4932,0.0150,0,3
piano_felt,68,G#4,0.6750,regular,felt,Felt,0.1250,1.7820,415.3050,832.1170,1.4801,2.9657,-4.8069,-43.2051,,0.0000,33.1459,33.1473,31.1965,0.0000,0.2484,1.5245,0.0336,0,3
piano_felt,68,G#4,0.7000,regular,felt,Felt,0.1250,1.7533,415.3050,832.1170,1.4563,2.9179,-4.6403,-35.3368,,0.0000,25.4494,25.4499,24.5811,0.0000,0.7308,1.5540,0.0830,0,3
piano_felt,68,G#4,0.7250,regular,felt,Felt,0.1250,1.7261,415.3050,832.1170,1.4337,2.8726,-4.4855,-31.2421,,0.0000,21.5112,21.5110,20.9444,0.0000,1.1904,1.5819,0.1329,0,3
piano_felt,68,G#4,0.7500,regular,felt,Felt,0.1250,1.7002,415.3050,832.1170,1.4122,2.8295,-4.3414,-28.4561,,0.0000,18.8693,18.8697,18.4441,0.0000,1.6291,1.6084,0.1832,0,3
piano_felt,68,G#4,0.7750,regular,felt,Felt,0.1250,1.6755,415.3050,832.1170,1.3917,2.7884,-4.2067,-26.3461,,0.0000,16.8945,16.8946,16.5528,0.0000,2.0485,1.6335,0.2336,0,3
piano_felt,68,G#4,0.8000,regular,felt,Felt,0.1250,1.6519,415.3050,832.1170,1.3721,2.7492,-4.0806,-24.6516,,0.0000,15.3265,15.3264,15.0390,0.0000,2.4504,1.6574,0.2839,0,3
piano_felt,68,G#4,0.8250,regular,felt,Felt,0.1250,1.6294,415.3050,832.1170,1.3534,2.7117,-3.9622,-23.2394,,0.0000,14.0326,14.0327,13.7834,0.0000,2.8360,1.6802,0.3340,0,3
piano_felt,68,G#4,0.8500,regular,felt,Felt,0.1250,1.6078,415.3050,832.1170,1.3355,2.6758,-3.8510,-22.0321,,0.0000,12.9366,12.9367,12.7164,0.0000,3.2066,1.7018,0.3838,0,3
piano_felt,68,G#4,0.8750,regular,felt,Felt,0.1250,1.5872,415.3050,832.1170,1.3183,2.6414,-3.7461,-20.9803,,0.0000,11.9897,11.9899,11.7919,0.0000,3.5632,1.7225,0.4332,0,3
piano_felt,68,G#4,0.9000,regular,felt,Felt,0.1250,1.5674,415.3050,832.1170,1.3019,2.6084,-3.6471,-20.0509,,0.0000,11.1595,11.1595,10.9798,0.0000,3.9069,1.7422,0.4821,0,3
piano_felt,68,G#4,0.9250,regular,felt,Felt,0.1250,1.5483,415.3050,832.1170,1.2860,2.5767,-3.5535,-19.2203,,0.0000,10.4226,10.4225,10.2577,0.0000,4.2385,1.7611,0.5305,0,3
piano_felt,68,G#4,0.9500,regular,felt,Felt,0.1250,1.5300,415.3050,832.1170,1.2708,2.5463,-3.4649,-18.4711,,0.0000,9.7621,9.7620,9.6096,0.0000,4.5587,1.7792,0.5782,0,3
piano_felt,68,G#4,0.9750,regular,felt,Felt,0.1250,1.5124,415.3050,832.1170,1.2562,2.5169,-3.3808,-17.7902,,0.0000,9.1652,9.1653,9.0231,0.0000,4.8684,1.7965,0.6254,0,3
piano_felt,68,G#4,1.0000,regular,felt,Felt,0.1250,1.4954,415.3050,832.1170,1.2421,2.4887,-3.3010,-17.1675,,0.0000,8.6224,8.6224,8.4895,0.0000,5.1682,1.8131,0.6719,0,3
piano_felt,68,G#4,0.2780,corpus,felt,Felt,0.1250,2.6472,415.3050,832.1170,2.1988,4.4056,-12.1056,-27.1980,3,-0.4307,9.8492,9.8491,9.7603,0.0000,-14.7555,0.6579,0.2117,0,3
piano_felt,68,G#4,0.3030,corpus,felt,Felt,0.1250,2.5475,415.3050,832.1170,2.1159,4.2396,-10.9696,-25.2258,3,-0.1449,9.0131,9.0131,8.9753,0.0000,-12.8715,0.7499,0.2657,0,3
piano_felt,68,G#4,0.3130,corpus,felt,Felt,0.1250,2.5108,415.3050,832.1170,2.0855,4.1786,-10.5779,-24.6754,3,-0.0786,8.8540,8.8543,8.8302,0.0000,-12.1978,0.7844,0.2831,0,3
piano_felt,68,G#4,0.3280,corpus,felt,Felt,0.1250,2.4589,415.3050,832.1170,2.0424,4.0922,-10.0445,-24.0351,3,-0.0193,8.7476,8.7475,8.7423,0.0000,-11.2577,0.8341,0.3047,0,3
piano_felt,68,G#4,0.3380,corpus,felt,Felt,0.1250,2.4262,415.3050,832.1170,2.0152,4.0378,-9.7202,-23.7112,3,-0.0025,8.7482,8.7479,8.7540,0.0000,-10.6726,0.8659,0.3163,0,3
piano_felt,68,G#4,0.3630,corpus,felt,Felt,0.1250,2.3502,415.3050,832.1170,1.9521,3.9112,-9.0007,-23.1901,,0.0000,8.9463,8.9463,8.9765,0.0000,-9.3334,0.9406,0.3358,0,3
piano_felt,68,G#4,0.4020,corpus,felt,Felt,0.1250,2.2456,415.3050,832.1170,1.8652,3.7372,-8.0816,-23.0187,,0.0000,9.6942,9.6940,9.7593,0.0000,-7.5278,1.0456,0.3425,0,3
piano_felt,68,G#4,0.4270,corpus,felt,Felt,0.1250,2.1859,415.3050,832.1170,1.8157,3.6379,-7.5911,-23.2396,,0.0000,10.4052,10.4054,10.4937,0.0000,-6.5134,1.1064,0.3339,0,3
piano_felt,68,G#4,0.4370,corpus,felt,Felt,0.1250,2.1635,415.3050,832.1170,1.7970,3.6005,-7.4124,-23.3930,,0.0000,10.7375,10.7376,10.8358,0.0000,-6.1336,1.1294,0.3281,0,3
piano_felt,68,G#4,0.4520,corpus,felt,Felt,0.1250,2.1311,415.3050,832.1170,1.7702,3.5467,-7.1604,-23.6911,,0.0000,11.2878,11.2877,11.4021,0.0000,-5.5885,1.1626,0.3170,0,3
piano_felt,68,G#4,0.4620,corpus,felt,Felt,0.1250,2.1104,415.3050,832.1170,1.7530,3.5123,-7.0024,-23.9353,,0.0000,11.6898,11.6899,11.8154,0.0000,-5.2404,1.1840,0.3082,0,3
piano_felt,68,G#4,0.4870,corpus,felt,Felt,0.1250,2.0614,415.3050,832.1170,1.7122,3.4306,-6.6382,-24.7118,,0.0000,12.8310,12.8307,12.9893,0.0000,-4.4184,1.2347,0.2818,0,3
piano_felt,69,A4,0.0500,regular,felt,Felt,0.1250,5.6144,440.0000,881.7920,4.9407,9.9015,-48.0174,-39.8434,5,-20.6291,-13.4072,-13.4072,-11.4780,-13.4072,-65.5638,0.0105,0.0493,0,3
piano_felt,69,A4,0.0750,regular,felt,Felt,0.1250,4.6813,440.0000,881.7920,4.1196,8.2559,-24.2206,-37.2637,5,-0.1541,7.8015,7.8019,7.6984,0.0000,-38.2513,0.1631,0.0664,0,3
piano_felt,69,A4,0.1000,regular,felt,Felt,0.1250,4.1149,440.0000,881.7920,3.6211,7.2570,-23.3033,-42.3797,3,-1.6386,13.8382,13.8365,14.4408,0.0000,-34.8354,0.1812,0.0368,0,3
piano_felt,69,A4,0.1250,regular,felt,Felt,0.1250,3.7232,440.0000,881.7920,3.2764,6.5662,-27.2872,-36.5037,3,-7.5204,3.9719,3.9728,3.3828,0.0000,-36.8819,0.1145,0.0725,0,3
piano_felt,69,A4,0.1500,regular,felt,Felt,0.1250,3.4310,440.0000,881.7920,3.0193,6.0509,-48.5538,-31.0601,3,-30.3668,-22.7558,-22.7489,-27.9760,-22.7558,-56.5830,0.0099,0.1357,0,3
piano_felt,69,A4,0.1750,regular,felt,Felt,0.1250,3.2019,440.0000,881.7920,2.8177,5.6469,-27.8078,-31.2064,3,-10.9813,-1.8416,-1.8421,-1.3297,-1.8416,-34.4764,0.1079,0.1334,0,3
piano_felt,69,A4,0.2000,regular,felt,Felt,0.1250,3.0159,440.0000,881.7920,2.6540,5.3188,-21.3538,-35.0935,3,-5.7278,8.4976,8.4988,9.0657,0.0000,-26.8639,0.2269,0.0853,0,3
piano_felt,69,A4,0.2250,regular,felt,Felt,0.1250,2.8608,440.0000,881.7920,2.5175,5.0452,-17.8030,-50.7399,3,-3.2557,27.7004,27.7029,31.1568,0.0000,-22.2901,0.3414,0.0141,0,3
piano_felt,69,A4,0.2500,regular,felt,Felt,0.1250,2.7288,440.0000,881.7920,2.4014,4.8125,-15.4184,-37.6549,3,-1.8544,16.9927,16.9921,16.4673,0.0000,-18.9903,0.4493,0.0635,0,3
piano_felt,69,A4,0.2750,regular,felt,Felt,0.1250,2.6147,440.0000,881.7920,2.3009,4.6112,-13.6665,-30.9644,3,-1.0088,12.0551,12.0544,11.8559,0.0000,-16.4105,0.5497,0.1372,0,3
piano_felt,69,A4,0.3000,regular,felt,Felt,0.1250,2.5147,440.0000,881.7920,2.2129,4.4348,-12.3095,-27.6281,3,-0.4950,10.0754,10.0753,9.9759,0.0000,-14.2979,0.6427,0.2015,0,3
piano_felt,69,A4,0.3250,regular,felt,Felt,0.1250,2.4260,440.0000,881.7920,2.1349,4.2785,-11.2202,-25.6229,3,-0.1965,9.1595,9.1595,9.1108,0.0000,-12.5134,0.7285,0.2538,0,3
piano_felt,69,A4,0.3500,regular,felt,Felt,0.1250,2.3468,440.0000,881.7920,2.0651,4.1387,-10.3228,-24.3599,3,-0.0456,8.7943,8.7940,8.7790,0.0000,-10.9721,0.8078,0.2935,0,3
piano_felt,69,A4,0.3750,regular,felt,Felt,0.1250,2.2753,440.0000,881.7920,2.0023,4.0127,-9.5686,-23.5821,3,-0.0001,8.7704,8.7704,8.7814,0.0000,-9.6189,0.8811,0.3210,0,3
piano_felt,69,A4,0.4000,regular,felt,Felt,0.1250,2.2104,440.0000,881.7920,1.9452,3.8982,-8.9245,-23.1549,,0.0000,8.9874,8.9873,9.0205,0.0000,-8.4141,0.9489,0.3372,0,3
piano_felt,69,A4,0.4250,regular,felt,Felt,0.1250,2.1511,440.0000,881.7920,1.8930,3.7937,-8.3673,-23.0013,,0.0000,9.3911,9.3909,9.4445,0.0000,-7.3304,1.0118,0.3432,0,3
piano_felt,69,A4,0.4500,regular,felt,Felt,0.1250,2.0967,440.0000,881.7920,1.8451,3.6978,-7.8800,-23.0759,,0.0000,9.9529,9.9529,10.0271,0.0000,-6.3466,1.0702,0.3403,0,3
piano_felt,69,A4,0.4750,regular,felt,Felt,0.1250,2.0465,440.0000,881.7920,1.8009,3.6092,-7.4498,-23.3536,,0.0000,10.6609,10.6609,10.7571,0.0000,-5.4468,1.1245,0.3296,0,3
piano_felt,69,A4,0.5000,regular,felt,Felt,0.1250,2.0000,440.0000,881.7920,1.7600,3.5272,-7.0669,-23.8242,,0.0000,11.5142,11.5144,11.6345,0.0000,-4.6183,1.1752,0.3122,0,3
piano_felt,69,A4,0.5250,regular,felt,Felt,0.1250,1.9567,440.0000,881.7920,1.7219,3.4509,-6.7237,-24.4906,,0.0000,12.5242,12.5240,12.6733,0.0000,-3.8513,1.2226,0.2891,0,3
piano_felt,69,A4,0.5500,regular,felt,Felt,0.1250,1.9163,440.0000,881.7920,1.6864,3.3796,-6.4143,-25.3702,,0.0000,13.7131,13.7131,13.8975,0.0000,-3.1379,1.2669,0.2613,0,3
piano_felt,69,A4,0.5750,regular,felt,Felt,0.1250,1.8785,440.0000,881.7920,1.6531,3.3130,-6.1337,-26.4993,,0.0000,15.1228,15.1230,15.3535,0.0000,-2.4712,1.3085,0.2294,0,3
piano_felt,69,A4,0.6000,regular,felt,Felt,0.1250,1.8430,440.0000,881.7920,1.6219,3.2504,-5.8780,-27.9450,,0.0000,16.8244,16.8245,17.1203,0.0000,-1.8458,1.3476,0.1942,0,3
piano_felt,69,A4,0.6250,regular,felt,Felt,0.1250,1.8096,440.0000,881.7920,1.5925,3.1914,-5.6440,-29.8309,,0.0000,18.9449,18.9448,19.3393,0.0000,-1.2572,1.3844,0.1563,0,3
piano_felt,69,A4,0.6500,regular,felt,Felt,0.1250,1.7781,440.0000,881.7920,1.5647,3.1358,-5.4289,-32.4081,,0.0000,21.7368,21.7375,22.3030,0.0000,-0.7015,1.4191,0.1162,0,3
piano_felt,69,A4,0.6750,regular,felt,Felt,0.1250,1.7483,440.0000,881.7920,1.5385,3.0832,-5.2306,-36.2952,,0.0000,25.8247,25.8242,26.7749,0.0000,-0.1753,1.4519,0.0743,0,3
piano_felt,69,A4,0.7000,regular,felt,Felt,0.1250,1.7200,440.0000,881.7920,1.5136,3.0333,-5.0470,-43.9009,,0.0000,33.6174,33.6178,36.2270,0.0000,0.3241,1.4829,0.0309,0,3
piano_felt,69,A4,0.7250,regular,felt,Felt,0.1250,1.6931,440.0000,881.7920,1.4900,2.9860,-4.8765,-51.1216,,0.0000,40.9859,40.9839,36.8143,0.0000,0.7993,1.5123,0.0135,0,3
piano_felt,69,A4,0.7500,regular,felt,Felt,0.1250,1.6676,440.0000,881.7920,1.4675,2.9410,-4.7179,-38.3391,,0.0000,28.3726,28.3735,27.1870,0.0000,1.2525,1.5402,0.0587,0,3
piano_felt,69,A4,0.7750,regular,felt,Felt,0.1250,1.6433,440.0000,881.7920,1.4461,2.8980,-4.5698,-33.3296,,0.0000,23.5137,23.5139,22.8104,0.0000,1.6854,1.5666,0.1045,0,3
piano_felt,69,A4,0.8000,regular,felt,Felt,0.1250,1.6200,440.0000,881.7920,1.4256,2.8571,-4.4312,-30.1513,,0.0000,20.4751,20.4749,19.9691,0.0000,2.0997,1.5918,0.1507,0,3
piano_felt,69,A4,0.8250,regular,felt,Felt,0.1250,1.5979,440.0000,881.7920,1.4061,2.8180,-4.3012,-27.8208,,0.0000,18.2746,18.2747,17.8765,0.0000,2.4970,1.6158,0.1971,0,3
piano_felt,69,A4,0.8500,regular,felt,Felt,0.1250,1.5766,440.0000,881.7920,1.3874,2.7805,-4.1791,-25.9831,,0.0000,16.5590,16.5594,16.2292,0.0000,2.8785,1.6387,0.2435,0,3
piano_felt,69,A4,0.8750,regular,felt,Felt,0.1250,1.5563,440.0000,881.7920,1.3695,2.7446,-4.0641,-24.4692,,0.0000,15.1608,15.1607,14.8783,0.0000,3.2453,1.6606,0.2899,0,3
piano_felt,69,A4,0.9000,regular,felt,Felt,0.1250,1.5367,440.0000,881.7920,1.3523,2.7102,-3.9555,-23.1849,,0.0000,13.9848,13.9850,13.7372,0.0000,3.5985,1.6814,0.3361,0,3
piano_felt,69,A4,0.9250,regular,felt,Felt,0.1250,1.5180,440.0000,881.7920,1.3358,2.6771,-3.8530,-22.0722,,0.0000,12.9749,12.9749,12.7541,0.0000,3.9390,1.7014,0.3820,0,3
piano_felt,69,A4,0.9500,regular,felt,Felt,0.1250,1.4999,440.0000,881.7920,1.3199,2.6453,-3.7559,-21.0928,,0.0000,12.0925,12.0926,11.8926,0.0000,4.2677,1.7205,0.4276,0,3
piano_felt,69,A4,0.9750,regular,felt,Felt,0.1250,1.4826,440.0000,881.7920,1.3047,2.6146,-3.6638,-20.2199,,0.0000,11.3120,11.3119,11.1290,0.0000,4.5854,1.7389,0.4728,0,3
piano_felt,69,A4,1.0000,regular,felt,Felt,0.1250,1.4658,440.0000,881.7920,1.2899,2.5851,-3.5764,-19.4344,,0.0000,10.6138,10.6138,10.4452,0.0000,4.8927,1.7565,0.5175,0,3
piano_felt,69,A4,0.2780,corpus,felt,Felt,0.1250,2.6020,440.0000,881.7920,2.2898,4.5888,-13.4860,-30.4554,3,-0.9326,11.7259,11.7259,11.5443,0.0000,-16.1360,0.5613,0.1455,0,3
piano_felt,69,A4,0.3030,corpus,felt,Felt,0.1250,2.5035,440.0000,881.7920,2.2031,4.4151,-12.1665,-27.3342,3,-0.4495,9.9248,9.9244,9.8326,0.0000,-14.0684,0.6533,0.2084,0,3
piano_felt,69,A4,0.3130,corpus,felt,Felt,0.1250,2.4673,440.0000,881.7920,2.1712,4.3513,-11.7153,-26.4688,3,-0.3180,9.5107,9.5103,9.4407,0.0000,-13.3352,0.6882,0.2302,0,3
piano_felt,69,A4,0.3280,corpus,felt,Felt,0.1250,2.4161,440.0000,881.7920,2.1261,4.2609,-11.1035,-25.4390,3,-0.1716,9.0923,9.0923,9.0481,0.0000,-12.3168,0.7384,0.2592,0,3
piano_felt,69,A4,0.3380,corpus,felt,Felt,0.1250,2.3838,440.0000,881.7920,2.0977,4.2039,-10.7332,-24.8939,3,-0.1027,8.9178,8.9176,8.8883,0.0000,-11.6856,0.7706,0.2760,0,3
piano_felt,69,A4,0.3630,corpus,felt,Felt,0.1250,2.3087,440.0000,881.7920,2.0317,4.0716,-9.9151,-23.9052,3,-0.0107,8.7471,8.7470,8.7460,0.0000,-10.2477,0.8467,0.3093,0,3
piano_felt,69,A4,0.4020,corpus,felt,Felt,0.1250,2.2055,440.0000,881.7920,1.9408,3.8895,-8.8770,-23.1333,,0.0000,9.0130,9.0132,9.0475,0.0000,-8.3234,0.9541,0.3380,0,3
piano_felt,69,A4,0.4270,corpus,felt,Felt,0.1250,2.1466,440.0000,881.7920,1.8890,3.7857,-8.3260,-22.9993,,0.0000,9.4303,9.4303,9.4856,0.0000,-7.2482,1.0166,0.3433,0,3
piano_felt,69,A4,0.4370,corpus,felt,Felt,0.1250,2.1245,440.0000,881.7920,1.8695,3.7467,-8.1256,-23.0106,,0.0000,9.6418,9.6420,9.7050,0.0000,-6.8467,1.0404,0.3428,0,3
piano_felt,69,A4,0.4520,corpus,felt,Felt,0.1250,2.0926,440.0000,881.7920,1.8415,3.6904,-7.8436,-23.0909,,0.0000,10.0042,10.0042,10.0803,0.0000,-6.2716,1.0747,0.3397,0,3
piano_felt,69,A4,0.4620,corpus,felt,Felt,0.1250,2.0721,440.0000,881.7920,1.8235,3.6544,-7.6670,-23.1848,,0.0000,10.2748,10.2748,10.3591,0.0000,-5.9051,1.0967,0.3360,0,3
piano_felt,69,A4,0.4870,corpus,felt,Felt,0.1250,2.0238,440.0000,881.7920,1.7809,3.5691,-7.2606,-23.5556,,0.0000,11.0520,11.0520,11.1590,0.0000,-5.0408,1.1493,0.3220,0,3
piano_felt,70,A#4,0.0500,regular,felt,Felt,0.1250,5.5384,466.1640,934.4580,5.1636,10.3508,-40.0836,-41.9089,5,-11.8975,-3.4175,-3.4170,-4.4651,-3.4175,-57.6413,0.0262,0.0389,0,3
piano_felt,70,A#4,0.0750,regular,felt,Felt,0.1250,4.6140,466.1640,934.4580,4.3017,8.6231,-25.8778,-42.3765,5,-1.0146,11.2571,11.2570,10.8548,0.0000,-39.9082,0.1348,0.0369,0,3
piano_felt,70,A#4,0.1000,regular,felt,Felt,0.1250,4.0533,466.1640,934.4580,3.7790,7.5752,-22.9987,-37.1198,3,-0.5343,8.8798,8.8803,9.0670,0.0000,-34.5303,0.1877,0.0675,0,3
piano_felt,70,A#4,0.1250,regular,felt,Felt,0.1250,3.6657,466.1640,934.4580,3.4177,6.8509,-24.8653,-45.9318,3,-4.2935,15.8227,15.8209,14.5884,0.0000,-34.4593,0.1514,0.0245,0,3
piano_felt,70,A#4,0.1500,regular,felt,Felt,0.1250,3.3767,466.1640,934.4580,3.1482,6.3108,-31.7364,-32.8620,3,-12.7376,-4.1189,-4.1188,-4.7824,-4.1189,-39.7479,0.0686,0.1103,0,3
piano_felt,70,A#4,0.1750,regular,felt,Felt,0.1250,3.1503,466.1640,934.4580,2.9371,5.8876,-37.7613,-30.6793,3,-20.1149,-12.3207,-12.3199,-11.1868,-12.3207,-44.4283,0.0343,0.1418,0,3
piano_felt,70,A#4,0.2000,regular,felt,Felt,0.1250,2.9664,466.1640,934.4580,2.7656,5.5439,-25.3320,-31.9160,3,-8.8771,1.3424,1.3432,1.8163,0.0000,-30.8418,0.1435,0.1230,0,3
piano_felt,70,A#4,0.2250,regular,felt,Felt,0.1250,2.8131,466.1640,934.4580,2.6228,5.2575,-20.4454,-36.6114,3,-5.0596,10.9244,10.9254,11.5781,0.0000,-24.9325,0.2519,0.0716,0,3
piano_felt,70,A#4,0.2500,regular,felt,Felt,0.1250,2.6828,466.1640,934.4580,2.5012,5.0138,-17.4400,-60.9081,3,-3.0268,37.9846,37.9965,64.7423,0.0000,-21.0117,0.3560,0.0045,1,3
piano_felt,70,A#4,0.2750,regular,felt,Felt,0.1250,2.5700,466.1640,934.4580,2.3961,4.8032,-15.3206,-37.2109,3,-1.8026,16.6467,16.6460,16.1516,0.0000,-18.0646,0.4544,0.0668,0,3
piano_felt,70,A#4,0.3000,regular,felt,Felt,0.1250,2.4713,466.1640,934.4580,2.3040,4.6186,-13.7172,-31.1390,3,-1.0306,12.1782,12.1783,11.9723,0.0000,-15.7056,0.5465,0.1345,0,3
piano_felt,70,A#4,0.3250,regular,felt,Felt,0.1250,2.3838,466.1640,934.4580,2.2224,4.4551,-12.4497,-27.9435,3,-0.5414,10.2504,10.2505,10.1423,0.0000,-13.7429,0.6324,0.1943,0,3
piano_felt,70,A#4,0.3500,regular,felt,Felt,0.1250,2.3055,466.1640,934.4580,2.1495,4.3088,-11.4167,-25.9581,3,-0.2417,9.2980,9.2983,9.2408,0.0000,-12.0661,0.7122,0.2442,0,3
piano_felt,70,A#4,0.3750,regular,felt,Felt,0.1250,2.2350,466.1640,934.4580,2.0837,4.1770,-10.5553,-24.6619,3,-0.0753,8.8635,8.8635,8.8399,0.0000,-10.6054,0.7865,0.2835,0,3
piano_felt,70,A#4,0.4000,regular,felt,Felt,0.1250,2.1709,466.1640,934.4580,2.0240,4.0573,-9.8242,-23.8205,3,-0.0062,8.7533,8.7532,8.7552,0.0000,-9.3138,0.8556,0.3123,0,3
piano_felt,70,A#4,0.4250,regular,felt,Felt,0.1250,2.1125,466.1640,934.4580,1.9695,3.9480,-9.1948,-23.3083,,0.0000,8.8704,8.8705,8.8938,0.0000,-8.1579,0.9199,0.3313,0,3
piano_felt,70,A#4,0.4500,regular,felt,Felt,0.1250,2.0588,466.1640,934.4580,1.9195,3.8477,-8.6464,-23.0516,,0.0000,9.1623,9.1621,9.2051,0.0000,-7.1130,0.9798,0.3412,0,3
piano_felt,70,A#4,0.4750,regular,felt,Felt,0.1250,2.0093,466.1640,934.4580,1.8733,3.7551,-8.1639,-23.0051,,0.0000,9.5984,9.5982,9.6600,0.0000,-6.1609,1.0358,0.3430,0,3
piano_felt,70,A#4,0.5000,regular,felt,Felt,0.1250,1.9634,466.1640,934.4580,1.8305,3.6694,-7.7357,-23.1415,,0.0000,10.1629,10.1629,10.2437,0.0000,-5.2871,1.0881,0.3377,0,3
piano_felt,70,A#4,0.5250,regular,felt,Felt,0.1250,1.9207,466.1640,934.4580,1.7907,3.5896,-7.3528,-23.4458,,0.0000,10.8499,10.8500,10.9509,0.0000,-4.4805,1.1372,0.3261,0,3
piano_felt,70,A#4,0.5500,regular,felt,Felt,0.1250,1.8809,466.1640,934.4580,1.7536,3.5152,-7.0083,-23.9128,,0.0000,11.6617,11.6617,11.7856,0.0000,-3.7319,1.1832,0.3090,0,3
piano_felt,70,A#4,0.5750,regular,felt,Felt,0.1250,1.8436,466.1640,934.4580,1.7188,3.4455,-6.6964,-24.5470,,0.0000,12.6079,12.6078,12.7590,0.0000,-3.0339,1.2264,0.2872,0,3
piano_felt,70,A#4,0.6000,regular,felt,Felt,0.1250,1.8086,466.1640,934.4580,1.6862,3.3801,-6.4127,-25.3635,,0.0000,13.7077,13.7080,13.8920,0.0000,-2.3805,1.2671,0.2615,0,3
piano_felt,70,A#4,0.6250,regular,felt,Felt,0.1250,1.7756,466.1640,934.4580,1.6555,3.3185,-6.1534,-26.3910,,0.0000,14.9948,14.9951,15.2208,0.0000,-1.7667,1.3055,0.2323,0,3
piano_felt,70,A#4,0.6500,regular,felt,Felt,0.1250,1.7446,466.1640,934.4580,1.6265,3.2604,-5.9154,-27.6804,,0.0000,16.5228,16.5226,16.8058,0.0000,-1.1879,1.3418,0.2002,0,3
piano_felt,70,A#4,0.6750,regular,felt,Felt,0.1250,1.7152,466.1640,934.4580,1.5991,3.2055,-5.6961,-29.3201,,0.0000,18.3814,18.3818,18.7472,0.0000,-0.6408,1.3761,0.1658,0,3
piano_felt,70,A#4,0.7000,regular,felt,Felt,0.1250,1.6873,466.1640,934.4580,1.5731,3.1534,-5.4934,-31.4759,,0.0000,20.7405,20.7408,21.2381,0.0000,-0.1222,1.4086,0.1293,0,3
piano_felt,70,A#4,0.7250,regular,felt,Felt,0.1250,1.6608,466.1640,934.4580,1.5484,3.1040,-5.3054,-34.5043,,0.0000,23.9582,23.9579,24.7087,0.0000,0.3706,1.4394,0.0913,0,3
piano_felt,70,A#4,0.7500,regular,felt,Felt,0.1250,1.6357,466.1640,934.4580,1.5250,3.0569,-5.1305,-39.4122,,0.0000,29.0421,29.0427,30.4705,0.0000,0.8399,1.4687,0.0519,0,3
piano_felt,70,A#4,0.7750,regular,felt,Felt,0.1250,1.6117,466.1640,934.4580,1.5026,3.0121,-4.9674,-52.5578,,0.0000,42.3714,42.3678,53.3222,0.0000,1.2879,1.4966,0.0114,0,3
piano_felt,70,A#4,0.8000,regular,felt,Felt,0.1250,1.5888,466.1640,934.4580,1.4813,2.9693,-4.8149,-44.2113,,0.0000,34.1466,34.1447,31.9910,0.0000,1.7160,1.5230,0.0299,0,3
piano_felt,70,A#4,0.8250,regular,felt,Felt,0.1250,1.5669,466.1640,934.4580,1.4609,2.9285,-4.6720,-36.5955,,0.0000,26.6759,26.6765,25.6858,0.0000,2.1263,1.5483,0.0718,0,3
piano_felt,70,A#4,0.8500,regular,felt,Felt,0.1250,1.5460,466.1640,934.4580,1.4414,2.8894,-4.5377,-32.5674,,0.0000,22.7842,22.7839,22.1342,0.0000,2.5199,1.5724,0.1141,0,3
piano_felt,70,A#4,0.8750,regular,felt,Felt,0.1250,1.5260,466.1640,934.4580,1.4227,2.8519,-4.4114,-29.8100,,0.0000,20.1536,20.1535,19.6648,0.0000,2.8979,1.5955,0.1568,0,3
piano_felt,70,A#4,0.9000,regular,felt,Felt,0.1250,1.5067,466.1640,934.4580,1.4048,2.8159,-4.2923,-27.7134,,0.0000,18.1763,18.1763,17.7827,0.0000,3.2617,1.6175,0.1995,0,3
piano_felt,70,A#4,0.9250,regular,felt,Felt,0.1250,1.4882,466.1640,934.4580,1.3875,2.7814,-4.1798,-26.0241,,0.0000,16.5998,16.5997,16.2687,0.0000,3.6122,1.6386,0.2424,0,3
piano_felt,70,A#4,0.9500,regular,felt,Felt,0.1250,1.4705,466.1640,934.4580,1.3710,2.7482,-4.0733,-24.6120,,0.0000,15.2944,15.2942,15.0073,0.0000,3.9503,1.6588,0.2852,0,3
piano_felt,70,A#4,0.9750,regular,felt,Felt,0.1250,1.4534,466.1640,934.4580,1.3550,2.7162,-3.9724,-23.4013,,0.0000,14.1845,14.1845,13.9311,0.0000,4.2768,1.6782,0.3278,0,3
piano_felt,70,A#4,1.0000,regular,felt,Felt,0.1250,1.4369,466.1640,934.4580,1.3397,2.6854,-3.8767,-22.3436,,0.0000,13.2226,13.2226,12.9951,0.0000,4.5925,1.6968,0.3702,0,3
piano_felt,70,A#4,0.2780,corpus,felt,Felt,0.1250,2.5575,466.1640,934.4580,2.3844,4.7798,-15.1056,-36.1811,3,-1.6904,15.8314,15.8314,15.3997,0.0000,-17.7553,0.4658,0.0753,0,3
piano_felt,70,A#4,0.3030,corpus,felt,Felt,0.1250,2.4602,466.1640,934.4580,2.2937,4.5979,-13.5499,-30.6586,3,-0.9593,11.8650,11.8652,11.6757,0.0000,-15.4519,0.5571,0.1421,0,3
piano_felt,70,A#4,0.3130,corpus,felt,Felt,0.1250,2.4245,466.1640,934.4580,2.2604,4.5312,-13.0238,-29.2721,3,-0.7480,11.0051,11.0049,10.8598,0.0000,-14.6437,0.5919,0.1667,0,3
piano_felt,70,A#4,0.3280,corpus,felt,Felt,0.1250,2.3739,466.1640,934.4580,2.2133,4.4367,-12.3149,-27.6562,3,-0.4968,10.0978,10.0981,9.9973,0.0000,-13.5282,0.6423,0.2008,0,3
piano_felt,70,A#4,0.3380,corpus,felt,Felt,0.1250,2.3420,466.1640,934.4580,2.1835,4.3770,-11.8879,-26.8034,3,-0.3661,9.6723,9.6724,9.5938,0.0000,-12.8404,0.6746,0.2215,0,3
piano_felt,70,A#4,0.3630,corpus,felt,Felt,0.1250,2.2680,466.1640,934.4580,2.1145,4.2386,-10.9503,-25.2165,3,-0.1412,9.0229,9.0231,8.9846,0.0000,-11.2829,0.7515,0.2660,0,3
piano_felt,70,A#4,0.4020,corpus,felt,Felt,0.1250,2.1661,466.1640,934.4580,2.0195,4.0482,-9.7704,-23.7686,3,-0.0041,8.7552,8.7551,8.7590,0.0000,-9.2167,0.8609,0.3142,0,3
piano_felt,70,A#4,0.4270,corpus,felt,Felt,0.1250,2.1080,466.1640,934.4580,1.9654,3.9397,-9.1482,-23.2791,,0.0000,8.8878,8.8879,8.9127,0.0000,-8.0704,0.9248,0.3324,0,3
piano_felt,70,A#4,0.4370,corpus,felt,Felt,0.1250,2.0861,466.1640,934.4580,1.9450,3.8988,-8.9225,-23.1565,,0.0000,8.9909,8.9909,9.0239,0.0000,-7.6438,0.9491,0.3371,0,3
piano_felt,70,A#4,0.4520,corpus,felt,Felt,0.1250,2.0547,466.1640,934.4580,1.9156,3.8400,-8.6056,-23.0406,,0.0000,9.1921,9.1920,9.2363,0.0000,-7.0337,0.9844,0.3416,0,3
piano_felt,70,A#4,0.4620,corpus,felt,Felt,0.1250,2.0345,466.1640,934.4580,1.8968,3.8024,-8.4074,-23.0050,,0.0000,9.3546,9.3547,9.4065,0.0000,-6.6454,1.0071,0.3430,0,3
piano_felt,70,A#4,0.4870,corpus,felt,Felt,0.1250,1.9868,466.1640,934.4580,1.8524,3.7132,-7.9522,-23.0489,,0.0000,9.8535,9.8538,9.9243,0.0000,-5.7324,1.0613,0.3413,0,3
piano_felt,71,B4,0.0500,regular,felt,Felt,0.1250,5.4632,493.8830,990.3000,5.3964,10.8204,-33.6650,-52.4022,5,-4.6845,13.4893,13.4935,11.8482,0.0000,-51.2197,0.0550,0.0116,0,3
piano_felt,71,B4,0.0750,regular,felt,Felt,0.1250,4.5475,493.8830,990.3000,4.4918,9.0067,-28.5558,-77.5950,5,-2.9004,34.5693,34.5285,34.8871,0.0000,-42.5861,0.0990,0.0019,1,3
piano_felt,71,B4,0.1000,regular,felt,Felt,0.1250,3.9924,493.8830,990.3000,3.9436,7.9074,-23.2926,-35.8735,3,-0.0341,7.3404,7.3400,7.3762,0.0000,-34.8244,0.1815,0.0779,0,3
piano_felt,71,B4,0.1250,regular,felt,Felt,0.1250,3.6090,493.8830,990.3000,3.5649,7.1480,-23.5797,-46.7444,3,-2.2098,17.9263,17.9264,19.0938,0.0000,-33.1733,0.1756,0.0223,0,3
piano_felt,71,B4,0.1500,regular,felt,Felt,0.1250,3.3232,493.8830,990.3000,3.2826,6.5820,-27.1443,-36.8194,3,-7.3416,4.4323,4.4314,3.8313,0.0000,-35.1539,0.1165,0.0699,0,3
piano_felt,71,B4,0.1750,regular,felt,Felt,0.1250,3.0994,493.8830,990.3000,3.0614,6.1386,-38.7795,-31.4965,3,-20.3225,-12.5285,-12.5291,-13.9158,-12.5285,-45.4532,0.0305,0.1290,0,3
piano_felt,71,B4,0.2000,regular,felt,Felt,0.1250,2.9176,493.8830,990.3000,2.8819,5.7787,-31.9589,-30.7449,3,-14.6857,-6.4548,-6.4541,-5.7841,-6.4548,-37.4683,0.0669,0.1407,0,3
piano_felt,71,B4,0.2250,regular,felt,Felt,0.1250,2.7662,493.8830,990.3000,2.7324,5.4788,-23.9970,-32.5628,3,-7.7845,3.3253,3.3248,3.8010,0.0000,-28.4838,0.1673,0.1141,0,3
piano_felt,71,B4,0.2500,regular,felt,Felt,0.1250,2.6374,493.8830,990.3000,2.6052,5.2237,-19.9626,-37.6582,3,-4.7136,12.4554,12.4552,13.1832,0.0000,-23.5344,0.2663,0.0635,0,3
piano_felt,71,B4,0.2750,regular,felt,Felt,0.1250,2.5261,493.8830,990.3000,2.4952,5.0032,-17.3090,-73.5142,3,-2.9455,40.5562,40.5570,40.2624,0.0000,-20.0531,0.3614,0.0034,1,3
piano_felt,71,B4,0.3000,regular,felt,Felt,0.1250,2.4286,493.8830,990.3000,2.3989,4.8101,-15.3722,-37.5376,3,-1.8298,16.9208,16.9210,16.4033,0.0000,-17.3604,0.4517,0.0644,0,3
piano_felt,71,B4,0.3250,regular,felt,Felt,0.1250,2.3422,493.8830,990.3000,2.3136,4.6390,-13.8740,-31.6414,3,-1.0991,12.5238,12.5239,12.3015,0.0000,-15.1672,0.5367,0.1269,0,3
piano_felt,71,B4,0.3500,regular,felt,Felt,0.1250,2.2650,493.8830,990.3000,2.2373,4.4860,-12.6706,-28.4553,3,-0.6178,10.5416,10.5415,10.4186,0.0000,-13.3200,0.6165,0.1832,0,3
piano_felt,71,B4,0.3750,regular,felt,Felt,0.1250,2.1954,493.8830,990.3000,2.1685,4.3481,-11.6776,-26.4293,3,-0.3079,9.5084,9.5085,9.4393,0.0000,-11.7278,0.6912,0.2313,0,3
piano_felt,71,B4,0.4000,regular,felt,Felt,0.1250,2.1322,493.8830,990.3000,2.1061,4.2230,-10.8413,-25.0677,3,-0.1212,8.9832,8.9833,8.9487,0.0000,-10.3310,0.7610,0.2705,0,3
piano_felt,71,B4,0.4250,regular,felt,Felt,0.1250,2.0745,493.8830,990.3000,2.0491,4.1087,-10.1257,-24.1452,3,-0.0259,8.7765,8.7764,8.7674,0.0000,-9.0887,0.8264,0.3009,0,3
piano_felt,71,B4,0.4500,regular,felt,Felt,0.1250,2.0215,493.8830,990.3000,1.9968,4.0038,-9.5053,-23.5397,,0.0000,8.7916,8.7914,8.8041,0.0000,-7.9719,0.8876,0.3226,0,3
piano_felt,71,B4,0.4750,regular,felt,Felt,0.1250,1.9727,493.8830,990.3000,1.9485,3.9071,-8.9616,-23.1784,,0.0000,8.9740,8.9738,9.0052,0.0000,-6.9586,0.9449,0.3363,0,3
piano_felt,71,B4,0.5000,regular,felt,Felt,0.1250,1.9274,493.8830,990.3000,1.9038,3.8174,-8.4807,-23.0156,,0.0000,9.2919,9.2919,9.3405,0.0000,-6.0322,0.9987,0.3426,0,3
piano_felt,71,B4,0.5250,regular,felt,Felt,0.1250,1.8853,493.8830,990.3000,1.8623,3.7341,-8.0519,-23.0218,,0.0000,9.7272,9.7269,9.7933,0.0000,-5.1795,1.0492,0.3424,0,3
piano_felt,71,B4,0.5500,regular,felt,Felt,0.1250,1.8461,493.8830,990.3000,1.8235,3.6563,-7.6670,-23.1789,,0.0000,10.2692,10.2690,10.3529,0.0000,-4.3906,1.0968,0.3362,0,3
piano_felt,71,B4,0.5750,regular,felt,Felt,0.1250,1.8093,493.8830,990.3000,1.7872,3.5835,-7.3193,-23.4770,,0.0000,10.9149,10.9148,11.0179,0.0000,-3.6567,1.1416,0.3249,0,3
piano_felt,71,B4,0.6000,regular,felt,Felt,0.1250,1.7748,493.8830,990.3000,1.7531,3.5152,-7.0036,-23.9131,,0.0000,11.6666,11.6667,11.7911,0.0000,-2.9715,1.1838,0.3090,0,3
piano_felt,71,B4,0.6250,regular,felt,Felt,0.1250,1.7423,493.8830,990.3000,1.7210,3.4508,-6.7155,-24.4910,,0.0000,12.5327,12.5327,12.6814,0.0000,-2.3288,1.2237,0.2891,0,3
piano_felt,71,B4,0.6500,regular,felt,Felt,0.1250,1.7117,493.8830,990.3000,1.6907,3.3901,-6.4515,-25.2221,,0.0000,13.5279,13.5279,13.7068,0.0000,-1.7241,1.2615,0.2658,0,3
piano_felt,71,B4,0.6750,regular,felt,Felt,0.1250,1.6827,493.8830,990.3000,1.6621,3.3327,-6.2086,-26.1275,,0.0000,14.6762,14.6763,14.8918,0.0000,-1.1534,1.2973,0.2394,0,3
piano_felt,71,B4,0.7000,regular,felt,Felt,0.1250,1.6552,493.8830,990.3000,1.6350,3.2783,-5.9843,-27.2426,,0.0000,16.0156,16.0159,16.2785,0.0000,-0.6132,1.3312,0.2106,0,3
piano_felt,71,B4,0.7250,regular,felt,Felt,0.1250,1.6291,493.8830,990.3000,1.6092,3.2267,-5.7765,-28.6265,,0.0000,17.6075,17.6077,17.9365,0.0000,-0.1006,1.3634,0.1796,0,3
piano_felt,71,B4,0.7500,regular,felt,Felt,0.1250,1.6043,493.8830,990.3000,1.5847,3.1776,-5.5834,-30.3809,,0.0000,19.5559,19.5556,19.9833,0.0000,0.3869,1.3941,0.1467,0,3
piano_felt,71,B4,0.7750,regular,felt,Felt,0.1250,1.5807,493.8830,990.3000,1.5614,3.1308,-5.4035,-32.6995,,0.0000,22.0542,22.0546,22.6440,0.0000,0.8517,1.4233,0.1124,0,3
piano_felt,71,B4,0.8000,regular,felt,Felt,0.1250,1.5582,493.8830,990.3000,1.5391,3.0861,-5.2354,-36.0147,,0.0000,25.5401,25.5388,26.4560,0.0000,1.2956,1.4511,0.0767,0,3
piano_felt,71,B4,0.8250,regular,felt,Felt,0.1250,1.5366,493.8830,990.3000,1.5178,3.0435,-5.0780,-41.6664,,0.0000,31.3499,31.3508,33.2768,0.0000,1.7202,1.4776,0.0400,0,3
piano_felt,71,B4,0.8500,regular,felt,Felt,0.1250,1.5160,493.8830,990.3000,1.4975,3.0026,-4.9303,-65.7928,,0.0000,47.5245,47.5354,48.3162,0.0000,2.1272,1.5029,0.0063,0,3
piano_felt,71,B4,0.8750,regular,felt,Felt,0.1250,1.4963,493.8830,990.3000,1.4780,2.9635,-4.7914,-42.6572,,0.0000,32.6171,32.6155,30.7719,0.0000,2.5179,1.5272,0.0357,0,3
piano_felt,71,B4,0.9000,regular,felt,Felt,0.1250,1.4773,493.8830,990.3000,1.4592,2.9260,-4.6604,-36.2797,,0.0000,26.3714,26.3724,25.4146,0.0000,2.8936,1.5504,0.0744,0,3
piano_felt,71,B4,0.9250,regular,felt,Felt,0.1250,1.4591,493.8830,990.3000,1.4413,2.8899,-4.5368,-32.6136,,0.0000,22.8309,22.8310,22.1774,0.0000,3.2551,1.5726,0.1135,0,3
piano_felt,71,B4,0.9500,regular,felt,Felt,0.1250,1.4416,493.8830,990.3000,1.4240,2.8552,-4.4200,-30.0291,,0.0000,20.3639,20.3640,19.8639,0.0000,3.6036,1.5939,0.1528,0,3
piano_felt,71,B4,0.9750,regular,felt,Felt,0.1250,1.4248,493.8830,990.3000,1.4073,2.8219,-4.3093,-28.0332,,0.0000,18.4794,18.4791,18.0723,0.0000,3.9399,1.6143,0.1923,0,3
piano_felt,71,B4,1.0000,regular,felt,Felt,0.1250,1.4085,493.8830,990.3000,1.3913,2.7897,-4.2043,-26.4091,,0.0000,16.9600,16.9602,16.6153,0.0000,4.2649,1.6340,0.2319,0,3
piano_felt,71,B4,0.2780,corpus,felt,Felt,0.1250,2.5137,493.8830,990.3000,2.4830,4.9787,-17.0462,-57.0493,3,-2.7844,34.7473,34.7427,30.3909,0.0000,-19.6961,0.3725,0.0068,0,3
piano_felt,71,B4,0.3030,corpus,felt,Felt,0.1250,2.4177,493.8830,990.3000,2.3881,4.7885,-15.1729,-36.5511,3,-1.7253,16.1341,16.1340,15.6811,0.0000,-17.0747,0.4622,0.0721,0,3
piano_felt,71,B4,0.3130,corpus,felt,Felt,0.1250,2.3824,493.8830,990.3000,2.3533,4.7186,-14.5494,-33.9303,3,-1.4123,14.1372,14.1371,13.8199,0.0000,-16.1692,0.4966,0.0975,0,3
piano_felt,71,B4,0.3280,corpus,felt,Felt,0.1250,2.3325,493.8830,990.3000,2.3040,4.6197,-13.7161,-31.1667,3,-1.0301,12.2071,12.2071,12.0017,0.0000,-14.9294,0.5466,0.1341,0,3
piano_felt,71,B4,0.3380,corpus,felt,Felt,0.1250,2.3010,493.8830,990.3000,2.2729,4.5574,-13.2177,-29.7886,3,-0.8235,11.3278,11.3275,11.1667,0.0000,-14.1703,0.5788,0.1571,0,3
piano_felt,71,B4,0.3630,corpus,felt,Felt,0.1250,2.2279,493.8830,990.3000,2.2007,4.4126,-12.1319,-27.2981,3,-0.4388,9.9231,9.9230,9.8314,0.0000,-12.4646,0.6559,0.2093,0,3
piano_felt,71,B4,0.4020,corpus,felt,Felt,0.1250,2.1274,493.8830,990.3000,2.1013,4.2135,-10.7800,-24.9798,3,-0.1105,8.9567,8.9567,8.9244,0.0000,-10.2263,0.7664,0.2733,0,3
piano_felt,71,B4,0.4270,corpus,felt,Felt,0.1250,2.0701,493.8830,990.3000,2.0448,4.1000,-10.0729,-24.0863,3,-0.0215,8.7706,8.7704,8.7634,0.0000,-8.9951,0.8314,0.3029,0,3
piano_felt,71,B4,0.4370,corpus,felt,Felt,0.1250,2.0485,493.8830,990.3000,2.0235,4.0573,-9.8173,-23.8203,3,-0.0059,8.7598,8.7599,8.7622,0.0000,-8.5386,0.8562,0.3123,0,3
piano_felt,71,B4,0.4520,corpus,felt,Felt,0.1250,2.0175,493.8830,990.3000,1.9928,3.9958,-9.4592,-23.5026,,0.0000,8.8004,8.8003,8.8144,0.0000,-7.8873,0.8923,0.3240,0,3
piano_felt,71,B4,0.4620,corpus,felt,Felt,0.1250,1.9976,493.8830,990.3000,1.9732,3.9564,-9.2357,-23.3391,,0.0000,8.8603,8.8604,8.8822,0.0000,-7.4737,0.9155,0.3301,0,3
piano_felt,71,B4,0.4870,corpus,felt,Felt,0.1250,1.9505,493.8830,990.3000,1.9267,3.8632,-8.7237,-23.0776,,0.0000,9.1111,9.1110,9.1506,0.0000,-6.5039,0.9711,0.3402,0,3
piano_felt,72,C5,0.0500,regular,felt,Felt,0.1250,5.3888,523.2510,1049.5140,5.6394,11.3113,-31.2468,-48.6361,5,-1.4750,12.1532,12.1534,12.8901,0.0000,-48.8007,0.0726,0.0179,0,3
piano_felt,72,C5,0.0750,regular,felt,Felt,0.1250,4.4818,523.2510,1049.5140,4.6902,9.4074,-33.0452,-43.3184,5,-6.6016,5.0342,5.0360,5.8908,0.0000,-47.0758,0.0590,0.0331,0,3
piano_felt,72,C5,0.1000,regular,felt,Felt,0.1250,3.9324,523.2510,1049.5140,4.1153,8.2543,-24.1906,-37.2509,5,-0.1432,7.8187,7.8192,7.7169,0.0000,-35.7222,0.1636,0.0665,0,3
piano_felt,72,C5,0.1250,regular,felt,Felt,0.1250,3.5531,523.2510,1049.5140,3.7184,7.4581,-23.0412,-38.3686,3,-0.8793,10.0869,10.0870,10.3626,0.0000,-32.6347,0.1868,0.0585,0,3
piano_felt,72,C5,0.1500,regular,felt,Felt,0.1250,3.2705,523.2510,1049.5140,3.4226,6.8650,-24.8054,-46.8128,3,-4.2061,16.7590,16.7613,15.4238,0.0000,-32.8156,0.1525,0.0221,0,3
piano_felt,72,C5,0.1750,regular,felt,Felt,0.1250,3.0492,523.2510,1049.5140,3.1910,6.4004,-29.8461,-33.8785,3,-10.5868,-1.2105,-1.2114,-1.8015,-1.2105,-36.5172,0.0853,0.0981,0,3
piano_felt,72,C5,0.2000,regular,felt,Felt,0.1250,2.8697,523.2510,1049.5140,3.0031,6.0235,-64.3384,-30.9571,3,-46.2565,-31.7740,-31.7935,-33.5348,-31.7740,-62.9993,0.0035,0.1373,0,3
piano_felt,72,C5,0.2250,regular,felt,Felt,0.1250,2.7201,523.2510,1049.5140,2.8465,5.7095,-29.4710,-30.9309,3,-12.4424,-3.7814,-3.7804,-3.2222,-3.7814,-33.9578,0.0891,0.1377,0,3
piano_felt,72,C5,0.2500,regular,felt,Felt,0.1250,2.5929,523.2510,1049.5140,2.7134,5.4425,-23.3014,-33.0041,3,-7.2285,4.4610,4.4620,4.9454,0.0000,-26.8732,0.1813,0.1085,0,3
piano_felt,72,C5,0.2750,regular,felt,Felt,0.1250,2.4829,523.2510,1049.5140,2.5984,5.2117,-19.7813,-38.0758,3,-4.5855,13.0545,13.0543,13.8133,0.0000,-22.5252,0.2719,0.0605,0,3
piano_felt,72,C5,0.3000,regular,felt,Felt,0.1250,2.3866,523.2510,1049.5140,2.4976,5.0096,-17.3616,-64.0391,3,-2.9781,38.9372,38.9559,47.5701,0.0000,-19.3499,0.3592,0.0041,0,3
piano_felt,72,C5,0.3250,regular,felt,Felt,0.1250,2.3014,523.2510,1049.5140,2.4084,4.8306,-15.5506,-38.5842,3,-1.9252,17.7903,17.7889,17.1999,0.0000,-16.8439,0.4425,0.0571,0,3
piano_felt,72,C5,0.3500,regular,felt,Felt,0.1250,2.2251,523.2510,1049.5140,2.3286,4.6706,-14.1258,-32.4825,3,-1.2125,13.1129,13.1131,12.8573,0.0000,-14.7752,0.5214,0.1152,0,3
piano_felt,72,C5,0.3750,regular,felt,Felt,0.1250,2.1564,523.2510,1049.5140,2.2567,4.5264,-12.9666,-29.1820,3,-0.7262,10.9721,10.9721,10.8290,0.0000,-13.0168,0.5958,0.1685,0,3
piano_felt,72,C5,0.4000,regular,felt,Felt,0.1250,2.0941,523.2510,1049.5140,2.1915,4.3956,-12.0005,-27.0563,3,-0.3990,9.8129,9.8127,9.7280,0.0000,-11.4902,0.6659,0.2152,0,3
piano_felt,72,C5,0.4250,regular,felt,Felt,0.1250,2.0372,523.2510,1049.5140,2.1319,4.2761,-11.1803,-25.5973,3,-0.1878,9.1741,9.1739,9.1261,0.0000,-10.1433,0.7319,0.2545,0,3
piano_felt,72,C5,0.4500,regular,felt,Felt,0.1250,1.9849,523.2510,1049.5140,2.0772,4.1664,-10.4736,-24.5755,3,-0.0641,8.8592,8.8590,8.8377,0.0000,-8.9401,0.7939,0.2863,0,3
piano_felt,72,C5,0.4750,regular,felt,Felt,0.1250,1.9367,523.2510,1049.5140,2.0268,4.0653,-9.8572,-23.8673,3,-0.0077,8.7670,8.7671,8.7673,0.0000,-7.8543,0.8523,0.3106,0,3
piano_felt,72,C5,0.5000,regular,felt,Felt,0.1250,1.8921,523.2510,1049.5140,1.9801,3.9716,-9.3143,-23.3984,,0.0000,8.8412,8.8412,8.8596,0.0000,-6.8657,0.9073,0.3279,0,3
piano_felt,72,C5,0.5250,regular,felt,Felt,0.1250,1.8506,523.2510,1049.5140,1.9367,3.8845,-8.8319,-23.1215,,0.0000,9.0466,9.0467,9.0824,0.0000,-5.9595,0.9591,0.3385,0,3
piano_felt,72,C5,0.5500,regular,felt,Felt,0.1250,1.8119,523.2510,1049.5140,1.8962,3.8032,-8.4001,-23.0055,,0.0000,9.3624,9.3625,9.4137,0.0000,-5.1237,1.0080,0.3430,0,3
piano_felt,72,C5,0.5750,regular,felt,Felt,0.1250,1.7757,523.2510,1049.5140,1.8582,3.7271,-8.0111,-23.0296,,0.0000,9.7755,9.7756,9.8428,0.0000,-4.3486,1.0541,0.3421,0,3
piano_felt,72,C5,0.6000,regular,felt,Felt,0.1250,1.7416,523.2510,1049.5140,1.8226,3.6557,-7.6586,-23.1807,,0.0000,10.2791,10.2792,10.3627,0.0000,-3.6264,1.0978,0.3362,0,3
piano_felt,72,C5,0.6250,regular,felt,Felt,0.1250,1.7096,523.2510,1049.5140,1.7891,3.5885,-7.3376,-23.4513,,0.0000,10.8708,10.8708,10.9724,0.0000,-2.9509,1.1391,0.3259,0,3
piano_felt,72,C5,0.6500,regular,felt,Felt,0.1250,1.6794,523.2510,1049.5140,1.7575,3.5251,-7.0440,-23.8390,,0.0000,11.5524,11.5523,11.6732,0.0000,-2.3165,1.1783,0.3116,0,3
piano_felt,72,C5,0.6750,regular,felt,Felt,0.1250,1.6508,523.2510,1049.5140,1.7276,3.4652,-6.7742,-24.3463,,0.0000,12.3292,12.3294,12.4721,0.0000,-1.7190,1.2155,0.2940,0,3
piano_felt,72,C5,0.7000,regular,felt,Felt,0.1250,1.6238,523.2510,1049.5140,1.6993,3.4083,-6.5254,-24.9809,,0.0000,13.2132,13.2129,13.3820,0.0000,-1.1543,1.2508,0.2732,0,3
piano_felt,72,C5,0.7250,regular,felt,Felt,0.1250,1.5981,523.2510,1049.5140,1.6724,3.3544,-6.2952,-25.7570,,0.0000,14.2190,14.2193,14.4193,0.0000,-0.6193,1.2844,0.2499,0,3
piano_felt,72,C5,0.7500,regular,felt,Felt,0.1250,1.5736,523.2510,1049.5140,1.6468,3.3031,-6.0816,-26.6980,,0.0000,15.3741,15.3740,15.6130,0.0000,-0.1112,1.3164,0.2242,0,3
piano_felt,72,C5,0.7750,regular,felt,Felt,0.1250,1.5504,523.2510,1049.5140,1.6225,3.2543,-5.8827,-27.8409,,0.0000,16.7162,16.7159,17.0072,0.0000,0.3725,1.3469,0.1966,0,3
piano_felt,72,C5,0.8000,regular,felt,Felt,0.1250,1.5281,523.2510,1049.5140,1.5992,3.2076,-5.6971,-29.2457,,0.0000,18.3068,18.3065,18.6682,0.0000,0.8339,1.3760,0.1672,0,3
piano_felt,72,C5,0.8250,regular,felt,Felt,0.1250,1.5069,523.2510,1049.5140,1.5770,3.1631,-5.5235,-31.0148,,0.0000,20.2494,20.2496,20.7167,0.0000,1.2748,1.4037,0.1364,0,3
piano_felt,72,C5,0.8500,regular,felt,Felt,0.1250,1.4866,523.2510,1049.5140,1.5557,3.1204,-5.3606,-33.3412,,0.0000,22.7396,22.7395,23.3812,0.0000,1.6970,1.4303,0.1043,0,3
piano_felt,72,C5,0.8750,regular,felt,Felt,0.1250,1.4672,523.2510,1049.5140,1.5354,3.0796,-5.2076,-36.6542,,0.0000,26.2059,26.2065,27.2009,0.0000,2.1018,1.4557,0.0713,0,3
piano_felt,72,C5,0.9000,regular,felt,Felt,0.1250,1.4485,523.2510,1049.5140,1.5158,3.0404,-5.0635,-42.2755,,0.0000,31.9739,31.9751,34.0619,0.0000,2.4906,1.4801,0.0373,0,3
piano_felt,72,C5,0.9250,regular,felt,Felt,0.1250,1.4306,523.2510,1049.5140,1.4971,3.0028,-4.9275,-65.2633,,0.0000,47.4725,47.4683,48.5933,0.0000,2.8644,1.5034,0.0064,0,3
piano_felt,72,C5,0.9500,regular,felt,Felt,0.1250,1.4133,523.2510,1049.5140,1.4790,2.9666,-4.7990,-43.4505,,0.0000,33.4031,33.4004,31.4045,0.0000,3.2246,1.5258,0.0326,0,3
piano_felt,72,C5,0.9750,regular,felt,Felt,0.1250,1.3967,523.2510,1049.5140,1.4617,2.9318,-4.6774,-37.0274,,0.0000,27.1020,27.1028,26.0664,0.0000,3.5718,1.5473,0.0683,0,3
piano_felt,72,C5,1.0000,regular,felt,Felt,0.1250,1.3808,523.2510,1049.5140,1.4450,2.8982,-4.5621,-33.3473,,0.0000,23.5389,23.5392,22.8341,0.0000,3.9071,1.5680,0.1043,0,3
piano_felt,72,C5,0.2780,corpus,felt,Felt,0.1250,2.4707,523.2510,1049.5140,2.5856,5.1861,-19.4468,-39.0712,3,-4.3517,14.3843,14.3845,15.2268,0.0000,-22.0966,0.2826,0.0539,0,3
piano_felt,72,C5,0.3030,corpus,felt,Felt,0.1250,2.3759,523.2510,1049.5140,2.4864,4.9870,-17.1180,-61.3761,3,-2.8281,38.3644,38.3665,32.6237,0.0000,-19.0200,0.3695,0.0045,1,3
piano_felt,72,C5,0.3130,corpus,felt,Felt,0.1250,2.3411,523.2510,1049.5140,2.4499,4.9140,-16.3614,-44.7004,3,-2.3783,23.0938,23.0922,21.8714,0.0000,-17.9811,0.4031,0.0282,0,3
piano_felt,72,C5,0.3280,corpus,felt,Felt,0.1250,2.2918,523.2510,1049.5140,2.3984,4.8105,-15.3623,-37.5586,3,-1.8246,16.9522,16.9520,16.4355,0.0000,-16.5755,0.4522,0.0642,0,3
piano_felt,72,C5,0.3380,corpus,felt,Felt,0.1250,2.2607,523.2510,1049.5140,2.3658,4.7453,-14.7707,-34.8456,3,-1.5208,14.8316,14.8311,14.4719,0.0000,-15.7231,0.4841,0.0878,0,3
piano_felt,72,C5,0.3630,corpus,felt,Felt,0.1250,2.1886,523.2510,1049.5140,2.2903,4.5938,-13.4952,-30.5666,3,-0.9364,11.8279,11.8280,11.6414,0.0000,-13.8279,0.5607,0.1436,0,3
piano_felt,72,C5,0.4020,corpus,felt,Felt,0.1250,2.0894,523.2510,1049.5140,2.1865,4.3856,-11.9301,-26.9192,3,-0.3783,9.7461,9.7460,9.6647,0.0000,-11.3764,0.6714,0.2186,0,3
piano_felt,72,C5,0.4270,corpus,felt,Felt,0.1250,2.0328,523.2510,1049.5140,2.1274,4.2670,-11.1199,-25.5015,3,-0.1750,9.1384,9.1386,9.0926,0.0000,-10.0422,0.7370,0.2574,0,3
piano_felt,72,C5,0.4370,corpus,felt,Felt,0.1250,2.0116,523.2510,1049.5140,2.1051,4.2223,-10.8285,-25.0614,3,-0.1189,8.9901,8.9899,8.9558,0.0000,-9.5496,0.7621,0.2707,0,3
piano_felt,72,C5,0.4520,corpus,felt,Felt,0.1250,1.9809,523.2510,1049.5140,2.0731,4.1580,-10.4212,-24.5085,3,-0.0573,8.8445,8.8444,8.8251,0.0000,-8.8492,0.7987,0.2885,0,3
piano_felt,72,C5,0.4620,corpus,felt,Felt,0.1250,1.9613,523.2510,1049.5140,2.0525,4.1169,-10.1676,-24.2018,3,-0.0296,8.7913,8.7912,8.7812,0.0000,-8.4056,0.8224,0.2989,0,3
piano_felt,72,C5,0.4870,corpus,felt,Felt,0.1250,1.9149,523.2510,1049.5140,2.0040,4.0194,-9.5883,-23.6157,3,-0.0002,8.7842,8.7844,8.7936,0.0000,-7.3685,0.8791,0.3198,0,3
piano_felt,73,C#5,0.0500,regular,felt,Felt,0.1250,5.3153,554.3650,1112.3100,5.8932,11.8244,-30.6831,-43.1835,5,-0.1229,7.2648,7.2632,7.3618,0.0000,-48.2368,0.0775,0.0336,0,3
piano_felt,73,C#5,0.0750,regular,felt,Felt,0.1250,4.4169,554.3650,1112.3100,4.8972,9.8260,-43.1014,-39.9332,5,-15.8736,-8.4022,-8.4040,-7.1804,-8.4022,-57.1272,0.0186,0.0488,0,3
piano_felt,73,C#5,0.1000,regular,felt,Felt,0.1250,3.8732,554.3650,1112.3100,4.2944,8.6164,-25.7953,-42.2285,5,-0.9636,11.1904,11.1916,10.8025,0.0000,-37.3267,0.1360,0.0375,0,3
piano_felt,73,C#5,0.1250,regular,felt,Felt,0.1250,3.4980,554.3650,1112.3100,3.8784,7.7818,-23.1079,-36.0191,3,-0.1595,7.6701,7.6705,7.7558,0.0000,-32.7015,0.1854,0.0766,0,3
piano_felt,73,C#5,0.1500,regular,felt,Felt,0.1250,3.2186,554.3650,1112.3100,3.5686,7.1602,-23.5584,-46.1028,3,-2.1690,17.3055,17.3059,18.3683,0.0000,-31.5684,0.1760,0.0240,0,3
piano_felt,73,C#5,0.1750,regular,felt,Felt,0.1250,2.9999,554.3650,1112.3100,3.3260,6.6735,-26.2496,-38.9621,3,-6.1955,7.4699,7.4687,6.7848,0.0000,-32.9207,0.1291,0.0546,0,3
piano_felt,73,C#5,0.2000,regular,felt,Felt,0.1250,2.8224,554.3650,1112.3100,3.1293,6.2788,-32.7879,-32.5529,3,-13.9056,-5.4806,-5.4790,-6.2060,-5.4806,-38.3013,0.0608,0.1143,0,3
piano_felt,73,C#5,0.2250,regular,felt,Felt,0.1250,2.6746,554.3650,1112.3100,2.9654,5.9500,-43.1476,-30.7587,3,-25.3126,-17.6277,-17.6243,-15.6896,-17.6277,-47.6317,0.0185,0.1405,0,3
piano_felt,73,C#5,0.2500,regular,felt,Felt,0.1250,2.5490,554.3650,1112.3100,2.8262,5.6706,-28.2691,-31.0895,3,-11.3830,-2.4206,-2.4202,-1.9004,-2.4206,-31.8403,0.1023,0.1352,0,3
piano_felt,73,C#5,0.2750,regular,felt,Felt,0.1250,2.4405,554.3650,1112.3100,2.7058,5.4291,-23.0327,-33.1838,3,-7.0164,4.9103,4.9102,5.3989,0.0000,-25.7765,0.1870,0.1063,0,3
piano_felt,73,C#5,0.3000,regular,felt,Felt,0.1250,2.3454,554.3650,1112.3100,2.6004,5.2176,-19.8352,-37.8671,3,-4.6235,12.7921,12.7917,13.5339,0.0000,-21.8232,0.2702,0.0620,0,3
piano_felt,73,C#5,0.3250,regular,felt,Felt,0.1250,2.2612,554.3650,1112.3100,2.5071,5.0304,-17.5699,-54.1441,3,-3.1082,31.3450,31.3448,37.0617,0.0000,-18.8629,0.3507,0.0095,0,3
piano_felt,73,C#5,0.3500,regular,felt,Felt,0.1250,2.1860,554.3650,1112.3100,2.4237,4.8630,-15.8430,-40.5116,3,-2.0849,19.4241,19.4236,18.6761,0.0000,-16.4924,0.4279,0.0457,0,3
piano_felt,73,C#5,0.3750,regular,felt,Felt,0.1250,2.1182,554.3650,1112.3100,2.3485,4.7122,-14.4665,-33.7223,3,-1.3723,14.0122,14.0122,13.7058,0.0000,-14.5167,0.5013,0.0999,0,3
piano_felt,73,C#5,0.4000,regular,felt,Felt,0.1250,2.0567,554.3650,1112.3100,2.2803,4.5754,-13.3354,-30.1630,3,-0.8707,11.5849,11.5843,11.4121,0.0000,-12.8249,0.5711,0.1505,0,3
piano_felt,73,C#5,0.4250,regular,felt,Felt,0.1250,2.0005,554.3650,1112.3100,2.2181,4.4504,-12.3851,-27.8704,3,-0.5198,10.2426,10.2422,10.1360,0.0000,-11.3481,0.6371,0.1959,0,3
piano_felt,73,C#5,0.4500,regular,felt,Felt,0.1250,1.9490,554.3650,1112.3100,2.1609,4.3358,-11.5728,-26.2769,3,-0.2805,9.4610,9.4610,9.3961,0.0000,-10.0394,0.6996,0.2354,0,3
piano_felt,73,C#5,0.4750,regular,felt,Felt,0.1250,1.9015,554.3650,1112.3100,2.1082,4.2301,-10.8690,-25.1344,3,-0.1261,9.0225,9.0224,8.9864,0.0000,-8.8658,0.7586,0.2685,0,3
piano_felt,73,C#5,0.5000,regular,felt,Felt,0.1250,1.8575,554.3650,1112.3100,2.0594,4.1321,-10.2521,-24.3113,3,-0.0379,8.8163,8.8163,8.8026,0.0000,-7.8034,0.8144,0.2952,0,3
piano_felt,73,C#5,0.5250,regular,felt,Felt,0.1250,1.8165,554.3650,1112.3100,2.0141,4.0411,-9.7063,-23.7293,3,-0.0021,8.7801,8.7800,8.7849,0.0000,-6.8339,0.8673,0.3156,0,3
piano_felt,73,C#5,0.5500,regular,felt,Felt,0.1250,1.7784,554.3650,1112.3100,1.9717,3.9562,-9.2196,-23.3381,,0.0000,8.8756,8.8757,8.8975,0.0000,-5.9432,0.9172,0.3301,0,3
piano_felt,73,C#5,0.5750,regular,felt,Felt,0.1250,1.7426,554.3650,1112.3100,1.9321,3.8767,-8.7824,-23.1043,,0.0000,9.0792,9.0791,9.1160,0.0000,-5.1199,0.9646,0.3391,0,3
piano_felt,73,C#5,0.6000,regular,felt,Felt,0.1250,1.7091,554.3650,1112.3100,1.8949,3.8021,-8.3873,-23.0049,,0.0000,9.3747,9.3747,9.4263,0.0000,-4.3551,1.0095,0.3430,0,3
piano_felt,73,C#5,0.6250,regular,felt,Felt,0.1250,1.6775,554.3650,1112.3100,1.8599,3.7319,-8.0283,-23.0242,,0.0000,9.7529,9.7530,9.8195,0.0000,-3.6416,1.0521,0.3423,0,3
piano_felt,73,C#5,0.6500,regular,felt,Felt,0.1250,1.6478,554.3650,1112.3100,1.8269,3.6656,-7.7006,-23.1518,,0.0000,10.2086,10.2084,10.2902,0.0000,-2.9731,1.0925,0.3373,0,3
piano_felt,73,C#5,0.6750,regular,felt,Felt,0.1250,1.6196,554.3650,1112.3100,1.7957,3.6030,-7.4000,-23.3815,,0.0000,10.7387,10.7388,10.8360,0.0000,-2.3447,1.1310,0.3285,0,3
piano_felt,73,C#5,0.7000,regular,felt,Felt,0.1250,1.5929,554.3650,1112.3100,1.7661,3.5437,-7.1233,-23.7109,,0.0000,11.3450,11.3449,11.4598,0.0000,-1.7522,1.1676,0.3163,0,3
piano_felt,73,C#5,0.7250,regular,felt,Felt,0.1250,1.5676,554.3650,1112.3100,1.7381,3.4873,-6.8677,-24.1410,,0.0000,12.0307,12.0306,12.1650,0.0000,-1.1918,1.2025,0.3010,0,3
piano_felt,73,C#5,0.7500,regular,felt,Felt,0.1250,1.5435,554.3650,1112.3100,1.7114,3.4338,-6.6307,-24.6762,,0.0000,12.8030,12.8029,12.9592,0.0000,-0.6604,1.2357,0.2830,0,3
piano_felt,73,C#5,0.7750,regular,felt,Felt,0.1250,1.5206,554.3650,1112.3100,1.6859,3.3827,-6.4104,-25.3255,,0.0000,13.6725,13.6726,13.8549,0.0000,-0.1552,1.2675,0.2626,0,3
piano_felt,73,C#5,0.8000,regular,felt,Felt,0.1250,1.4987,554.3650,1112.3100,1.6617,3.3341,-6.2050,-26.1035,,0.0000,14.6560,14.6560,14.8699,0.0000,0.3260,1.2978,0.2401,0,3
piano_felt,73,C#5,0.8250,regular,felt,Felt,0.1250,1.4778,554.3650,1112.3100,1.6385,3.2875,-6.0130,-27.0324,,0.0000,15.7767,15.7770,16.0306,0.0000,0.7852,1.3268,0.2158,0,3
piano_felt,73,C#5,0.8500,regular,felt,Felt,0.1250,1.4578,554.3650,1112.3100,1.6163,3.2430,-5.8332,-28.1464,,0.0000,17.0710,17.0710,17.3761,0.0000,1.2243,1.3546,0.1898,0,3
piano_felt,73,C#5,0.8750,regular,felt,Felt,0.1250,1.4386,554.3650,1112.3100,1.5950,3.2004,-5.6643,-29.4995,,0.0000,18.5932,18.5933,18.9686,0.0000,1.6450,1.3812,0.1624,0,3
piano_felt,73,C#5,0.9000,regular,felt,Felt,0.1250,1.4202,554.3650,1112.3100,1.5747,3.1595,-5.5054,-31.1816,,0.0000,20.4347,20.4346,20.9131,0.0000,2.0486,1.4067,0.1338,0,3
piano_felt,73,C#5,0.9250,regular,felt,Felt,0.1250,1.4026,554.3650,1112.3100,1.5551,3.1202,-5.3556,-33.3562,,0.0000,22.7595,22.7594,23.4022,0.0000,2.4364,1.4311,0.1042,0,3
piano_felt,73,C#5,0.9500,regular,felt,Felt,0.1250,1.3856,554.3650,1112.3100,1.5363,3.0824,-5.2142,-36.3680,,0.0000,25.9140,25.9137,26.8735,0.0000,2.8095,1.4546,0.0736,0,3
piano_felt,73,C#5,0.9750,regular,felt,Felt,0.1250,1.3693,554.3650,1112.3100,1.5182,3.0461,-5.0803,-41.1693,,0.0000,30.8517,30.8512,32.6569,0.0000,3.1689,1.4772,0.0423,0,3
piano_felt,73,C#5,1.0000,regular,felt,Felt,0.1250,1.3535,554.3650,1112.3100,1.5007,3.0111,-4.9536,-53.3090,,0.0000,43.1416,43.1352,56.3881,0.0000,3.5156,1.4989,0.0104,0,3
piano_felt,73,C#5,0.2780,corpus,felt,Felt,0.1250,2.4284,554.3650,1112.3100,2.6924,5.4023,-22.5760,-33.5735,3,-6.6595,5.7567,5.7566,6.2561,0.0000,-25.2254,0.1971,0.1016,0,3
piano_felt,73,C#5,0.3030,corpus,felt,Felt,0.1250,2.3348,554.3650,1112.3100,2.5886,5.1940,-19.5250,-38.7494,3,-4.4060,13.9834,13.9844,14.7977,0.0000,-21.4271,0.2800,0.0560,0,3
piano_felt,73,C#5,0.3130,corpus,felt,Felt,0.1250,2.3004,554.3650,1112.3100,2.5505,5.1175,-18.5731,-42.7479,3,-3.7576,18.9358,18.9360,20.2051,0.0000,-20.1929,0.3125,0.0353,0,3
piano_felt,73,C#5,0.3280,corpus,felt,Felt,0.1250,2.2518,554.3650,1112.3100,2.4966,5.0093,-17.3391,-64.3319,3,-2.9641,39.0675,39.0493,47.0957,0.0000,-18.5521,0.3602,0.0040,0,3
piano_felt,73,C#5,0.3380,corpus,felt,Felt,0.1250,2.2211,554.3650,1112.3100,2.4626,4.9411,-16.6193,-48.0762,3,-2.5288,26.2111,26.2081,24.4346,0.0000,-17.5717,0.3913,0.0191,0,3
piano_felt,73,C#5,0.3630,corpus,felt,Felt,0.1250,2.1499,554.3650,1112.3100,2.3837,4.7827,-15.0914,-36.3042,3,-1.6831,15.9685,15.9688,15.5279,0.0000,-15.4241,0.4665,0.0742,0,3
piano_felt,73,C#5,0.4020,corpus,felt,Felt,0.1250,2.0520,554.3650,1112.3100,2.2751,4.5650,-13.2534,-29.9441,3,-0.8377,11.4472,11.4474,11.2808,0.0000,-12.6998,0.5765,0.1543,0,3
piano_felt,73,C#5,0.4270,corpus,felt,Felt,0.1250,1.9963,554.3650,1112.3100,2.2133,4.4409,-12.3155,-27.7217,3,-0.4970,10.1631,10.1631,10.0606,0.0000,-11.2378,0.6422,0.1993,0,3
piano_felt,73,C#5,0.4370,corpus,felt,Felt,0.1250,1.9753,554.3650,1112.3100,2.1900,4.3942,-11.9800,-27.0375,3,-0.3929,9.8142,9.8144,9.7295,0.0000,-10.7012,0.6675,0.2157,0,3
piano_felt,73,C#5,0.4520,corpus,felt,Felt,0.1250,1.9451,554.3650,1112.3100,2.1566,4.3270,-11.5129,-26.1711,3,-0.2653,9.4152,9.4152,9.3526,0.0000,-9.9410,0.7044,0.2383,0,3
piano_felt,73,C#5,0.4620,corpus,felt,Felt,0.1250,1.9257,554.3650,1112.3100,2.1351,4.2840,-11.2229,-25.6820,3,-0.1971,9.2162,9.2161,9.1658,0.0000,-9.4608,0.7283,0.2521,0,3
piano_felt,73,C#5,0.4870,corpus,felt,Felt,0.1250,1.8799,554.3650,1112.3100,2.0843,4.1822,-10.5631,-24.7051,3,-0.0765,8.8989,8.8991,8.8739,0.0000,-8.3434,0.7858,0.2821,0,3
piano_felt,74,D5,0.0500,regular,felt,Felt,0.1250,5.2425,587.3300,1178.9140,6.1582,12.3609,-31.6168,-45.1029,7,-0.2709,8.2482,8.2486,8.0107,0.0000,-49.1709,0.0696,0.0269,0,3
piano_felt,74,D5,0.0750,regular,felt,Felt,0.1250,4.3529,587.3300,1178.9140,5.1131,10.2633,-43.0597,-41.1338,5,-15.0509,-7.1723,-7.1689,-8.5393,-7.1723,-57.0992,0.0186,0.0425,0,3
piano_felt,74,D5,0.1000,regular,felt,Felt,0.1250,3.8148,587.3300,1178.9140,4.4811,8.9947,-28.3717,-79.5870,5,-2.7600,34.8962,34.8866,30.7715,0.0000,-39.9024,0.1011,0.0018,1,3
piano_felt,74,D5,0.1250,regular,felt,Felt,0.1250,3.4437,587.3300,1178.9140,4.0452,8.1197,-23.7517,-36.4031,5,-0.0219,7.4122,7.4106,7.3671,0.0000,-33.3452,0.1721,0.0733,0,3
piano_felt,74,D5,0.1500,regular,felt,Felt,0.1250,3.1674,587.3300,1178.9140,3.7207,7.4683,-23.0380,-38.2369,3,-0.8644,9.9590,9.9586,10.2251,0.0000,-31.0478,0.1869,0.0594,0,3
piano_felt,74,D5,0.1750,regular,felt,Felt,0.1250,2.9512,587.3300,1178.9140,3.4667,6.9585,-24.3313,-57.2449,3,-3.4892,27.6540,27.6592,24.1004,0.0000,-31.0027,0.1610,0.0067,0,3
piano_felt,74,D5,0.2000,regular,felt,Felt,0.1250,2.7759,587.3300,1178.9140,3.2608,6.5451,-27.6719,-36.1036,3,-7.9971,3.1891,3.1881,2.6037,0.0000,-33.1832,0.1096,0.0759,0,3
piano_felt,74,D5,0.2250,regular,felt,Felt,0.1250,2.6299,587.3300,1178.9140,3.0893,6.2009,-35.7236,-31.9095,3,-17.0907,-9.0591,-9.0592,-10.0361,-9.0591,-40.2146,0.0434,0.1230,0,3
piano_felt,74,D5,0.2500,regular,felt,Felt,0.1250,2.5059,587.3300,1178.9140,2.9435,5.9084,-38.7452,-30.6966,3,-21.0555,-13.2853,-13.2858,-12.0357,-13.2853,-42.3126,0.0307,0.1415,0,3
piano_felt,74,D5,0.2750,regular,felt,Felt,0.1250,2.3987,587.3300,1178.9140,2.8176,5.6557,-27.8046,-31.1611,3,-10.9785,-1.8846,-1.8839,-1.3766,-1.8846,-30.5481,0.1080,0.1341,0,3
piano_felt,74,D5,0.3000,regular,felt,Felt,0.1250,2.3049,587.3300,1178.9140,2.7074,5.4344,-23.0888,-33.1109,3,-7.0606,4.7811,4.7815,5.2671,0.0000,-25.0767,0.1858,0.1071,0,3
piano_felt,74,D5,0.3250,regular,felt,Felt,0.1250,2.2218,587.3300,1178.9140,2.6098,5.2386,-20.0885,-37.1761,3,-4.8032,11.8478,11.8474,12.5392,0.0000,-21.3814,0.2625,0.0671,0,3
piano_felt,74,D5,0.3500,regular,felt,Felt,0.1250,2.1475,587.3300,1178.9140,2.5226,5.0635,-17.9191,-47.8702,3,-3.3300,24.7185,24.7152,27.0893,0.0000,-18.5684,0.3369,0.0196,0,3
piano_felt,74,D5,0.3750,regular,felt,Felt,0.1250,2.0806,587.3300,1178.9140,2.4440,4.9058,-16.2432,-43.8856,3,-2.3102,22.3987,22.3963,21.2833,0.0000,-16.2934,0.4086,0.0310,0,3
piano_felt,74,D5,0.4000,regular,felt,Felt,0.1250,2.0199,587.3300,1178.9140,2.3728,4.7627,-14.8942,-35.4958,3,-1.5827,15.3583,15.3579,14.9640,0.0000,-14.3837,0.4773,0.0814,0,3
piano_felt,74,D5,0.4250,regular,felt,Felt,0.1250,1.9646,587.3300,1178.9140,2.3077,4.6321,-13.7772,-31.4682,3,-1.0566,12.4481,12.4477,12.2310,0.0000,-12.7401,0.5428,0.1295,0,3
piano_felt,74,D5,0.4500,regular,felt,Felt,0.1250,1.9137,587.3300,1178.9140,2.2480,4.5122,-12.8327,-28.9186,3,-0.6763,10.8425,10.8429,10.7066,0.0000,-11.2992,0.6051,0.1737,0,3
piano_felt,74,D5,0.4750,regular,felt,Felt,0.1250,1.8669,587.3300,1178.9140,2.1929,4.4017,-12.0210,-27.1425,3,-0.4051,9.8786,9.8785,9.7913,0.0000,-10.0179,0.6644,0.2131,0,3
piano_felt,74,D5,0.5000,regular,felt,Felt,0.1250,1.8234,587.3300,1178.9140,2.1419,4.2994,-11.3144,-25.8511,3,-0.2177,9.2935,9.2938,9.2387,0.0000,-8.8658,0.7207,0.2472,0,3
piano_felt,74,D5,0.5250,regular,felt,Felt,0.1250,1.7831,587.3300,1178.9140,2.0945,4.2042,-10.6925,-24.8964,3,-0.0961,8.9614,8.9610,8.9312,0.0000,-7.8201,0.7742,0.2759,0,3
piano_felt,74,D5,0.5500,regular,felt,Felt,0.1250,1.7455,587.3300,1178.9140,2.0503,4.1155,-10.1404,-24.1919,3,-0.0272,8.8087,8.8086,8.7986,0.0000,-6.8640,0.8250,0.2992,0,3
piano_felt,74,D5,0.5750,regular,felt,Felt,0.1250,1.7102,587.3300,1178.9140,2.0089,4.0324,-9.6464,-23.6826,3,-0.0009,8.7935,8.7934,8.8002,0.0000,-5.9838,0.8733,0.3173,0,3
piano_felt,74,D5,0.6000,regular,felt,Felt,0.1250,1.6772,587.3300,1178.9140,1.9701,3.9545,-9.2014,-23.3318,,0.0000,8.8875,8.8876,8.9092,0.0000,-5.1692,0.9192,0.3304,0,3
piano_felt,74,D5,0.6250,regular,felt,Felt,0.1250,1.6461,587.3300,1178.9140,1.9336,3.8811,-8.7981,-23.1140,,0.0000,9.0732,9.0731,9.1089,0.0000,-4.4113,0.9628,0.3388,0,3
piano_felt,74,D5,0.6500,regular,felt,Felt,0.1250,1.6167,587.3300,1178.9140,1.8991,3.8119,-8.4309,-23.0111,,0.0000,9.3375,9.3375,9.3869,0.0000,-3.7034,1.0044,0.3428,0,3
piano_felt,74,D5,0.6750,regular,felt,Felt,0.1250,1.5890,587.3300,1178.9140,1.8665,3.7465,-8.0948,-23.0107,,0.0000,9.6734,9.6731,9.7363,0.0000,-3.0395,1.0440,0.3428,0,3
piano_felt,74,D5,0.7000,regular,felt,Felt,0.1250,1.5627,587.3300,1178.9140,1.8356,3.6845,-7.7860,-23.1038,,0.0000,10.0751,10.0751,10.1521,0.0000,-2.4149,1.0818,0.3392,0,3
piano_felt,74,D5,0.7250,regular,felt,Felt,0.1250,1.5377,587.3300,1178.9140,1.8063,3.6257,-7.5012,-23.2851,,0.0000,10.5412,10.5412,10.6325,0.0000,-1.8253,1.1179,0.3322,0,3
piano_felt,74,D5,0.7500,regular,felt,Felt,0.1250,1.5140,587.3300,1178.9140,1.7784,3.5698,-7.2376,-23.5516,,0.0000,11.0712,11.0713,11.1777,0.0000,-1.2672,1.1523,0.3221,0,3
piano_felt,74,D5,0.7750,regular,felt,Felt,0.1250,1.4914,587.3300,1178.9140,1.7519,3.5165,-6.9929,-23.9029,,0.0000,11.6676,11.6674,11.7916,0.0000,-0.7377,1.1853,0.3093,0,3
piano_felt,74,D5,0.8000,regular,felt,Felt,0.1250,1.4699,587.3300,1178.9140,1.7266,3.4657,-6.7650,-24.3414,,0.0000,12.3340,12.3339,12.4768,0.0000,-0.2340,1.2168,0.2941,0,3
piano_felt,74,D5,0.8250,regular,felt,Felt,0.1250,1.4493,587.3300,1178.9140,1.7024,3.4171,-6.5523,-24.8721,,0.0000,13.0774,13.0773,13.2420,0.0000,0.2460,1.2469,0.2767,0,3
piano_felt,74,D5,0.8500,regular,felt,Felt,0.1250,1.4295,587.3300,1178.9140,1.6792,3.3706,-6.3532,-25.5034,,0.0000,13.9078,13.9077,14.0971,0.0000,0.7043,1.2758,0.2573,0,3
piano_felt,74,D5,0.8750,regular,felt,Felt,0.1250,1.4107,587.3300,1178.9140,1.6571,3.3261,-6.1665,-26.2482,,0.0000,14.8397,14.8394,15.0601,0.0000,1.1429,1.3036,0.2361,0,3
piano_felt,74,D5,0.9000,regular,felt,Felt,0.1250,1.3926,587.3300,1178.9140,1.6358,3.2834,-5.9909,-27.1256,,0.0000,15.8928,15.8925,16.1510,0.0000,1.5631,1.3302,0.2134,0,3
piano_felt,74,D5,0.9250,regular,felt,Felt,0.1250,1.3752,587.3300,1178.9140,1.6154,3.2424,-5.8256,-28.1642,,0.0000,17.0965,17.0965,17.4020,0.0000,1.9664,1.3558,0.1894,0,3
piano_felt,74,D5,0.9500,regular,felt,Felt,0.1250,1.3584,587.3300,1178.9140,1.5957,3.2030,-5.6695,-29.4073,,0.0000,18.4959,18.4958,18.8654,0.0000,2.3541,1.3803,0.1641,0,3
piano_felt,74,D5,0.9750,regular,felt,Felt,0.1250,1.3424,587.3300,1178.9140,1.5768,3.1651,-5.5221,-30.9243,,0.0000,20.1609,20.1606,20.6223,0.0000,2.7272,1.4040,0.1378,0,3
piano_felt,74,D5,1.0000,regular,felt,Felt,0.1250,1.3269,587.3300,1178.9140,1.5586,3.1285,-5.3824,-32.8349,,0.0000,22.2117,22.2113,22.8121,0.0000,3.0868,1.4267,0.1106,0,3
piano_felt,74,D5,0.2780,corpus,felt,Felt,0.1250,2.3868,587.3300,1178.9140,2.8037,5.6276,-27.0827,-31.3136,3,-10.3556,-1.0095,-1.0096,-0.5170,-1.0095,-29.7317,0.1173,0.1318,0,3
piano_felt,74,D5,0.3030,corpus,felt,Felt,0.1250,2.2944,587.3300,1178.9140,2.6951,5.4097,-22.6651,-33.4613,3,-6.7288,5.5555,5.5555,6.0518,0.0000,-24.5664,0.1951,0.1029,0,3
piano_felt,74,D5,0.3130,corpus,felt,Felt,0.1250,2.2604,587.3300,1178.9140,2.6552,5.3297,-21.3919,-34.8632,3,-5.7563,8.2304,8.2308,8.7844,0.0000,-23.0116,0.2259,0.0876,0,3
piano_felt,74,D5,0.3280,corpus,felt,Felt,0.1250,2.2124,587.3300,1178.9140,2.5989,5.2165,-19.7935,-37.9056,3,-4.5941,12.8714,12.8720,13.6147,0.0000,-21.0068,0.2715,0.0617,0,3
piano_felt,74,D5,0.3380,corpus,felt,Felt,0.1250,2.1822,587.3300,1178.9140,2.5633,5.1452,-18.8840,-41.0374,3,-3.9661,16.9141,16.9141,17.9583,0.0000,-19.8362,0.3015,0.0430,0,3
piano_felt,74,D5,0.3630,corpus,felt,Felt,0.1250,2.1119,587.3300,1178.9140,2.4808,4.9795,-16.9989,-57.3739,3,-2.7556,35.1059,35.1144,30.6214,0.0000,-17.3314,0.3746,0.0066,0,3
piano_felt,74,D5,0.4020,corpus,felt,Felt,0.1250,2.0153,587.3300,1178.9140,2.3673,4.7518,-14.7972,-35.0839,3,-1.5341,15.0429,15.0429,14.6707,0.0000,-14.2434,0.4826,0.0854,0,3
piano_felt,74,D5,0.4270,corpus,felt,Felt,0.1250,1.9603,587.3300,1178.9140,2.3027,4.6221,-13.6959,-31.2240,3,-1.0214,12.2853,12.2849,12.0760,0.0000,-12.6181,0.5479,0.1332,0,3
piano_felt,74,D5,0.4370,corpus,felt,Felt,0.1250,1.9396,587.3300,1178.9140,2.2784,4.5733,-13.3051,-30.1193,3,-0.8585,11.5707,11.5711,11.3983,0.0000,-12.0264,0.5731,0.1512,0,3
piano_felt,74,D5,0.4520,corpus,felt,Felt,0.1250,1.9098,587.3300,1178.9140,2.2434,4.5031,-12.7633,-28.7533,3,-0.6510,10.7471,10.7470,10.6162,0.0000,-11.1912,0.6100,0.1770,0,3
piano_felt,74,D5,0.4620,corpus,felt,Felt,0.1250,1.8908,587.3300,1178.9140,2.2210,4.4581,-12.4284,-27.9922,3,-0.5343,10.3211,10.3208,10.2108,0.0000,-10.6663,0.6339,0.1932,0,3
piano_felt,74,D5,0.4870,corpus,felt,Felt,0.1250,1.8456,587.3300,1178.9140,2.1680,4.3516,-11.6701,-26.4732,3,-0.3059,9.5604,9.5602,9.4900,0.0000,-9.4503,0.6918,0.2301,0,3
piano_felt,75,D#5,0.0500,regular,felt,Felt,0.1250,5.1706,622.2540,1249.5650,6.4348,12.9220,-34.3357,-62.6533,7,-2.2065,23.0793,23.0704,19.9306,0.0000,-51.8880,0.0509,0.0036,0,3
piano_felt,75,D#5,0.0750,regular,felt,Felt,0.1250,4.2896,622.2540,1249.5650,5.3385,10.7203,-34.6869,-48.5578,5,-5.9005,8.6303,8.6289,7.4150,0.0000,-48.7197,0.0489,0.0181,0,3
piano_felt,75,D#5,0.1000,regular,felt,Felt,0.1250,3.7572,622.2540,1249.5650,4.6758,9.3897,-32.6290,-43.6195,5,-6.2412,5.7541,5.7534,6.6210,0.0000,-44.1592,0.0620,0.0319,0,3
piano_felt,75,D#5,0.1250,regular,felt,Felt,0.1250,3.3901,622.2540,1249.5650,4.2191,8.4724,-25.0312,-39.6483,5,-0.5247,9.3768,9.3761,9.1414,0.0000,-34.6243,0.1486,0.0505,0,3
piano_felt,75,D#5,0.1500,regular,felt,Felt,0.1250,3.1170,622.2540,1249.5650,3.8792,7.7899,-23.1097,-35.9989,3,-0.1574,7.6494,7.6486,7.7305,0.0000,-31.1193,0.1853,0.0768,0,3
piano_felt,75,D#5,0.1750,regular,felt,Felt,0.1250,2.9034,622.2540,1249.5650,3.6133,7.2559,-23.3361,-42.4130,3,-1.7123,13.8363,13.8374,14.4366,0.0000,-30.0073,0.1805,0.0367,0,3
piano_felt,75,D#5,0.2000,regular,felt,Felt,0.1250,2.7301,622.2540,1249.5650,3.3977,6.8230,-25.1195,-44.4002,3,-4.6592,14.0351,14.0359,12.9650,0.0000,-30.6307,0.1470,0.0292,0,3
piano_felt,75,D#5,0.2250,regular,felt,Felt,0.1250,2.5860,622.2540,1249.5650,3.2182,6.4626,-28.8924,-34.7353,3,-9.4696,0.5995,0.5994,0.0199,0.0000,-33.3818,0.0952,0.0889,0,3
piano_felt,75,D#5,0.2500,regular,felt,Felt,0.1250,2.4634,622.2540,1249.5650,3.0658,6.1565,-38.2169,-31.6060,3,-19.7324,-11.8564,-11.8569,-13.1556,-11.8564,-41.7928,0.0325,0.1274,0,3
piano_felt,75,D#5,0.2750,regular,felt,Felt,0.1250,2.3576,622.2540,1249.5650,2.9341,5.8920,-37.3383,-30.6822,3,-19.7120,-11.8929,-11.8941,-10.8073,-11.8929,-40.0777,0.0360,0.1417,0,3
piano_felt,75,D#5,0.3000,regular,felt,Felt,0.1250,2.2650,622.2540,1249.5650,2.8188,5.6605,-27.8658,-31.1373,3,-11.0316,-1.9684,-1.9688,-1.4597,-1.9684,-29.8529,0.1072,0.1345,0,3
piano_felt,75,D#5,0.3250,regular,felt,Felt,0.1250,2.1830,622.2540,1249.5650,2.7167,5.4556,-23.4199,-32.8377,3,-7.3226,4.1770,4.1771,4.6551,0.0000,-24.7126,0.1789,0.1106,0,3
piano_felt,75,D#5,0.3500,regular,felt,Felt,0.1250,2.1097,622.2540,1249.5650,2.6256,5.2725,-20.5243,-36.2006,3,-5.1167,10.4359,10.4360,11.0605,0.0000,-21.1734,0.2496,0.0751,0,3
piano_felt,75,D#5,0.3750,regular,felt,Felt,0.1250,2.0437,622.2540,1249.5650,2.5434,5.1075,-18.4033,-43.4780,3,-3.6452,19.8364,19.8363,21.2248,0.0000,-18.4534,0.3186,0.0325,0,3
piano_felt,75,D#5,0.4000,regular,felt,Felt,0.1250,1.9839,622.2540,1249.5650,2.4689,4.9579,-16.7501,-51.0500,3,-2.6063,29.0484,29.0489,26.6169,0.0000,-16.2397,0.3854,0.0136,0,3
piano_felt,75,D#5,0.4250,regular,felt,Felt,0.1250,1.9292,622.2540,1249.5650,2.4009,4.8214,-15.4102,-38.0968,3,-1.8500,17.4426,17.4424,16.8883,0.0000,-14.3732,0.4497,0.0604,0,3
piano_felt,75,D#5,0.4500,regular,felt,Felt,0.1250,1.8791,622.2540,1249.5650,2.3385,4.6961,-14.2943,-33.2205,3,-1.2907,13.6827,13.6829,13.3974,0.0000,-12.7609,0.5114,0.1058,0,3
piano_felt,75,D#5,0.4750,regular,felt,Felt,0.1250,1.8329,622.2540,1249.5650,2.2810,4.5805,-13.3462,-30.2740,3,-0.8751,11.6849,11.6847,11.5076,0.0000,-11.3431,0.5704,0.1486,0,3
piano_felt,75,D#5,0.5000,regular,felt,Felt,0.1250,1.7901,622.2540,1249.5650,2.2277,4.4736,-12.5280,-28.2452,3,-0.5680,10.4742,10.4742,10.3567,0.0000,-10.0794,0.6267,0.1876,0,3
piano_felt,75,D#5,0.5250,regular,felt,Felt,0.1250,1.7503,622.2540,1249.5650,2.1782,4.3741,-11.8131,-26.7647,3,-0.3449,9.7088,9.7087,9.6312,0.0000,-8.9406,0.6805,0.2225,0,3
piano_felt,75,D#5,0.5500,regular,felt,Felt,0.1250,1.7132,622.2540,1249.5650,2.1320,4.2814,-11.1819,-25.6538,3,-0.1882,9.2291,9.2291,9.1790,0.0000,-7.9054,0.7318,0.2529,0,3
piano_felt,75,D#5,0.5750,regular,felt,Felt,0.1250,1.6784,622.2540,1249.5650,2.0888,4.1946,-10.6198,-24.8118,3,-0.0848,8.9492,8.9492,8.9207,0.0000,-6.9572,0.7807,0.2786,0,3
piano_felt,75,D#5,0.6000,regular,felt,Felt,0.1250,1.6458,622.2540,1249.5650,2.0483,4.1132,-10.1155,-24.1759,3,-0.0250,8.8177,8.8176,8.8078,0.0000,-6.0832,0.8274,0.2998,0,3
piano_felt,75,D#5,0.6250,regular,felt,Felt,0.1250,1.6152,622.2540,1249.5650,2.0101,4.0365,-9.6601,-23.7046,3,-0.0011,8.8019,8.8018,8.8078,0.0000,-5.2733,0.8719,0.3165,0,3
piano_felt,75,D#5,0.6500,regular,felt,Felt,0.1250,1.5863,622.2540,1249.5650,1.9741,3.9643,-9.2465,-23.3692,,0.0000,8.8800,8.8799,8.8998,0.0000,-4.5191,0.9144,0.3289,0,3
piano_felt,75,D#5,0.6750,regular,felt,Felt,0.1250,1.5589,622.2540,1249.5650,1.9401,3.8959,-8.8691,-23.1491,,0.0000,9.0371,9.0373,9.0700,0.0000,-3.8139,0.9550,0.3374,0,3
piano_felt,75,D#5,0.7000,regular,felt,Felt,0.1250,1.5330,622.2540,1249.5650,1.9079,3.8312,-8.5231,-23.0295,,0.0000,9.2635,9.2637,9.3091,0.0000,-3.1520,0.9938,0.3421,0,3
piano_felt,75,D#5,0.7250,regular,felt,Felt,0.1250,1.5084,622.2540,1249.5650,1.8773,3.7698,-8.2046,-22.9997,,0.0000,9.5523,9.5524,9.6105,0.0000,-2.5287,1.0309,0.3432,0,3
piano_felt,75,D#5,0.7500,regular,felt,Felt,0.1250,1.4851,622.2540,1249.5650,1.8482,3.7114,-7.9104,-23.0518,,0.0000,9.8988,9.8988,9.9695,0.0000,-1.9400,1.0664,0.3412,0,3
piano_felt,75,D#5,0.7750,regular,felt,Felt,0.1250,1.4628,622.2540,1249.5650,1.8205,3.6557,-7.6377,-23.1807,,0.0000,10.3003,10.3004,10.3844,0.0000,-1.3825,1.1005,0.3362,0,3
piano_felt,75,D#5,0.8000,regular,felt,Felt,0.1250,1.4416,622.2540,1249.5650,1.7940,3.6026,-7.3841,-23.3832,,0.0000,10.7565,10.7565,10.8542,0.0000,-0.8531,1.1331,0.3284,0,3
piano_felt,75,D#5,0.8250,regular,felt,Felt,0.1250,1.4213,622.2540,1249.5650,1.7688,3.5519,-7.1478,-23.6579,,0.0000,11.2677,11.2676,11.3801,0.0000,-0.3495,1.1643,0.3182,0,3
piano_felt,75,D#5,0.8500,regular,felt,Felt,0.1250,1.4019,622.2540,1249.5650,1.7446,3.5034,-6.9268,-24.0054,,0.0000,11.8359,11.8361,11.9641,0.0000,0.1308,1.1943,0.3057,0,3
piano_felt,75,D#5,0.8750,regular,felt,Felt,0.1250,1.3833,622.2540,1249.5650,1.7215,3.4569,-6.7198,-24.4280,,0.0000,12.4656,12.4657,12.6117,0.0000,0.5895,1.2231,0.2912,0,3
piano_felt,75,D#5,0.9000,regular,felt,Felt,0.1250,1.3654,622.2540,1249.5650,1.6993,3.4124,-6.5254,-24.9303,,0.0000,13.1625,13.1624,13.3291,0.0000,1.0287,1.2508,0.2748,0,3
piano_felt,75,D#5,0.9250,regular,felt,Felt,0.1250,1.3483,622.2540,1249.5650,1.6780,3.3696,-6.3425,-25.5192,,0.0000,13.9342,13.9344,14.1243,0.0000,1.4496,1.2774,0.2568,0,3
piano_felt,75,D#5,0.9500,regular,felt,Felt,0.1250,1.3318,622.2540,1249.5650,1.6575,3.3284,-6.1700,-26.2054,,0.0000,14.7932,14.7931,15.0116,0.0000,1.8536,1.3030,0.2373,0,3
piano_felt,75,D#5,0.9750,regular,felt,Felt,0.1250,1.3160,622.2540,1249.5650,1.6378,3.2888,-6.0071,-27.0037,,0.0000,15.7540,15.7543,16.0068,0.0000,2.2421,1.3277,0.2165,0,3
piano_felt,75,D#5,1.0000,regular,felt,Felt,0.1250,1.3007,622.2540,1249.5650,1.6188,3.2507,-5.8530,-27.9357,,0.0000,16.8409,16.8405,17.1354,0.0000,2.6161,1.3515,0.1944,0,3
piano_felt,75,D#5,0.2780,corpus,felt,Felt,0.1250,2.3459,622.2540,1249.5650,2.9194,5.8626,-35.5070,-30.6710,3,-17.9790,-10.0764,-10.0747,-9.1634,-10.0764,-38.1558,0.0445,0.1419,0,3
piano_felt,75,D#5,0.3030,corpus,felt,Felt,0.1250,2.2546,622.2540,1249.5650,2.8059,5.6346,-27.1951,-31.2735,3,-10.4521,-1.1622,-1.1620,-0.6697,-1.1622,-29.0962,0.1158,0.1324,0,3
piano_felt,75,D#5,0.3130,corpus,felt,Felt,0.1250,2.2212,622.2540,1249.5650,2.7642,5.5509,-25.2724,-31.8562,3,-8.8277,1.3429,1.3432,1.8133,0.0000,-26.8918,0.1445,0.1238,0,3
piano_felt,75,D#5,0.3280,corpus,felt,Felt,0.1250,2.1738,622.2540,1249.5650,2.7053,5.4325,-23.0139,-33.1369,3,-7.0016,4.8820,4.8823,5.3663,0.0000,-24.2267,0.1874,0.1068,0,3
piano_felt,75,D#5,0.3380,corpus,felt,Felt,0.1250,2.1439,622.2540,1249.5650,2.6681,5.3579,-21.7878,-34.3170,3,-6.0546,7.2889,7.2886,7.8149,0.0000,-22.7398,0.2158,0.0932,0,3
piano_felt,75,D#5,0.3630,corpus,felt,Felt,0.1250,2.0746,622.2540,1249.5650,2.5818,5.1846,-19.3494,-39.1335,3,-4.2842,14.5432,14.5443,15.3908,0.0000,-19.6818,0.2858,0.0536,0,3
piano_felt,75,D#5,0.4020,corpus,felt,Felt,0.1250,1.9793,622.2540,1249.5650,2.4633,4.9465,-16.6329,-48.9342,3,-2.5368,27.0504,27.0523,25.1015,0.0000,-16.0791,0.3907,0.0174,0,3
piano_felt,75,D#5,0.4270,corpus,felt,Felt,0.1250,1.9250,622.2540,1249.5650,2.3957,4.8109,-15.3136,-37.5791,3,-1.7988,17.0214,17.0214,16.5025,0.0000,-14.2356,0.4548,0.0641,0,3
piano_felt,75,D#5,0.4370,corpus,felt,Felt,0.1250,1.9046,622.2540,1249.5650,2.3703,4.7599,-14.8506,-35.3886,3,-1.5607,15.2949,15.2944,14.9050,0.0000,-13.5717,0.4797,0.0824,0,3
piano_felt,75,D#5,0.4520,corpus,felt,Felt,0.1250,1.8752,622.2540,1249.5650,2.3338,4.6865,-14.2129,-32.9352,3,-1.2527,13.4794,13.4790,13.2049,0.0000,-12.6407,0.5162,0.1094,0,3
piano_felt,75,D#5,0.4620,corpus,felt,Felt,0.1250,1.8564,622.2540,1249.5650,2.3103,4.6395,-13.8209,-31.6536,3,-1.0758,12.5901,12.5894,12.3660,0.0000,-12.0588,0.5400,0.1267,0,3
piano_felt,75,D#5,0.4870,corpus,felt,Felt,0.1250,1.8119,622.2540,1249.5650,2.2549,4.5282,-12.9391,-29.2152,3,-0.7159,11.0337,11.0330,10.8893,0.0000,-10.7193,0.5977,0.1678,0,3
piano_felt,76,E5,0.0500,regular,felt,Felt,0.1250,5.0995,659.2550,1324.5210,6.7237,13.5087,-40.4342,-48.0702,7,-7.5241,2.4051,2.4039,3.4881,0.0000,-57.9857,0.0252,0.0191,0,3
piano_felt,76,E5,0.0750,regular,felt,Felt,0.1250,4.2272,659.2550,1324.5210,5.5736,11.1979,-31.6757,-52.1834,5,-2.1146,15.2726,15.2733,16.5976,0.0000,-45.7080,0.0691,0.0119,0,3
piano_felt,76,E5,0.1000,regular,felt,Felt,0.1250,3.7003,659.2550,1324.5210,4.8789,9.8024,-41.6300,-39.9878,5,-14.4698,-6.8779,-6.8780,-5.8118,-6.8779,-53.1594,0.0220,0.0485,0,3
piano_felt,76,E5,0.1250,regular,felt,Felt,0.1250,3.3374,659.2550,1324.5210,4.4003,8.8408,-27.1231,-49.8774,5,-1.8442,17.5105,17.5107,16.3738,0.0000,-36.7167,0.1167,0.0155,0,3
piano_felt,76,E5,0.1500,regular,felt,Felt,0.1250,3.0674,659.2550,1324.5210,4.0444,8.1256,-23.7472,-36.4318,5,-0.0211,7.4440,7.4440,7.3962,0.0000,-31.7570,0.1722,0.0731,0,3
piano_felt,76,E5,0.1750,regular,felt,Felt,0.1250,2.8562,659.2550,1324.5210,3.7660,7.5662,-23.0006,-37.1968,3,-0.6007,8.9563,8.9559,9.1487,0.0000,-29.6718,0.1877,0.0669,0,3
piano_felt,76,E5,0.2000,regular,felt,Felt,0.1250,2.6851,659.2550,1324.5210,3.5403,7.1129,-23.7331,-48.9761,3,-2.4936,20.0091,20.0061,21.6080,0.0000,-29.2446,0.1725,0.0172,0,3
piano_felt,76,E5,0.2250,regular,felt,Felt,0.1250,2.5427,659.2550,1324.5210,3.3525,6.7357,-25.7875,-40.8272,3,-5.5818,9.7955,9.7958,9.0038,0.0000,-30.2760,0.1361,0.0441,0,3
piano_felt,76,E5,0.2500,regular,felt,Felt,0.1250,2.4217,659.2550,1324.5210,3.1930,6.4152,-29.7699,-34.0699,3,-10.4984,-0.9439,-0.9435,-1.5394,-0.9439,-33.3442,0.0861,0.0959,0,3
piano_felt,76,E5,0.2750,regular,felt,Felt,0.1250,2.3172,659.2550,1324.5210,3.0553,6.1384,-39.6541,-31.4956,3,-21.2362,-13.4064,-13.4049,-14.9562,-13.4064,-42.4046,0.0276,0.1290,0,3
piano_felt,76,E5,0.3000,regular,felt,Felt,0.1250,2.2258,659.2550,1324.5210,2.9347,5.8962,-37.4287,-30.6854,3,-19.7981,-11.9838,-11.9814,-10.8887,-11.9838,-39.4164,0.0357,0.1417,0,3
piano_felt,76,E5,0.3250,regular,felt,Felt,0.1250,2.1449,659.2550,1324.5210,2.8280,5.6818,-28.3735,-31.0394,3,-11.4743,-2.5755,-2.5744,-2.0544,-2.5755,-29.6665,0.1011,0.1360,0,3
piano_felt,76,E5,0.3500,regular,felt,Felt,0.1250,2.0726,659.2550,1324.5210,2.7327,5.4903,-24.0093,-32.4353,3,-7.7944,3.1856,3.1853,3.6539,0.0000,-24.6581,0.1671,0.1158,0,3
piano_felt,76,E5,0.3750,regular,felt,Felt,0.1250,2.0075,659.2550,1324.5210,2.6468,5.3178,-21.1399,-35.1143,3,-5.5685,8.7334,8.7341,9.2980,0.0000,-21.1894,0.2325,0.0851,0,3
piano_felt,76,E5,0.4000,regular,felt,Felt,0.1250,1.9484,659.2550,1324.5210,2.5690,5.1614,-19.0248,-40.1923,3,-4.0616,15.9290,15.9281,16.8822,0.0000,-18.5142,0.2966,0.0474,0,3
piano_felt,76,E5,0.4250,regular,felt,Felt,0.1250,1.8945,659.2550,1324.5210,2.4979,5.0186,-17.3679,-58.3551,3,-2.9820,35.7731,35.7659,48.8460,0.0000,-16.3308,0.3590,0.0058,1,3
piano_felt,76,E5,0.4500,regular,felt,Felt,0.1250,1.8451,659.2550,1324.5210,2.4327,4.8876,-16.0192,-42.3019,3,-2.1832,21.0369,21.0373,20.1096,0.0000,-14.4857,0.4193,0.0372,0,3
piano_felt,76,E5,0.4750,regular,felt,Felt,0.1250,1.7995,659.2550,1324.5210,2.3726,4.7669,-14.8918,-35.6592,3,-1.5815,15.5233,15.5237,15.1182,0.0000,-12.8887,0.4774,0.0799,0,3
piano_felt,76,E5,0.5000,regular,felt,Felt,0.1250,1.7573,659.2550,1324.5210,2.3170,4.6551,-13.9307,-32.0590,3,-1.1243,12.8858,12.8851,12.6460,0.0000,-11.4820,0.5333,0.1210,0,3
piano_felt,76,E5,0.5250,regular,felt,Felt,0.1250,1.7180,659.2550,1324.5210,2.2653,4.5512,-13.0988,-29.6629,3,-0.7768,11.3212,11.3211,11.1633,0.0000,-10.2264,0.5868,0.1594,0,3
piano_felt,76,E5,0.5500,regular,felt,Felt,0.1250,1.6815,659.2550,1324.5210,2.2170,4.4543,-12.3698,-27.9308,3,-0.5148,10.3183,10.3181,10.2096,0.0000,-9.0933,0.6382,0.1946,0,3
piano_felt,76,E5,0.5750,regular,felt,Felt,0.1250,1.6472,659.2550,1324.5210,2.1719,4.3636,-11.7246,-26.6260,3,-0.3205,9.6586,9.6587,9.5842,0.0000,-8.0621,0.6874,0.2261,0,3
piano_felt,76,E5,0.6000,regular,felt,Felt,0.1250,1.6151,659.2550,1324.5210,2.1295,4.2785,-11.1487,-25.6227,3,-0.1811,9.2311,9.2313,9.1817,0.0000,-7.1164,0.7346,0.2538,0,3
piano_felt,76,E5,0.6250,regular,felt,Felt,0.1250,1.5849,659.2550,1324.5210,2.0897,4.1984,-10.6309,-24.8452,3,-0.0865,8.9715,8.9716,8.9422,0.0000,-6.2441,0.7797,0.2776,0,3
piano_felt,76,E5,0.6500,regular,felt,Felt,0.1250,1.5564,659.2550,1324.5210,2.0521,4.1229,-10.1624,-24.2446,3,-0.0291,8.8397,8.8395,8.8277,0.0000,-5.4349,0.8229,0.2974,0,3
piano_felt,76,E5,0.6750,regular,felt,Felt,0.1250,1.5294,659.2550,1324.5210,2.0166,4.0516,-9.7362,-23.7875,3,-0.0029,8.8088,8.8086,8.8113,0.0000,-4.6809,0.8643,0.3135,0,3
piano_felt,76,E5,0.7000,regular,felt,Felt,0.1250,1.5039,659.2550,1324.5210,1.9829,3.9840,-9.3466,-23.4501,,0.0000,8.8610,8.8609,8.8767,0.0000,-3.9753,0.9039,0.3259,0,3
piano_felt,76,E5,0.7250,regular,felt,Felt,0.1250,1.4797,659.2550,1324.5210,1.9510,3.9198,-8.9888,-23.2151,,0.0000,8.9836,8.9837,9.0115,0.0000,-3.3129,0.9419,0.3348,0,3
piano_felt,76,E5,0.7500,regular,felt,Felt,0.1250,1.4567,659.2550,1324.5210,1.9206,3.8588,-8.6590,-23.0697,,0.0000,9.1678,9.1680,9.2077,0.0000,-2.6886,0.9784,0.3405,0,3
piano_felt,76,E5,0.7750,regular,felt,Felt,0.1250,1.4347,659.2550,1324.5210,1.8917,3.8007,-8.3540,-23.0042,,0.0000,9.4075,9.4076,9.4593,0.0000,-2.0988,1.0133,0.3431,0,3
piano_felt,76,E5,0.8000,regular,felt,Felt,0.1250,1.4138,659.2550,1324.5210,1.8641,3.7453,-8.0708,-23.0116,,0.0000,9.6983,9.6982,9.7616,0.0000,-1.5398,1.0469,0.3428,0,3
piano_felt,76,E5,0.8250,regular,felt,Felt,0.1250,1.3938,659.2550,1324.5210,1.8378,3.6923,-7.8073,-23.0869,,0.0000,10.0369,10.0370,10.1117,0.0000,-1.0090,1.0792,0.3398,0,3
piano_felt,76,E5,0.8500,regular,felt,Felt,0.1250,1.3747,659.2550,1324.5210,1.8126,3.6417,-7.5613,-23.2264,,0.0000,10.4225,10.4225,10.5101,0.0000,-0.5038,1.1102,0.3344,0,3
piano_felt,76,E5,0.8750,regular,felt,Felt,0.1250,1.3564,659.2550,1324.5210,1.7884,3.5932,-7.3312,-23.4283,,0.0000,10.8545,10.8546,10.9546,0.0000,-0.0218,1.1400,0.3267,0,3
piano_felt,76,E5,0.9000,regular,felt,Felt,0.1250,1.3388,659.2550,1324.5210,1.7653,3.5466,-7.1153,-23.6917,,0.0000,11.3340,11.3339,11.4476,0.0000,0.4387,1.1687,0.3170,0,3
piano_felt,76,E5,0.9250,regular,felt,Felt,0.1250,1.3220,659.2550,1324.5210,1.7430,3.5019,-6.9124,-24.0174,,0.0000,11.8626,11.8625,11.9913,0.0000,0.8796,1.1963,0.3053,0,3
piano_felt,76,E5,0.9500,regular,felt,Felt,0.1250,1.3058,659.2550,1324.5210,1.7217,3.4590,-6.7213,-24.4073,,0.0000,12.4435,12.4435,12.5885,0.0000,1.3024,1.2229,0.2919,0,3
piano_felt,76,E5,0.9750,regular,felt,Felt,0.1250,1.2902,659.2550,1324.5210,1.7011,3.4177,-6.5410,-24.8649,,0.0000,13.0817,13.0815,13.2456,0.0000,1.7083,1.2486,0.2769,0,3
piano_felt,76,E5,1.0000,regular,felt,Felt,0.1250,1.2751,659.2550,1324.5210,1.6813,3.3779,-6.3706,-25.3958,,0.0000,13.7827,13.7829,13.9682,0.0000,2.0985,1.2733,0.2605,0,3
piano_felt,76,E5,0.2780,corpus,felt,Felt,0.1250,2.3056,659.2550,1324.5210,3.0400,6.1077,-42.3652,-31.3239,3,-24.0451,-16.2880,-16.2894,-18.4668,-16.2880,-45.0207,0.0202,0.1316,0,3
piano_felt,76,E5,0.3030,corpus,felt,Felt,0.1250,2.2156,659.2550,1324.5210,2.9212,5.8691,-35.7145,-30.6719,3,-18.1743,-10.2832,-10.2813,-9.3518,-10.2832,-37.6154,0.0434,0.1419,0,3
piano_felt,76,E5,0.3130,corpus,felt,Felt,0.1250,2.1825,659.2550,1324.5210,2.8777,5.7816,-31.6255,-30.7396,3,-14.3816,-6.1249,-6.1257,-5.4770,-6.1249,-33.2432,0.0696,0.1408,0,3
piano_felt,76,E5,0.3280,corpus,felt,Felt,0.1250,2.1358,659.2550,1324.5210,2.8160,5.6577,-27.7186,-31.1509,3,-10.9039,-1.8079,-1.8080,-1.3041,-1.8079,-28.9308,0.1090,0.1343,0,3
piano_felt,76,E5,0.3380,corpus,felt,Felt,0.1250,2.1063,659.2550,1324.5210,2.7772,5.5797,-25.8341,-31.6301,3,-9.2962,0.5547,0.5554,1.0265,0.0000,-26.7861,0.1355,0.1271,0,3
piano_felt,76,E5,0.3630,corpus,felt,Felt,0.1250,2.0379,659.2550,1324.5210,2.6870,5.3985,-22.3945,-33.6322,3,-6.5189,5.9969,5.9972,6.4962,0.0000,-22.7271,0.2012,0.1009,0,3
piano_felt,76,E5,0.4020,corpus,felt,Felt,0.1250,1.9439,659.2550,1324.5210,2.5631,5.1495,-18.8780,-40.8026,3,-3.9621,16.6828,16.6854,17.7006,0.0000,-18.3243,0.3017,0.0442,0,3
piano_felt,76,E5,0.4270,corpus,felt,Felt,0.1250,1.8904,659.2550,1324.5210,2.4925,5.0077,-17.2501,-65.9569,3,-2.9091,39.5099,39.5010,44.8061,0.0000,-16.1723,0.3639,0.0039,0,3
piano_felt,76,E5,0.4370,corpus,felt,Felt,0.1250,1.8702,659.2550,1324.5210,2.4659,4.9544,-16.6884,-50.3383,3,-2.5697,28.3989,28.3996,26.1396,0.0000,-15.4097,0.3882,0.0148,0,3
piano_felt,76,E5,0.4520,corpus,felt,Felt,0.1250,1.8413,659.2550,1324.5210,2.4277,4.8776,-15.9218,-41.5314,3,-2.1287,20.3644,20.3645,19.5152,0.0000,-14.3495,0.4240,0.0407,0,3
piano_felt,76,E5,0.4620,corpus,felt,Felt,0.1250,1.8227,659.2550,1324.5210,2.4033,4.8285,-15.4544,-38.4678,3,-1.8735,17.7688,17.7692,17.1866,0.0000,-13.6923,0.4475,0.0578,0,3
piano_felt,76,E5,0.4870,corpus,felt,Felt,0.1250,1.7788,659.2550,1324.5210,2.3454,4.7122,-14.4123,-33.7212,3,-1.3464,14.0657,14.0655,13.7570,0.0000,-12.1924,0.5045,0.0999,0,3
piano_felt,77,F5,0.0500,regular,felt,Felt,0.1250,5.0291,698.4560,1404.0570,7.0253,14.1224,-61.7148,-46.1143,7,-28.0261,-20.8533,-20.8547,-35.2686,-20.8533,-79.2914,0.0022,0.0239,1,3
piano_felt,77,F5,0.0750,regular,felt,Felt,0.1250,4.1655,698.4560,1404.0570,5.8188,11.6972,-30.6896,-43.6815,5,-0.3565,7.7531,7.7552,7.9285,0.0000,-44.7217,0.0774,0.0317,0,3
piano_felt,77,F5,0.1000,regular,felt,Felt,0.1250,3.6443,698.4560,1404.0570,5.0907,10.2335,-44.8820,-40.9156,5,-16.9526,-9.2142,-9.2095,-10.8843,-9.2142,-56.4205,0.0151,0.0436,0,3
piano_felt,77,F5,0.1250,regular,felt,Felt,0.1250,3.2853,698.4560,1404.0570,4.5893,9.2256,-30.4657,-47.6920,5,-4.4183,11.9911,11.9905,13.2729,0.0000,-40.0588,0.0795,0.0200,0,3
piano_felt,77,F5,0.1500,regular,felt,Felt,0.1250,3.0184,698.4560,1404.0570,4.2165,8.4761,-25.0076,-39.7029,5,-0.5123,9.4554,9.4544,9.2137,0.0000,-33.0174,0.1489,0.0502,0,3
piano_felt,77,F5,0.1750,regular,felt,Felt,0.1250,2.8098,698.4560,1404.0570,3.9250,7.8902,-23.2312,-35.8727,3,-0.0604,7.4008,7.4011,7.4399,0.0000,-29.9021,0.1827,0.0779,0,3
piano_felt,77,F5,0.2000,regular,felt,Felt,0.1250,2.6407,698.4560,1404.0570,3.6889,7.4155,-23.0942,-38.9778,3,-1.0813,10.6448,10.6437,10.9627,0.0000,-28.6050,0.1857,0.0545,0,3
piano_felt,77,F5,0.2250,regular,felt,Felt,0.1250,2.5001,698.4560,1404.0570,3.4924,7.0206,-24.0970,-63.4965,3,-3.1150,34.1867,34.1846,68.7201,0.0000,-28.5856,0.1654,0.0032,1,3
piano_felt,77,F5,0.2500,regular,felt,Felt,0.1250,2.3806,698.4560,1404.0570,3.3255,6.6851,-26.2586,-39.2794,3,-6.2072,7.7762,7.7773,7.0721,0.0000,-29.8321,0.1290,0.0527,0,3
piano_felt,77,F5,0.2750,regular,felt,Felt,0.1250,2.2775,698.4560,1404.0570,3.1815,6.3955,-30.2208,-33.8165,3,-11.0192,-1.6486,-1.6477,-2.2581,-1.6486,-32.9668,0.0817,0.0988,0,3
piano_felt,77,F5,0.3000,regular,felt,Felt,0.1250,2.1873,698.4560,1404.0570,3.0554,6.1421,-39.6361,-31.5173,3,-21.2175,-13.3660,-13.3650,-14.9139,-13.3660,-41.6300,0.0276,0.1287,0,3
piano_felt,77,F5,0.3250,regular,felt,Felt,0.1250,2.1074,698.4560,1404.0570,2.9438,5.9178,-38.7933,-30.7074,3,-21.1017,-13.3254,-13.3234,-12.0725,-13.3254,-40.0849,0.0305,0.1413,0,3
piano_felt,77,F5,0.3500,regular,felt,Felt,0.1250,2.0361,698.4560,1404.0570,2.8442,5.7175,-29.3253,-30.9032,3,-12.3130,-3.6625,-3.6621,-3.1130,-3.6625,-29.9742,0.0906,0.1381,0,3
piano_felt,77,F5,0.3750,regular,felt,Felt,0.1250,1.9718,698.4560,1404.0570,2.7545,5.5371,-24.8654,-31.9758,3,-8.4916,1.8699,1.8700,2.3339,0.0000,-24.9151,0.1514,0.1221,0,3
piano_felt,77,F5,0.4000,regular,felt,Felt,0.1250,1.9136,698.4560,1404.0570,2.6731,5.3735,-21.9449,-34.0400,3,-6.1739,6.8553,6.8547,7.3695,0.0000,-21.4337,0.2120,0.0963,0,3
piano_felt,77,F5,0.4250,regular,felt,Felt,0.1250,1.8604,698.4560,1404.0570,2.5988,5.2242,-19.7929,-37.6405,3,-4.5936,12.6062,12.6078,13.3281,0.0000,-18.7555,0.2715,0.0636,0,3
piano_felt,77,F5,0.4500,regular,felt,Felt,0.1250,1.8116,698.4560,1404.0570,2.5307,5.0873,-18.1053,-45.2013,3,-3.4502,21.8598,21.8589,23.5576,0.0000,-16.5718,0.3298,0.0266,0,3
piano_felt,77,F5,0.4750,regular,felt,Felt,0.1250,1.7667,698.4560,1404.0570,2.4679,4.9611,-16.7294,-51.7430,3,-2.5939,29.7603,29.7615,27.1507,0.0000,-14.7261,0.3864,0.0126,0,3
piano_felt,77,F5,0.5000,regular,felt,Felt,0.1250,1.7251,698.4560,1404.0570,2.4098,4.8442,-15.5771,-39.3457,3,-1.9395,18.5239,18.5241,17.8736,0.0000,-13.1283,0.4412,0.0523,0,3
piano_felt,77,F5,0.5250,regular,felt,Felt,0.1250,1.6864,698.4560,1404.0570,2.3558,4.7356,-14.5930,-34.5037,3,-1.4334,14.6669,14.6672,14.3221,0.0000,-11.7205,0.4941,0.0913,0,3
piano_felt,77,F5,0.5500,regular,felt,Felt,0.1250,1.6503,698.4560,1404.0570,2.3054,4.6344,-13.7395,-31.5251,3,-1.0403,12.5428,12.5424,12.3228,0.0000,-10.4631,0.5451,0.1286,0,3
piano_felt,77,F5,0.5750,regular,felt,Felt,0.1250,1.6166,698.4560,1404.0570,2.2583,4.5396,-12.9904,-29.4348,3,-0.7352,11.2012,11.2015,11.0497,0.0000,-9.3277,0.5942,0.1636,0,3
piano_felt,77,F5,0.6000,regular,felt,Felt,0.1250,1.5850,698.4560,1404.0570,2.2140,4.4507,-12.3261,-27.8748,3,-0.5005,10.3054,10.3059,10.1980,0.0000,-8.2940,0.6414,0.1958,0,3
piano_felt,77,F5,0.6250,regular,felt,Felt,0.1250,1.5552,698.4560,1404.0570,2.1724,4.3671,-11.7322,-26.6718,3,-0.3226,9.6972,9.6969,9.6209,0.0000,-7.3454,0.6868,0.2249,0,3
piano_felt,77,F5,0.6500,regular,felt,Felt,0.1250,1.5271,698.4560,1404.0570,2.1332,4.2882,-11.1974,-25.7278,3,-0.1915,9.2879,9.2877,9.2358,0.0000,-6.4700,0.7304,0.2507,0,3
piano_felt,77,F5,0.6750,regular,felt,Felt,0.1250,1.5005,698.4560,1404.0570,2.0961,4.2137,-10.7128,-24.9816,3,-0.0994,9.0264,9.0261,8.9937,0.0000,-5.6576,0.7723,0.2732,0,3
piano_felt,77,F5,0.7000,regular,felt,Felt,0.1250,1.4754,698.4560,1404.0570,2.0610,4.1431,-10.2714,-24.3927,3,-0.0399,8.8787,8.8787,8.8623,0.0000,-4.9004,0.8126,0.2924,0,3
piano_felt,77,F5,0.7250,regular,felt,Felt,0.1250,1.4515,698.4560,1404.0570,2.0277,4.0761,-9.8673,-23.9325,3,-0.0082,8.8226,8.8227,8.8200,0.0000,-4.1915,0.8513,0.3083,0,3
piano_felt,77,F5,0.7500,regular,felt,Felt,0.1250,1.4288,698.4560,1404.0570,1.9960,4.0123,-9.4958,-23.5805,,0.0000,8.8423,8.8422,8.8520,0.0000,-3.5253,0.8885,0.3210,0,3
piano_felt,77,F5,0.7750,regular,felt,Felt,0.1250,1.4072,698.4560,1404.0570,1.9658,3.9517,-9.1529,-23.3215,,0.0000,8.9260,8.9260,8.9478,0.0000,-2.8977,0.9243,0.3308,0,3
piano_felt,77,F5,0.8000,regular,felt,Felt,0.1250,1.3866,698.4560,1404.0570,1.9370,3.8938,-8.8354,-23.1437,,0.0000,9.0657,9.0658,9.0989,0.0000,-2.3045,0.9587,0.3376,0,3
piano_felt,77,F5,0.8250,regular,felt,Felt,0.1250,1.3669,698.4560,1404.0570,1.9095,3.8385,-8.5404,-23.0386,,0.0000,9.2556,9.2556,9.2995,0.0000,-1.7422,0.9918,0.3417,0,3
piano_felt,77,F5,0.8500,regular,felt,Felt,0.1250,1.3481,698.4560,1404.0570,1.8832,3.7856,-8.2656,-22.9993,,0.0000,9.4911,9.4912,9.5455,0.0000,-1.2081,1.0237,0.3433,0,3
piano_felt,77,F5,0.8750,regular,felt,Felt,0.1250,1.3301,698.4560,1404.0570,1.8580,3.7350,-8.0088,-23.0209,,0.0000,9.7697,9.7696,9.8351,0.0000,-0.6995,1.0544,0.3424,0,3
piano_felt,77,F5,0.9000,regular,felt,Felt,0.1250,1.3128,698.4560,1404.0570,1.8338,3.6864,-7.7683,-23.0996,,0.0000,10.0887,10.0888,10.1649,0.0000,-0.2142,1.0840,0.3393,0,3
piano_felt,77,F5,0.9250,regular,felt,Felt,0.1250,1.2962,698.4560,1404.0570,1.8106,3.6398,-7.5426,-23.2330,,0.0000,10.4481,10.4480,10.5358,0.0000,0.2495,1.1126,0.3341,0,3
piano_felt,77,F5,0.9500,regular,felt,Felt,0.1250,1.2802,698.4560,1404.0570,1.7883,3.5949,-7.3302,-23.4195,,0.0000,10.8467,10.8469,10.9459,0.0000,0.6934,1.1401,0.3271,0,3
piano_felt,77,F5,0.9750,regular,felt,Felt,0.1250,1.2648,698.4560,1404.0570,1.7669,3.5518,-7.1301,-23.6587,,0.0000,11.2861,11.2862,11.3983,0.0000,1.1191,1.1667,0.3182,0,3
piano_felt,77,F5,1.0000,regular,felt,Felt,0.1250,1.2500,698.4560,1404.0570,1.7462,3.5103,-6.9412,-23.9508,,0.0000,11.7672,11.7673,11.8933,0.0000,1.5281,1.1924,0.3076,0,3
piano_felt,77,F5,0.2780,corpus,felt,Felt,0.1250,2.2661,698.4560,1404.0570,3.1655,6.3633,-30.9053,-33.4290,3,-11.8009,-2.7208,-2.7198,-3.3547,-2.7208,-33.5579,0.0755,0.1033,0,3
piano_felt,77,F5,0.3030,corpus,felt,Felt,0.1250,2.1772,698.4560,1404.0570,3.0413,6.1137,-42.0911,-31.3561,3,-23.7624,-15.9809,-15.9826,-18.0834,-15.9809,-43.9974,0.0208,0.1311,0,3
piano_felt,77,F5,0.3130,corpus,felt,Felt,0.1250,2.1446,698.4560,1404.0570,2.9958,6.0222,-61.5780,-30.9526,3,-43.5438,-31.2310,-31.2562,-26.1918,-31.2310,-58.5623,0.0038,0.1374,0,3
piano_felt,77,F5,0.3280,corpus,felt,Felt,0.1250,2.0984,698.4560,1404.0570,2.9313,5.8926,-36.9639,-30.6826,3,-19.3561,-11.5196,-11.5195,-10.4760,-11.5196,-38.1741,0.0376,0.1417,0,3
piano_felt,77,F5,0.3380,corpus,felt,Felt,0.1250,2.0693,698.4560,1404.0570,2.8907,5.8109,-32.6794,-30.6975,3,-15.3465,-7.2217,-7.2214,-6.5163,-7.2217,-33.6301,0.0616,0.1415,0,3
piano_felt,77,F5,0.3630,corpus,felt,Felt,0.1250,2.0018,698.4560,1404.0570,2.7964,5.6214,-26.7263,-31.3505,3,-10.0508,-0.6157,-0.6162,-0.1336,-0.6157,-27.0576,0.1222,0.1312,0,3
piano_felt,77,F5,0.4020,corpus,felt,Felt,0.1250,1.9091,698.4560,1404.0570,2.6669,5.3611,-21.7500,-34.2591,3,-6.0259,7.2686,7.2687,7.7908,0.0000,-21.1963,0.2167,0.0939,0,3
piano_felt,77,F5,0.4270,corpus,felt,Felt,0.1250,1.8564,698.4560,1404.0570,2.5932,5.2129,-19.6434,-38.0358,3,-4.4887,13.1537,13.1526,13.9078,0.0000,-18.5654,0.2762,0.0608,0,3
piano_felt,77,F5,0.4370,corpus,felt,Felt,0.1250,1.8365,698.4560,1404.0570,2.5654,5.1571,-18.9364,-40.4069,3,-4.0016,16.2325,16.2313,17.2061,0.0000,-17.6575,0.2997,0.0462,0,3
piano_felt,77,F5,0.4520,corpus,felt,Felt,0.1250,1.8079,698.4560,1404.0570,2.5255,5.0768,-17.9852,-46.2678,3,-3.3725,23.0482,23.0461,24.9840,0.0000,-16.4129,0.3344,0.0235,0,3
piano_felt,77,F5,0.4620,corpus,felt,Felt,0.1250,1.7896,698.4560,1404.0570,2.4999,5.0255,-17.4123,-55.6555,3,-3.0096,33.0061,33.0171,40.3823,0.0000,-15.6501,0.3571,0.0080,0,3
piano_felt,77,F5,0.4870,corpus,felt,Felt,0.1250,1.7463,698.4560,1404.0570,2.4395,4.9039,-16.1523,-43.7088,3,-2.2584,22.3094,22.3104,21.2146,0.0000,-13.9325,0.4129,0.0316,0,3
piano_felt,78,F#5,0.0500,regular,felt,Felt,0.1250,4.9596,739.9890,1488.4670,7.3401,14.7645,-40.3270,-55.5655,7,-5.8616,10.0001,9.9992,8.1270,0.0000,-57.8830,0.0255,0.0081,0,3
piano_felt,78,F#5,0.0750,regular,felt,Felt,0.1250,4.1046,739.9890,1488.4670,6.0748,12.2192,-31.1626,-43.9487,7,-0.0600,7.5475,7.5492,7.4078,0.0000,-45.1943,0.0733,0.0307,0,3
piano_felt,78,F#5,0.1000,regular,felt,Felt,0.1250,3.5890,739.9890,1488.4670,5.3116,10.6841,-35.2512,-47.5192,5,-6.5557,7.0271,7.0263,5.8912,0.0000,-46.7846,0.0458,0.0204,0,3
piano_felt,78,F#5,0.1250,regular,felt,Felt,0.1250,3.2340,739.9890,1488.4670,4.7863,9.6275,-36.4573,-40.8267,5,-9.6450,-0.8660,-0.8673,-0.0852,-0.8660,-46.0489,0.0399,0.0440,0,3
piano_felt,78,F#5,0.1500,regular,felt,Felt,0.1250,2.9702,739.9890,1488.4670,4.3959,8.8422,-27.0609,-49.9572,5,-1.8005,17.6521,17.6528,16.5072,0.0000,-35.0700,0.1176,0.0154,0,3
piano_felt,78,F#5,0.1750,regular,felt,Felt,0.1250,2.7641,739.9890,1488.4670,4.0908,8.2285,-24.0257,-37.0555,5,-0.0886,7.7901,7.7893,7.6964,0.0000,-30.6964,0.1668,0.0680,0,3
piano_felt,78,F#5,0.2000,regular,felt,Felt,0.1250,2.5971,739.9890,1488.4670,3.8436,7.7314,-23.0456,-36.1810,3,-0.2646,7.8951,7.8952,7.9993,0.0000,-28.5565,0.1867,0.0752,0,3
piano_felt,78,F#5,0.2250,regular,felt,Felt,0.1250,2.4582,739.9890,1488.4670,3.6381,7.3179,-23.2390,-40.8077,3,-1.4865,12.3290,12.3291,12.7829,0.0000,-27.7268,0.1826,0.0442,0,3
piano_felt,78,F#5,0.2500,regular,felt,Felt,0.1250,2.3403,739.9890,1488.4670,3.4635,6.9668,-24.3623,-59.1964,3,-3.5376,29.5875,29.5768,25.3369,0.0000,-27.9355,0.1604,0.0053,0,3
piano_felt,78,F#5,0.2750,regular,felt,Felt,0.1250,2.2384,739.9890,1488.4670,3.3129,6.6637,-26.5015,-38.7019,3,-6.5233,6.9565,6.9570,6.2771,0.0000,-29.2467,0.1254,0.0563,0,3
piano_felt,78,F#5,0.3000,regular,felt,Felt,0.1250,2.1494,739.9890,1488.4670,3.1810,6.3985,-30.2390,-33.8550,3,-11.0401,-1.6270,-1.6274,-2.2395,-1.6270,-32.2291,0.0815,0.0983,0,3
piano_felt,78,F#5,0.3250,regular,felt,Felt,0.1250,2.0706,739.9890,1488.4670,3.0644,6.1639,-38.3908,-31.6540,3,-19.9150,-11.9811,-11.9825,-13.3154,-11.9811,-39.6865,0.0319,0.1267,0,3
piano_felt,78,F#5,0.3500,regular,felt,Felt,0.1250,2.0002,739.9890,1488.4670,2.9602,5.9544,-41.8930,-30.7674,3,-24.0924,-16.3591,-16.3608,-14.6542,-16.3591,-42.5348,0.0213,0.1403,0,3
piano_felt,78,F#5,0.3750,regular,felt,Felt,0.1250,1.9368,739.9890,1488.4670,2.8664,5.7658,-30.7944,-30.7707,3,-13.6279,-5.2633,-5.2633,-4.6561,-5.2633,-30.8427,0.0765,0.1403,0,3
piano_felt,78,F#5,0.4000,regular,felt,Felt,0.1250,1.8793,739.9890,1488.4670,2.7814,5.5947,-26.0240,-31.5229,3,-9.4558,0.2594,0.2586,0.7299,0.0000,-25.5125,0.1325,0.1286,0,3
piano_felt,78,F#5,0.4250,regular,felt,Felt,0.1250,1.8269,739.9890,1488.4670,2.7038,5.4386,-22.9632,-33.0549,3,-6.9618,4.8514,4.8513,5.3290,0.0000,-21.9260,0.1885,0.1078,0,3
piano_felt,78,F#5,0.4500,regular,felt,Felt,0.1250,1.7788,739.9890,1488.4670,2.6326,5.2955,-20.7255,-35.6219,3,-5.2633,9.6561,9.6563,10.2455,0.0000,-19.1919,0.2439,0.0802,0,3
piano_felt,78,F#5,0.4750,regular,felt,Felt,0.1250,1.7345,739.9890,1488.4670,2.5670,5.1635,-18.9768,-40.0867,3,-4.0290,15.8716,15.8707,16.8101,0.0000,-16.9734,0.2983,0.0480,0,3
piano_felt,78,F#5,0.5000,regular,felt,Felt,0.1250,1.6935,739.9890,1488.4670,2.5063,5.0414,-17.5530,-51.4951,3,-3.0975,28.7115,28.7098,32.5587,0.0000,-15.1041,0.3514,0.0129,0,3
piano_felt,78,F#5,0.5250,regular,felt,Felt,0.1250,1.6554,739.9890,1488.4670,2.4499,4.9279,-16.3610,-46.2812,3,-2.3780,24.6723,24.6731,23.2083,0.0000,-13.4883,0.4031,0.0235,0,3
piano_felt,78,F#5,0.5500,regular,felt,Felt,0.1250,1.6198,739.9890,1488.4670,2.3973,4.8221,-15.3426,-38.1346,3,-1.8142,17.5476,17.5481,16.9868,0.0000,-12.0662,0.4532,0.0601,0,3
piano_felt,78,F#5,0.5750,regular,felt,Felt,0.1250,1.5866,739.9890,1488.4670,2.3481,4.7231,-14.4589,-34.0772,3,-1.3687,14.3750,14.3751,14.0504,0.0000,-10.7962,0.5018,0.0959,0,3
piano_felt,78,F#5,0.6000,regular,felt,Felt,0.1250,1.5554,739.9890,1488.4670,2.3019,4.6302,-13.6825,-31.4217,3,-1.0157,12.4965,12.4963,12.2799,0.0000,-9.6503,0.5487,0.1302,0,3
piano_felt,78,F#5,0.6250,regular,felt,Felt,0.1250,1.5260,739.9890,1488.4670,2.2585,4.5428,-12.9935,-29.4977,3,-0.7364,11.2619,11.2614,11.1083,0.0000,-8.6067,0.5940,0.1624,0,3
piano_felt,78,F#5,0.6500,regular,felt,Felt,0.1250,1.4983,739.9890,1488.4670,2.2175,4.4604,-12.3769,-28.0301,3,-0.5171,10.4105,10.4105,10.2988,0.0000,-7.6494,0.6377,0.1923,0,3
piano_felt,78,F#5,0.6750,regular,felt,Felt,0.1250,1.4722,739.9890,1488.4670,2.1788,4.3826,-11.8211,-26.8778,3,-0.3471,9.8143,9.8141,9.7331,0.0000,-6.7658,0.6798,0.2196,0,3
piano_felt,78,F#5,0.7000,regular,felt,Felt,0.1250,1.4474,739.9890,1488.4670,2.1421,4.3088,-11.3170,-25.9582,3,-0.2183,9.3987,9.3987,9.3406,0.0000,-5.9458,0.7205,0.2442,0,3
piano_felt,78,F#5,0.7250,regular,felt,Felt,0.1250,1.4239,739.9890,1488.4670,2.1073,4.2388,-10.8573,-25.2187,3,-0.1240,9.1186,9.1188,9.0794,0.0000,-5.1815,0.7596,0.2659,0,3
piano_felt,78,F#5,0.7500,regular,felt,Felt,0.1250,1.4015,739.9890,1488.4670,2.0743,4.1723,-10.4362,-24.6233,3,-0.0592,8.9447,8.9446,8.9217,0.0000,-4.4657,0.7974,0.2847,0,3
piano_felt,78,F#5,0.7750,regular,felt,Felt,0.1250,1.3803,739.9890,1488.4670,2.0428,4.1089,-10.0486,-24.1467,3,-0.0196,8.8556,8.8556,8.8466,0.0000,-3.7934,0.8337,0.3008,0,3
piano_felt,78,F#5,0.8000,regular,felt,Felt,0.1250,1.3600,739.9890,1488.4670,2.0127,4.0485,-9.6906,-23.7703,3,-0.0017,8.8372,8.8372,8.8399,0.0000,-3.1596,0.8688,0.3141,0,3
piano_felt,78,F#5,0.8250,regular,felt,Felt,0.1250,1.3406,739.9890,1488.4670,1.9840,3.9908,-9.3588,-23.4800,,0.0000,8.8788,8.8788,8.8931,0.0000,-2.5606,0.9026,0.3248,0,3
piano_felt,78,F#5,0.8500,regular,felt,Felt,0.1250,1.3220,739.9890,1488.4670,1.9566,3.9356,-9.0503,-23.2652,,0.0000,8.9723,8.9725,8.9973,0.0000,-1.9928,0.9353,0.3329,0,3
piano_felt,78,F#5,0.8750,regular,felt,Felt,0.1250,1.3043,739.9890,1488.4670,1.9303,3.8827,-8.7626,-23.1175,,0.0000,9.1125,9.1124,9.1479,0.0000,-1.4534,0.9668,0.3386,0,3
piano_felt,78,F#5,0.9000,regular,felt,Felt,0.1250,1.2872,739.9890,1488.4670,1.9051,3.8320,-8.4937,-23.0304,,0.0000,9.2944,9.2943,9.3397,0.0000,-0.9398,0.9972,0.3420,0,3
piano_felt,78,F#5,0.9250,regular,felt,Felt,0.1250,1.2709,739.9890,1488.4670,1.8809,3.7833,-8.2416,-22.9990,,0.0000,9.5151,9.5150,9.5700,0.0000,-0.4496,1.0265,0.3433,0,3
piano_felt,78,F#5,0.9500,regular,felt,Felt,0.1250,1.2552,739.9890,1488.4670,1.8576,3.7365,-8.0049,-23.0193,,0.0000,9.7719,9.7721,9.8368,0.0000,0.0188,1.0549,0.3425,0,3
piano_felt,78,F#5,0.9750,regular,felt,Felt,0.1250,1.2400,739.9890,1488.4670,1.8352,3.6915,-7.7820,-23.0886,,0.0000,10.0642,10.0642,10.1390,0.0000,0.4672,1.0823,0.3397,0,3
piano_felt,78,F#5,1.0000,regular,felt,Felt,0.1250,1.2255,739.9890,1488.4670,1.8137,3.6481,-7.5719,-23.2047,,0.0000,10.3904,10.3905,10.4761,0.0000,0.8973,1.1088,0.3352,0,3
piano_felt,78,F#5,0.2780,corpus,felt,Felt,0.1250,2.2271,739.9890,1488.4670,3.2961,6.6301,-26.8451,-37.8701,3,-6.9637,5.7825,5.7817,5.1374,0.0000,-29.4958,0.1205,0.0620,0,3
piano_felt,78,F#5,0.3030,corpus,felt,Felt,0.1250,2.1394,739.9890,1488.4670,3.1663,6.3689,-30.8686,-33.4939,3,-11.7592,-2.6171,-2.6182,-3.2532,-2.6171,-32.7720,0.0759,0.1025,0,3
piano_felt,78,F#5,0.3130,corpus,felt,Felt,0.1250,2.1072,739.9890,1488.4670,3.1187,6.2731,-33.4573,-32.5010,3,-14.6408,-6.2008,-6.2003,-6.9843,-6.2008,-35.0805,0.0563,0.1149,0,3
piano_felt,78,F#5,0.3280,corpus,felt,Felt,0.1250,2.0617,739.9890,1488.4670,3.0513,6.1376,-40.2794,-31.4906,3,-21.8870,-14.0347,-14.0355,-15.7058,-14.0347,-41.4974,0.0257,0.1291,0,3
piano_felt,78,F#5,0.3380,corpus,felt,Felt,0.1250,2.0330,739.9890,1488.4670,3.0088,6.0522,-55.2873,-31.0652,3,-37.1681,-29.5041,-29.4928,-67.1530,-29.5041,-56.2805,0.0045,0.1356,1,3
piano_felt,78,F#5,0.3630,corpus,felt,Felt,0.1250,1.9664,739.9890,1488.4670,2.9103,5.8539,-34.5144,-30.6713,3,-17.0483,-9.0822,-9.0818,-8.2540,-9.0822,-34.8451,0.0499,0.1419,0,3
piano_felt,78,F#5,0.4020,corpus,felt,Felt,0.1250,1.8750,739.9890,1488.4670,2.7749,5.5817,-25.7347,-31.6152,3,-9.2129,0.6398,0.6402,1.1075,0.0000,-25.1804,0.1370,0.1273,0,3
piano_felt,78,F#5,0.4270,corpus,felt,Felt,0.1250,1.8229,739.9890,1488.4670,2.6979,5.4267,-22.7601,-33.2165,3,-6.8028,5.2168,5.2160,5.7003,0.0000,-21.6816,0.1930,0.1058,0,3
piano_felt,78,F#5,0.4370,corpus,felt,Felt,0.1250,1.8033,739.9890,1488.4670,2.6689,5.3684,-21.8130,-34.1282,3,-6.0737,7.0737,7.0749,7.5903,0.0000,-20.5339,0.2152,0.0953,0,3
piano_felt,78,F#5,0.4520,corpus,felt,Felt,0.1250,1.7752,739.9890,1488.4670,2.6272,5.2845,-20.5705,-35.8896,3,-5.1503,10.0796,10.0790,10.6834,0.0000,-18.9980,0.2483,0.0778,0,3
piano_felt,78,F#5,0.4620,corpus,felt,Felt,0.1250,1.7571,739.9890,1488.4670,2.6005,5.2308,-19.8375,-37.4219,3,-4.6251,12.3428,12.3445,13.0478,0.0000,-18.0754,0.2701,0.0652,0,3
piano_felt,78,F#5,0.4870,corpus,felt,Felt,0.1250,1.7144,739.9890,1488.4670,2.5373,5.1038,-18.2596,-43.7702,3,-3.5508,20.2737,20.2727,21.7044,0.0000,-16.0399,0.3240,0.0314,0,3
piano_felt,79,G5,0.0500,regular,felt,Felt,0.1250,4.8909,783.9910,1578.0690,7.6689,15.4364,-36.4724,-51.4765,7,-1.2321,9.7748,9.7733,10.3716,0.0000,-54.0273,0.0398,0.0129,0,3
piano_felt,79,G5,0.0750,regular,felt,Felt,0.1250,4.0445,783.9910,1578.0690,6.3417,12.7651,-33.1863,-53.0447,7,-1.3166,14.6136,14.6192,13.5558,0.0000,-47.2167,0.0581,0.0108,0,3
piano_felt,79,G5,0.1000,regular,felt,Felt,0.1250,3.5344,783.9910,1578.0690,5.5419,11.1551,-31.9336,-54.1811,5,-2.4748,17.0062,17.0145,18.7860,0.0000,-43.4668,0.0671,0.0095,0,3
piano_felt,79,G5,0.1250,regular,felt,Felt,0.1250,3.1835,783.9910,1578.0690,4.9916,10.0475,-65.1998,-40.0200,5,-37.6259,-26.9569,-26.9787,-21.7454,-26.9569,-71.3326,0.0022,0.0483,1,3
piano_felt,79,G5,0.1500,regular,felt,Felt,0.1250,2.9228,783.9910,1578.0690,4.5828,9.2247,-30.3241,-47.7234,5,-4.3024,12.1625,12.1636,13.4376,0.0000,-38.3342,0.0808,0.0199,0,3
piano_felt,79,G5,0.1750,regular,felt,Felt,0.1250,2.7191,783.9910,1578.0690,4.2635,8.5818,-25.4650,-41.5076,5,-0.7660,10.8030,10.8018,10.4558,0.0000,-32.1358,0.1413,0.0407,0,3
piano_felt,79,G5,0.2000,regular,felt,Felt,0.1250,2.5541,783.9910,1578.0690,4.0048,8.0612,-23.5445,-36.1615,5,-0.0003,7.3778,7.3767,7.3532,0.0000,-29.0553,0.1763,0.0754,0,3
piano_felt,79,G5,0.2250,regular,felt,Felt,0.1250,2.4170,783.9910,1578.0690,3.7898,7.6283,-23.0001,-36.7197,3,-0.4825,8.4804,8.4795,8.6339,0.0000,-27.4875,0.1877,0.0707,0,3
piano_felt,79,G5,0.2500,regular,felt,Felt,0.1250,2.3005,783.9910,1578.0690,3.6072,7.2608,-23.3626,-42.2688,3,-1.7704,13.6648,13.6672,14.2499,0.0000,-26.9353,0.1800,0.0373,0,3
piano_felt,79,G5,0.2750,regular,felt,Felt,0.1250,2.2000,783.9910,1578.0690,3.4496,6.9436,-24.5036,-54.5489,3,-3.7552,24.7931,24.7946,22.0188,0.0000,-27.2490,0.1578,0.0091,0,3
piano_felt,79,G5,0.3000,regular,felt,Felt,0.1250,2.1121,783.9910,1578.0690,3.3118,6.6662,-26.5226,-38.7666,3,-6.5505,7.0007,7.0007,6.3173,0.0000,-28.5117,0.1251,0.0559,0,3
piano_felt,79,G5,0.3250,regular,felt,Felt,0.1250,2.0344,783.9910,1578.0690,3.1899,6.4208,-29.8904,-34.1440,3,-10.6381,-0.9902,-0.9896,-1.5948,-0.9902,-31.1862,0.0849,0.0951,0,3
piano_felt,79,G5,0.3500,regular,felt,Felt,0.1250,1.9649,783.9910,1578.0690,3.0810,6.2016,-36.5142,-31.9143,3,-17.9335,-9.8443,-9.8447,-10.9169,-9.8443,-37.1669,0.0396,0.1230,0,3
piano_felt,79,G5,0.3750,regular,felt,Felt,0.1250,1.9024,783.9910,1578.0690,2.9830,6.0043,-49.3982,-30.8943,3,-31.4478,-23.7213,-23.7302,-20.1836,-23.7213,-49.4249,0.0090,0.1383,0,3
piano_felt,79,G5,0.4000,regular,felt,Felt,0.1250,1.8457,783.9910,1578.0690,2.8941,5.8254,-32.9750,-30.6841,3,-15.6188,-7.5300,-7.5299,-6.8088,-7.5300,-32.4626,0.0595,0.1417,0,3
piano_felt,79,G5,0.4250,regular,felt,Felt,0.1250,1.7940,783.9910,1578.0690,2.8130,5.6622,-27.5605,-31.1288,3,-10.7670,-1.6713,-1.6716,-1.1763,-1.6713,-26.5226,0.1110,0.1346,0,3
piano_felt,79,G5,0.4500,regular,felt,Felt,0.1250,1.7466,783.9910,1578.0690,2.7387,5.5126,-24.2379,-32.2056,3,-7.9792,2.7269,2.7275,3.1866,0.0000,-22.7037,0.1628,0.1189,0,3
piano_felt,79,G5,0.4750,regular,felt,Felt,0.1250,1.7029,783.9910,1578.0690,2.6702,5.3747,-21.8523,-34.0202,3,-6.1035,6.9276,6.9278,7.4376,0.0000,-19.8489,0.2142,0.0965,0,3
piano_felt,79,G5,0.5000,regular,felt,Felt,0.1250,1.6625,783.9910,1578.0690,2.6067,5.2470,-20.0046,-36.9177,3,-4.7435,11.6728,11.6733,12.3423,0.0000,-17.5557,0.2650,0.0691,0,3
piano_felt,79,G5,0.5250,regular,felt,Felt,0.1250,1.6249,783.9910,1578.0690,2.5478,5.1284,-18.5077,-42.0283,3,-3.7142,18.2794,18.2821,19.4476,0.0000,-15.6353,0.3148,0.0384,0,3
piano_felt,79,G5,0.5500,regular,felt,Felt,0.1250,1.5899,783.9910,1578.0690,2.4929,5.0178,-17.2580,-58.7393,3,-2.9140,36.2630,36.2613,50.9421,0.0000,-13.9815,0.3635,0.0056,1,3
piano_felt,79,G5,0.5750,regular,felt,Felt,0.1250,1.5571,783.9910,1578.0690,2.4415,4.9144,-16.1920,-44.7407,3,-2.2810,23.3033,23.3027,22.0699,0.0000,-12.5292,0.4110,0.0281,0,3
piano_felt,79,G5,0.6000,regular,felt,Felt,0.1250,1.5263,783.9910,1578.0690,2.3933,4.8173,-15.2677,-37.8922,3,-1.7747,17.3818,17.3808,16.8393,0.0000,-11.2354,0.4572,0.0618,0,3
piano_felt,79,G5,0.6250,regular,felt,Felt,0.1250,1.4974,783.9910,1578.0690,2.3479,4.7260,-14.4559,-34.1751,3,-1.3673,14.4761,14.4761,14.1464,0.0000,-10.0692,0.5020,0.0948,0,3
piano_felt,79,G5,0.6500,regular,felt,Felt,0.1250,1.4701,783.9910,1578.0690,2.3051,4.6400,-13.7355,-31.6659,3,-1.0385,12.6879,12.6876,12.4622,0.0000,-9.0079,0.5454,0.1266,0,3
piano_felt,79,G5,0.6750,regular,felt,Felt,0.1250,1.4444,783.9910,1578.0690,2.2647,4.5586,-13.0907,-29.8135,3,-0.7737,11.4799,11.4802,11.3168,0.0000,-8.0354,0.5874,0.1567,0,3
piano_felt,79,G5,0.7000,regular,felt,Felt,0.1250,1.4200,783.9910,1578.0690,2.2265,4.4816,-12.5092,-28.3797,3,-0.5616,10.6277,10.6279,10.5063,0.0000,-7.1382,0.6280,0.1848,0,3
piano_felt,79,G5,0.7250,regular,felt,Felt,0.1250,1.3968,783.9910,1578.0690,2.1901,4.4085,-11.9816,-27.2388,3,-0.3934,10.0147,10.0147,9.9244,0.0000,-6.3056,0.6674,0.2107,0,3
piano_felt,79,G5,0.7500,regular,felt,Felt,0.1250,1.3748,783.9910,1578.0690,2.1556,4.3390,-11.5002,-26.3159,3,-0.2622,9.5731,9.5732,9.5059,0.0000,-5.5298,0.7054,0.2343,0,3
piano_felt,79,G5,0.7750,regular,felt,Felt,0.1250,1.3538,783.9910,1578.0690,2.1228,4.2728,-11.0590,-25.5626,3,-0.1625,9.2610,9.2613,9.2131,0.0000,-4.8038,0.7422,0.2555,0,3
piano_felt,79,G5,0.8000,regular,felt,Felt,0.1250,1.3338,783.9910,1578.0690,2.0914,4.2097,-10.6527,-24.9458,3,-0.0898,9.0504,9.0507,9.0185,0.0000,-4.1217,0.7777,0.2743,0,3
piano_felt,79,G5,0.8250,regular,felt,Felt,0.1250,1.3147,783.9910,1578.0690,2.0615,4.1495,-10.2772,-24.4415,3,-0.0405,8.9218,8.9219,8.9034,0.0000,-3.4791,0.8121,0.2907,0,3
piano_felt,79,G5,0.8500,regular,felt,Felt,0.1250,1.2965,783.9910,1578.0690,2.0328,4.0918,-9.9290,-24.0323,3,-0.0116,8.8611,8.8609,8.8551,0.0000,-2.8714,0.8453,0.3048,0,3
piano_felt,79,G5,0.8750,regular,felt,Felt,0.1250,1.2790,783.9910,1578.0690,2.0054,4.0366,-9.6051,-23.7048,3,-0.0003,8.8574,8.8574,8.8622,0.0000,-2.2958,0.8774,0.3165,0,3
piano_felt,79,G5,0.9000,regular,felt,Felt,0.1250,1.2622,783.9910,1578.0690,1.9791,3.9837,-9.3029,-23.4488,,0.0000,8.9036,8.9036,8.9193,0.0000,-1.7487,0.9085,0.3259,0,3
piano_felt,79,G5,0.9250,regular,felt,Felt,0.1250,1.2461,783.9910,1578.0690,1.9538,3.9328,-9.0202,-23.2561,,0.0000,8.9939,8.9936,9.0193,0.0000,-1.2281,0.9385,0.3332,0,3
piano_felt,79,G5,0.9500,regular,felt,Felt,0.1250,1.2306,783.9910,1578.0690,1.9296,3.8840,-8.7551,-23.1204,,0.0000,9.1232,9.1230,9.1577,0.0000,-0.7314,0.9676,0.3385,0,3
piano_felt,79,G5,0.9750,regular,felt,Felt,0.1250,1.2157,783.9910,1578.0690,1.9062,3.8370,-8.5060,-23.0366,,0.0000,9.2882,9.2883,9.3321,0.0000,-0.2567,0.9958,0.3418,0,3
piano_felt,79,G5,1.0000,regular,felt,Felt,0.1250,1.2014,783.9910,1578.0690,1.8838,3.7917,-8.2714,-23.0007,,0.0000,9.4872,9.4870,9.5407,0.0000,0.1979,1.0230,0.3432,0,3
piano_felt,79,G5,0.2780,corpus,felt,Felt,0.1250,2.1889,783.9910,1578.0690,3.4321,6.9084,-24.6949,-50.2618,3,-4.0429,20.3209,20.3198,18.4678,0.0000,-27.3462,0.1544,0.0149,0,3
piano_felt,79,G5,0.3030,corpus,felt,Felt,0.1250,2.1023,783.9910,1578.0690,3.2964,6.6352,-26.8396,-37.9911,3,-6.9567,5.9083,5.9083,5.2586,0.0000,-28.7435,0.1206,0.0611,0,3
piano_felt,79,G5,0.3130,corpus,felt,Felt,0.1250,2.0706,783.9910,1578.0690,3.2466,6.5350,-28.0474,-35.9186,3,-8.4561,2.6269,2.6281,2.0321,0.0000,-29.6695,0.1050,0.0776,0,3
piano_felt,79,G5,0.3280,corpus,felt,Felt,0.1250,2.0256,783.9910,1578.0690,3.1762,6.3932,-30.4402,-33.7874,3,-11.2709,-1.8962,-1.8960,-2.5167,-1.8962,-31.6555,0.0797,0.0991,0,3
piano_felt,79,G5,0.3380,corpus,felt,Felt,0.1250,1.9973,783.9910,1578.0690,3.1318,6.3038,-32.6412,-32.7920,3,-13.7437,-5.0928,-5.0929,-5.8185,-5.0928,-33.5963,0.0618,0.1111,0,3
piano_felt,79,G5,0.3630,corpus,felt,Felt,0.1250,1.9316,783.9910,1578.0690,3.0288,6.0965,-45.1498,-31.2665,3,-26.9017,-19.1388,-19.1339,-22.3081,-19.1388,-45.4970,0.0146,0.1325,0,3
piano_felt,79,G5,0.4020,corpus,felt,Felt,0.1250,1.8414,783.9910,1578.0690,2.8873,5.8118,-32.3970,-30.6966,3,-15.0870,-6.9387,-6.9395,-6.2507,-6.9387,-31.8409,0.0636,0.1415,0,3
piano_felt,79,G5,0.4270,corpus,felt,Felt,0.1250,1.7901,783.9910,1578.0690,2.8068,5.6498,-27.2426,-31.1913,3,-10.4929,-1.2918,-1.2914,-0.8041,-1.2918,-26.1639,0.1152,0.1336,0,3
piano_felt,79,G5,0.4370,corpus,felt,Felt,0.1250,1.7708,783.9910,1578.0690,2.7766,5.5888,-25.8067,-31.5638,3,-9.2732,0.5169,0.5170,0.9819,0.0000,-24.5273,0.1359,0.1280,0,3
piano_felt,79,G5,0.4520,corpus,felt,Felt,0.1250,1.7430,783.9910,1578.0690,2.7330,5.5011,-24.0201,-32.3211,3,-7.8031,3.0607,3.0607,3.5226,0.0000,-22.4476,0.1669,0.1173,0,3
piano_felt,79,G5,0.4620,corpus,felt,Felt,0.1250,1.7252,783.9910,1578.0690,2.7051,5.4450,-23.0081,-32.9714,3,-6.9971,4.7229,4.7231,5.1973,0.0000,-21.2453,0.1875,0.1089,0,3
piano_felt,79,G5,0.4870,corpus,felt,Felt,0.1250,1.6831,783.9910,1578.0690,2.6391,5.3122,-20.9126,-35.2379,3,-5.4005,9.0846,9.0853,9.6517,0.0000,-18.6927,0.2387,0.0839,0,3
piano_felt,80,G#5,0.0500,regular,felt,Felt,0.1250,4.8230,830.6090,1673.2030,8.0120,16.1397,-36.0149,-48.4931,9,-0.0016,7.2443,7.2466,7.1180,0.0000,-53.5701,0.0419,0.0182,0,3
piano_felt,80,G#5,0.0750,regular,felt,Felt,0.1250,3.9852,830.6090,1673.2030,6.6203,13.3361,-37.6442,-50.9081,7,-5.0096,8.0391,8.0327,9.3658,0.0000,-51.6747,0.0348,0.0138,0,3
piano_felt,80,G#5,0.1000,regular,felt,Felt,0.1250,3.4806,830.6090,1673.2030,5.7820,11.6475,-30.7388,-43.9906,5,-0.5193,8.0143,8.0155,8.2244,0.0000,-42.2713,0.0770,0.0306,0,3
piano_felt,80,G#5,0.1250,regular,felt,Felt,0.1250,3.1336,830.6090,1673.2030,5.2057,10.4865,-38.2982,-43.5752,5,-9.9657,0.0351,0.0361,-0.9797,0.0000,-47.8939,0.0322,0.0321,0,3
piano_felt,80,G#5,0.1500,regular,felt,Felt,0.1250,2.8760,830.6090,1673.2030,4.7777,9.6243,-36.0940,-40.8503,5,-9.3145,-0.4775,-0.4803,0.2809,-0.4775,-44.1005,0.0416,0.0439,0,3
piano_felt,80,G#5,0.1750,regular,felt,Felt,0.1250,2.6748,830.6090,1673.2030,4.4434,8.9508,-27.7594,-60.2155,5,-2.3024,27.2122,27.2038,23.7237,0.0000,-34.4298,0.1085,0.0047,0,3
piano_felt,80,G#5,0.2000,regular,felt,Felt,0.1250,2.5119,830.6090,1673.2030,4.1727,8.4057,-24.6268,-38.7567,5,-0.3237,8.8900,8.8895,8.6989,0.0000,-30.1381,0.1556,0.0559,0,3
piano_felt,80,G#5,0.2250,regular,felt,Felt,0.1250,2.3764,830.6090,1673.2030,3.9477,7.9524,-23.3072,-35.9058,3,-0.0293,7.3584,7.3585,7.3734,0.0000,-27.7951,0.1812,0.0776,0,3
piano_felt,80,G#5,0.2500,regular,felt,Felt,0.1250,2.2615,830.6090,1673.2030,3.7568,7.5678,-23.0043,-37.1835,3,-0.6500,8.9406,8.9394,9.1272,0.0000,-26.5765,0.1876,0.0670,0,3
piano_felt,80,G#5,0.2750,regular,felt,Felt,0.1250,2.1623,830.6090,1673.2030,3.5920,7.2358,-23.4339,-43.0370,3,-1.9212,14.3644,14.3643,15.0251,0.0000,-26.1786,0.1785,0.0342,0,3
piano_felt,80,G#5,0.3000,regular,felt,Felt,0.1250,2.0755,830.6090,1673.2030,3.4479,6.9455,-24.5218,-54.8527,3,-3.7829,25.0763,25.0801,22.2121,0.0000,-26.5114,0.1575,0.0088,0,3
piano_felt,80,G#5,0.3250,regular,felt,Felt,0.1250,1.9988,830.6090,1673.2030,3.3204,6.6888,-26.3546,-39.3827,3,-6.3327,7.7852,7.7849,7.0708,0.0000,-27.6487,0.1275,0.0520,0,3
piano_felt,80,G#5,0.3500,regular,felt,Felt,0.1250,1.9303,830.6090,1673.2030,3.2066,6.4595,-29.2799,-34.6893,3,-9.9266,0.1666,0.1665,-0.4289,0.0000,-29.9311,0.0911,0.0893,0,3
piano_felt,80,G#5,0.3750,regular,felt,Felt,0.1250,1.8686,830.6090,1673.2030,3.1042,6.2532,-34.4857,-32.3248,3,-15.7594,-7.4066,-7.4047,-8.2733,-7.4066,-34.5400,0.0500,0.1173,0,3
piano_felt,80,G#5,0.4000,regular,felt,Felt,0.1250,1.8127,830.6090,1673.2030,3.0113,6.0661,-53.1244,-31.1241,3,-34.9889,-27.2572,-27.2632,-39.8630,-27.2572,-52.6305,0.0058,0.1347,1,3
piano_felt,80,G#5,0.4250,regular,felt,Felt,0.1250,1.7617,830.6090,1673.2030,2.9266,5.8955,-36.3639,-30.6848,3,-18.7875,-10.9167,-10.9172,-9.9331,-10.9167,-35.3240,0.0403,0.1417,0,3
piano_felt,80,G#5,0.4500,regular,felt,Felt,0.1250,1.7150,830.6090,1673.2030,2.8490,5.7390,-29.6233,-30.8369,3,-12.5778,-4.0257,-4.0260,-3.4730,-4.0257,-28.0886,0.0876,0.1392,0,3
piano_felt,80,G#5,0.4750,regular,felt,Felt,0.1250,1.6719,830.6090,1673.2030,2.7774,5.5949,-25.8441,-31.5218,3,-9.3046,0.4378,0.4376,0.9016,0.0000,-23.8402,0.1353,0.1286,0,3
piano_felt,80,G#5,0.5000,regular,felt,Felt,0.1250,1.6320,830.6090,1673.2030,2.7112,5.4614,-23.2204,-32.7658,3,-7.1644,4.3056,4.3053,4.7722,0.0000,-20.7711,0.1830,0.1115,0,3
piano_felt,80,G#5,0.5250,regular,felt,Felt,0.1250,1.5950,830.6090,1673.2030,2.6496,5.3375,-21.2224,-34.7067,3,-5.6298,8.2446,8.2443,8.7850,0.0000,-18.3498,0.2303,0.0892,0,3
piano_felt,80,G#5,0.5500,regular,felt,Felt,0.1250,1.5604,830.6090,1673.2030,2.5922,5.2219,-19.6193,-37.7201,3,-4.4718,12.8620,12.8612,13.5855,0.0000,-16.3425,0.2770,0.0630,0,3
piano_felt,80,G#5,0.5750,regular,felt,Felt,0.1250,1.5281,830.6090,1673.2030,2.5386,5.1138,-18.2889,-43.0129,3,-3.5699,19.4873,19.4860,20.7915,0.0000,-14.6261,0.3229,0.0343,0,3
piano_felt,80,G#5,0.6000,regular,felt,Felt,0.1250,1.4978,830.6090,1673.2030,2.4882,5.0124,-17.1584,-61.8667,3,-2.8528,38.5811,38.5737,55.0731,0.0000,-13.1262,0.3677,0.0043,1,3
piano_felt,80,G#5,0.6250,regular,felt,Felt,0.1250,1.4693,830.6090,1673.2030,2.4409,4.9170,-16.1807,-45.0237,3,-2.2746,23.5971,23.5969,22.3220,0.0000,-11.7939,0.4115,0.0272,0,3
piano_felt,80,G#5,0.6500,regular,felt,Felt,0.1250,1.4425,830.6090,1673.2030,2.3963,4.8271,-15.3234,-38.3951,3,-1.8040,17.8283,17.8280,17.2497,0.0000,-10.5956,0.4543,0.0583,0,3
piano_felt,80,G#5,0.6750,regular,felt,Felt,0.1250,1.4171,830.6090,1673.2030,2.3541,4.7421,-14.5634,-34.7321,3,-1.4190,14.9258,14.9256,14.5677,0.0000,-9.5081,0.4958,0.0889,0,3
piano_felt,80,G#5,0.7000,regular,felt,Felt,0.1250,1.3930,830.6090,1673.2030,2.3141,4.6617,-13.8835,-32.2357,3,-1.1034,13.1092,13.1094,12.8615,0.0000,-8.5123,0.5362,0.1185,0,3
piano_felt,80,G#5,0.7250,regular,felt,Felt,0.1250,1.3702,830.6090,1673.2030,2.2762,4.5853,-13.2708,-30.3778,3,-0.8447,11.8646,11.8644,11.6830,0.0000,-7.5947,0.5753,0.1468,0,3
piano_felt,80,G#5,0.7500,regular,felt,Felt,0.1250,1.3485,830.6090,1673.2030,2.2402,4.5127,-12.7149,-28.9279,3,-0.6335,10.9708,10.9705,10.8332,0.0000,-6.7445,0.6134,0.1734,0,3
piano_felt,80,G#5,0.7750,regular,felt,Felt,0.1250,1.3279,830.6090,1673.2030,2.2059,4.4436,-12.2077,-27.7638,3,-0.4625,10.3137,10.3137,10.2081,0.0000,-5.9525,0.6502,0.1983,0,3
piano_felt,80,G#5,0.8000,regular,felt,Felt,0.1250,1.3082,830.6090,1673.2030,2.1732,4.3777,-11.7428,-26.8127,3,-0.3255,9.8276,9.8276,9.7479,0.0000,-5.2117,0.6860,0.2213,0,3
piano_felt,80,G#5,0.8250,regular,felt,Felt,0.1250,1.2894,830.6090,1673.2030,2.1419,4.3148,-11.3146,-26.0272,3,-0.2177,9.4703,9.4702,9.4102,0.0000,-4.5164,0.7207,0.2422,0,3
piano_felt,80,G#5,0.8500,regular,felt,Felt,0.1250,1.2714,830.6090,1673.2030,2.1121,4.2546,-10.9189,-25.3748,3,-0.1353,9.2136,9.2137,9.1698,0.0000,-3.8612,0.7543,0.2611,0,3
piano_felt,80,G#5,0.8750,regular,felt,Felt,0.1250,1.2542,830.6090,1673.2030,2.0835,4.1970,-10.5518,-24.8323,3,-0.0748,9.0383,9.0383,9.0092,0.0000,-3.2426,0.7868,0.2779,0,3
piano_felt,80,G#5,0.9000,regular,felt,Felt,0.1250,1.2377,830.6090,1673.2030,2.0560,4.1417,-10.2102,-24.3824,3,-0.0337,8.9299,8.9300,8.9134,0.0000,-2.6562,0.8184,0.2927,0,3
piano_felt,80,G#5,0.9250,regular,felt,Felt,0.1250,1.2218,830.6090,1673.2030,2.0297,4.0886,-9.8914,-24.0118,3,-0.0094,8.8785,8.8782,8.8729,0.0000,-2.0993,0.8490,0.3055,0,3
piano_felt,80,G#5,0.9500,regular,felt,Felt,0.1250,1.2066,830.6090,1673.2030,2.0044,4.0376,-9.5931,-23.7105,3,-0.0002,8.8753,8.8752,8.8800,0.0000,-1.5693,0.8786,0.3163,0,3
piano_felt,80,G#5,0.9750,regular,felt,Felt,0.1250,1.1919,830.6090,1673.2030,1.9800,3.9886,-9.3133,-23.4703,,0.0000,8.9147,8.9148,8.9295,0.0000,-1.0640,0.9074,0.3251,0,3
piano_felt,80,G#5,1.0000,regular,felt,Felt,0.1250,1.1778,830.6090,1673.2030,1.9566,3.9414,-9.0502,-23.2848,,0.0000,8.9923,8.9924,9.0160,0.0000,-0.5810,0.9353,0.3322,0,3
piano_felt,80,G#5,0.2780,corpus,felt,Felt,0.1250,2.1513,830.6090,1673.2030,3.5737,7.1990,-23.5296,-44.3647,3,-2.1130,15.5956,15.5967,16.4096,0.0000,-26.1803,0.1766,0.0293,0,3
piano_felt,80,G#5,0.3030,corpus,felt,Felt,0.1250,2.0658,830.6090,1673.2030,3.4318,6.9131,-24.6988,-50.7266,3,-4.0487,20.7846,20.7806,18.8436,0.0000,-26.6021,0.1543,0.0141,0,3
piano_felt,80,G#5,0.3130,corpus,felt,Felt,0.1250,2.0345,830.6090,1673.2030,3.3797,6.8083,-25.3687,-43.6871,3,-5.0091,13.0755,13.0744,12.0653,0.0000,-26.9897,0.1429,0.0317,0,3
piano_felt,80,G#5,0.3280,corpus,felt,Felt,0.1250,1.9902,830.6090,1673.2030,3.3061,6.6599,-26.6367,-38.6039,3,-6.6974,6.7244,6.7242,6.0444,0.0000,-27.8513,0.1235,0.0569,0,3
piano_felt,80,G#5,0.3380,corpus,felt,Felt,0.1250,1.9622,830.6090,1673.2030,3.2597,6.5665,-27.6986,-36.5086,3,-8.0300,3.5673,3.5670,2.9590,0.0000,-28.6524,0.1093,0.0725,0,3
piano_felt,80,G#5,0.3630,corpus,felt,Felt,0.1250,1.8974,830.6090,1673.2030,3.1521,6.3496,-31.5418,-33.2733,3,-12.5194,-3.5115,-3.5117,-4.1817,-3.5115,-31.8764,0.0702,0.1052,0,3
piano_felt,80,G#5,0.4020,corpus,felt,Felt,0.1250,1.8085,830.6090,1673.2030,3.0043,6.0519,-61.5458,-31.0641,3,-43.4562,-31.2117,-31.2078,-35.5573,-31.2117,-56.4813,0.0037,0.1356,0,3
piano_felt,80,G#5,0.4270,corpus,felt,Felt,0.1250,1.7579,830.6090,1673.2030,2.9202,5.8825,-35.5911,-30.6766,3,-18.0581,-10.1532,-10.1528,-9.2393,-10.1532,-34.5106,0.0441,0.1418,0,3
piano_felt,80,G#5,0.4370,corpus,felt,Felt,0.1250,1.7388,830.6090,1673.2030,2.8885,5.8188,-32.4980,-30.6897,3,-15.1797,-7.0476,-7.0475,-6.3571,-7.0476,-31.2174,0.0629,0.1416,0,3
piano_felt,80,G#5,0.4520,corpus,felt,Felt,0.1250,1.7114,830.6090,1673.2030,2.8430,5.7271,-29.2535,-30.8723,3,-12.2493,-3.6201,-3.6209,-3.0794,-3.6201,-27.6802,0.0914,0.1386,0,3
piano_felt,80,G#5,0.4620,corpus,felt,Felt,0.1250,1.6939,830.6090,1673.2030,2.8139,5.6684,-27.6065,-31.0995,3,-10.8068,-1.7480,-1.7468,-1.2543,-1.7480,-25.8446,0.1104,0.1351,0,3
piano_felt,80,G#5,0.4870,corpus,felt,Felt,0.1250,1.6524,830.6090,1673.2030,2.7450,5.5296,-24.4843,-32.0440,3,-8.1795,2.3200,2.3195,2.7782,0.0000,-22.2636,0.1582,0.1211,0,3
piano_felt,81,A5,0.0500,regular,felt,Felt,0.1250,4.7558,880.0000,1774.2380,8.3703,16.8760,-38.3452,-63.3250,9,-1.5605,19.7517,19.7404,17.1498,0.0000,-55.8986,0.0321,0.0033,0,3
piano_felt,81,A5,0.0750,regular,felt,Felt,0.1250,3.9266,880.0000,1774.2380,6.9109,13.9336,-50.5028,-45.7650,7,-17.1053,-9.9599,-9.9659,-8.1707,-9.9599,-64.5243,0.0079,0.0249,0,3
piano_felt,81,A5,0.1000,regular,felt,Felt,0.1250,3.4275,880.0000,1774.2380,6.0325,12.1626,-30.9891,-43.6284,7,-0.0113,7.4049,7.4027,7.2963,0.0000,-42.5220,0.0748,0.0319,0,3
piano_felt,81,A5,0.1250,regular,felt,Felt,0.1250,3.0845,880.0000,1774.2380,5.4288,10.9454,-33.1880,-62.8430,5,-4.0997,24.3729,24.4018,20.1720,0.0000,-42.7828,0.0581,0.0035,1,3
piano_felt,81,A5,0.1500,regular,felt,Felt,0.1250,2.8299,880.0000,1774.2380,4.9807,10.0419,-57.8877,-40.0050,5,-30.3536,-23.0709,-23.1012,-18.2998,-23.0709,-65.8486,0.0034,0.0484,1,3
piano_felt,81,A5,0.1750,regular,felt,Felt,0.1250,2.6311,880.0000,1774.2380,4.6308,9.3365,-31.4356,-44.6540,5,-5.2243,7.9796,7.9823,8.9058,0.0000,-38.1055,0.0711,0.0284,0,3
piano_felt,81,A5,0.2000,regular,felt,Felt,0.1250,2.4702,880.0000,1774.2380,4.3476,8.7656,-26.4227,-46.4717,5,-1.3648,14.8114,14.8073,14.0709,0.0000,-31.9335,0.1266,0.0230,0,3
piano_felt,81,A5,0.2250,regular,felt,Felt,0.1250,2.3365,880.0000,1774.2380,4.1123,8.2910,-24.1695,-37.5582,5,-0.1357,8.1478,8.1486,8.0204,0.0000,-28.6579,0.1640,0.0642,0,3
piano_felt,81,A5,0.2500,regular,felt,Felt,0.1250,2.2230,880.0000,1774.2380,3.9125,7.8884,-23.1938,-35.8730,3,-0.0822,7.4394,7.4393,7.4773,0.0000,-26.7666,0.1835,0.0779,0,3
piano_felt,81,A5,0.2750,regular,felt,Felt,0.1250,2.1251,880.0000,1774.2380,3.7402,7.5410,-23.0158,-37.4287,3,-0.7441,9.1725,9.1732,9.3769,0.0000,-25.7612,0.1873,0.0652,0,3
piano_felt,81,A5,0.3000,regular,felt,Felt,0.1250,2.0395,880.0000,1774.2380,3.5896,7.2372,-23.4460,-42.9919,3,-1.9460,14.3060,14.3073,14.9623,0.0000,-25.4355,0.1783,0.0343,0,3
piano_felt,81,A5,0.3250,regular,felt,Felt,0.1250,1.9638,880.0000,1774.2380,3.4563,6.9686,-24.4342,-59.6890,3,-3.6488,29.9848,29.9969,25.5701,0.0000,-25.7289,0.1591,0.0050,0,3
piano_felt,81,A5,0.3500,regular,felt,Felt,0.1250,1.8963,880.0000,1774.2380,3.3374,6.7288,-26.0444,-40.5997,3,-5.9252,9.3135,9.3120,8.5301,0.0000,-26.6947,0.1322,0.0452,0,3
piano_felt,81,A5,0.3750,regular,felt,Felt,0.1250,1.8354,880.0000,1774.2380,3.2304,6.5130,-28.5151,-35.5349,3,-9.0201,1.7779,1.7770,1.1784,0.0000,-28.5664,0.0995,0.0810,0,3
piano_felt,81,A5,0.4000,regular,felt,Felt,0.1250,1.7803,880.0000,1774.2380,3.1333,6.3173,-32.5500,-32.9281,3,-13.6428,-4.8643,-4.8653,-5.5930,-4.8643,-32.0412,0.0625,0.1094,0,3
piano_felt,81,A5,0.4250,regular,felt,Felt,0.1250,1.7300,880.0000,1774.2380,3.0448,6.1389,-41.4026,-31.4987,3,-23.0514,-15.1482,-15.1509,-17.0794,-15.1482,-40.3693,0.0226,0.1290,0,3
piano_felt,81,A5,0.4500,regular,felt,Felt,0.1250,1.6839,880.0000,1774.2380,2.9637,5.9754,-42.7085,-30.8143,3,-24.8850,-17.1302,-17.1284,-15.2887,-17.1302,-41.1708,0.0194,0.1396,0,3
piano_felt,81,A5,0.4750,regular,felt,Felt,0.1250,1.6414,880.0000,1774.2380,2.8889,5.8246,-32.5320,-30.6847,3,-15.2109,-7.0851,-7.0861,-6.3933,-7.0851,-30.5263,0.0627,0.1417,0,3
piano_felt,81,A5,0.5000,regular,felt,Felt,0.1250,1.6021,880.0000,1774.2380,2.8198,5.6852,-27.9183,-31.0253,3,-11.0772,-2.1321,-2.1326,-1.6331,-2.1321,-25.4679,0.1066,0.1362,0,3
piano_felt,81,A5,0.5250,regular,felt,Felt,0.1250,1.5656,880.0000,1774.2380,2.7555,5.5556,-24.9080,-31.8177,3,-8.5266,1.6695,1.6698,2.1248,0.0000,-22.0351,0.1507,0.1243,0,3
piano_felt,81,A5,0.5500,regular,felt,Felt,0.1250,1.5316,880.0000,1774.2380,2.6956,5.4348,-22.6821,-33.1062,3,-6.7420,5.1839,5.1842,5.6581,0.0000,-19.4050,0.1947,0.1072,0,3
piano_felt,81,A5,0.5750,regular,felt,Felt,0.1250,1.4998,880.0000,1774.2380,2.6396,5.3218,-20.9256,-35.0285,3,-5.4101,8.8631,8.8631,9.4186,0.0000,-17.2627,0.2383,0.0859,0,3
piano_felt,81,A5,0.6000,regular,felt,Felt,0.1250,1.4699,880.0000,1774.2380,2.5870,5.2159,-19.4830,-37.9286,3,-4.3768,13.2062,13.2062,13.9469,0.0000,-15.4505,0.2814,0.0615,0,3
piano_felt,81,A5,0.6250,regular,felt,Felt,0.1250,1.4418,880.0000,1774.2380,2.5376,5.1162,-18.2655,-42.8396,3,-3.5546,19.3375,19.3362,20.6173,0.0000,-13.8785,0.3237,0.0349,0,3
piano_felt,81,A5,0.6500,regular,felt,Felt,0.1250,1.4153,880.0000,1774.2380,2.4910,5.0223,-17.2175,-56.8058,3,-2.8891,34.3749,34.3645,43.5873,0.0000,-12.4897,0.3653,0.0070,0,3
piano_felt,81,A5,0.6750,regular,felt,Felt,0.1250,1.3903,880.0000,1774.2380,2.4470,4.9335,-16.3017,-47.0001,3,-2.3438,25.4506,25.4512,23.8665,0.0000,-11.2462,0.4059,0.0217,0,3
piano_felt,81,A5,0.7000,regular,felt,Felt,0.1250,1.3666,880.0000,1774.2380,2.4053,4.8495,-15.4917,-39.6556,3,-1.8935,18.9188,18.9199,18.2405,0.0000,-10.1203,0.4455,0.0505,0,3
piano_felt,81,A5,0.7250,regular,felt,Felt,0.1250,1.3442,880.0000,1774.2380,2.3657,4.7697,-14.7685,-35.7714,3,-1.5197,15.7591,15.7598,15.3481,0.0000,-9.0926,0.4842,0.0789,0,3
piano_felt,81,A5,0.7500,regular,felt,Felt,0.1250,1.3228,880.0000,1774.2380,2.3281,4.6939,-14.1174,-33.1557,3,-1.2087,13.7960,13.7956,13.5112,0.0000,-8.1469,0.5219,0.1066,0,3
piano_felt,81,A5,0.7750,regular,felt,Felt,0.1250,1.3025,880.0000,1774.2380,2.2923,4.6217,-13.5273,-31.2147,3,-0.9498,12.4446,12.4449,12.2351,0.0000,-7.2721,0.5586,0.1333,0,3
piano_felt,81,A5,0.8000,regular,felt,Felt,0.1250,1.2831,880.0000,1774.2380,2.2582,4.5529,-12.9893,-29.6981,3,-0.7348,11.4668,11.4664,11.3064,0.0000,-6.4582,0.5943,0.1587,0,3
piano_felt,81,A5,0.8250,regular,felt,Felt,0.1250,1.2645,880.0000,1774.2380,2.2256,4.4872,-12.4963,-28.4756,3,-0.5572,10.7372,10.7371,10.6121,0.0000,-5.6980,0.6290,0.1827,0,3
piano_felt,81,A5,0.8500,regular,felt,Felt,0.1250,1.2468,880.0000,1774.2380,2.1944,4.4243,-12.0425,-27.4705,3,-0.4115,10.1861,10.1858,10.0885,0.0000,-4.9849,0.6627,0.2051,0,3
piano_felt,81,A5,0.8750,regular,felt,Felt,0.1250,1.2299,880.0000,1774.2380,2.1646,4.3642,-11.6231,-26.6336,3,-0.2935,9.7685,9.7683,9.6925,0.0000,-4.3138,0.6955,0.2259,0,3
piano_felt,81,A5,0.9000,regular,felt,Felt,0.1250,1.2136,880.0000,1774.2380,2.1359,4.3064,-11.2341,-25.9311,3,-0.1996,9.4550,9.4549,9.3964,0.0000,-3.6800,0.7274,0.2449,0,3
piano_felt,81,A5,0.9250,regular,felt,Felt,0.1250,1.1980,880.0000,1774.2380,2.1085,4.2511,-10.8721,-25.3390,3,-0.1267,9.2248,9.2249,9.1816,0.0000,-3.0800,0.7583,0.2622,0,3
piano_felt,81,A5,0.9500,regular,felt,Felt,0.1250,1.1830,880.0000,1774.2380,2.0821,4.1978,-10.5343,-24.8397,3,-0.0724,9.0630,9.0634,9.0331,0.0000,-2.5107,0.7884,0.2777,0,3
piano_felt,81,A5,0.9750,regular,felt,Felt,0.1250,1.1686,880.0000,1774.2380,2.0567,4.1466,-10.2182,-24.4197,3,-0.0345,8.9597,8.9594,8.9417,0.0000,-1.9689,0.8176,0.2914,0,3
piano_felt,81,A5,1.0000,regular,felt,Felt,0.1250,1.1547,880.0000,1774.2380,2.0322,4.0973,-9.9216,-24.0683,3,-0.0111,8.9046,8.9046,8.8970,0.0000,-1.4525,0.8460,0.3035,0,3
piano_felt,81,A5,0.2780,corpus,felt,Felt,0.1250,2.1143,880.0000,1774.2380,3.7211,7.5024,-23.0374,-37.8297,3,-0.8616,9.5522,9.5527,9.7832,0.0000,-25.6883,0.1869,0.0622,0,3
piano_felt,81,A5,0.3030,corpus,felt,Felt,0.1250,2.0300,880.0000,1774.2380,3.5727,7.2033,-23.5350,-44.1962,3,-2.1236,15.4229,15.4230,16.2190,0.0000,-25.4377,0.1765,0.0299,0,3
piano_felt,81,A5,0.3130,corpus,felt,Felt,0.1250,1.9991,880.0000,1774.2380,3.5183,7.0936,-23.8890,-50.5440,3,-2.7672,21.4176,21.4197,23.4093,0.0000,-25.5103,0.1694,0.0144,0,3
piano_felt,81,A5,0.3280,corpus,felt,Felt,0.1250,1.9553,880.0000,1774.2380,3.4414,6.9384,-24.5919,-53.7697,3,-3.8889,23.9287,23.9280,21.3356,0.0000,-25.8061,0.1562,0.0099,0,3
piano_felt,81,A5,0.3380,corpus,felt,Felt,0.1250,1.9278,880.0000,1774.2380,3.3929,6.8406,-25.1844,-45.3375,3,-4.7510,14.9075,14.9086,13.7292,0.0000,-26.1382,0.1459,0.0262,0,3
piano_felt,81,A5,0.3630,corpus,felt,Felt,0.1250,1.8639,880.0000,1774.2380,3.2804,6.6138,-27.1951,-37.4988,3,-7.4053,5.0613,5.0609,4.4224,0.0000,-27.5292,0.1158,0.0646,0,3
piano_felt,81,A5,0.4020,corpus,felt,Felt,0.1250,1.7761,880.0000,1774.2380,3.1260,6.3025,-32.9918,-32.7787,3,-14.1303,-5.4572,-5.4567,-6.2131,-5.4572,-32.4412,0.0594,0.1113,0,3
piano_felt,81,A5,0.4270,corpus,felt,Felt,0.1250,1.7262,880.0000,1774.2380,3.0381,6.1253,-42.7738,-31.4200,3,-24.4658,-16.6016,-16.6019,-18.9007,-16.6016,-41.7028,0.0192,0.1302,0,3
piano_felt,81,A5,0.4370,corpus,felt,Felt,0.1250,1.7074,880.0000,1774.2380,3.0050,6.0587,-60.1206,-31.0923,3,-42.0260,-30.8859,-30.8843,-37.1600,-30.8859,-55.4586,0.0039,0.1352,0,3
piano_felt,81,A5,0.4520,corpus,felt,Felt,0.1250,1.6804,880.0000,1774.2380,2.9575,5.9629,-41.2986,-30.7852,3,-23.5162,-15.7511,-15.7487,-14.1534,-15.7511,-39.7233,0.0228,0.1400,0,3
piano_felt,81,A5,0.4620,corpus,felt,Felt,0.1250,1.6631,880.0000,1774.2380,2.9271,5.9015,-36.4186,-30.6898,3,-18.8392,-10.9658,-10.9664,-9.9815,-10.9658,-34.6529,0.0401,0.1416,0,3
piano_felt,81,A5,0.4870,corpus,felt,Felt,0.1250,1.6222,880.0000,1774.2380,2.8551,5.7564,-30.0185,-30.7920,3,-12.9306,-4.4652,-4.4659,-3.8965,-4.4652,-27.7970,0.0837,0.1399,0,3
piano_felt,82,A#5,0.0500,regular,felt,Felt,0.1250,4.6895,932.3280,1881.5670,8.7443,17.6472,-45.7119,-51.2475,9,-8.1573,0.3025,0.3107,1.5251,0.0000,-63.2672,0.0137,0.0133,0,3
piano_felt,82,A#5,0.0750,regular,felt,Felt,0.1250,3.8688,932.3280,1881.5670,7.2140,14.5589,-43.7914,-50.3772,7,-9.6328,1.3525,1.3482,-0.1488,0.0000,-57.8236,0.0171,0.0147,0,3
piano_felt,82,A#5,0.1000,regular,felt,Felt,0.1250,3.3752,932.3280,1881.5670,6.2936,12.7014,-32.6924,-50.9960,7,-0.9585,13.0593,13.0657,12.2515,0.0000,-44.2253,0.0615,0.0137,0,3
piano_felt,82,A#5,0.1250,regular,felt,Felt,0.1250,3.0361,932.3280,1881.5670,5.6614,11.4254,-31.1331,-46.4060,5,-1.2916,10.0355,10.0373,10.4934,0.0000,-40.7278,0.0736,0.0232,0,3
piano_felt,82,A#5,0.1500,regular,felt,Felt,0.1250,2.7845,932.3280,1881.5670,5.1922,10.4786,-38.8200,-43.4608,5,-10.5342,-0.6025,-0.6001,-1.6587,-0.6025,-46.8350,0.0304,0.0325,0,3
piano_felt,82,A#5,0.1750,regular,felt,Felt,0.1250,2.5882,932.3280,1881.5670,4.8260,9.7396,-38.3387,-40.1975,5,-11.3763,-3.3781,-3.3770,-2.5566,-3.3781,-45.0091,0.0321,0.0474,0,3
piano_felt,82,A#5,0.2000,regular,felt,Felt,0.1250,2.4293,932.3280,1881.5670,4.5298,9.1417,-29.2450,-51.4594,5,-3.4360,16.9792,16.9808,18.9230,0.0000,-34.7548,0.0915,0.0129,0,3
piano_felt,82,A#5,0.2250,regular,felt,Felt,0.1250,2.2972,932.3280,1881.5670,4.2836,8.6448,-25.6773,-42.8777,5,-0.8918,11.9622,11.9598,11.5193,0.0000,-30.1651,0.1379,0.0348,0,3
piano_felt,82,A#5,0.2500,regular,felt,Felt,0.1250,2.1852,932.3280,1881.5670,4.0747,8.2233,-23.9242,-37.0182,5,-0.0599,7.8542,7.8541,7.7597,0.0000,-27.4974,0.1687,0.0683,0,3
piano_felt,82,A#5,0.2750,regular,felt,Felt,0.1250,2.0886,932.3280,1881.5670,3.8945,7.8597,-23.1456,-35.8871,3,-0.1197,7.5014,7.5018,7.5492,0.0000,-25.8901,0.1846,0.0778,0,3
piano_felt,82,A#5,0.3000,regular,felt,Felt,0.1250,2.0041,932.3280,1881.5670,3.7370,7.5419,-23.0188,-37.4201,3,-0.7630,9.1622,9.1618,9.3659,0.0000,-25.0077,0.1873,0.0652,0,3
piano_felt,82,A#5,0.3250,regular,felt,Felt,0.1250,1.9295,932.3280,1881.5670,3.5978,7.2608,-23.4059,-42.2679,3,-1.8629,13.6212,13.6233,14.2032,0.0000,-24.6999,0.1791,0.0373,0,3
piano_felt,82,A#5,0.3500,regular,felt,Felt,0.1250,1.8628,932.3280,1881.5670,3.4735,7.0100,-24.2667,-69.7529,3,-3.3876,35.7039,35.7228,39.9160,0.0000,-24.9171,0.1622,0.0027,0,3
piano_felt,82,A#5,0.3750,regular,felt,Felt,0.1250,1.8028,932.3280,1881.5670,3.3616,6.7842,-25.6419,-42.6337,3,-5.3847,11.7488,11.7483,10.8174,0.0000,-25.6929,0.1385,0.0358,0,3
piano_felt,82,A#5,0.4000,regular,felt,Felt,0.1250,1.7484,932.3280,1881.5670,3.2602,6.5796,-27.6849,-36.7708,3,-8.0131,3.8436,3.8432,3.2221,0.0000,-27.1761,0.1094,0.0703,0,3
piano_felt,82,A#5,0.4250,regular,felt,Felt,0.1250,1.6989,932.3280,1881.5670,3.1678,6.3931,-30.8007,-33.7862,3,-11.6821,-2.2577,-2.2573,-2.9041,-2.2577,-29.7658,0.0764,0.0991,0,3
piano_felt,82,A#5,0.4500,regular,felt,Felt,0.1250,1.6534,932.3280,1881.5670,3.0831,6.2220,-36.3086,-32.0693,3,-17.7148,-9.4829,-9.4836,-10.5379,-9.4829,-34.7781,0.0405,0.1208,0,3
piano_felt,82,A#5,0.4750,regular,felt,Felt,0.1250,1.6115,932.3280,1881.5670,3.0050,6.0645,-60.2374,-31.1168,3,-42.1432,-30.8839,-30.8856,-37.0022,-30.8839,-54.7569,0.0039,0.1348,0,3
piano_felt,82,A#5,0.5000,regular,felt,Felt,0.1250,1.5728,932.3280,1881.5670,2.9327,5.9186,-37.1543,-30.7085,3,-19.5370,-11.6840,-11.6830,-10.6248,-11.6840,-34.7036,0.0368,0.1413,0,3
piano_felt,82,A#5,0.5250,regular,felt,Felt,0.1250,1.5368,932.3280,1881.5670,2.8656,5.7832,-30.7362,-30.7368,3,-13.5754,-5.2378,-5.2385,-4.6430,-5.2378,-27.8614,0.0771,0.1408,0,3
piano_felt,82,A#5,0.5500,regular,felt,Felt,0.1250,1.5033,932.3280,1881.5670,2.8031,5.6570,-27.0529,-31.1547,3,-10.3300,-1.1380,-1.1377,-0.6617,-1.1380,-23.7757,0.1177,0.1342,0,3
piano_felt,82,A#5,0.5750,regular,felt,Felt,0.1250,1.4719,932.3280,1881.5670,2.7446,5.5389,-24.4681,-31.9598,3,-8.1663,2.2524,2.2519,2.7032,0.0000,-20.8050,0.1585,0.1223,0,3
piano_felt,82,A#5,0.6000,regular,felt,Felt,0.1250,1.4425,932.3280,1881.5670,2.6897,5.4282,-22.4847,-33.1963,3,-6.5887,5.4722,5.4718,5.9485,0.0000,-18.4521,0.1992,0.1061,0,3
piano_felt,82,A#5,0.6250,regular,felt,Felt,0.1250,1.4148,932.3280,1881.5670,2.6381,5.3241,-20.8833,-34.9811,3,-5.3790,8.8589,8.8582,9.4098,0.0000,-16.4963,0.2395,0.0864,0,3
piano_felt,82,A#5,0.6500,regular,felt,Felt,0.1250,1.3887,932.3280,1881.5670,2.5895,5.2259,-19.5469,-37.5844,3,-4.4213,12.7991,12.7983,13.5131,0.0000,-14.8191,0.2793,0.0640,0,3
piano_felt,82,A#5,0.6750,regular,felt,Felt,0.1250,1.3641,932.3280,1881.5670,2.5435,5.1332,-18.4055,-41.7324,3,-3.6466,18.0883,18.0888,19.2125,0.0000,-13.3498,0.3186,0.0397,0,3
piano_felt,82,A#5,0.7000,regular,felt,Felt,0.1250,1.3407,932.3280,1881.5670,2.5000,5.0454,-17.4136,-50.7199,3,-3.0104,28.0714,28.0736,31.5129,0.0000,-12.0422,0.3571,0.0141,0,3
piano_felt,82,A#5,0.7250,regular,felt,Felt,0.1250,1.3186,932.3280,1881.5670,2.4587,4.9621,-16.5400,-51.9649,3,-2.4822,30.1739,30.1738,27.5055,0.0000,-10.8637,0.3949,0.0122,0,3
piano_felt,82,A#5,0.7500,regular,felt,Felt,0.1250,1.2976,932.3280,1881.5670,2.4195,4.8829,-15.7623,-41.9286,3,-2.0404,20.9213,20.9219,20.0286,0.0000,-9.7919,0.4319,0.0388,0,3
piano_felt,82,A#5,0.7750,regular,felt,Felt,0.1250,1.2775,932.3280,1881.5670,2.3821,4.8075,-15.0639,-37.4143,3,-1.6690,17.1085,17.1072,16.5957,0.0000,-8.8085,0.4680,0.0653,0,3
piano_felt,82,A#5,0.8000,regular,felt,Felt,0.1250,1.2584,932.3280,1881.5670,2.3465,4.7356,-14.4321,-34.5032,3,-1.3559,14.8286,14.8285,14.4809,0.0000,-7.9011,0.5033,0.0913,0,3
piano_felt,82,A#5,0.8250,regular,felt,Felt,0.1250,1.2402,932.3280,1881.5670,2.3125,4.6670,-13.8569,-32.3815,3,-1.0916,13.2823,13.2822,13.0287,0.0000,-7.0583,0.5378,0.1166,0,3
piano_felt,82,A#5,0.8500,regular,felt,Felt,0.1250,1.2227,932.3280,1881.5670,2.2800,4.6014,-13.3303,-30.7363,3,-0.8687,12.1638,12.1637,11.9694,0.0000,-6.2727,0.5714,0.1409,0,3
piano_felt,82,A#5,0.8750,regular,felt,Felt,0.1250,1.2060,932.3280,1881.5670,2.2489,4.5385,-12.8461,-29.4130,3,-0.6812,11.3247,11.3248,11.1723,0.0000,-5.5367,0.6042,0.1640,0,3
piano_felt,82,A#5,0.9000,regular,felt,Felt,0.1250,1.1900,932.3280,1881.5670,2.2190,4.4782,-12.3989,-28.3234,3,-0.5244,10.6824,10.6825,10.5621,0.0000,-4.8448,0.6361,0.1860,0,3
piano_felt,82,A#5,0.9250,regular,felt,Felt,0.1250,1.1747,932.3280,1881.5670,2.1903,4.4204,-11.9843,-27.4123,3,-0.3941,10.1860,10.1860,10.0892,0.0000,-4.1923,0.6672,0.2065,0,3
piano_felt,82,A#5,0.9500,regular,felt,Felt,0.1250,1.1599,932.3280,1881.5670,2.1628,4.3648,-11.5987,-26.6423,3,-0.2872,9.8018,9.8017,9.7256,0.0000,-3.5750,0.6975,0.2257,0,3
piano_felt,82,A#5,0.9750,regular,felt,Felt,0.1250,1.1457,932.3280,1881.5670,2.1363,4.3114,-11.2389,-25.9874,3,-0.2006,9.5067,9.5065,9.4471,0.0000,-2.9897,0.7270,0.2433,0,3
piano_felt,82,A#5,1.0000,regular,felt,Felt,0.1250,1.1320,932.3280,1881.5670,2.1108,4.2599,-10.9024,-25.4284,3,-0.1322,9.2841,9.2841,9.2386,0.0000,-2.4331,0.7557,0.2595,0,3
piano_felt,82,A#5,0.2780,corpus,felt,Felt,0.1250,2.0779,932.3280,1881.5670,3.8746,7.8194,-23.0998,-35.9380,3,-0.1697,7.5984,7.5985,7.6641,0.0000,-25.7504,0.1855,0.0774,0,3
piano_felt,82,A#5,0.3030,corpus,felt,Felt,0.1250,1.9947,932.3280,1881.5670,3.7194,7.5064,-23.0397,-37.7861,3,-0.8723,9.5081,9.5069,9.7374,0.0000,-24.9427,0.1868,0.0625,0,3
piano_felt,82,A#5,0.3130,corpus,felt,Felt,0.1250,1.9642,932.3280,1881.5670,3.6626,7.3916,-23.1604,-39.3647,3,-1.2818,10.9647,10.9650,11.3067,0.0000,-24.7810,0.1842,0.0521,0,3
piano_felt,82,A#5,0.3280,corpus,felt,Felt,0.1250,1.9211,932.3280,1881.5670,3.5821,7.2292,-23.4842,-43.2560,3,-2.0232,14.5320,14.5334,15.2141,0.0000,-24.6990,0.1775,0.0333,0,3
piano_felt,82,A#5,0.3380,corpus,felt,Felt,0.1250,1.8939,932.3280,1881.5670,3.5315,7.1270,-23.7938,-48.0048,3,-2.6017,18.9765,18.9743,20.3634,0.0000,-24.7475,0.1713,0.0193,0,3
piano_felt,82,A#5,0.3630,corpus,felt,Felt,0.1250,1.8308,932.3280,1881.5670,3.4139,6.8897,-24.9113,-48.6143,3,-4.3605,18.4607,18.4573,16.8652,0.0000,-25.2454,0.1506,0.0180,0,3
piano_felt,82,A#5,0.4020,corpus,felt,Felt,0.1250,1.7443,932.3280,1881.5670,3.2525,6.5641,-27.8863,-36.4622,3,-8.2599,3.3334,3.3332,2.7182,0.0000,-27.3335,0.1069,0.0728,0,3
piano_felt,82,A#5,0.4270,corpus,felt,Felt,0.1250,1.6951,932.3280,1881.5670,3.1608,6.3789,-31.1221,-33.6120,3,-12.0465,-2.7538,-2.7530,-3.4120,-2.7538,-30.0468,0.0737,0.1011,0,3
piano_felt,82,A#5,0.4370,corpus,felt,Felt,0.1250,1.6766,932.3280,1881.5670,3.1262,6.3092,-32.9743,-32.8452,3,-14.1110,-5.3723,-5.3724,-6.1299,-5.3723,-31.6986,0.0595,0.1105,0,3
piano_felt,82,A#5,0.4520,corpus,felt,Felt,0.1250,1.6499,932.3280,1881.5670,3.0766,6.2090,-36.9696,-31.9690,3,-18.4167,-10.2462,-10.2452,-11.3861,-10.2462,-35.4027,0.0376,0.1222,0,3
piano_felt,82,A#5,0.4620,corpus,felt,Felt,0.1250,1.6329,932.3280,1881.5670,3.0448,6.1448,-41.4103,-31.5340,3,-23.0593,-15.1247,-15.1233,-17.0617,-15.1247,-39.6558,0.0225,0.1285,0,3
piano_felt,82,A#5,0.4870,corpus,felt,Felt,0.1250,1.5926,932.3280,1881.5670,2.9696,5.9931,-44.2898,-30.8613,3,-26.4272,-18.6635,-18.6610,-16.5025,-18.6635,-42.0645,0.0162,0.1388,0,3
piano_felt,83,B5,0.0500,regular,felt,Felt,0.1250,4.6239,987.7670,1995.6190,9.1347,18.4551,-51.8791,-53.0583,9,-13.5561,-4.0421,-4.0549,-6.4827,-4.0421,-69.4345,0.0067,0.0107,0,3
piano_felt,83,B5,0.0750,regular,felt,Felt,0.1250,3.8118,987.7670,1995.6190,7.5303,15.2136,-37.5343,-56.8992,7,-2.6164,14.1287,14.1371,15.7707,0.0000,-51.5679,0.0352,0.0069,0,3
piano_felt,83,B5,0.1000,regular,felt,Felt,0.1250,3.3236,987.7670,1995.6190,6.5659,13.2653,-36.4975,-52.7150,7,-4.0096,10.9871,10.9875,12.5804,0.0000,-48.0286,0.0397,0.0112,0,3
piano_felt,83,B5,0.1250,regular,felt,Felt,0.1250,2.9884,987.7670,1995.6190,5.9038,11.9276,-30.6919,-43.0571,5,-0.0996,7.1285,7.1292,7.1493,0.0000,-40.2859,0.0774,0.0341,0,3
piano_felt,83,B5,0.1500,regular,felt,Felt,0.1250,2.7398,987.7670,1995.6190,5.4127,10.9354,-33.4176,-61.3643,5,-4.3828,22.7102,22.6963,18.9954,0.0000,-41.4280,0.0566,0.0041,0,3
piano_felt,83,B5,0.1750,regular,felt,Felt,0.1250,2.5459,987.7670,1995.6190,5.0294,10.1611,-54.4132,-40.4744,5,-26.7028,-19.1820,-19.1906,-25.1502,-19.1820,-61.0906,0.0050,0.0459,0,3
piano_felt,83,B5,0.2000,regular,felt,Felt,0.1250,2.3890,987.7670,1995.6190,4.7195,9.5349,-33.9580,-41.6357,5,-7.4012,2.4423,2.4416,3.1723,0.0000,-39.4677,0.0532,0.0401,0,3
piano_felt,83,B5,0.2250,regular,felt,Felt,0.1250,2.2586,987.7670,1995.6190,4.4620,9.0147,-28.0548,-70.8377,5,-2.5213,33.9695,33.9500,39.9516,0.0000,-32.5425,0.1049,0.0021,1,3
piano_felt,83,B5,0.2500,regular,felt,Felt,0.1250,2.1481,987.7670,1995.6190,4.2436,8.5734,-25.2647,-41.3443,5,-0.6518,10.8388,10.8394,10.4938,0.0000,-28.8372,0.1446,0.0415,0,3
piano_felt,83,B5,0.2750,regular,felt,Felt,0.1250,2.0527,987.7670,1995.6190,4.0552,8.1928,-23.8082,-36.8118,5,-0.0327,7.7634,7.7639,7.6820,0.0000,-26.5529,0.1710,0.0700,0,3
piano_felt,83,B5,0.3000,regular,felt,Felt,0.1250,1.9694,987.7670,1995.6190,3.8905,7.8602,-23.1358,-35.8867,3,-0.1290,7.5108,7.5114,7.5577,0.0000,-25.1249,0.1848,0.0778,0,3
piano_felt,83,B5,0.3250,regular,felt,Felt,0.1250,1.8957,987.7670,1995.6190,3.7450,7.5661,-23.0118,-37.1977,3,-0.7163,8.9465,8.9465,9.1320,0.0000,-24.3060,0.1874,0.0669,0,3
piano_felt,83,B5,0.3500,regular,felt,Felt,0.1250,1.8299,987.7670,1995.6190,3.6151,7.3037,-23.3283,-41.1381,3,-1.6949,12.5703,12.5711,13.0498,0.0000,-23.9785,0.1807,0.0425,0,3
piano_felt,83,B5,0.3750,regular,felt,Felt,0.1250,1.7708,987.7670,1995.6190,3.4982,7.0676,-24.0481,-53.2955,3,-3.0348,24.0127,24.0146,26.9743,0.0000,-24.0994,0.1663,0.0105,0,3
piano_felt,83,B5,0.4000,regular,felt,Felt,0.1250,1.7172,987.7670,1995.6190,3.3923,6.8536,-25.1922,-46.0921,3,-4.7621,15.6571,15.6554,14.3882,0.0000,-24.6831,0.1458,0.0240,0,3
piano_felt,83,B5,0.4250,regular,felt,Felt,0.1250,1.6683,987.7670,1995.6190,3.2957,6.6585,-26.8534,-38.5669,3,-6.9742,6.4698,6.4708,5.7845,0.0000,-25.8175,0.1204,0.0572,0,3
piano_felt,83,B5,0.4500,regular,felt,Felt,0.1250,1.6235,987.7670,1995.6190,3.2072,6.4796,-29.2601,-34.9937,3,-9.9034,0.4913,0.4911,-0.1177,0.0000,-27.7282,0.0913,0.0863,0,3
piano_felt,83,B5,0.4750,regular,felt,Felt,0.1250,1.5822,987.7670,1995.6190,3.1257,6.3149,-33.0099,-32.9028,3,-14.1502,-5.3506,-5.3503,-6.1141,-5.3506,-31.0094,0.0593,0.1097,0,3
piano_felt,83,B5,0.5000,regular,felt,Felt,0.1250,1.5440,987.7670,1995.6190,3.0502,6.1624,-40.4561,-31.6442,3,-22.0705,-14.0585,-14.0581,-15.7848,-14.0585,-38.0133,0.0251,0.1269,0,3
piano_felt,83,B5,0.5250,regular,felt,Felt,0.1250,1.5085,987.7670,1995.6190,2.9801,6.0209,-48.0498,-30.9481,3,-30.1179,-22.3296,-22.3293,-19.2292,-22.3296,-45.1648,0.0105,0.1374,0,3
piano_felt,83,B5,0.5500,regular,felt,Felt,0.1250,1.4755,987.7670,1995.6190,2.9148,5.8889,-34.9938,-30.6802,3,-17.4970,-9.5510,-9.5513,-8.6962,-9.5510,-31.7139,0.0472,0.1417,0,3
piano_felt,83,B5,0.5750,regular,felt,Felt,0.1250,1.4445,987.7670,1995.6190,2.8537,5.7655,-29.9308,-30.7712,3,-12.8521,-4.3989,-4.3986,-3.8392,-4.3989,-26.2675,0.0845,0.1403,0,3
piano_felt,83,B5,0.6000,regular,felt,Felt,0.1250,1.4156,987.7670,1995.6190,2.7965,5.6498,-26.7297,-31.1912,3,-10.0537,-0.7781,-0.7780,-0.3087,-0.7781,-22.6970,0.1222,0.1336,0,3
piano_felt,83,B5,0.6250,regular,felt,Felt,0.1250,1.3883,987.7670,1995.6190,2.7426,5.5410,-24.3916,-31.9413,3,-8.1040,2.3098,2.3102,2.7580,0.0000,-20.0049,0.1599,0.1226,0,3
piano_felt,83,B5,0.6500,regular,felt,Felt,0.1250,1.3626,987.7670,1995.6190,2.6919,5.4384,-22.5565,-33.0574,3,-6.6443,5.2615,5.2614,5.7309,0.0000,-17.8286,0.1975,0.1078,0,3
piano_felt,83,B5,0.6750,regular,felt,Felt,0.1250,1.3383,987.7670,1995.6190,2.6439,5.3415,-21.0525,-34.6262,3,-5.5038,8.3340,8.3342,8.8635,0.0000,-15.9970,0.2349,0.0900,0,3
piano_felt,83,B5,0.7000,regular,felt,Felt,0.1250,1.3153,987.7670,1995.6190,2.5985,5.2498,-19.7838,-36.8344,3,-4.5872,11.8113,11.8115,12.4685,0.0000,-14.4121,0.2718,0.0698,0,3
piano_felt,83,B5,0.7250,regular,felt,Felt,0.1250,1.2935,987.7670,1995.6190,2.5554,5.1628,-18.6909,-40.1239,3,-3.8362,16.1955,16.1946,17.1327,0.0000,-13.0146,0.3083,0.0478,0,3
piano_felt,83,B5,0.7500,regular,felt,Felt,0.1250,1.2728,987.7670,1995.6190,2.5145,5.0801,-17.7347,-45.9227,3,-3.2123,22.9549,22.9521,24.8067,0.0000,-11.7641,0.3441,0.0245,0,3
piano_felt,83,B5,0.7750,regular,felt,Felt,0.1250,1.2531,987.7670,1995.6190,2.4755,5.0013,-16.8877,-81.1737,3,-2.6886,41.5059,41.4966,39.3279,0.0000,-10.6322,0.3794,0.0032,1,3
piano_felt,83,B5,0.8000,regular,felt,Felt,0.1250,1.2343,987.7670,1995.6190,2.4383,4.9263,-16.1300,-46.0787,3,-2.2457,24.7026,24.7026,23.2715,0.0000,-9.5988,0.4140,0.0241,0,3
piano_felt,83,B5,0.8250,regular,felt,Felt,0.1250,1.2163,987.7670,1995.6190,2.4029,4.8546,-15.4465,-39.9702,3,-1.8693,19.2792,19.2801,18.5766,0.0000,-8.6483,0.4478,0.0487,0,3
piano_felt,83,B5,0.8500,regular,felt,Felt,0.1250,1.1991,987.7670,1995.6190,2.3689,4.7860,-14.8258,-36.4461,3,-1.5483,16.3782,16.3775,15.9263,0.0000,-7.7682,0.4810,0.0730,0,3
piano_felt,83,B5,0.8750,regular,felt,Felt,0.1250,1.1827,987.7670,1995.6190,2.3364,4.7204,-14.2587,-33.9882,3,-1.2740,14.4867,14.4870,14.1631,0.0000,-6.9494,0.5135,0.0969,0,3
piano_felt,83,B5,0.9000,regular,felt,Felt,0.1250,1.1669,987.7670,1995.6190,2.3053,4.6575,-13.7380,-32.1230,3,-1.0396,13.1432,13.1428,12.8987,0.0000,-6.1840,0.5452,0.1201,0,3
piano_felt,83,B5,0.9250,regular,felt,Felt,0.1250,1.1518,987.7670,1995.6190,2.2754,4.5971,-13.2578,-30.6393,3,-0.8395,12.1396,12.1395,11.9487,0.0000,-5.4655,0.5762,0.1424,0,3
piano_felt,83,B5,0.9500,regular,felt,Felt,0.1250,1.1373,987.7670,1995.6190,2.2467,4.5391,-12.8130,-29.4236,3,-0.6691,11.3688,11.3687,11.2155,0.0000,-4.7893,0.6065,0.1638,0,3
piano_felt,83,B5,0.9750,regular,felt,Felt,0.1250,1.1233,987.7670,1995.6190,2.2191,4.4832,-12.3997,-28.4078,3,-0.5247,10.7661,10.7662,10.6423,0.0000,-4.1504,0.6360,0.1841,0,3
piano_felt,83,B5,1.0000,regular,felt,Felt,0.1250,1.1098,987.7670,1995.6190,2.1925,4.4295,-12.0144,-27.5475,3,-0.4031,10.2913,10.2912,10.1913,0.0000,-3.5451,0.6649,0.2033,0,3
piano_felt,83,B5,0.2780,corpus,felt,Felt,0.1250,2.0421,987.7670,1995.6190,4.0343,8.1506,-23.6925,-36.5612,5,-0.0126,7.6293,7.6291,7.5655,0.0000,-26.3431,0.1733,0.0720,0,3
piano_felt,83,B5,0.3030,corpus,felt,Felt,0.1250,1.9601,987.7670,1995.6190,3.8721,7.8230,-23.0949,-35.9319,3,-0.1763,7.5980,7.5975,7.6582,0.0000,-24.9972,0.1856,0.0774,0,3
piano_felt,83,B5,0.3130,corpus,felt,Felt,0.1250,1.9300,987.7670,1995.6190,3.8127,7.7030,-23.0117,-36.3006,3,-0.3814,8.0482,8.0494,8.1597,0.0000,-24.6328,0.1874,0.0742,0,3
piano_felt,83,B5,0.3280,corpus,felt,Felt,0.1250,1.8874,987.7670,1995.6190,3.7286,7.5331,-23.0278,-37.5060,3,-0.8142,9.2391,9.2388,9.4495,0.0000,-24.2415,0.1871,0.0646,0,3
piano_felt,83,B5,0.3380,corpus,felt,Felt,0.1250,1.8606,987.7670,1995.6190,3.6757,7.4261,-23.1251,-38.8175,3,-1.1796,10.4540,10.4532,10.7551,0.0000,-24.0787,0.1850,0.0555,0,3
piano_felt,83,B5,0.3630,corpus,felt,Felt,0.1250,1.7984,987.7670,1995.6190,3.5528,7.1779,-23.6523,-45.2568,3,-2.3462,16.3675,16.3669,17.2890,0.0000,-23.9859,0.1741,0.0265,0,3
piano_felt,83,B5,0.4020,corpus,felt,Felt,0.1250,1.7131,987.7670,1995.6190,3.3843,6.8373,-25.3042,-45.1531,3,-4.9193,14.6042,14.6048,13.4460,0.0000,-24.7518,0.1439,0.0268,0,3
piano_felt,83,B5,0.4270,corpus,felt,Felt,0.1250,1.6645,987.7670,1995.6190,3.2884,6.6436,-27.0140,-38.1947,3,-7.1776,5.9387,5.9381,5.2701,0.0000,-25.9376,0.1182,0.0597,0,3
piano_felt,83,B5,0.4370,corpus,felt,Felt,0.1250,1.6463,987.7670,1995.6190,3.2523,6.5707,-27.8926,-36.5929,3,-8.2675,3.4582,3.4577,2.8351,0.0000,-26.6157,0.1068,0.0718,0,3
piano_felt,83,B5,0.4520,corpus,felt,Felt,0.1250,1.6200,987.7670,1995.6190,3.2004,6.4660,-29.4980,-34.7849,3,-10.1819,0.0441,0.0443,-0.5697,0.0000,-27.9280,0.0888,0.0884,0,3
piano_felt,83,B5,0.4620,corpus,felt,Felt,0.1250,1.6032,987.7670,1995.6190,3.1673,6.3989,-30.8255,-33.8595,3,-11.7103,-2.2088,-2.2088,-2.8572,-2.2088,-29.0658,0.0762,0.0983,0,3
piano_felt,83,B5,0.4870,corpus,felt,Felt,0.1250,1.5635,987.7670,1995.6190,3.0887,6.2403,-35.7737,-32.2160,3,-17.1442,-8.8018,-8.8016,-9.8053,-8.8018,-33.5579,0.0431,0.1188,0,3
piano_felt,84,C6,0.0500,regular,felt,Felt,0.1250,4.5591,1046.5020,2116.8550,9.5422,19.3019,-41.5610,-58.2091,9,-2.4710,11.4239,11.4259,12.7243,0.0000,-59.1210,0.0221,0.0059,0,3
piano_felt,84,C6,0.0750,regular,felt,Felt,0.1250,3.7554,1046.5020,2116.8550,7.8602,15.8995,-35.8868,-48.1296,7,-0.2113,7.0075,7.0121,7.0421,0.0000,-49.9208,0.0425,0.0190,0,3
piano_felt,84,C6,0.1000,regular,felt,Felt,0.1250,3.2727,1046.5020,2116.8550,6.8498,13.8557,-45.8651,-45.8448,7,-12.6251,-5.2508,-5.2502,-4.0654,-5.2508,-57.3933,0.0135,0.0247,0,3
piano_felt,84,C6,0.1250,regular,felt,Felt,0.1250,2.9414,1046.5020,2116.8550,6.1564,12.4532,-31.6059,-46.1716,7,-0.2649,9.3294,9.3294,8.9846,0.0000,-41.2009,0.0697,0.0238,0,3
piano_felt,84,C6,0.1500,regular,felt,Felt,0.1250,2.6958,1046.5020,2116.8550,5.6424,11.4133,-31.2307,-46.6006,5,-1.4495,10.1353,10.1349,10.6158,0.0000,-39.2415,0.0728,0.0226,0,3
piano_felt,84,C6,0.1750,regular,felt,Felt,0.1250,2.5042,1046.5020,2116.8550,5.2413,10.6021,-37.0896,-45.5941,5,-8.6340,3.2678,3.2640,2.1850,0.0000,-43.7611,0.0371,0.0254,0,3
piano_felt,84,C6,0.2000,regular,felt,Felt,0.1250,2.3493,1046.5020,2116.8550,4.9171,9.9462,-45.0303,-39.8491,5,-17.7289,-10.4148,-10.4144,-9.0152,-10.4148,-50.5390,0.0149,0.0493,0,3
piano_felt,84,C6,0.2250,regular,felt,Felt,0.1250,2.2206,1046.5020,2116.8550,4.6478,9.4014,-31.8665,-43.4177,5,-5.5884,6.3171,6.3154,7.1293,0.0000,-36.3536,0.0676,0.0327,0,3
piano_felt,84,C6,0.2500,regular,felt,Felt,0.1250,2.1115,1046.5020,2116.8550,4.4194,8.9394,-27.3968,-58.3890,5,-2.0389,25.7277,25.7432,22.8016,0.0000,-30.9704,0.1131,0.0059,0,3
piano_felt,84,C6,0.2750,regular,felt,Felt,0.1250,2.0174,1046.5020,2116.8550,4.2224,8.5411,-25.0624,-40.7495,5,-0.5413,10.4464,10.4472,10.1357,0.0000,-27.8075,0.1480,0.0445,0,3
piano_felt,84,C6,0.3000,regular,felt,Felt,0.1250,1.9352,1046.5020,2116.8550,4.0503,8.1930,-23.7805,-36.8125,5,-0.0272,7.7926,7.7926,7.7092,0.0000,-25.7693,0.1716,0.0699,0,3
piano_felt,84,C6,0.3250,regular,felt,Felt,0.1250,1.8625,1046.5020,2116.8550,3.8982,7.8852,-23.1548,-35.8737,3,-0.1115,7.4797,7.4795,7.5173,0.0000,-24.4485,0.1844,0.0779,0,3
piano_felt,84,C6,0.3500,regular,felt,Felt,0.1250,1.7976,1046.5020,2116.8550,3.7625,7.6107,-23.0018,-36.8426,3,-0.6192,8.6026,8.6017,8.7603,0.0000,-23.6526,0.1876,0.0697,0,3
piano_felt,84,C6,0.3750,regular,felt,Felt,0.1250,1.7393,1046.5020,2116.8550,3.6403,7.3636,-23.2310,-39.8638,3,-1.4669,11.3926,11.3940,11.7678,0.0000,-23.2822,0.1827,0.0492,0,3
piano_felt,84,C6,0.4000,regular,felt,Felt,0.1250,1.6864,1046.5020,2116.8550,3.5297,7.1398,-23.8063,-47.2115,3,-2.6236,18.1640,18.1686,19.3977,0.0000,-23.2968,0.1710,0.0211,0,3
piano_felt,84,C6,0.4250,regular,felt,Felt,0.1250,1.6382,1046.5020,2116.8550,3.4288,6.9358,-24.7329,-53.4002,3,-4.0992,23.4280,23.4187,20.9159,0.0000,-23.6970,0.1537,0.0104,0,3
piano_felt,84,C6,0.4500,regular,felt,Felt,0.1250,1.5941,1046.5020,2116.8550,3.3364,6.7487,-26.0629,-41.2781,3,-5.9496,9.9731,9.9725,9.1388,0.0000,-24.5309,0.1319,0.0418,0,3
piano_felt,84,C6,0.4750,regular,felt,Felt,0.1250,1.5534,1046.5020,2116.8550,3.2512,6.5765,-27.9226,-36.7070,3,-8.3042,3.5422,3.5421,2.9135,0.0000,-25.9208,0.1065,0.0708,0,3
piano_felt,84,C6,0.5000,regular,felt,Felt,0.1250,1.5157,1046.5020,2116.8550,3.1724,6.4171,-30.5998,-34.0953,3,-11.4532,-1.7462,-1.7469,-2.3917,-1.7462,-28.1531,0.0782,0.0956,0,3
piano_felt,84,C6,0.5250,regular,felt,Felt,0.1250,1.4808,1046.5020,2116.8550,3.0992,6.2691,-34.8751,-32.4646,3,-16.1798,-7.6552,-7.6538,-8.5705,-7.6552,-32.0064,0.0478,0.1154,0,3
piano_felt,84,C6,0.5500,regular,felt,Felt,0.1250,1.4482,1046.5020,2116.8550,3.0310,6.1312,-44.5055,-31.4532,3,-26.2428,-18.3050,-18.3012,-21.2179,-18.3050,-41.2416,0.0158,0.1297,0,3
piano_felt,84,C6,0.5750,regular,felt,Felt,0.1250,1.4177,1046.5020,2116.8550,2.9673,6.0022,-43.6326,-30.8879,3,-25.7854,-17.9806,-17.9776,-15.9692,-17.9806,-39.9658,0.0175,0.1384,0,3
piano_felt,84,C6,0.6000,regular,felt,Felt,0.1250,1.3891,1046.5020,2116.8550,2.9075,5.8813,-34.2320,-30.6760,3,-16.7848,-8.7923,-8.7939,-7.9956,-8.7923,-30.1958,0.0515,0.1418,0,3
piano_felt,84,C6,0.6250,regular,felt,Felt,0.1250,1.3623,1046.5020,2116.8550,2.8513,5.7675,-29.7709,-30.7669,3,-12.7093,-4.2440,-4.2428,-3.6922,-4.2440,-25.3833,0.0861,0.1403,0,3
piano_felt,84,C6,0.6500,regular,felt,Felt,0.1250,1.3370,1046.5020,2116.8550,2.7983,5.6604,-26.8180,-31.1380,3,-10.1291,-0.9191,-0.9193,-0.4517,-0.9191,-22.0896,0.1210,0.1345,0,3
piano_felt,84,C6,0.6750,regular,felt,Felt,0.1250,1.3131,1046.5020,2116.8550,2.7482,5.5591,-24.6140,-31.7889,3,-8.2854,1.9357,1.9356,2.3802,0.0000,-19.5581,0.1559,0.1247,0,3
piano_felt,84,C6,0.7000,regular,felt,Felt,0.1250,1.2904,1046.5020,2116.8550,2.7009,5.4633,-22.8613,-32.7438,3,-6.8819,4.6434,4.6431,5.1009,0.0000,-17.4897,0.1907,0.1117,0,3
piano_felt,84,C6,0.7250,regular,felt,Felt,0.1250,1.2689,1046.5020,2116.8550,2.6559,5.3723,-21.4117,-34.0601,3,-5.7711,7.4098,7.4091,7.9128,0.0000,-15.7353,0.2254,0.0960,0,3
piano_felt,84,C6,0.7500,regular,felt,Felt,0.1250,1.2485,1046.5020,2116.8550,2.6132,5.2859,-20.1803,-35.8547,3,-4.8688,10.4361,10.4353,11.0311,0.0000,-14.2097,0.2597,0.0781,0,3
piano_felt,84,C6,0.7750,regular,felt,Felt,0.1250,1.2291,1046.5020,2116.8550,2.5725,5.2037,-19.1137,-38.3728,3,-4.1222,14.0200,14.0204,14.7921,0.0000,-12.8583,0.2936,0.0585,0,3
piano_felt,84,C6,0.8000,regular,felt,Felt,0.1250,1.2106,1046.5020,2116.8550,2.5338,5.1253,-18.1761,-42.2285,3,-3.4962,18.8150,18.8148,20.0055,0.0000,-11.6449,0.3271,0.0375,0,3
piano_felt,84,C6,0.8250,regular,felt,Felt,0.1250,1.1929,1046.5020,2116.8550,2.4967,5.0504,-17.3423,-49.8251,3,-2.9661,27.2534,27.2497,30.3065,0.0000,-10.5439,0.3600,0.0156,0,3
piano_felt,84,C6,0.8500,regular,felt,Felt,0.1250,1.1760,1046.5020,2116.8550,2.4613,4.9788,-16.5938,-57.0785,3,-2.5138,35.2253,35.2261,30.8364,0.0000,-9.5362,0.3924,0.0068,0,3
piano_felt,84,C6,0.8750,regular,felt,Felt,0.1250,1.1598,1046.5020,2116.8550,2.4275,4.9102,-15.9164,-44.3218,3,-2.1257,23.1594,23.1604,21.9852,0.0000,-8.6070,0.4243,0.0295,0,3
piano_felt,84,C6,0.9000,regular,felt,Felt,0.1250,1.1443,1046.5020,2116.8550,2.3950,4.8445,-15.2995,-39.3634,3,-1.7915,18.8212,18.8207,18.1656,0.0000,-7.7456,0.4555,0.0522,0,3
piano_felt,84,C6,0.9250,regular,felt,Felt,0.1250,1.1294,1046.5020,2116.8550,2.3638,4.7815,-14.7345,-36.2526,3,-1.5029,16.2754,16.2755,15.8347,0.0000,-6.9423,0.4861,0.0746,0,3
piano_felt,84,C6,0.9500,regular,felt,Felt,0.1250,1.1151,1046.5020,2116.8550,2.3338,4.7209,-14.2144,-34.0038,3,-1.2534,14.5474,14.5472,14.2225,0.0000,-6.1905,0.5161,0.0967,0,3
piano_felt,84,C6,0.9750,regular,felt,Felt,0.1250,1.1013,1046.5020,2116.8550,2.3050,4.6626,-13.7335,-32.2609,3,-1.0377,13.2856,13.2854,13.0353,0.0000,-5.4842,0.5455,0.1182,0,3
piano_felt,84,C6,1.0000,regular,felt,Felt,0.1250,1.0880,1046.5020,2116.8550,2.2773,4.6065,-13.2874,-30.8539,3,-0.8513,12.3245,12.3246,12.1250,0.0000,-4.8183,0.5742,0.1390,0,3
piano_felt,84,C6,0.2780,corpus,felt,Felt,0.1250,2.0070,1046.5020,2116.8550,4.2006,8.4969,-24.8640,-40.0173,5,-0.4384,9.9127,9.9135,9.6467,0.0000,-27.5149,0.1514,0.0484,0,3
piano_felt,84,C6,0.3030,corpus,felt,Felt,0.1250,1.9260,1046.5020,2116.8550,4.0311,8.1541,-23.6756,-36.5802,5,-0.0104,7.6652,7.6651,7.5983,0.0000,-25.5787,0.1736,0.0718,0,3
piano_felt,84,C6,0.3130,corpus,felt,Felt,0.1250,1.8963,1046.5020,2116.8550,3.9690,8.0284,-23.3878,-36.0580,3,-0.0103,7.4298,7.4308,7.4117,0.0000,-25.0088,0.1795,0.0763,0,3
piano_felt,84,C6,0.3280,corpus,felt,Felt,0.1250,1.8543,1046.5020,2116.8550,3.8811,7.8507,-23.1139,-35.8954,3,-0.1524,7.5425,7.5421,7.5908,0.0000,-24.3283,0.1852,0.0777,0,3
piano_felt,84,C6,0.3380,corpus,felt,Felt,0.1250,1.8279,1046.5020,2116.8550,3.8258,7.7387,-23.0235,-36.1536,3,-0.3295,7.8915,7.8908,7.9860,0.0000,-23.9769,0.1872,0.0755,0,3
piano_felt,84,C6,0.3630,corpus,felt,Felt,0.1250,1.7666,1046.5020,2116.8550,3.6974,7.4791,-23.0766,-38.1027,3,-1.0205,9.7872,9.7870,10.0364,0.0000,-23.4097,0.1860,0.0603,0,3
piano_felt,84,C6,0.4020,corpus,felt,Felt,0.1250,1.6824,1046.5020,2116.8550,3.5213,7.1228,-23.8671,-48.2799,3,-2.7295,19.1733,19.1767,20.6123,0.0000,-23.3147,0.1698,0.0187,0,3
piano_felt,84,C6,0.4270,corpus,felt,Felt,0.1250,1.6346,1046.5020,2116.8550,3.4211,6.9202,-24.8233,-51.4844,3,-4.2323,21.4129,21.4140,19.3189,0.0000,-23.7466,0.1521,0.0129,0,3
piano_felt,84,C6,0.4370,corpus,felt,Felt,0.1250,1.6166,1046.5020,2116.8550,3.3835,6.8440,-25.3154,-45.5289,3,-4.9350,14.9710,14.9695,13.7701,0.0000,-24.0376,0.1438,0.0256,0,3
piano_felt,84,C6,0.4520,corpus,felt,Felt,0.1250,1.5907,1046.5020,2116.8550,3.3293,6.7344,-26.1898,-40.7864,3,-6.1170,9.3560,9.3539,8.5515,0.0000,-24.6190,0.1300,0.0443,0,3
piano_felt,84,C6,0.4620,corpus,felt,Felt,0.1250,1.5741,1046.5020,2116.8550,3.2946,6.6643,-26.8773,-38.7182,3,-7.0045,6.5985,6.5985,5.9014,0.0000,-25.1170,0.1201,0.0562,0,3
piano_felt,84,C6,0.4870,corpus,felt,Felt,0.1250,1.5349,1046.5020,2116.8550,3.2126,6.4985,-29.0767,-35.2937,3,-9.6875,0.9761,0.9748,0.3610,0.0000,-26.8583,0.0932,0.0833,0,3
piano_felt,85,C#6,0.0500,regular,felt,Felt,0.1250,4.4951,1108.7310,2245.7800,9.9676,20.1898,-39.8670,-52.5759,9,-0.0112,7.4875,7.4844,7.2413,0.0000,-57.4256,0.0269,0.0114,0,3
piano_felt,85,C#6,0.0750,regular,felt,Felt,0.1250,3.6999,1108.7310,2245.7800,8.2043,16.6182,-36.8869,-53.7589,9,-0.4552,11.6407,11.6401,10.8510,0.0000,-50.9191,0.0379,0.0099,0,3
piano_felt,85,C#6,0.1000,regular,felt,Felt,0.1250,3.2225,1108.7310,2245.7800,7.1458,14.4742,-46.8665,-49.0543,7,-12.8762,-3.0517,-3.0501,-4.8572,-3.0517,-58.4019,0.0120,0.0171,0,3
piano_felt,85,C#6,0.1250,regular,felt,Felt,0.1250,2.8951,1108.7310,2245.7800,6.4198,13.0036,-34.1313,-89.4720,7,-2.0438,32.8991,32.8452,30.8862,0.0000,-43.7250,0.0521,0.0012,1,3
piano_felt,85,C#6,0.1500,regular,felt,Felt,0.1250,2.6525,1108.7310,2245.7800,5.8817,11.9137,-30.6762,-43.0605,5,-0.1508,7.1482,7.1488,7.1713,0.0000,-38.6877,0.0775,0.0340,0,3
piano_felt,85,C#6,0.1750,regular,felt,Felt,0.1250,2.4632,1108.7310,2245.7800,5.4621,11.0637,-32.7577,-61.6923,5,-3.5594,23.7104,23.7102,29.4512,0.0000,-39.4312,0.0610,0.0040,0,3
piano_felt,85,C#6,0.2000,regular,felt,Felt,0.1250,2.3103,1108.7310,2245.7800,5.1229,10.3766,-42.3842,-42.1792,5,-14.3410,-5.4433,-5.4462,-6.8085,-5.4433,-47.8982,0.0201,0.0377,0,3
piano_felt,85,C#6,0.2250,regular,felt,Felt,0.1250,2.1832,1108.7310,2245.7800,4.8412,9.8061,-39.1714,-39.9784,5,-12.1519,-4.4286,-4.4279,-3.5870,-4.4286,-43.6576,0.0292,0.0486,0,3
piano_felt,85,C#6,0.2500,regular,felt,Felt,0.1250,2.0755,1108.7310,2245.7800,4.6024,9.3224,-30.7603,-44.9658,5,-4.6609,8.9735,8.9703,9.9072,0.0000,-34.3317,0.0768,0.0273,0,3
piano_felt,85,C#6,0.2750,regular,felt,Felt,0.1250,1.9827,1108.7310,2245.7800,4.3965,8.9054,-27.0697,-54.4633,5,-1.8067,22.1424,22.1487,20.2112,0.0000,-29.8141,0.1175,0.0092,0,3
piano_felt,85,C#6,0.3000,regular,felt,Felt,0.1250,1.9016,1108.7310,2245.7800,4.2166,8.5410,-25.0088,-40.7473,5,-0.5129,10.4983,10.4989,10.1877,0.0000,-26.9979,0.1489,0.0445,0,3
piano_felt,85,C#6,0.3250,regular,felt,Felt,0.1250,1.8299,1108.7310,2245.7800,4.0577,8.2190,-23.8224,-36.9873,5,-0.0357,7.9243,7.9256,7.8273,0.0000,-25.1166,0.1707,0.0686,0,3
piano_felt,85,C#6,0.3500,regular,felt,Felt,0.1250,1.7659,1108.7310,2245.7800,3.9158,7.9316,-23.2033,-35.8855,3,-0.0762,7.4433,7.4431,7.4587,0.0000,-23.8535,0.1833,0.0778,0,3
piano_felt,85,C#6,0.3750,regular,felt,Felt,0.1250,1.7084,1108.7310,2245.7800,3.7882,7.6732,-22.9998,-36.4488,3,-0.4897,8.2102,8.2101,8.3340,0.0000,-23.0510,0.1877,0.0729,0,3
piano_felt,85,C#6,0.4000,regular,felt,Felt,0.1250,1.6562,1108.7310,2245.7800,3.6726,7.4391,-23.1329,-38.6292,3,-1.2029,10.2577,10.2576,10.5395,0.0000,-22.6234,0.1848,0.0567,0,3
piano_felt,85,C#6,0.4250,regular,felt,Felt,0.1250,1.6087,1108.7310,2245.7800,3.5673,7.2256,-23.5659,-43.3787,3,-2.1833,14.5743,14.5751,15.2653,0.0000,-22.5299,0.1758,0.0328,0,3
piano_felt,85,C#6,0.4500,regular,felt,Felt,0.1250,1.5652,1108.7310,2245.7800,3.4707,7.0300,-24.2930,-60.2269,3,-3.4291,30.7143,30.7113,40.2161,0.0000,-22.7610,0.1617,0.0047,0,3
piano_felt,85,C#6,0.4750,regular,felt,Felt,0.1250,1.5251,1108.7310,2245.7800,3.3818,6.8499,-25.3397,-45.8703,3,-4.9688,15.2881,15.2867,14.0462,0.0000,-23.3382,0.1434,0.0247,0,3
piano_felt,85,C#6,0.5000,regular,felt,Felt,0.1250,1.4880,1108.7310,2245.7800,3.2995,6.6833,-26.7737,-39.2275,3,-6.8728,7.2114,7.2115,6.4873,0.0000,-24.3269,0.1215,0.0530,0,3
piano_felt,85,C#6,0.5250,regular,felt,Felt,0.1250,1.4535,1108.7310,2245.7800,3.2231,6.5285,-28.7382,-35.8035,3,-9.2864,1.8229,1.8233,1.2005,0.0000,-25.8676,0.0969,0.0786,0,3
piano_felt,85,C#6,0.5500,regular,felt,Felt,0.1250,1.4214,1108.7310,2245.7800,3.1519,6.3843,-31.5505,-33.6780,3,-12.5291,-3.1144,-3.1149,-3.8035,-3.1144,-28.2759,0.0701,0.1004,0,3
piano_felt,85,C#6,0.5750,regular,felt,Felt,0.1250,1.3914,1108.7310,2245.7800,3.0853,6.2495,-36.0887,-32.2932,3,-17.4806,-9.0378,-9.0391,-10.0787,-9.0378,-32.4290,0.0416,0.1177,0,3
piano_felt,85,C#6,0.6000,regular,felt,Felt,0.1250,1.3632,1108.7310,2245.7800,3.0229,6.1231,-47.0814,-31.4073,3,-28.8709,-20.9237,-20.9261,-25.1094,-20.9237,-43.0584,0.0117,0.1303,0,3
piano_felt,85,C#6,0.6250,regular,felt,Felt,0.1250,1.3368,1108.7310,2245.7800,2.9643,6.0042,-42.8457,-30.8941,3,-25.0184,-17.1854,-17.1846,-15.3283,-17.1854,-38.4526,0.0191,0.1383,0,3
piano_felt,85,C#6,0.6500,regular,felt,Felt,0.1250,1.3118,1108.7310,2245.7800,2.9090,5.8922,-34.3795,-30.6824,3,-16.9224,-8.9352,-8.9346,-8.1332,-8.9352,-29.6501,0.0507,0.1417,0,3
piano_felt,85,C#6,0.6750,regular,felt,Felt,0.1250,1.2883,1108.7310,2245.7800,2.8567,5.7864,-30.1266,-30.7313,3,-13.0273,-4.6344,-4.6338,-4.0724,-4.6344,-25.0701,0.0826,0.1409,0,3
piano_felt,85,C#6,0.7000,regular,felt,Felt,0.1250,1.2660,1108.7310,2245.7800,2.8073,5.6862,-27.2644,-31.0207,3,-10.5117,-1.4838,-1.4826,-1.0108,-1.4838,-21.8932,0.1149,0.1363,0,3
piano_felt,85,C#6,0.7250,regular,felt,Felt,0.1250,1.2448,1108.7310,2245.7800,2.7604,5.5912,-25.1094,-31.5469,3,-8.6928,1.1987,1.1984,1.6404,0.0000,-19.4327,0.1472,0.1283,0,3
piano_felt,85,C#6,0.7500,regular,felt,Felt,0.1250,1.2247,1108.7310,2245.7800,2.7158,5.5010,-23.3859,-32.3229,3,-7.2955,3.6977,3.6979,4.1408,0.0000,-17.4151,0.1795,0.1173,0,3
piano_felt,85,C#6,0.7750,regular,felt,Felt,0.1250,1.2056,1108.7310,2245.7800,2.6734,5.4150,-21.9543,-33.3829,3,-6.1811,6.1888,6.1895,6.6625,0.0000,-15.6987,0.2117,0.1038,0,3
piano_felt,85,C#6,0.8000,regular,felt,Felt,0.1250,1.1874,1108.7310,2245.7800,2.6329,5.3331,-20.7339,-34.7942,3,-5.2694,8.8214,8.8213,9.3577,0.0000,-14.2025,0.2437,0.0882,0,3
piano_felt,85,C#6,0.8250,regular,felt,Felt,0.1250,1.1699,1108.7310,2245.7800,2.5943,5.2549,-19.6737,-36.6859,3,-4.5099,11.7731,11.7735,12.4205,0.0000,-12.8751,0.2753,0.0710,0,3
piano_felt,85,C#6,0.8500,regular,felt,Felt,0.1250,1.1533,1108.7310,2245.7800,2.5574,5.1801,-18.7393,-39.3267,3,-3.8687,15.3500,15.3493,16.2076,0.0000,-11.6816,0.3065,0.0524,0,3
piano_felt,85,C#6,0.8750,regular,felt,Felt,0.1250,1.1374,1108.7310,2245.7800,2.5220,5.1085,-17.9063,-43.4026,3,-3.3218,20.2589,20.2595,21.6216,0.0000,-10.5967,0.3374,0.0328,0,3
piano_felt,85,C#6,0.9000,regular,felt,Felt,0.1250,1.1221,1108.7310,2245.7800,2.4882,5.0399,-17.1567,-51.8164,3,-2.8518,29.4300,29.4290,33.4580,0.0000,-9.6027,0.3678,0.0124,0,3
piano_felt,85,C#6,0.9250,regular,felt,Felt,0.1250,1.1074,1108.7310,2245.7800,2.4556,4.9740,-16.4772,-55.2941,3,-2.4455,33.5585,33.5616,29.8434,0.0000,-8.6850,0.3977,0.0083,0,3
piano_felt,85,C#6,0.9500,regular,felt,Felt,0.1250,1.0933,1108.7310,2245.7800,2.4244,4.9107,-15.8570,-44.3696,3,-2.0927,23.2660,23.2678,22.0817,0.0000,-7.8333,0.4272,0.0293,0,3
piano_felt,85,C#6,0.9750,regular,felt,Felt,0.1250,1.0798,1108.7310,2245.7800,2.3944,4.8499,-15.2880,-39.6802,3,-1.7854,19.1481,19.1491,18.4651,0.0000,-7.0387,0.4561,0.0503,0,3
piano_felt,85,C#6,1.0000,regular,felt,Felt,0.1250,1.0667,1108.7310,2245.7800,2.3654,4.7913,-14.7633,-36.6729,3,-1.5172,16.6674,16.6672,16.2012,0.0000,-6.2939,0.4845,0.0711,0,3
piano_felt,85,C#6,0.2780,corpus,felt,Felt,0.1250,1.9724,1108.7310,2245.7800,4.3737,8.8591,-26.7587,-50.9534,5,-1.5911,18.9567,18.9520,17.6537,0.0000,-29.4090,0.1218,0.0137,0,3
piano_felt,85,C#6,0.3030,corpus,felt,Felt,0.1250,1.8925,1108.7310,2245.7800,4.1965,8.5003,-24.8286,-40.0701,5,-0.4207,10.0022,10.0020,9.7324,0.0000,-26.7314,0.1520,0.0481,0,3
piano_felt,85,C#6,0.3130,corpus,felt,Felt,0.1250,1.8632,1108.7310,2245.7800,4.1316,8.3688,-24.3075,-38.3284,5,-0.1870,8.7806,8.7816,8.6072,0.0000,-25.9284,0.1614,0.0587,0,3
piano_felt,85,C#6,0.3280,corpus,felt,Felt,0.1250,1.8218,1108.7310,2245.7800,4.0398,8.1828,-23.7221,-36.7483,5,-0.0170,7.7863,7.7870,7.7064,0.0000,-24.9362,0.1727,0.0705,0,3
piano_felt,85,C#6,0.3380,corpus,felt,Felt,0.1250,1.7957,1108.7310,2245.7800,3.9820,8.0656,-23.4415,-36.1772,3,-0.0035,7.4968,7.4965,7.4633,0.0000,-24.3947,0.1784,0.0752,0,3
piano_felt,85,C#6,0.3630,corpus,felt,Felt,0.1250,1.7352,1108.7310,2245.7800,3.8478,7.7940,-23.0518,-35.9892,3,-0.2505,7.6990,7.6984,7.7706,0.0000,-23.3855,0.1866,0.0769,0,3
piano_felt,85,C#6,0.4020,corpus,felt,Felt,0.1250,1.6523,1108.7310,2245.7800,3.6638,7.4213,-23.1568,-38.8897,3,-1.2717,10.4947,10.4943,10.7981,0.0000,-22.6040,0.1843,0.0551,0,3
piano_felt,85,C#6,0.4270,corpus,felt,Felt,0.1250,1.6051,1108.7310,2245.7800,3.5592,7.2094,-23.6131,-43.9633,3,-2.2730,15.1125,15.1127,15.8716,0.0000,-22.5361,0.1749,0.0307,0,3
piano_felt,85,C#6,0.4370,corpus,felt,Felt,0.1250,1.5874,1108.7310,2245.7800,3.5199,7.1297,-23.8774,-47.8298,3,-2.7472,18.7189,18.7164,20.0700,0.0000,-22.5998,0.1696,0.0197,0,3
piano_felt,85,C#6,0.4520,corpus,felt,Felt,0.1250,1.5618,1108.7310,2245.7800,3.4633,7.0151,-24.3644,-66.1679,3,-3.5408,34.8262,34.8034,45.8353,0.0000,-22.7931,0.1604,0.0029,1,3
piano_felt,85,C#6,0.4620,corpus,felt,Felt,0.1250,1.5455,1108.7310,2245.7800,3.4271,6.9418,-24.7526,-54.2633,3,-4.1283,24.2621,24.2613,21.5510,0.0000,-22.9918,0.1534,0.0094,0,3
piano_felt,85,C#6,0.4870,corpus,felt,Felt,0.1250,1.5069,1108.7310,2245.7800,3.3415,6.7683,-25.9733,-42.0001,3,-5.8307,10.7832,10.7840,9.8923,0.0000,-23.7548,0.1333,0.0385,0,3
piano_felt,86,D6,0.0500,regular,felt,Felt,0.1250,4.4318,1174.6590,2382.9340,10.4116,21.1212,-42.5788,-67.4264,11,-1.9585,19.6076,19.6396,25.8071,0.0000,-60.1357,0.0197,0.0021,1,3
piano_felt,86,D6,0.0750,regular,felt,Felt,0.1250,3.6450,1174.6590,2382.9340,8.5633,17.3716,-41.1524,-54.7389,9,-3.9660,8.3648,8.3627,9.8903,0.0000,-55.1853,0.0232,0.0089,0,3
piano_felt,86,D6,0.1000,regular,felt,Felt,0.1250,3.1730,1174.6590,2382.9340,7.4545,15.1223,-38.4168,-61.5272,7,-3.6778,17.8780,17.8871,21.3248,0.0000,-49.9515,0.0318,0.0041,0,3
piano_felt,86,D6,0.1250,regular,felt,Felt,0.1250,2.8495,1174.6590,2382.9340,6.6943,13.5802,-39.5409,-47.3125,7,-6.7086,2.5414,2.5410,3.4520,0.0000,-49.1342,0.0280,0.0209,0,3
piano_felt,86,D6,0.1500,regular,felt,Felt,0.1250,2.6097,1174.6590,2382.9340,6.1311,12.4377,-31.4530,-45.9718,7,-0.1856,9.2806,9.2831,8.9424,0.0000,-39.4640,0.0709,0.0244,0,3
piano_felt,86,D6,0.1750,regular,felt,Felt,0.1250,2.4229,1174.6590,2382.9340,5.6921,11.5470,-30.9968,-44.8471,5,-1.0583,8.6152,8.6154,8.9025,0.0000,-37.6682,0.0747,0.0277,0,3
piano_felt,86,D6,0.2000,regular,felt,Felt,0.1250,2.2718,1174.6590,2382.9340,5.3373,10.8272,-34.7110,-52.7421,5,-5.9287,12.7871,12.7890,11.0323,0.0000,-40.2235,0.0487,0.0112,0,3
piano_felt,86,D6,0.2250,regular,felt,Felt,0.1250,2.1464,1174.6590,2382.9340,5.0427,10.2297,-51.2376,-40.8890,5,-23.4796,-15.5969,-15.5950,-19.3330,-15.5969,-55.7376,0.0073,0.0437,0,3
piano_felt,86,D6,0.2500,regular,felt,Felt,0.1250,2.0402,1174.6590,2382.9340,4.7930,9.7231,-36.7487,-40.2686,5,-9.9110,-1.7159,-1.7153,-0.9893,-1.7159,-40.3207,0.0386,0.0470,0,3
piano_felt,86,D6,0.2750,regular,felt,Felt,0.1250,1.9486,1174.6590,2382.9340,4.5778,9.2865,-30.2144,-45.8420,5,-4.2130,10.3895,10.3927,11.4077,0.0000,-32.9593,0.0818,0.0247,0,3
piano_felt,86,D6,0.3000,regular,felt,Felt,0.1250,1.8685,1174.6590,2382.9340,4.3897,8.9051,-26.9756,-54.4409,5,-1.7409,22.2271,22.2205,20.2798,0.0000,-28.9642,0.1188,0.0092,0,3
piano_felt,86,D6,0.3250,regular,felt,Felt,0.1250,1.7978,1174.6590,2382.9340,4.2236,8.5681,-25.0734,-41.2426,5,-0.5472,10.9282,10.9298,10.5838,0.0000,-26.3671,0.1478,0.0420,0,3
piano_felt,86,D6,0.3500,regular,felt,Felt,0.1250,1.7347,1174.6590,2382.9340,4.0754,8.2674,-23.9285,-37.3568,5,-0.0611,8.1884,8.1893,8.0675,0.0000,-24.5789,0.1686,0.0657,0,3
piano_felt,86,D6,0.3750,regular,felt,Felt,0.1250,1.6780,1174.6590,2382.9340,3.9421,7.9970,-23.2873,-35.9803,3,-0.0360,7.4538,7.4541,7.4457,0.0000,-23.3380,0.1816,0.0770,0,3
piano_felt,86,D6,0.4000,regular,felt,Felt,0.1250,1.6266,1174.6590,2382.9340,3.8214,7.7521,-23.0191,-36.1070,3,-0.3466,7.8486,7.8492,7.9366,0.0000,-22.5099,0.1873,0.0759,0,3
piano_felt,86,D6,0.4250,regular,felt,Felt,0.1250,1.5797,1174.6590,2382.9340,3.7113,7.5288,-23.0519,-37.5490,3,-0.9255,9.2576,9.2585,9.4658,0.0000,-22.0159,0.1866,0.0643,0,3
piano_felt,86,D6,0.4500,regular,felt,Felt,0.1250,1.5368,1174.6590,2382.9340,3.6104,7.3242,-23.3482,-40.6668,3,-1.7391,12.0789,12.0805,12.5160,0.0000,-21.8158,0.1803,0.0449,0,3
piano_felt,86,D6,0.4750,regular,felt,Felt,0.1250,1.4973,1174.6590,2382.9340,3.5176,7.1358,-23.8948,-47.4511,3,-2.7771,18.3211,18.3203,19.5949,0.0000,-21.8930,0.1693,0.0205,0,3
piano_felt,86,D6,0.5000,regular,felt,Felt,0.1250,1.4607,1174.6590,2382.9340,3.4317,6.9615,-24.7002,-57.9089,3,-4.0508,27.9616,27.9550,24.1718,0.0000,-22.2533,0.1543,0.0062,0,3
piano_felt,86,D6,0.5250,regular,felt,Felt,0.1250,1.4268,1174.6590,2382.9340,3.3519,6.7997,-25.7981,-43.2987,3,-5.5961,12.2585,12.2578,11.2614,0.0000,-22.9260,0.1360,0.0332,0,3
piano_felt,86,D6,0.5500,regular,felt,Felt,0.1250,1.3951,1174.6590,2382.9340,3.2776,6.6490,-27.2603,-38.3264,3,-7.4869,5.8240,5.8242,5.1320,0.0000,-23.9856,0.1149,0.0588,0,3
piano_felt,86,D6,0.5750,regular,felt,Felt,0.1250,1.3655,1174.6590,2382.9340,3.2081,6.5080,-29.2296,-35.4513,3,-9.8675,0.9797,0.9799,0.3465,0.0000,-25.5687,0.0916,0.0818,0,3
piano_felt,86,D6,0.6000,regular,felt,Felt,0.1250,1.3378,1174.6590,2382.9340,3.1430,6.3759,-32.0131,-33.5761,3,-13.0466,-3.6776,-3.6792,-4.3954,-3.6776,-27.9818,0.0665,0.1015,0,3
piano_felt,86,D6,0.6250,regular,felt,Felt,0.1250,1.3117,1174.6590,2382.9340,3.0817,6.2516,-36.4404,-32.3115,3,-17.8551,-9.3732,-9.3723,-10.4590,-9.3732,-32.0586,0.0399,0.1174,0,3
piano_felt,86,D6,0.6500,regular,felt,Felt,0.1250,1.2872,1174.6590,2382.9340,3.0240,6.1346,-46.6910,-31.4728,3,-28.4736,-20.4733,-20.4688,-24.4297,-20.4733,-41.9790,0.0123,0.1294,0,3
piano_felt,86,D6,0.6750,regular,felt,Felt,0.1250,1.2640,1174.6590,2382.9340,2.9695,6.0240,-44.2544,-30.9587,3,-26.3926,-18.5225,-18.5275,-16.3894,-18.5225,-39.1862,0.0163,0.1372,0,3
piano_felt,86,D6,0.7000,regular,felt,Felt,0.1250,1.2420,1174.6590,2382.9340,2.9179,5.9193,-35.3314,-30.7093,3,-17.8139,-9.8587,-9.8592,-8.9830,-9.8587,-29.9569,0.0454,0.1412,0,3
piano_felt,86,D6,0.7250,regular,felt,Felt,0.1250,1.2212,1174.6590,2382.9340,2.8690,5.8200,-30.9742,-30.6885,3,-13.7904,-5.5241,-5.5238,-4.9288,-5.5241,-25.2966,0.0750,0.1416,0,3
piano_felt,86,D6,0.7500,regular,felt,Felt,0.1250,1.2014,1174.6590,2382.9340,2.8225,5.7257,-28.0641,-30.8767,3,-11.2041,-2.4251,-2.4260,-1.9382,-2.4251,-22.0924,0.1048,0.1385,0,3
piano_felt,86,D6,0.7750,regular,felt,Felt,0.1250,1.1826,1174.6590,2382.9340,2.7782,5.6359,-25.8798,-31.2663,3,-9.3345,0.1469,0.1477,0.5917,0.0000,-19.6240,0.1347,0.1325,0,3
piano_felt,86,D6,0.8000,regular,felt,Felt,0.1250,1.1646,1174.6590,2382.9340,2.7360,5.5503,-24.1350,-31.8616,3,-7.8959,2.4870,2.4877,2.9216,0.0000,-17.6038,0.1647,0.1237,0,3
piano_felt,86,D6,0.8250,regular,felt,Felt,0.1250,1.1474,1174.6590,2382.9340,2.6957,5.4686,-22.6864,-32.6804,3,-6.7454,4.7561,4.7551,5.2050,0.0000,-15.8872,0.1946,0.1126,0,3
piano_felt,86,D6,0.8500,regular,felt,Felt,0.1250,1.1311,1174.6590,2382.9340,2.6572,5.3905,-21.4513,-33.7586,3,-5.8008,7.0687,7.0684,7.5544,0.0000,-14.3935,0.2243,0.0994,0,3
piano_felt,86,D6,0.8750,regular,felt,Felt,0.1250,1.1154,1174.6590,2382.9340,2.6203,5.3157,-20.3778,-35.1614,3,-5.0107,9.5455,9.5449,10.0980,0.0000,-13.0680,0.2539,0.0846,0,3
piano_felt,86,D6,0.9000,regular,felt,Felt,0.1250,1.1003,1174.6590,2382.9340,2.5850,5.2440,-19.4310,-37.0092,3,-4.3407,12.3396,12.3398,13.0050,0.0000,-11.8770,0.2831,0.0684,0,3
piano_felt,86,D6,0.9250,regular,felt,Felt,0.1250,1.0859,1174.6590,2382.9340,2.5511,5.1752,-18.5863,-39.5448,3,-3.7664,15.7215,15.7207,16.5980,0.0000,-10.7941,0.3120,0.0511,0,3
piano_felt,86,D6,0.9500,regular,felt,Felt,0.1250,1.0720,1174.6590,2382.9340,2.5185,5.1091,-17.8256,-43.3604,3,-3.2702,20.3000,20.2983,21.6553,0.0000,-9.8017,0.3406,0.0329,0,3
piano_felt,86,D6,0.9750,regular,felt,Felt,0.1250,1.0587,1174.6590,2382.9340,2.4872,5.0455,-17.1352,-50.6928,3,-2.8386,28.3252,28.3260,31.7604,0.0000,-8.8857,0.3687,0.0141,0,3
piano_felt,86,D6,1.0000,regular,felt,Felt,0.1250,1.0458,1174.6590,2382.9340,2.4570,4.9843,-16.5046,-59.7085,3,-2.4615,37.9333,37.9390,32.4089,0.0000,-8.0354,0.3965,0.0050,1,3
piano_felt,86,D6,0.2780,corpus,felt,Felt,0.1250,1.9384,1174.6590,2382.9340,4.5539,9.2381,-29.7177,-47.2668,5,-3.8116,12.3153,12.3147,13.5105,0.0000,-32.3677,0.0866,0.0210,0,3
piano_felt,86,D6,0.3030,corpus,felt,Felt,0.1250,1.8596,1174.6590,2382.9340,4.3687,8.8625,-26.6934,-51.1703,5,-1.5466,19.2327,19.2344,17.8946,0.0000,-28.5964,0.1227,0.0134,0,3
piano_felt,86,D6,0.3130,corpus,felt,Felt,0.1250,1.8307,1174.6590,2382.9340,4.3009,8.7249,-25.8682,-45.0746,5,-1.0086,13.9665,13.9661,13.3454,0.0000,-27.4889,0.1349,0.0270,0,3
piano_felt,86,D6,0.3280,corpus,felt,Felt,0.1250,1.7899,1174.6590,2382.9340,4.2049,8.5302,-24.9028,-40.5610,5,-0.4581,10.4189,10.4188,10.1194,0.0000,-26.1168,0.1508,0.0454,0,3
piano_felt,86,D6,0.3380,corpus,felt,Felt,0.1250,1.7641,1174.6590,2382.9340,4.1445,8.4076,-24.4037,-38.7805,5,-0.2257,9.1370,9.1377,8.9373,0.0000,-25.3567,0.1597,0.0558,0,3
piano_felt,86,D6,0.3630,corpus,felt,Felt,0.1250,1.7045,1174.6590,2382.9340,4.0044,8.1234,-23.5423,-36.4209,5,-0.0002,7.6406,7.6396,7.5837,0.0000,-23.8758,0.1763,0.0732,0,3
piano_felt,86,D6,0.4020,corpus,felt,Felt,0.1250,1.6227,1174.6590,2382.9340,3.8122,7.7334,-23.0113,-36.1732,3,-0.3836,7.9232,7.9231,8.0187,0.0000,-22.4587,0.1874,0.0753,0,3
piano_felt,86,D6,0.4270,corpus,felt,Felt,0.1250,1.5762,1174.6590,2382.9340,3.7029,7.5118,-23.0662,-37.7268,3,-0.9823,9.4234,9.4220,9.6426,0.0000,-21.9895,0.1862,0.0629,0,3
piano_felt,86,D6,0.4370,corpus,felt,Felt,0.1250,1.5587,1174.6590,2382.9340,3.6618,7.4284,-23.1626,-38.7828,3,-1.2879,10.3825,10.3818,10.6751,0.0000,-21.8846,0.1842,0.0557,0,3
piano_felt,86,D6,0.4520,corpus,felt,Felt,0.1250,1.5335,1174.6590,2382.9340,3.6027,7.3086,-23.3828,-41.0224,3,-1.8139,12.4042,12.4017,12.8688,0.0000,-21.8116,0.1796,0.0431,0,3
piano_felt,86,D6,0.4620,corpus,felt,Felt,0.1250,1.5174,1174.6590,2382.9340,3.5649,7.2319,-23.5794,-43.1674,3,-2.2091,14.3519,14.3505,15.0213,0.0000,-21.8182,0.1756,0.0336,0,3
piano_felt,86,D6,0.4870,corpus,felt,Felt,0.1250,1.4794,1174.6590,2382.9340,3.4755,7.0505,-24.2477,-55.7734,3,-3.3575,26.3008,26.2963,30.6102,0.0000,-22.0291,0.1626,0.0079,0,3
piano_felt,87,D#6,0.0500,regular,felt,Felt,0.1250,4.3692,1244.5080,2528.9110,10.8751,22.0989,-55.5875,-53.8622,11,-14.2039,-6.9357,-6.9387,-5.1525,-6.9357,-73.1318,0.0044,0.0098,0,3
piano_felt,87,D#6,0.0750,regular,felt,Felt,0.1250,3.5909,1244.5080,2528.9110,8.9378,18.1620,-58.1501,-50.6247,9,-20.2104,-12.7527,-12.7418,-9.9439,-12.7527,-72.1813,0.0033,0.0142,0,3
piano_felt,87,D#6,0.1000,regular,felt,Felt,0.1250,3.1243,1244.5080,2528.9110,7.7763,15.8019,-36.0337,-48.3409,7,-0.5475,7.0722,7.0773,7.1733,0.0000,-47.5702,0.0418,0.0185,0,3
piano_felt,87,D#6,0.1250,regular,felt,Felt,0.1250,2.8045,1244.5080,2528.9110,6.9804,14.1846,-63.8256,-46.4000,7,-30.2504,-22.4378,-22.4503,-16.6744,-22.4378,-73.2010,0.0018,0.0232,1,3
piano_felt,87,D#6,0.1500,regular,felt,Felt,0.1250,2.5677,1244.5080,2528.9110,6.3910,12.9869,-33.7605,-78.2112,7,-1.7530,32.1651,32.1935,27.6604,0.0000,-41.7710,0.0544,0.0013,1,3
piano_felt,87,D#6,0.1750,regular,felt,Felt,0.1250,2.3831,1244.5080,2528.9110,5.9317,12.0535,-30.7267,-43.2151,5,-0.0502,7.2520,7.2533,7.1915,0.0000,-37.3993,0.0771,0.0335,0,3
piano_felt,87,D#6,0.2000,regular,felt,Felt,0.1250,2.2340,1244.5080,2528.9110,5.5605,11.2993,-31.7776,-48.9321,5,-2.2586,11.9175,11.9208,12.6632,0.0000,-37.2910,0.0683,0.0173,0,3
piano_felt,87,D#6,0.2250,regular,felt,Felt,0.1250,2.1103,1244.5080,2528.9110,5.2525,10.6733,-36.7561,-47.2352,5,-8.2623,5.2382,5.2391,4.0284,0.0000,-41.2449,0.0385,0.0211,0,3
piano_felt,87,D#6,0.2500,regular,felt,Felt,0.1250,2.0054,1244.5080,2528.9110,4.9914,10.1428,-64.9678,-40.3820,5,-37.3947,-26.5537,-26.5614,-21.3759,-26.5537,-65.2721,0.0022,0.0464,1,3
piano_felt,87,D#6,0.2750,regular,felt,Felt,0.1250,1.9150,1244.5080,2528.9110,4.7664,9.6857,-35.6422,-40.4568,5,-8.9054,-0.4181,-0.4204,0.2673,-0.4181,-38.3839,0.0438,0.0460,0,3
piano_felt,87,D#6,0.3000,regular,felt,Felt,0.1250,1.8360,1244.5080,2528.9110,4.5699,9.2864,-30.0480,-45.8469,5,-4.0778,10.5663,10.5643,11.5811,0.0000,-32.0374,0.0834,0.0247,0,3
piano_felt,87,D#6,0.3250,regular,felt,Felt,0.1250,1.7663,1244.5080,2528.9110,4.3963,8.9336,-27.0667,-57.5773,5,-1.8046,25.2508,25.2633,22.5504,0.0000,-28.3608,0.1175,0.0064,0,3
piano_felt,87,D#6,0.3500,regular,felt,Felt,0.1250,1.7041,1244.5080,2528.9110,4.2415,8.6189,-25.2442,-42.2822,5,-0.6404,11.7995,11.7987,11.3889,0.0000,-25.8943,0.1449,0.0373,0,3
piano_felt,87,D#6,0.3750,regular,felt,Felt,0.1250,1.6481,1244.5080,2528.9110,4.1022,8.3359,-24.1010,-37.9821,5,-0.1124,8.6439,8.6423,8.4835,0.0000,-24.1518,0.1653,0.0611,0,3
piano_felt,87,D#6,0.4000,regular,felt,Felt,0.1250,1.5975,1244.5080,2528.9110,3.9761,8.0796,-23.4168,-36.2297,3,-0.0061,7.5744,7.5743,7.5312,0.0000,-22.9076,0.1789,0.0748,0,3
piano_felt,87,D#6,0.4250,regular,felt,Felt,0.1250,1.5513,1244.5080,2528.9110,3.8611,7.8461,-23.0738,-35.9003,3,-0.2083,7.5883,7.5879,7.6359,0.0000,-22.0378,0.1861,0.0777,0,3
piano_felt,87,D#6,0.4500,regular,felt,Felt,0.1250,1.5090,1244.5080,2528.9110,3.7558,7.6320,-23.0048,-36.6950,3,-0.6553,8.4516,8.4518,8.5938,0.0000,-21.4725,0.1876,0.0709,0,3
piano_felt,87,D#6,0.4750,regular,felt,Felt,0.1250,1.4700,1244.5080,2528.9110,3.6588,7.4349,-23.1714,-38.6880,3,-1.3120,10.2790,10.2785,10.5639,0.0000,-21.1693,0.1840,0.0563,0,3
piano_felt,87,D#6,0.5000,regular,felt,Felt,0.1250,1.4340,1244.5080,2528.9110,3.5691,7.2527,-23.5552,-42.5084,3,-2.1628,13.7151,13.7158,14.3120,0.0000,-21.1074,0.1761,0.0363,0,3
piano_felt,87,D#6,0.5250,regular,felt,Felt,0.1250,1.4005,1244.5080,2528.9110,3.4859,7.0835,-24.1540,-51.5066,3,-3.2075,22.1155,22.1193,24.3906,0.0000,-21.2830,0.1643,0.0129,0,3
piano_felt,87,D#6,0.5500,regular,felt,Felt,0.1250,1.3693,1244.5080,2528.9110,3.4083,6.9258,-24.9818,-52.1259,3,-4.4623,21.8956,21.8973,19.6667,0.0000,-21.7063,0.1494,0.0120,0,3
piano_felt,87,D#6,0.5750,regular,felt,Felt,0.1250,1.3402,1244.5080,2528.9110,3.3357,6.7784,-26.0736,-42.3976,3,-5.9638,11.0821,11.0817,10.1568,0.0000,-22.4123,0.1317,0.0368,0,3
piano_felt,87,D#6,0.6000,regular,felt,Felt,0.1250,1.3129,1244.5080,2528.9110,3.2678,6.6403,-27.4963,-38.1135,3,-7.7804,5.3749,5.3755,4.6871,0.0000,-23.4658,0.1118,0.0602,0,3
piano_felt,87,D#6,0.6250,regular,felt,Felt,0.1250,1.2872,1244.5080,2528.9110,3.2038,6.5104,-29.3771,-35.4913,3,-10.0406,0.8719,0.8727,0.2285,0.0000,-24.9927,0.0901,0.0814,0,3
piano_felt,87,D#6,0.6500,regular,felt,Felt,0.1250,1.2630,1244.5080,2528.9110,3.1436,6.3880,-31.9779,-33.7234,3,-13.0074,-3.4940,-3.4964,-4.2167,-3.4940,-27.2514,0.0668,0.0998,0,3
piano_felt,87,D#6,0.6750,regular,felt,Felt,0.1250,1.2401,1244.5080,2528.9110,3.0867,6.2724,-35.9580,-32.4945,3,-17.3412,-8.7085,-8.7065,-9.7449,-8.7085,-30.9077,0.0422,0.1150,0,3
piano_felt,87,D#6,0.7000,regular,felt,Felt,0.1250,1.2185,1244.5080,2528.9110,3.0329,6.1630,-44.0157,-31.6478,3,-25.7411,-17.6164,-17.6156,-20.3541,-17.6164,-38.6541,0.0167,0.1268,0,3
piano_felt,87,D#6,0.7250,regular,felt,Felt,0.1250,1.1980,1244.5080,2528.9110,2.9818,6.0592,-48.8317,-31.0945,3,-30.8888,-22.9599,-22.9630,-19.6294,-22.9599,-43.1388,0.0096,0.1351,0,3
piano_felt,87,D#6,0.7500,regular,felt,Felt,0.1250,1.1785,1244.5080,2528.9110,2.9333,5.9607,-37.2334,-30.7804,3,-19.6122,-11.6894,-11.6890,-10.6366,-11.6894,-31.2601,0.0365,0.1401,0,3
piano_felt,87,D#6,0.7750,regular,felt,Felt,0.1250,1.1600,1244.5080,2528.9110,2.8871,5.8668,-32.3807,-30.6715,3,-15.0721,-6.9462,-6.9468,-6.2797,-6.9462,-26.1230,0.0638,0.1419,0,3
piano_felt,87,D#6,0.8000,regular,felt,Felt,0.1250,1.1423,1244.5080,2528.9110,2.8431,5.7774,-29.2592,-30.7473,3,-12.2545,-3.7502,-3.7500,-3.2292,-3.7502,-22.7269,0.0913,0.1406,0,3
piano_felt,87,D#6,0.8250,regular,felt,Felt,0.1250,1.1254,1244.5080,2528.9110,2.8011,5.6920,-26.9558,-30.9971,3,-10.2468,-1.1970,-1.1970,-0.7378,-1.1970,-20.1563,0.1190,0.1366,0,3
piano_felt,87,D#6,0.8500,regular,felt,Felt,0.1250,1.1092,1244.5080,2528.9110,2.7609,5.6104,-25.1331,-31.4190,3,-8.7123,1.0473,1.0474,1.4814,0.0000,-18.0747,0.1468,0.1302,0,3
piano_felt,87,D#6,0.8750,regular,felt,Felt,0.1250,1.0938,1244.5080,2528.9110,2.7225,5.5322,-23.6282,-32.0196,3,-7.4885,3.1520,3.1528,3.5834,0.0000,-16.3185,0.1746,0.1215,0,3
piano_felt,87,D#6,0.9000,regular,felt,Felt,0.1250,1.0790,1244.5080,2528.9110,2.6856,5.4573,-22.3498,-32.8159,3,-6.4844,5.2276,5.2275,5.6759,0.0000,-14.7952,0.2023,0.1108,0,3
piano_felt,87,D#6,0.9250,regular,felt,Felt,0.1250,1.0648,1244.5080,2528.9110,2.6502,5.3855,-21.2413,-33.8396,3,-5.6438,7.3594,7.3598,7.8441,0.0000,-13.4490,0.2298,0.0985,0,3
piano_felt,87,D#6,0.9500,regular,felt,Felt,0.1250,1.0511,1244.5080,2528.9110,2.6163,5.3164,-20.2651,-35.1451,3,-4.9296,9.6416,9.6416,10.1893,0.0000,-12.2411,0.2572,0.0847,0,3
piano_felt,87,D#6,0.9750,regular,felt,Felt,0.1250,1.0380,1244.5080,2528.9110,2.5836,5.2500,-19.3949,-36.8284,3,-4.3157,12.1947,12.1954,12.8459,0.0000,-11.1456,0.2843,0.0698,0,3
piano_felt,87,D#6,1.0000,regular,felt,Felt,0.1250,1.0254,1244.5080,2528.9110,2.5521,5.1861,-18.6117,-39.0720,3,-3.7833,15.2224,15.2226,16.0526,0.0000,-10.1426,0.3111,0.0539,0,3
piano_felt,87,D#6,0.2780,corpus,felt,Felt,0.1250,1.9050,1244.5080,2528.9110,4.7415,9.6350,-34.7092,-40.7737,5,-8.0679,0.8275,0.8293,1.4990,0.0000,-37.3596,0.0488,0.0443,0,3
piano_felt,87,D#6,0.3030,corpus,felt,Felt,0.1250,1.8272,1244.5080,2528.9110,4.5480,9.2418,-29.5993,-47.1478,5,-3.7169,12.3136,12.3144,13.4865,0.0000,-31.5022,0.0878,0.0213,0,3
piano_felt,87,D#6,0.3130,corpus,felt,Felt,0.1250,1.7987,1244.5080,2528.9110,4.4771,9.0977,-28.3039,-54.5668,5,-2.7086,21.0314,21.0325,23.8705,0.0000,-29.9248,0.1019,0.0091,0,3
piano_felt,87,D#6,0.3280,corpus,felt,Felt,0.1250,1.7585,1244.5080,2528.9110,4.3768,8.8939,-26.8003,-53.4598,5,-1.6197,21.4196,21.4159,19.6852,0.0000,-28.0146,0.1212,0.0103,0,3
piano_felt,87,D#6,0.3380,corpus,felt,Felt,0.1250,1.7331,1244.5080,2528.9110,4.3137,8.7656,-26.0141,-46.4741,5,-1.1000,15.2196,15.2197,14.4662,0.0000,-26.9675,0.1326,0.0230,0,3
piano_felt,87,D#6,0.3630,corpus,felt,Felt,0.1250,1.6743,1244.5080,2528.9110,4.1673,8.4681,-24.5823,-39.5862,5,-0.3033,9.7634,9.7650,9.5145,0.0000,-24.9160,0.1564,0.0508,0,3
piano_felt,87,D#6,0.4020,corpus,felt,Felt,0.1250,1.5936,1244.5080,2528.9110,3.9665,8.0601,-23.3779,-36.1578,3,-0.0120,7.5407,7.5413,7.5070,0.0000,-22.8250,0.1797,0.0754,0,3
piano_felt,87,D#6,0.4270,corpus,felt,Felt,0.1250,1.5478,1244.5080,2528.9110,3.8524,7.8282,-23.0589,-35.9237,3,-0.2356,7.6256,7.6263,7.6788,0.0000,-21.9821,0.1864,0.0775,0,3
piano_felt,87,D#6,0.4370,corpus,felt,Felt,0.1250,1.5305,1244.5080,2528.9110,3.8095,7.7411,-23.0094,-36.1451,3,-0.3950,7.8962,7.8972,7.9852,0.0000,-21.7317,0.1875,0.0755,0,3
piano_felt,87,D#6,0.4520,corpus,felt,Felt,0.1250,1.5057,1244.5080,2528.9110,3.7478,7.6157,-23.0098,-36.8068,3,-0.7004,8.5592,8.5586,8.7112,0.0000,-21.4386,0.1875,0.0700,0,3
piano_felt,87,D#6,0.4620,corpus,felt,Felt,0.1250,1.4899,1244.5080,2528.9110,3.7083,7.5355,-23.0568,-37.4826,3,-0.9457,9.1883,9.1875,9.3897,0.0000,-21.2954,0.1865,0.0647,0,3
piano_felt,87,D#6,0.4870,corpus,felt,Felt,0.1250,1.4524,1244.5080,2528.9110,3.6149,7.3457,-23.3290,-40.2130,3,-1.6965,11.6456,11.6461,12.0412,0.0000,-21.1103,0.1807,0.0473,0,3
piano_felt,88,E6,0.0500,regular,felt,Felt,0.1250,4.3075,1318.5100,2684.3560,11.3589,23.1256,-47.5893,-68.7034,11,-5.4435,15.9078,15.9086,21.6864,0.0000,-65.1534,0.0111,0.0018,1,3
piano_felt,88,E6,0.0750,regular,felt,Felt,0.1250,3.5375,1318.5100,2684.3560,9.3284,18.9916,-44.8308,-88.7528,9,-6.1389,25.1456,25.2208,20.3962,0.0000,-58.8676,0.0152,0.0008,1,3
piano_felt,88,E6,0.1000,regular,felt,Felt,0.1250,3.0762,1318.5100,2684.3560,8.1119,16.5150,-36.3667,-51.9027,9,-0.1348,10.3086,10.3055,9.7167,0.0000,-47.9004,0.0403,0.0123,0,3
piano_felt,88,E6,0.1250,regular,felt,Felt,0.1250,2.7602,1318.5100,2684.3560,7.2786,14.8186,-41.7721,-57.8157,7,-7.4556,10.8033,10.8048,8.3955,0.0000,-51.3687,0.0216,0.0062,0,3
piano_felt,88,E6,0.1500,regular,felt,Felt,0.1250,2.5263,1318.5100,2684.3560,6.6618,13.5628,-38.6522,-47.4800,7,-5.9065,3.5979,3.5977,4.4849,0.0000,-46.6622,0.0310,0.0205,0,3
piano_felt,88,E6,0.1750,regular,felt,Felt,0.1250,2.3440,1318.5100,2684.3560,6.1812,12.5844,-31.7694,-48.2674,7,-0.3568,11.2617,11.2624,10.7157,0.0000,-38.4407,0.0684,0.0187,0,3
piano_felt,88,E6,0.2000,regular,felt,Felt,0.1250,2.1968,1318.5100,2684.3560,5.7930,11.7941,-30.7208,-43.2665,5,-0.4673,7.3135,7.3111,7.3980,0.0000,-36.2327,0.0771,0.0332,0,3
piano_felt,88,E6,0.2250,regular,felt,Felt,0.1250,2.0747,1318.5100,2684.3560,5.4709,11.1383,-32.6529,-55.1336,5,-3.4256,17.2565,17.2504,19.2766,0.0000,-37.1422,0.0618,0.0085,0,3
piano_felt,88,E6,0.2500,regular,felt,Felt,0.1250,1.9712,1318.5100,2684.3560,5.1980,10.5826,-38.5907,-45.2040,5,-10.2849,1.3738,1.3738,0.1995,0.0000,-42.1665,0.0312,0.0266,0,3
piano_felt,88,E6,0.2750,regular,felt,Felt,0.1250,1.8820,1318.5100,2684.3560,4.9628,10.1039,-52.1525,-40.2101,5,-24.6832,-17.1706,-17.1691,-14.4086,-17.1706,-54.8885,0.0066,0.0473,0,3
piano_felt,88,E6,0.3000,regular,felt,Felt,0.1250,1.8041,1318.5100,2684.3560,4.7575,9.6858,-35.2962,-40.4564,5,-8.5936,-0.0740,-0.0746,0.5916,-0.0740,-37.2840,0.0456,0.0460,0,3
piano_felt,88,E6,0.3250,regular,felt,Felt,0.1250,1.7353,1318.5100,2684.3560,4.5761,9.3164,-30.1780,-45.1023,5,-4.1833,9.6896,9.6899,10.6240,0.0000,-31.4712,0.0821,0.0269,0,3
piano_felt,88,E6,0.3500,regular,felt,Felt,0.1250,1.6740,1318.5100,2684.3560,4.4143,8.9870,-27.3225,-71.8578,5,-1.9858,34.8684,34.8331,29.9172,0.0000,-27.9729,0.1141,0.0021,1,3
piano_felt,88,E6,0.3750,regular,felt,Felt,0.1250,1.6188,1318.5100,2684.3560,4.2688,8.6909,-25.5204,-44.0653,5,-0.7984,13.3048,13.3055,12.7596,0.0000,-25.5714,0.1404,0.0304,0,3
piano_felt,88,E6,0.4000,regular,felt,Felt,0.1250,1.5688,1318.5100,2684.3560,4.1371,8.4227,-24.3476,-38.9686,5,-0.2029,9.3818,9.3824,9.1655,0.0000,-23.8379,0.1607,0.0546,0,3
piano_felt,88,E6,0.4250,regular,felt,Felt,0.1250,1.5233,1318.5100,2684.3560,4.0170,8.1783,-23.6036,-36.7206,5,-0.0031,7.8781,7.8787,7.7940,0.0000,-22.5670,0.1751,0.0707,0,3
piano_felt,88,E6,0.4500,regular,felt,Felt,0.1250,1.4816,1318.5100,2684.3560,3.9070,7.9543,-23.1783,-35.9081,3,-0.0930,7.4914,7.4916,7.4948,0.0000,-21.6460,0.1839,0.0776,0,3
piano_felt,88,E6,0.4750,regular,felt,Felt,0.1250,1.4432,1318.5100,2684.3560,3.8058,7.7482,-23.0070,-36.1202,3,-0.4107,7.8749,7.8751,7.9588,0.0000,-21.0047,0.1875,0.0757,0,3
piano_felt,88,E6,0.5000,regular,felt,Felt,0.1250,1.4077,1318.5100,2684.3560,3.7121,7.5575,-23.0506,-37.2744,3,-0.9201,8.9857,8.9858,9.1686,0.0000,-20.6033,0.1866,0.0663,0,3
piano_felt,88,E6,0.5250,regular,felt,Felt,0.1250,1.3747,1318.5100,2684.3560,3.6252,7.3805,-23.2872,-39.5563,3,-1.6014,11.0295,11.0315,11.3738,0.0000,-20.4159,0.1816,0.0510,0,3
piano_felt,88,E6,0.5500,regular,felt,Felt,0.1250,1.3440,1318.5100,2684.3560,3.5442,7.2156,-23.7076,-43.7333,3,-2.4475,14.7892,14.7890,15.5146,0.0000,-20.4318,0.1730,0.0315,0,3
piano_felt,88,E6,0.5750,regular,felt,Felt,0.1250,1.3153,1318.5100,2684.3560,3.4685,7.0615,-24.3141,-54.0947,3,-3.4623,24.5451,24.5499,27.8662,0.0000,-20.6523,0.1613,0.0096,0,3
piano_felt,88,E6,0.6000,regular,felt,Felt,0.1250,1.2884,1318.5100,2684.3560,3.3975,6.9170,-25.1218,-51.1356,3,-4.6624,20.7654,20.7681,18.7235,0.0000,-21.0906,0.1470,0.0135,0,3
piano_felt,88,E6,0.6250,regular,felt,Felt,0.1250,1.2631,1318.5100,2684.3560,3.3308,6.7812,-26.1619,-42.5103,3,-6.0803,11.1081,11.1065,10.1681,0.0000,-21.7762,0.1304,0.0363,0,3
piano_felt,88,E6,0.6500,regular,felt,Felt,0.1250,1.2393,1318.5100,2684.3560,3.2680,6.6533,-27.4912,-38.4341,3,-7.7740,5.7021,5.7017,4.9970,0.0000,-22.7651,0.1119,0.0580,0,3
piano_felt,88,E6,0.6750,regular,felt,Felt,0.1250,1.2168,1318.5100,2684.3560,3.2086,6.5324,-29.2121,-35.8727,3,-9.8470,1.4196,1.4194,0.7665,0.0000,-24.1580,0.0918,0.0779,0,3
piano_felt,88,E6,0.7000,regular,felt,Felt,0.1250,1.1955,1318.5100,2684.3560,3.1524,6.4180,-31.5241,-34.1076,3,-12.4995,-2.6582,-2.6580,-3.3667,-2.6582,-26.1552,0.0703,0.0955,0,3
piano_felt,88,E6,0.7250,regular,felt,Felt,0.1250,1.1752,1318.5100,2684.3560,3.0992,6.3096,-34.8815,-32.8491,3,-16.1868,-7.2745,-7.2746,-8.2098,-7.2745,-29.2083,0.0478,0.1104,0,3
piano_felt,88,E6,0.7500,regular,felt,Felt,0.1250,1.1561,1318.5100,2684.3560,3.0485,6.2065,-40.7393,-31.9507,3,-22.3645,-14.0313,-14.0333,-15.8378,-14.0313,-34.7724,0.0243,0.1224,0,3
piano_felt,88,E6,0.7750,regular,felt,Felt,0.1250,1.1378,1318.5100,2684.3560,3.0004,6.1085,-82.7915,-31.3280,3,-64.7273,-32.6377,-32.6383,-29.7027,-32.6377,-52.4712,0.0031,0.1315,1,3
piano_felt,88,E6,0.8000,regular,felt,Felt,0.1250,1.1204,1318.5100,2684.3560,2.9545,6.0150,-40.6787,-30.9283,3,-22.9164,-14.9860,-14.9845,-13.5038,-14.9860,-34.1442,0.0245,0.1377,0,3
piano_felt,88,E6,0.8250,regular,felt,Felt,0.1250,1.1038,1318.5100,2684.3560,2.9106,5.9257,-34.5504,-30.7180,3,-17.0820,-9.0698,-9.0691,-8.2653,-9.0698,-27.7508,0.0497,0.1411,0,3
piano_felt,88,E6,0.8500,regular,felt,Felt,0.1250,1.0879,1318.5100,2684.3560,2.8687,5.8404,-30.9580,-30.6751,3,-13.7757,-5.5207,-5.5205,-4.9328,-5.5207,-23.8988,0.0751,0.1418,0,3
piano_felt,88,E6,0.8750,regular,felt,Felt,0.1250,1.0727,1318.5100,2684.3560,2.8286,5.7588,-28.4068,-30.7863,3,-11.5035,-2.8581,-2.8585,-2.3695,-2.8581,-21.0967,0.1007,0.1400,0,3
piano_felt,88,E6,0.9000,regular,felt,Felt,0.1250,1.0581,1318.5100,2684.3560,2.7902,5.6805,-26.4296,-31.0450,3,-9.7984,-0.6227,-0.6227,-0.1797,-0.6227,-18.8747,0.1265,0.1359,0,3
piano_felt,88,E6,0.9250,regular,felt,Felt,0.1250,1.0441,1318.5100,2684.3560,2.7533,5.6054,-24.8178,-31.4509,3,-8.4525,1.3948,1.3948,1.8214,0.0000,-17.0249,0.1523,0.1297,0,3
piano_felt,88,E6,0.9500,regular,felt,Felt,0.1250,1.0307,1318.5100,2684.3560,2.7179,5.5333,-23.4601,-32.0099,3,-7.3545,3.3119,3.3115,3.7378,0.0000,-15.4357,0.1780,0.1216,0,3
piano_felt,88,E6,0.9750,regular,felt,Felt,0.1250,1.0177,1318.5100,2684.3560,2.6838,5.4639,-22.2897,-32.7358,3,-6.4381,5.2079,5.2078,5.6507,0.0000,-14.0401,0.2037,0.1118,0,3
piano_felt,88,E6,1.0000,regular,felt,Felt,0.1250,1.0053,1318.5100,2684.3560,2.6510,5.3971,-21.2633,-33.6527,3,-5.6602,7.1508,7.1512,7.6264,0.0000,-12.7938,0.2293,0.1006,0,3
piano_felt,88,E6,0.2780,corpus,felt,Felt,0.1250,1.8721,1318.5100,2684.3560,4.9368,10.0508,-47.4464,-40.0292,5,-20.0726,-12.6446,-12.6480,-10.9189,-12.6446,-50.0883,0.0113,0.0483,0,3
piano_felt,88,E6,0.3030,corpus,felt,Felt,0.1250,1.7954,1318.5100,2684.3560,4.7345,9.6391,-34.4655,-40.7454,5,-7.8508,1.0426,1.0450,1.6988,0.0000,-36.3692,0.0501,0.0445,0,3
piano_felt,88,E6,0.3130,corpus,felt,Felt,0.1250,1.7673,1318.5100,2684.3560,4.6605,9.4882,-32.2032,-42.1643,5,-5.8754,4.7279,4.7262,5.4298,0.0000,-33.8228,0.0651,0.0377,0,3
piano_felt,88,E6,0.3280,corpus,felt,Felt,0.1250,1.7276,1318.5100,2684.3560,4.5557,9.2749,-29.7540,-46.1557,5,-3.8408,11.1717,11.1675,12.2159,0.0000,-30.9683,0.0862,0.0238,0,3
piano_felt,88,E6,0.3380,corpus,felt,Felt,0.1250,1.7026,1318.5100,2684.3560,4.4897,9.1406,-28.5190,-51.5220,5,-2.8722,17.7705,17.7709,19.7209,0.0000,-29.4731,0.0994,0.0129,0,3
piano_felt,88,E6,0.3630,corpus,felt,Felt,0.1250,1.6446,1318.5100,2684.3560,4.3368,8.8292,-26.2888,-49.2591,5,-1.2766,17.7310,17.7293,16.6506,0.0000,-26.6218,0.1285,0.0167,0,3
piano_felt,88,E6,0.4020,corpus,felt,Felt,0.1250,1.5650,1318.5100,2684.3560,4.1271,8.4023,-24.2742,-38.7154,5,-0.1741,9.2030,9.2027,8.9994,0.0000,-23.7209,0.1621,0.0562,0,3
piano_felt,88,E6,0.4270,corpus,felt,Felt,0.1250,1.5198,1318.5100,2684.3560,4.0079,8.1596,-23.5589,-36.6113,5,-0.0007,7.8134,7.8141,7.7380,0.0000,-22.4822,0.1760,0.0716,0,3
piano_felt,88,E6,0.4370,corpus,felt,Felt,0.1250,1.5029,1318.5100,2684.3560,3.9631,8.0684,-23.3644,-36.1872,3,-0.0146,7.5854,7.5846,7.5459,0.0000,-22.0864,0.1800,0.0751,0,3
piano_felt,88,E6,0.4520,corpus,felt,Felt,0.1250,1.4784,1318.5100,2684.3560,3.8986,7.9372,-23.1559,-35.8901,3,-0.1106,7.4950,7.4959,7.5059,0.0000,-21.5848,0.1843,0.0778,0,3
piano_felt,88,E6,0.4620,corpus,felt,Felt,0.1250,1.4628,1318.5100,2684.3560,3.8574,7.8533,-23.0673,-35.8928,3,-0.2197,7.5870,7.5874,7.6280,0.0000,-21.3062,0.1862,0.0777,0,3
piano_felt,88,E6,0.4870,corpus,felt,Felt,0.1250,1.4258,1318.5100,2684.3560,3.7599,7.6548,-23.0028,-36.5526,3,-0.6329,8.3117,8.3117,8.4410,0.0000,-20.7838,0.1876,0.0721,0,3
piano_felt,89,F6,0.0500,regular,felt,Felt,0.1250,4.2464,1396.9130,2849.9750,11.8638,24.2045,-43.1073,-55.7971,11,-0.2003,7.4665,7.4744,7.0578,0.0000,-60.6678,0.0185,0.0078,0,3
piano_felt,89,F6,0.0750,regular,felt,Felt,0.1250,3.4848,1396.9130,2849.9750,9.7358,19.8630,-40.2132,-52.1025,9,-0.7704,6.6656,6.6665,6.6785,0.0000,-54.2496,0.0258,0.0120,0,3
piano_felt,89,F6,0.1000,regular,felt,Felt,0.1250,3.0287,1396.9130,2849.9750,8.4617,17.2636,-39.4945,-57.3652,9,-2.5183,12.6493,12.6489,14.6657,0.0000,-51.0259,0.0281,0.0066,0,3
piano_felt,89,F6,0.1250,regular,felt,Felt,0.1250,2.7165,1396.9130,2849.9750,7.5895,15.4840,-37.0035,-50.7934,7,-1.9471,8.5644,8.5613,9.0117,0.0000,-46.5997,0.0374,0.0140,0,3
piano_felt,89,F6,0.1500,regular,felt,Felt,0.1250,2.4855,1396.9130,2849.9750,6.9440,14.1670,-54.5998,-46.3101,7,-21.1175,-13.5135,-13.5123,-11.0351,-13.5135,-62.6036,0.0049,0.0234,0,3
piano_felt,89,F6,0.1750,regular,felt,Felt,0.1250,2.3055,1396.9130,2849.9750,6.4412,13.1413,-34.4248,-57.8404,7,-2.2780,18.1939,18.1900,21.0621,0.0000,-41.0975,0.0504,0.0062,0,3
piano_felt,89,F6,0.2000,regular,felt,Felt,0.1250,2.1602,1396.9130,2849.9750,6.0352,12.3130,-30.9992,-44.6524,7,-0.0133,8.4177,8.4187,8.1832,0.0000,-36.5107,0.0747,0.0284,0,3
piano_felt,89,F6,0.2250,regular,felt,Felt,0.1250,2.0396,1396.9130,2849.9750,5.6984,11.6259,-30.9719,-44.1476,5,-1.0134,7.9443,7.9416,8.1446,0.0000,-35.4609,0.0749,0.0300,0,3
piano_felt,89,F6,0.2500,regular,felt,Felt,0.1250,1.9375,1396.9130,2849.9750,5.4131,11.0438,-33.4112,-64.9147,5,-4.3750,26.2681,26.2860,37.3187,0.0000,-36.9864,0.0566,0.0027,1,3
piano_felt,89,F6,0.2750,regular,felt,Felt,0.1250,1.8495,1396.9130,2849.9750,5.1673,10.5423,-39.9063,-44.4670,5,-11.7072,-0.6828,-0.6787,-1.9297,-0.6828,-42.6571,0.0268,0.0290,0,3
piano_felt,89,F6,0.3000,regular,felt,Felt,0.1250,1.7727,1396.9130,2849.9750,4.9527,10.1045,-50.0187,-40.2125,5,-22.5866,-15.0372,-15.0343,-12.8148,-15.0372,-52.0031,0.0084,0.0473,0,3
piano_felt,89,F6,0.3250,regular,felt,Felt,0.1250,1.7049,1396.9130,2849.9750,4.7631,9.7177,-35.5132,-40.2935,5,-8.7890,-0.4550,-0.4541,0.1956,-0.4550,-36.8069,0.0444,0.0468,0,3
piano_felt,89,F6,0.3500,regular,felt,Felt,0.1250,1.6444,1396.9130,2849.9750,4.5941,9.3729,-30.5726,-43.9240,5,-4.5061,8.1196,8.1171,8.9380,0.0000,-31.2224,0.0785,0.0308,0,3
piano_felt,89,F6,0.3750,regular,felt,Felt,0.1250,1.5900,1396.9130,2849.9750,4.4421,9.0629,-27.7408,-58.3095,5,-2.2887,25.3550,25.3428,30.1665,0.0000,-27.7916,0.1087,0.0059,0,3
piano_felt,89,F6,0.4000,regular,felt,Felt,0.1250,1.5407,1396.9130,2849.9750,4.3046,8.7821,-25.9095,-47.1143,5,-1.0343,15.9676,15.9650,15.1381,0.0000,-25.3992,0.1343,0.0214,0,3
piano_felt,89,F6,0.4250,regular,felt,Felt,0.1250,1.4959,1396.9130,2849.9750,4.1792,8.5263,-24.6802,-40.4953,5,-0.3487,10.5784,10.5768,10.2736,0.0000,-23.6441,0.1547,0.0458,0,3
piano_felt,89,F6,0.4500,regular,felt,Felt,0.1250,1.4548,1396.9130,2849.9750,4.0643,8.2920,-23.8616,-37.5670,5,-0.0444,8.4671,8.4674,8.3278,0.0000,-22.3288,0.1700,0.0641,0,3
piano_felt,89,F6,0.4750,regular,felt,Felt,0.1250,1.4169,1396.9130,2849.9750,3.9586,8.0763,-23.3473,-36.2168,3,-0.0184,7.6312,7.6317,7.5873,0.0000,-21.3452,0.1803,0.0749,0,3
piano_felt,89,F6,0.5000,regular,felt,Felt,0.1250,1.3819,1396.9130,2849.9750,3.8608,7.8768,-23.0733,-35.8765,3,-0.2092,7.5653,7.5654,7.5956,0.0000,-20.6257,0.1861,0.0779,0,3
piano_felt,89,F6,0.5250,regular,felt,Felt,0.1250,1.3494,1396.9130,2849.9750,3.7701,7.6917,-22.9996,-36.3540,3,-0.5793,8.1155,8.1166,8.2253,0.0000,-20.1285,0.1877,0.0737,0,3
piano_felt,89,F6,0.5500,regular,felt,Felt,0.1250,1.3192,1396.9130,2849.9750,3.6855,7.5192,-23.1016,-37.6481,3,-1.1059,9.3100,9.3089,9.5185,0.0000,-19.8259,0.1855,0.0635,0,3
piano_felt,89,F6,0.5750,regular,felt,Felt,0.1250,1.2909,1396.9130,2849.9750,3.6065,7.3580,-23.3656,-39.9714,3,-1.7770,11.3680,11.3686,11.7393,0.0000,-19.7041,0.1799,0.0486,0,3
piano_felt,89,F6,0.6000,regular,felt,Felt,0.1250,1.2644,1396.9130,2849.9750,3.5324,7.2069,-23.7869,-44.0577,3,-2.5894,15.0357,15.0345,15.8008,0.0000,-19.7552,0.1714,0.0304,0,3
piano_felt,89,F6,0.6250,regular,felt,Felt,0.1250,1.2395,1396.9130,2849.9750,3.4628,7.0649,-24.3691,-53.6410,3,-3.5482,24.0386,24.0410,27.1479,0.0000,-19.9832,0.1603,0.0101,0,3
piano_felt,89,F6,0.6500,regular,felt,Felt,0.1250,1.2160,1396.9130,2849.9750,3.3973,6.9311,-25.1254,-52.7736,3,-4.6675,22.4051,22.4017,20.0252,0.0000,-20.3989,0.1469,0.0111,0,3
piano_felt,89,F6,0.6750,regular,felt,Felt,0.1250,1.1938,1396.9130,2849.9750,3.3353,6.8047,-26.0813,-43.5224,3,-5.9740,12.1997,12.1992,11.1751,0.0000,-21.0275,0.1316,0.0323,0,3
piano_felt,89,F6,0.7000,regular,felt,Felt,0.1250,1.1728,1396.9130,2849.9750,3.2767,6.6851,-27.2810,-39.2790,3,-7.5128,6.7571,6.7569,6.0089,0.0000,-21.9113,0.1146,0.0527,0,3
piano_felt,89,F6,0.7250,regular,felt,Felt,0.1250,1.1529,1396.9130,2849.9750,3.2211,6.5717,-28.8006,-36.6117,3,-9.3607,2.5710,2.5702,1.9039,0.0000,-23.1252,0.0963,0.0716,0,3
piano_felt,89,F6,0.7500,regular,felt,Felt,0.1250,1.1340,1396.9130,2849.9750,3.1683,6.4640,-30.7784,-34.7551,3,-11.6568,-1.2635,-1.2643,-1.9532,-1.2635,-24.8097,0.0766,0.0886,0,3
piano_felt,89,F6,0.7750,regular,felt,Felt,0.1250,1.1161,1396.9130,2849.9750,3.1181,6.3615,-33.4978,-33.4073,3,-14.6852,-5.3312,-5.3320,-6.1593,-5.3312,-27.2456,0.0560,0.1035,0,3
piano_felt,89,F6,0.8000,regular,felt,Felt,0.1250,1.0989,1396.9130,2849.9750,3.0702,6.2637,-37.6845,-32.4169,3,-19.1721,-10.5091,-10.5106,-11.7762,-10.5091,-31.1567,0.0346,0.1160,0,3
piano_felt,89,F6,0.8250,regular,felt,Felt,0.1250,1.0825,1396.9130,2849.9750,3.0245,6.1705,-46.5332,-31.6968,3,-28.3129,-20.0803,-20.0862,-23.9589,-20.0803,-39.7397,0.0125,0.1261,0,3
piano_felt,89,F6,0.8500,regular,felt,Felt,0.1250,1.0669,1396.9130,2849.9750,2.9808,6.0813,-48.3274,-31.1929,3,-30.3914,-22.3599,-22.3603,-19.1957,-22.3599,-41.2567,0.0102,0.1336,0,3
piano_felt,89,F6,0.8750,regular,felt,Felt,0.1250,1.0519,1396.9130,2849.9750,2.9389,5.9960,-38.0321,-30.8695,3,-20.3733,-12.4000,-12.3974,-11.2692,-12.4000,-30.7214,0.0333,0.1386,0,3
piano_felt,89,F6,0.9000,regular,felt,Felt,0.1250,1.0376,1396.9130,2849.9750,2.8988,5.9142,-33.4019,-30.7030,3,-16.0135,-7.9361,-7.9354,-7.2160,-7.9361,-25.8466,0.0567,0.1413,0,3
piano_felt,89,F6,0.9250,regular,felt,Felt,0.1250,1.0238,1396.9130,2849.9750,2.8604,5.8357,-30.3722,-30.6774,3,-13.2477,-4.9318,-4.9320,-4.3758,-4.9318,-22.5785,0.0803,0.1417,0,3
piano_felt,89,F6,0.9500,regular,felt,Felt,0.1250,1.0106,1396.9130,2849.9750,2.8234,5.7603,-28.1171,-30.7828,3,-11.2504,-2.5719,-2.5719,-2.0952,-2.5719,-20.0923,0.1041,0.1400,0,3
piano_felt,89,F6,0.9750,regular,felt,Felt,0.1250,0.9979,1396.9130,2849.9750,2.7879,5.6878,-26.3223,-31.0141,3,-9.7076,-0.5455,-0.5459,-0.1086,-0.5455,-18.0723,0.1280,0.1363,0,3
piano_felt,89,F6,1.0000,regular,felt,Felt,0.1250,0.9856,1396.9130,2849.9750,2.7537,5.6181,-24.8338,-31.3709,3,-8.4656,1.2989,1.2992,1.7179,0.0000,-16.3643,0.1520,0.1309,0,3
piano_felt,89,F6,0.2780,corpus,felt,Felt,0.1250,1.8398,1396.9130,2849.9750,5.1401,10.4867,-41.3256,-43.5789,5,-13.2221,-2.9812,-2.9864,-4.3142,-2.9812,-43.9757,0.0228,0.0321,0,3
piano_felt,89,F6,0.3030,corpus,felt,Felt,0.1250,1.7641,1396.9130,2849.9750,4.9287,10.0556,-46.3809,-40.0430,5,-19.0366,-11.5712,-11.5687,-10.0326,-11.5712,-48.2814,0.0127,0.0482,0,3
piano_felt,89,F6,0.3130,corpus,felt,Felt,0.1250,1.7364,1396.9130,2849.9750,4.8513,9.8976,-39.7684,-39.8449,5,-12.7111,-5.1595,-5.1570,-4.3283,-5.1595,-41.3882,0.0272,0.0493,0,3
piano_felt,89,F6,0.3280,corpus,felt,Felt,0.1250,1.6973,1396.9130,2849.9750,4.7418,9.6743,-34.7222,-40.5216,5,-8.0794,0.5657,0.5650,1.2107,0.0000,-35.9337,0.0487,0.0456,0,3
piano_felt,89,F6,0.3380,corpus,felt,Felt,0.1250,1.6726,1396.9130,2849.9750,4.6729,9.5337,-32.5465,-41.6487,5,-6.1701,3.8689,3.8676,4.5307,0.0000,-33.4985,0.0625,0.0401,0,3
piano_felt,89,F6,0.3630,corpus,felt,Felt,0.1250,1.6154,1396.9130,2849.9750,4.5131,9.2077,-28.9354,-48.3464,5,-3.1934,14.1750,14.1779,15.4964,0.0000,-29.2694,0.0948,0.0185,0,3
piano_felt,89,F6,0.4020,corpus,felt,Felt,0.1250,1.5370,1396.9130,2849.9750,4.2941,8.7608,-25.7924,-46.2954,5,-0.9618,15.2619,15.2635,14.5199,0.0000,-25.2396,0.1361,0.0235,0,3
piano_felt,89,F6,0.4270,corpus,felt,Felt,0.1250,1.4924,1396.9130,2849.9750,4.1696,8.5069,-24.6014,-40.1747,5,-0.3121,10.3349,10.3351,10.0507,0.0000,-23.5245,0.1561,0.0475,0,3
piano_felt,89,F6,0.4370,corpus,felt,Felt,0.1250,1.4757,1396.9130,2849.9750,4.1228,8.4114,-24.2439,-38.8269,5,-0.1627,9.3465,9.3449,9.1363,0.0000,-22.9658,0.1626,0.0554,0,3
piano_felt,89,F6,0.4520,corpus,felt,Felt,0.1250,1.4516,1396.9130,2849.9750,4.0556,8.2741,-23.8103,-37.4124,5,-0.0331,8.3649,8.3642,8.2362,0.0000,-22.2393,0.1710,0.0653,0,3
piano_felt,89,F6,0.4620,corpus,felt,Felt,0.1250,1.4362,1396.9130,2849.9750,4.0125,8.1863,-23.5814,-36.7703,5,-0.0017,7.9521,7.9510,7.8620,0.0000,-21.8196,0.1755,0.0703,0,3
piano_felt,89,F6,0.4870,corpus,felt,Felt,0.1250,1.3998,1396.9130,2849.9750,3.9107,7.9787,-23.1886,-35.9445,3,-0.0857,7.5174,7.5181,7.5097,0.0000,-20.9696,0.1837,0.0773,0,3
piano_felt,90,F#6,0.0500,regular,felt,Felt,0.1250,4.1862,1479.9780,3026.5380,12.3908,25.3391,-45.4185,-62.0241,13,-1.7512,11.3984,11.4003,13.6178,0.0000,-62.9810,0.0142,0.0038,0,3
piano_felt,90,F#6,0.0750,regular,felt,Felt,0.1250,3.4328,1479.9780,3026.5380,10.1608,20.7787,-40.4726,-62.0388,11,-0.2801,16.3487,16.3393,14.4621,0.0000,-54.5088,0.0251,0.0038,0,3
piano_felt,90,F#6,0.1000,regular,felt,Felt,0.1250,2.9820,1479.9780,3026.5380,8.8265,18.0501,-49.1178,-50.2593,9,-11.3985,-4.0871,-4.0803,-2.9748,-4.0871,-60.6584,0.0093,0.0148,0,3
piano_felt,90,F#6,0.1250,regular,felt,Felt,0.1250,2.6735,1479.9780,3026.5380,7.9134,16.1828,-35.8753,-48.6922,7,-0.0806,7.5867,7.5878,7.3595,0.0000,-45.4716,0.0426,0.0178,0,3
piano_felt,90,F#6,0.1500,regular,felt,Felt,0.1250,2.4453,1479.9780,3026.5380,7.2379,14.8015,-42.9685,-57.0367,7,-8.7513,8.8341,8.8305,6.4354,0.0000,-50.9812,0.0188,0.0068,0,3
piano_felt,90,F#6,0.1750,regular,felt,Felt,0.1250,2.2676,1479.9780,3026.5380,6.7120,13.7260,-40.0682,-46.2860,7,-7.1890,0.9885,0.9885,1.7729,0.0000,-46.7368,0.0263,0.0235,0,3
piano_felt,90,F#6,0.2000,regular,felt,Felt,0.1250,2.1242,1479.9780,3026.5380,6.2875,12.8578,-32.6338,-57.4046,7,-0.9173,19.5223,19.5320,17.6743,0.0000,-38.1456,0.0619,0.0065,0,3
piano_felt,90,F#6,0.2250,regular,felt,Felt,0.1250,2.0052,1479.9780,3026.5380,5.9353,12.1376,-30.7325,-43.5108,5,-0.0449,7.5460,7.5443,7.4227,0.0000,-35.2209,0.0771,0.0323,0,3
piano_felt,90,F#6,0.2500,regular,felt,Felt,0.1250,1.9044,1479.9780,3026.5380,5.6370,11.5277,-31.2599,-45.0527,5,-1.4956,8.5570,8.5593,8.8413,0.0000,-34.8344,0.0725,0.0271,0,3
piano_felt,90,F#6,0.2750,regular,felt,Felt,0.1250,1.8176,1479.9780,3026.5380,5.3802,11.0024,-33.9272,-90.2040,5,-5.0008,31.6791,31.6650,28.8829,0.0000,-36.6739,0.0533,0.0014,1,3
piano_felt,90,F#6,0.3000,regular,felt,Felt,0.1250,1.7419,1479.9780,3026.5380,5.1559,10.5437,-40.4679,-44.4909,5,-12.3088,-1.2185,-1.2161,-2.5300,-1.2185,-42.4641,0.0251,0.0289,0,3
piano_felt,90,F#6,0.3250,regular,felt,Felt,0.1250,1.6750,1479.9780,3026.5380,4.9578,10.1387,-51.0345,-40.3622,5,-23.5836,-15.8985,-15.8988,-13.4596,-15.8985,-52.3192,0.0075,0.0465,0,3
piano_felt,90,F#6,0.3500,regular,felt,Felt,0.1250,1.6153,1479.9780,3026.5380,4.7813,9.7776,-36.2434,-40.0591,5,-9.4503,-1.4187,-1.4182,-0.7608,-1.4187,-36.8927,0.0409,0.0481,0,3
piano_felt,90,F#6,0.3750,regular,felt,Felt,0.1250,1.5617,1479.9780,3026.5380,4.6225,9.4530,-31.2336,-42.6265,5,-5.0548,6.1602,6.1588,6.8727,0.0000,-31.2839,0.0727,0.0358,0,3
piano_felt,90,F#6,0.4000,regular,felt,Felt,0.1250,1.5131,1479.9780,3026.5380,4.4788,9.1591,-28.3329,-50.5041,5,-2.7306,16.9388,16.9394,18.6386,0.0000,-27.8226,0.1016,0.0145,0,3
piano_felt,90,F#6,0.4250,regular,felt,Felt,0.1250,1.4689,1479.9780,3026.5380,4.3479,8.8914,-26.4261,-53.2495,5,-1.3671,21.5850,21.5811,19.8655,0.0000,-25.3904,0.1265,0.0105,0,3
piano_felt,90,F#6,0.4500,regular,felt,Felt,0.1250,1.4284,1479.9780,3026.5380,4.2280,8.6461,-25.1143,-42.9084,5,-0.5692,12.5549,12.5558,12.0920,0.0000,-23.5817,0.1471,0.0347,0,3
piano_felt,90,F#6,0.4750,regular,felt,Felt,0.1250,1.3911,1479.9780,3026.5380,4.1176,8.4204,-24.2065,-38.9394,5,-0.1489,9.4942,9.4952,9.2779,0.0000,-22.2043,0.1633,0.0548,0,3
piano_felt,90,F#6,0.5000,regular,felt,Felt,0.1250,1.3566,1479.9780,3026.5380,4.0155,8.2116,-23.5960,-36.9364,5,-0.0026,8.1015,8.1029,7.9980,0.0000,-21.1484,0.1752,0.0689,0,3
piano_felt,90,F#6,0.5250,regular,felt,Felt,0.1250,1.3246,1479.9780,3026.5380,3.9208,8.0179,-23.2180,-36.0297,3,-0.0675,7.5743,7.5742,7.5502,0.0000,-20.3459,0.1830,0.0765,0,3
piano_felt,90,F#6,0.5500,regular,felt,Felt,0.1250,1.2948,1479.9780,3026.5380,3.8325,7.8374,-23.0310,-35.9107,3,-0.3042,7.6423,7.6423,7.6856,0.0000,-19.7554,0.1870,0.0776,0,3
piano_felt,90,F#6,0.5750,regular,felt,Felt,0.1250,1.2669,1479.9780,3026.5380,3.7500,7.6688,-23.0082,-36.4729,3,-0.6875,8.2286,8.2274,8.3463,0.0000,-19.3462,0.1875,0.0727,0,3
piano_felt,90,F#6,0.6000,regular,felt,Felt,0.1250,1.2408,1479.9780,3026.5380,3.6727,7.5107,-23.1326,-37.7385,3,-1.2021,9.3693,9.3687,9.5807,0.0000,-19.1015,0.1848,0.0629,0,3
piano_felt,90,F#6,0.6250,regular,felt,Felt,0.1250,1.2163,1479.9780,3026.5380,3.6001,7.3622,-23.3950,-39.8917,3,-1.8399,11.2585,11.2599,11.6247,0.0000,-19.0093,0.1793,0.0491,0,3
piano_felt,90,F#6,0.6500,regular,felt,Felt,0.1250,1.1931,1479.9780,3026.5380,3.5317,7.2222,-23.7924,-43.4983,3,-2.5991,14.4701,14.4699,15.1658,0.0000,-19.0661,0.1713,0.0324,0,3
piano_felt,90,F#6,0.6750,regular,felt,Felt,0.1250,1.1713,1479.9780,3026.5380,3.4670,7.0900,-24.3281,-50.8689,3,-3.4842,21.3108,21.3080,23.3742,0.0000,-19.2742,0.1611,0.0138,0,3
piano_felt,90,F#6,0.7000,regular,felt,Felt,0.1250,1.1507,1479.9780,3026.5380,3.4059,6.9650,-25.0124,-58.7315,3,-4.5063,28.4614,28.4657,24.3603,0.0000,-19.6419,0.1489,0.0056,0,3
piano_felt,90,F#6,0.7250,regular,felt,Felt,0.1250,1.1311,1479.9780,3026.5380,3.3479,6.8464,-25.8646,-45.6652,3,-5.6855,14.5582,14.5585,13.3148,0.0000,-20.1898,0.1350,0.0253,0,3
piano_felt,90,F#6,0.7500,regular,felt,Felt,0.1250,1.1125,1479.9780,3026.5380,3.2928,6.7338,-26.9166,-40.7631,3,-7.0544,8.6060,8.6057,7.7710,0.0000,-20.9471,0.1196,0.0444,0,3
piano_felt,90,F#6,0.7750,regular,felt,Felt,0.1250,1.0947,1479.9780,3026.5380,3.2404,6.6266,-28.2212,-37.7886,3,-8.6666,4.3276,4.3269,3.6243,0.0000,-21.9673,0.1029,0.0625,0,3
piano_felt,90,F#6,0.8000,regular,felt,Felt,0.1250,1.0779,1479.9780,3026.5380,3.1904,6.5244,-29.8684,-35.7315,3,-10.6126,0.6230,0.6226,-0.0572,0.0000,-23.3396,0.0851,0.0792,0,3
piano_felt,90,F#6,0.8250,regular,felt,Felt,0.1250,1.0618,1479.9780,3026.5380,3.1428,6.4269,-32.0241,-34.2267,3,-13.0589,-3.0377,-3.0382,-3.7880,-3.0377,-25.2276,0.0664,0.0942,0,3
piano_felt,90,F#6,0.8500,regular,felt,Felt,0.1250,1.0464,1479.9780,3026.5380,3.0972,6.3337,-35.0427,-33.0991,3,-16.3604,-7.1845,-7.1852,-8.1510,-7.1845,-27.9882,0.0469,0.1072,0,3
piano_felt,90,F#6,0.8750,regular,felt,Felt,0.1250,1.0316,1479.9780,3026.5380,3.0535,6.2445,-39.9196,-32.2510,3,-21.5128,-12.9135,-12.9123,-14.5617,-12.9135,-32.6166,0.0267,0.1183,0,3
piano_felt,90,F#6,0.9000,regular,felt,Felt,0.1250,1.0175,1479.9780,3026.5380,3.0117,6.1590,-52.8208,-31.6220,3,-34.6827,-26.4649,-26.4599,-38.1697,-26.4649,-45.2944,0.0060,0.1271,0,3
piano_felt,90,F#6,0.9250,regular,felt,Felt,0.1250,1.0039,1479.9780,3026.5380,2.9716,6.0770,-44.8994,-31.1726,3,-27.0235,-18.9554,-18.9563,-16.6943,-18.9554,-37.0976,0.0151,0.1339,0,3
piano_felt,90,F#6,0.9500,regular,felt,Felt,0.1250,0.9909,1479.9780,3026.5380,2.9331,5.9982,-37.2051,-30.8759,3,-19.5853,-11.5643,-11.5639,-10.5296,-11.5643,-29.1783,0.0366,0.1385,0,3
piano_felt,90,F#6,0.9750,regular,felt,Felt,0.1250,0.9784,1479.9780,3026.5380,2.8961,5.9224,-33.1496,-30.7134,3,-15.7801,-7.6713,-7.6723,-6.9753,-7.6713,-24.8976,0.0584,0.1411,0,3
piano_felt,90,F#6,1.0000,regular,felt,Felt,0.1250,0.9664,1479.9780,3026.5380,2.8604,5.8495,-30.3740,-30.6721,3,-13.2493,-4.9389,-4.9386,-4.3881,-4.9389,-21.9035,0.0803,0.1418,0,3
piano_felt,90,F#6,0.2780,corpus,felt,Felt,0.1250,1.8080,1479.9780,3026.5380,5.3517,10.9441,-34.4322,-62.6345,5,-5.6013,22.9814,22.9523,18.7588,0.0000,-37.0843,0.0503,0.0036,0,3
piano_felt,90,F#6,0.3030,corpus,felt,Felt,0.1250,1.7334,1479.9780,3026.5380,5.1308,10.4925,-41.8755,-43.6650,5,-13.8044,-3.4497,-3.4500,-4.8686,-3.4497,-43.7832,0.0214,0.0318,0,3
piano_felt,90,F#6,0.3130,corpus,felt,Felt,0.1250,1.7061,1479.9780,3026.5380,5.0500,10.3271,-49.8996,-41.6781,5,-22.1156,-13.4602,-13.4656,-16.6527,-13.4602,-51.5212,0.0085,0.0399,0,3
piano_felt,90,F#6,0.3280,corpus,felt,Felt,0.1250,1.6675,1479.9780,3026.5380,4.9356,10.0932,-47.2822,-40.1689,5,-19.9128,-12.3444,-12.3431,-10.6752,-12.3444,-48.4913,0.0115,0.0475,0,3
piano_felt,90,F#6,0.3380,corpus,felt,Felt,0.1250,1.6431,1479.9780,3026.5380,4.8636,9.9460,-40.5496,-39.8490,5,-13.4466,-5.9312,-5.9336,-5.0623,-5.9312,-41.4977,0.0249,0.0493,0,3
piano_felt,90,F#6,0.3630,corpus,felt,Felt,0.1250,1.5867,1479.9780,3026.5380,4.6967,9.6047,-33.2393,-40.9997,5,-6.7707,2.5274,2.5262,3.1549,0.0000,-33.5708,0.0577,0.0432,0,3
piano_felt,90,F#6,0.4020,corpus,felt,Felt,0.1250,1.5094,1479.9780,3026.5380,4.4679,9.1368,-28.1513,-51.7509,5,-2.5936,18.3660,18.3684,20.3554,0.0000,-27.5974,0.1037,0.0125,0,3
piano_felt,90,F#6,0.4270,corpus,felt,Felt,0.1250,1.4655,1479.9780,3026.5380,4.3379,8.8710,-26.3026,-51.7313,5,-1.2857,20.1868,20.1873,18.7444,0.0000,-25.2249,0.1283,0.0126,0,3
piano_felt,90,F#6,0.4370,corpus,felt,Felt,0.1250,1.4490,1479.9780,3026.5380,4.2890,8.7710,-25.7368,-46.6791,5,-0.9278,15.7037,15.7031,14.9204,0.0000,-24.4585,0.1370,0.0225,0,3
piano_felt,90,F#6,0.4520,corpus,felt,Felt,0.1250,1.4253,1479.9780,3026.5380,4.2188,8.6274,-25.0286,-42.4716,5,-0.5234,12.2035,12.2048,11.7702,0.0000,-23.4574,0.1486,0.0365,0,3
piano_felt,90,F#6,0.4620,corpus,felt,Felt,0.1250,1.4101,1479.9780,3026.5380,4.1739,8.5355,-24.6360,-40.6516,5,-0.3280,10.7778,10.7776,10.4592,0.0000,-22.8748,0.1555,0.0450,0,3
piano_felt,90,F#6,0.4870,corpus,felt,Felt,0.1250,1.3742,1479.9780,3026.5380,4.0676,8.3182,-23.8810,-37.8079,5,-0.0490,8.6903,8.6893,8.5346,0.0000,-21.6624,0.1696,0.0624,0,3
piano_felt,91,G6,0.0500,regular,felt,Felt,0.1250,4.1266,1567.9820,3214.8940,12.9409,26.5331,-65.0778,-60.4259,13,-20.6513,-9.8310,-9.8472,-6.6413,-9.8310,-82.6154,0.0015,0.0046,1,3
piano_felt,91,G6,0.0750,regular,felt,Felt,0.1250,3.3814,1567.9820,3214.8940,10.6041,21.7419,-45.6340,-54.2076,11,-4.6927,3.3480,3.3580,4.2920,0.0000,-59.6698,0.0139,0.0094,0,3
piano_felt,91,G6,0.1000,regular,felt,Felt,0.1250,2.9359,1567.9820,3214.8940,9.2068,18.8770,-48.3824,-65.3458,9,-9.9212,11.7450,11.7254,7.4184,0.0000,-59.9222,0.0101,0.0026,1,3
piano_felt,91,G6,0.1250,regular,felt,Felt,0.1250,2.6311,1567.9820,3214.8940,8.2510,16.9174,-37.2253,-66.8662,9,-0.6935,24.3926,24.3995,20.5187,0.0000,-46.8207,0.0365,0.0022,1,3
piano_felt,91,G6,0.1500,regular,felt,Felt,0.1250,2.4057,1567.9820,3214.8940,7.5443,15.4683,-37.3972,-51.0064,7,-2.4465,8.3844,8.3814,8.8260,0.0000,-45.4102,0.0358,0.0136,0,3
piano_felt,91,G6,0.1750,regular,felt,Felt,0.1250,2.2303,1567.9820,3214.8940,6.9942,14.3404,-74.3486,-47.5257,7,-40.7386,-23.6292,-23.6199,-19.3844,-23.6292,-72.5971,0.0013,0.0204,1,3
piano_felt,91,G6,0.2000,regular,felt,Felt,0.1250,2.0887,1567.9820,3214.8940,6.5502,13.4300,-36.1968,-49.1533,7,-3.7516,7.7282,7.7278,8.7229,0.0000,-41.7089,0.0411,0.0169,0,3
piano_felt,91,G6,0.2250,regular,felt,Felt,0.1250,1.9713,1567.9820,3214.8940,6.1820,12.6751,-31.7746,-50.2877,7,-0.3598,13.2811,13.2783,12.5125,0.0000,-36.2641,0.0683,0.0148,0,3
piano_felt,91,G6,0.2500,regular,felt,Felt,0.1250,1.8719,1567.9820,3214.8940,5.8702,12.0359,-30.6721,-43.1728,5,-0.1818,7.2667,7.2672,7.1944,0.0000,-34.2451,0.0776,0.0336,0,3
piano_felt,91,G6,0.2750,regular,felt,Felt,0.1250,1.7863,1567.9820,3214.8940,5.6017,11.4854,-31.4754,-45.5534,5,-1.8238,8.8430,8.8452,9.1700,0.0000,-34.2225,0.0707,0.0255,0,3
piano_felt,91,G6,0.3000,regular,felt,Felt,0.1250,1.7116,1567.9820,3214.8940,5.3674,11.0049,-34.1467,-83.8265,5,-5.2631,31.1545,31.1208,29.3835,0.0000,-36.1358,0.0520,0.0014,1,3
piano_felt,91,G6,0.3250,regular,felt,Felt,0.1250,1.6456,1567.9820,3214.8940,5.1604,10.5807,-40.2381,-45.1664,5,-12.0631,-0.3111,-0.3104,-1.6552,-0.3111,-41.5367,0.0258,0.0267,0,3
piano_felt,91,G6,0.3500,regular,felt,Felt,0.1250,1.5867,1567.9820,3214.8940,4.9760,10.2025,-55.9885,-40.7112,5,-28.4714,-20.5069,-20.4968,-16.5818,-20.5069,-56.6330,0.0042,0.0446,0,3
piano_felt,91,G6,0.3750,regular,felt,Felt,0.1250,1.5339,1567.9820,3214.8940,4.8102,9.8625,-37.5432,-39.8739,5,-10.6404,-2.9028,-2.9025,-2.2210,-2.9028,-37.5935,0.0352,0.0491,0,3
piano_felt,91,G6,0.4000,regular,felt,Felt,0.1250,1.4860,1567.9820,3214.8940,4.6601,9.5548,-32.1937,-41.4368,5,-5.8674,4.0094,4.0094,4.6390,0.0000,-31.6832,0.0651,0.0411,0,3
piano_felt,91,G6,0.4250,regular,felt,Felt,0.1250,1.4424,1567.9820,3214.8940,4.5234,9.2745,-29.1247,-46.1683,5,-3.3414,11.8129,11.8106,12.8363,0.0000,-28.0878,0.0927,0.0238,0,3
piano_felt,91,G6,0.4500,regular,felt,Felt,0.1250,1.4025,1567.9820,3214.8940,4.3982,9.0177,-27.0925,-69.2042,5,-1.8227,34.5667,34.5352,43.7091,0.0000,-25.5602,0.1172,0.0022,1,3
piano_felt,91,G6,0.4750,regular,felt,Felt,0.1250,1.3657,1567.9820,3214.8940,4.2829,8.7814,-25.6700,-47.0852,5,-0.8874,16.1743,16.1762,15.3481,0.0000,-23.6673,0.1380,0.0214,0,3
piano_felt,91,G6,0.5000,regular,felt,Felt,0.1250,1.3318,1567.9820,3214.8940,4.1763,8.5629,-24.6566,-41.1456,5,-0.3376,11.2500,11.2514,10.8988,0.0000,-22.2089,0.1551,0.0425,0,3
piano_felt,91,G6,0.5250,regular,felt,Felt,0.1250,1.3002,1567.9820,3214.8940,4.0775,8.3602,-23.9412,-38.2346,5,-0.0644,9.0555,9.0562,8.8722,0.0000,-21.0700,0.1684,0.0594,0,3
piano_felt,91,G6,0.5500,regular,felt,Felt,0.1250,1.2709,1567.9820,3214.8940,3.9853,8.1713,-23.4561,-36.6789,3,-0.0023,7.9864,7.9858,7.8972,0.0000,-20.1800,0.1781,0.0710,0,3
piano_felt,91,G6,0.5750,regular,felt,Felt,0.1250,1.2434,1567.9820,3214.8940,3.8993,7.9948,-23.1576,-35.9757,3,-0.1092,7.5812,7.5811,7.5649,0.0000,-19.4957,0.1843,0.0770,0,3
piano_felt,91,G6,0.6000,regular,felt,Felt,0.1250,1.2177,1567.9820,3214.8940,3.8186,7.8294,-23.0166,-35.9219,3,-0.3574,7.6684,7.6684,7.7136,0.0000,-18.9848,0.1873,0.0775,0,3
piano_felt,91,G6,0.6250,regular,felt,Felt,0.1250,1.1935,1567.9820,3214.8940,3.7428,7.6740,-23.0136,-36.4443,3,-0.7290,8.1940,8.1939,8.3053,0.0000,-18.6279,0.1874,0.0730,0,3
piano_felt,91,G6,0.6500,regular,felt,Felt,0.1250,1.1707,1567.9820,3214.8940,3.6714,7.5276,-23.1361,-37.5611,3,-1.2124,9.1896,9.1883,9.3882,0.0000,-18.4096,0.1848,0.0641,0,3
piano_felt,91,G6,0.6750,regular,felt,Felt,0.1250,1.1492,1567.9820,3214.8940,3.6040,7.3894,-23.3771,-39.4027,3,-1.8017,10.7881,10.7892,11.1141,0.0000,-18.3225,0.1797,0.0519,0,3
piano_felt,91,G6,0.7000,regular,felt,Felt,0.1250,1.1289,1567.9820,3214.8940,3.5402,7.2585,-23.7342,-42.3347,3,-2.4955,13.3655,13.3647,13.9384,0.0000,-18.3638,0.1725,0.0370,0,3
piano_felt,91,G6,0.7250,regular,felt,Felt,0.1250,1.1096,1567.9820,3214.8940,3.4797,7.1345,-24.2095,-47.5297,3,-3.2967,18.0831,18.0862,19.3552,0.0000,-18.5346,0.1633,0.0204,0,3
piano_felt,91,G6,0.7500,regular,felt,Felt,0.1250,1.0913,1567.9820,3214.8940,3.4222,7.0167,-24.8104,-65.2962,3,-4.2134,34.1150,34.1180,48.4217,0.0000,-18.8414,0.1524,0.0030,1,3
piano_felt,91,G6,0.7750,regular,felt,Felt,0.1250,1.0738,1567.9820,3214.8940,3.3675,6.9046,-25.5502,-49.8997,3,-5.2596,19.1060,19.1057,17.2795,0.0000,-19.2957,0.1399,0.0155,0,3
piano_felt,91,G6,0.8000,regular,felt,Felt,0.1250,1.0572,1567.9820,3214.8940,3.3154,6.7978,-26.4510,-43.2113,3,-6.4579,11.5213,11.5194,10.5084,0.0000,-19.9211,0.1261,0.0335,0,3
piano_felt,91,G6,0.8250,regular,felt,Felt,0.1250,1.0414,1567.9820,3214.8940,3.2657,6.6958,-27.5473,-39.5833,3,-7.8435,6.7964,6.7958,6.0134,0.0000,-20.7504,0.1112,0.0508,0,3
piano_felt,91,G6,0.8500,regular,felt,Felt,0.1250,1.0262,1567.9820,3214.8940,3.2182,6.5983,-28.8950,-37.1598,3,-9.4726,3.0254,3.0247,2.3201,0.0000,-21.8389,0.0952,0.0672,0,3
piano_felt,91,G6,0.8750,regular,felt,Felt,0.1250,1.0117,1567.9820,3214.8940,3.1727,6.5050,-30.5882,-35.4020,3,-11.4401,-0.4273,-0.4264,-1.1385,-0.4273,-23.2813,0.0783,0.0823,0,3
piano_felt,91,G6,0.9000,regular,felt,Felt,0.1250,0.9978,1567.9820,3214.8940,3.1291,6.4157,-32.8014,-34.0761,3,-13.9205,-3.9648,-3.9657,-4.7667,-3.9648,-25.2499,0.0607,0.0958,0,3
piano_felt,91,G6,0.9250,regular,felt,Felt,0.1250,0.9845,1567.9820,3214.8940,3.0872,6.3299,-35.9101,-33.0588,3,-17.2900,-8.0920,-8.0926,-9.1515,-8.0920,-28.1217,0.0424,0.1077,0,3
piano_felt,91,G6,0.9500,regular,felt,Felt,0.1250,0.9717,1567.9820,3214.8940,3.0471,6.2475,-40.9960,-32.2767,3,-22.6306,-13.9654,-13.9631,-15.8478,-13.9654,-32.9799,0.0236,0.1179,0,3
piano_felt,91,G6,0.9750,regular,felt,Felt,0.1250,0.9593,1567.9820,3214.8940,3.0084,6.1683,-55.6657,-31.6826,3,-37.5490,-29.0770,-29.0908,-60.5572,-29.0770,-47.2722,0.0044,0.1263,1,3
piano_felt,91,G6,1.0000,regular,felt,Felt,0.1250,0.9475,1567.9820,3214.8940,2.9713,6.0921,-44.7852,-31.2446,3,-26.9117,-18.7682,-18.7700,-16.5347,-18.7682,-36.3062,0.0153,0.1328,0,3
piano_felt,91,G6,0.2780,corpus,felt,Felt,0.1250,1.7768,1567.9820,3214.8940,5.5720,11.4244,-31.6880,-46.4220,5,-2.1320,9.5035,9.5013,9.9181,0.0000,-34.3396,0.0690,0.0231,0,3
piano_felt,91,G6,0.3030,corpus,felt,Felt,0.1250,1.7032,1567.9820,3214.8940,5.3412,10.9513,-34.6329,-63.8359,5,-5.8373,23.9509,23.9509,19.2736,0.0000,-36.5371,0.0492,0.0031,1,3
piano_felt,91,G6,0.3130,corpus,felt,Felt,0.1250,1.6763,1567.9820,3214.8940,5.2567,10.7780,-36.6343,-50.5537,5,-8.1260,8.6811,8.6800,7.0965,0.0000,-38.2589,0.0390,0.0144,0,3
piano_felt,91,G6,0.3280,corpus,felt,Felt,0.1250,1.6382,1567.9820,3214.8940,5.1372,10.5330,-41.4907,-44.3085,5,-13.3972,-2.4226,-2.4211,-3.8405,-2.4226,-42.7086,0.0223,0.0295,0,3
piano_felt,91,G6,0.3380,corpus,felt,Felt,0.1250,1.6142,1567.9820,3214.8940,5.0620,10.3788,-48.0721,-42.2027,5,-20.2450,-11.1108,-11.1113,-13.6838,-11.1108,-49.0310,0.0105,0.0376,0,3
piano_felt,91,G6,0.3630,corpus,felt,Felt,0.1250,1.5586,1567.9820,3214.8940,4.8876,10.0213,-42.3038,-39.9550,5,-15.1112,-7.5800,-7.5808,-6.5805,-7.5800,-42.6348,0.0203,0.0487,0,3
piano_felt,91,G6,0.4020,corpus,felt,Felt,0.1250,1.4824,1567.9820,3214.8940,4.6487,9.5314,-31.8912,-41.6723,5,-5.6095,4.5446,4.5473,5.1853,0.0000,-31.3384,0.0674,0.0400,0,3
piano_felt,91,G6,0.4270,corpus,felt,Felt,0.1250,1.4391,1567.9820,3214.8940,4.5130,9.2531,-28.9321,-46.7908,5,-3.1909,12.6248,12.6259,13.7211,0.0000,-27.8553,0.0948,0.0222,0,3
piano_felt,91,G6,0.4370,corpus,felt,Felt,0.1250,1.4228,1567.9820,3214.8940,4.4619,9.1485,-28.0543,-51.0715,5,-2.5210,17.7815,17.7861,19.5970,0.0000,-26.7765,0.1049,0.0135,0,3
piano_felt,91,G6,0.4520,corpus,felt,Felt,0.1250,1.3994,1567.9820,3214.8940,4.3886,8.9981,-26.9598,-88.5749,5,-1.7299,36.8488,36.8493,33.1506,0.0000,-25.3885,0.1190,0.0017,1,3
piano_felt,91,G6,0.4620,corpus,felt,Felt,0.1250,1.3845,1567.9820,3214.8940,4.3417,8.9019,-26.3490,-54.1484,5,-1.3161,22.5561,22.5569,20.6669,0.0000,-24.5874,0.1276,0.0095,0,3
piano_felt,91,G6,0.4870,corpus,felt,Felt,0.1250,1.3491,1567.9820,3214.8940,4.2307,8.6744,-25.1408,-43.6206,5,-0.5835,13.2413,13.2418,12.7248,0.0000,-22.9214,0.1467,0.0319,0,3
piano_felt,92,G#6,0.0500,regular,felt,Felt,0.1250,4.0678,1661.2190,3415.9690,13.5149,27.7907,-47.9965,-58.2227,13,-2.8117,5.0333,5.0217,4.9196,0.0000,-65.5556,0.0106,0.0059,0,3
piano_felt,92,G#6,0.0750,regular,felt,Felt,0.1250,3.3308,1661.2190,3415.9690,11.0664,22.7559,-61.3358,-62.8078,11,-19.6467,-3.7608,-3.7626,-11.3051,-5.1563,-75.3783,0.0023,0.0035,1,3
piano_felt,92,G#6,0.1000,regular,felt,Felt,0.1250,2.8904,1661.2190,3415.9690,9.6032,19.7472,-41.0109,-52.5017,9,-1.8089,6.2709,6.2694,6.3440,0.0000,-52.5454,0.0236,0.0115,0,3
piano_felt,92,G#6,0.1250,regular,felt,Felt,0.1250,2.5893,1661.2190,3415.9690,8.6029,17.6902,-41.9382,-50.9534,9,-4.6705,3.7923,3.7927,4.6403,0.0000,-51.5351,0.0212,0.0137,0,3
piano_felt,92,G#6,0.1500,regular,felt,Felt,0.1250,2.3668,1661.2190,3415.9690,7.8634,16.1696,-35.8843,-48.6266,7,-0.2014,7.5181,7.5143,7.2862,0.0000,-43.8981,0.0426,0.0179,0,3
piano_felt,92,G#6,0.1750,regular,felt,Felt,0.1250,2.1936,1661.2190,3415.9690,7.2880,14.9864,-41.5265,-80.3977,7,-7.1871,25.8007,25.8184,20.5814,0.0000,-48.2004,0.0222,0.0011,1,3
piano_felt,92,G#6,0.2000,regular,felt,Felt,0.1250,2.0538,1661.2190,3415.9690,6.8237,14.0317,-44.4383,-45.8509,7,-11.2660,-3.8190,-3.8149,-2.9393,-3.8190,-49.9515,0.0159,0.0247,0,3
piano_felt,92,G#6,0.2250,regular,felt,Felt,0.1250,1.9380,1661.2190,3415.9690,6.4388,13.2402,-34.3914,-53.5001,7,-2.2512,13.8888,13.8819,15.5131,0.0000,-38.8785,0.0506,0.0102,0,3
piano_felt,92,G#6,0.2500,regular,felt,Felt,0.1250,1.8399,1661.2190,3415.9690,6.1129,12.5701,-31.3518,-47.9983,7,-0.1374,11.4131,11.4128,10.8634,0.0000,-34.9260,0.0717,0.0193,0,3
piano_felt,92,G#6,0.2750,regular,felt,Felt,0.1250,1.7555,1661.2190,3415.9690,5.8324,11.9931,-30.6793,-43.0972,5,-0.3046,7.1857,7.1850,7.1325,0.0000,-33.4262,0.0775,0.0339,0,3
piano_felt,92,G#6,0.3000,regular,felt,Felt,0.1250,1.6817,1661.2190,3415.9690,5.5875,11.4896,-31.5733,-45.5009,5,-1.9674,8.6959,8.6952,9.0114,0.0000,-33.5631,0.0699,0.0257,0,3
piano_felt,92,G#6,0.3250,regular,felt,Felt,0.1250,1.6167,1661.2190,3415.9690,5.3713,11.0451,-34.0777,-64.6647,5,-5.1809,25.3850,25.3701,35.6300,0.0000,-35.3724,0.0524,0.0028,1,3
piano_felt,92,G#6,0.3500,regular,felt,Felt,0.1250,1.5587,1661.2190,3415.9690,5.1786,10.6488,-39.3911,-46.6277,5,-11.1526,2.0011,1.9983,0.6163,0.0000,-40.0431,0.0284,0.0226,0,3
piano_felt,92,G#6,0.3750,regular,felt,Felt,0.1250,1.5066,1661.2190,3415.9690,5.0055,10.2928,-68.9455,-41.3716,5,-41.3215,-26.3962,-26.3977,-28.7135,-26.3962,-62.5861,0.0020,0.0413,1,3
piano_felt,92,G#6,0.4000,regular,felt,Felt,0.1250,1.4594,1661.2190,3415.9690,4.8487,9.9704,-39.6118,-39.8701,5,-12.5642,-4.9732,-4.9739,-4.1973,-4.9732,-39.0998,0.0277,0.0492,0,3
piano_felt,92,G#6,0.4250,regular,felt,Felt,0.1250,1.4164,1661.2190,3415.9690,4.7060,9.6769,-33.5253,-40.5065,5,-7.0206,1.7472,1.7481,2.3315,0.0000,-32.4886,0.0559,0.0457,0,3
piano_felt,92,G#6,0.4500,regular,felt,Felt,0.1250,1.3771,1661.2190,3415.9690,4.5752,9.4080,-30.1599,-43.3081,5,-4.1686,7.9151,7.9151,8.6512,0.0000,-28.6267,0.0823,0.0331,0,3
piano_felt,92,G#6,0.4750,regular,felt,Felt,0.1250,1.3408,1661.2190,3415.9690,4.4549,9.1606,-27.9408,-50.4283,5,-2.4365,17.2582,17.2566,18.9329,0.0000,-25.9387,0.1063,0.0146,0,3
piano_felt,92,G#6,0.5000,regular,felt,Felt,0.1250,1.3074,1661.2190,3415.9690,4.3437,8.9319,-26.3734,-57.3550,5,-1.3322,25.7432,25.7367,23.0768,0.0000,-23.9261,0.1273,0.0066,0,3
piano_felt,92,G#6,0.5250,regular,felt,Felt,0.1250,1.2763,1661.2190,3415.9690,4.2404,8.7196,-25.2341,-44.9097,5,-0.6347,14.4390,14.4378,13.8110,0.0000,-22.3617,0.1451,0.0275,0,3
piano_felt,92,G#6,0.5500,regular,felt,Felt,0.1250,1.2474,1661.2190,3415.9690,4.1443,8.5219,-24.4020,-40.4209,5,-0.2250,10.7832,10.7820,10.4721,0.0000,-21.1261,0.1597,0.0461,0,3
piano_felt,92,G#6,0.5750,regular,felt,Felt,0.1250,1.2203,1661.2190,3415.9690,4.0545,8.3372,-23.8040,-37.9951,5,-0.0318,8.9536,8.9544,8.7817,0.0000,-20.1422,0.1711,0.0610,0,3
piano_felt,92,G#6,0.6000,regular,felt,Felt,0.1250,1.1950,1661.2190,3415.9690,3.9703,8.1641,-23.3931,-36.6369,3,-0.0095,8.0076,8.0074,7.9206,0.0000,-19.3615,0.1794,0.0713,0,3
piano_felt,92,G#6,0.6250,regular,felt,Felt,0.1250,1.1712,1661.2190,3415.9690,3.8912,8.0015,-23.1373,-35.9901,3,-0.1275,7.6167,7.6163,7.5933,0.0000,-18.7517,0.1847,0.0769,0,3
piano_felt,92,G#6,0.6500,regular,felt,Felt,0.1250,1.1488,1661.2190,3415.9690,3.8167,7.8483,-23.0149,-35.8979,3,-0.3652,7.6462,7.6466,7.6813,0.0000,-18.2882,0.1874,0.0777,0,3
piano_felt,92,G#6,0.6750,regular,felt,Felt,0.1250,1.1276,1661.2190,3415.9690,3.7463,7.7036,-23.0108,-36.2977,3,-0.7086,8.0508,8.0506,8.1445,0.0000,-17.9562,0.1875,0.0742,0,3
piano_felt,92,G#6,0.7000,regular,felt,Felt,0.1250,1.1075,1661.2190,3415.9690,3.6798,7.5667,-23.1151,-37.1927,3,-1.1486,8.8417,8.8414,9.0114,0.0000,-17.7452,0.1852,0.0669,0,3
piano_felt,92,G#6,0.7250,regular,felt,Felt,0.1250,1.0886,1661.2190,3415.9690,3.6167,7.4369,-23.3217,-38.6594,3,-1.6802,10.1023,10.1017,10.3730,0.0000,-17.6469,0.1809,0.0565,0,3
piano_felt,92,G#6,0.7500,regular,felt,Felt,0.1250,1.0705,1661.2190,3415.9690,3.5567,7.3137,-23.6283,-40.9035,3,-2.3016,12.0402,12.0395,12.4806,0.0000,-17.6589,0.1746,0.0437,0,3
piano_felt,92,G#6,0.7750,regular,felt,Felt,0.1250,1.0534,1661.2190,3415.9690,3.4997,7.1964,-24.0359,-44.4673,3,-3.0145,15.1965,15.1967,15.9953,0.0000,-17.7815,0.1666,0.0290,0,3
piano_felt,92,G#6,0.8000,regular,felt,Felt,0.1250,1.0370,1661.2190,3415.9690,3.4453,7.0847,-24.5489,-51.3866,3,-3.8240,21.6069,21.6063,23.8192,0.0000,-18.0191,0.1570,0.0130,0,3
piano_felt,92,G#6,0.8250,regular,felt,Felt,0.1250,1.0214,1661.2190,3415.9690,3.3935,6.9780,-25.1762,-62.8051,3,-4.7395,32.3610,32.3678,26.5703,0.0000,-18.3791,0.1461,0.0035,1,3
piano_felt,92,G#6,0.8500,regular,felt,Felt,0.1250,1.0065,1661.2190,3415.9690,3.3439,6.8761,-25.9319,-47.5773,3,-5.7755,16.4035,16.4035,14.9190,0.0000,-18.8754,0.1339,0.0203,0,3
piano_felt,92,G#6,0.8750,regular,felt,Felt,0.1250,0.9922,1661.2190,3415.9690,3.2965,6.7785,-26.8379,-42.4010,3,-6.9545,10.3247,10.3229,9.3651,0.0000,-19.5300,0.1206,0.0368,0,3
piano_felt,92,G#6,0.9000,regular,felt,Felt,0.1250,0.9785,1661.2190,3415.9690,3.2510,6.6850,-27.9277,-39.2772,3,-8.3104,6.1108,6.1097,5.3323,0.0000,-20.3747,0.1064,0.0527,0,3
piano_felt,92,G#6,0.9250,regular,felt,Felt,0.1250,0.9654,1661.2190,3415.9690,3.2074,6.5953,-29.2541,-37.0965,3,-9.8963,2.6027,2.6028,1.8843,0.0000,-21.4639,0.0913,0.0677,0,3
piano_felt,92,G#6,0.9500,regular,felt,Felt,0.1250,0.9528,1661.2190,3415.9690,3.1655,6.5092,-30.9045,-35.4715,3,-11.8000,-0.6725,-0.6727,-1.4049,-0.6725,-22.8831,0.0755,0.0816,0,3
piano_felt,92,G#6,0.9750,regular,felt,Felt,0.1250,0.9406,1661.2190,3415.9690,3.1252,6.4264,-33.0373,-34.2199,3,-14.1803,-4.0572,-4.0575,-4.8863,-4.0572,-24.7896,0.0591,0.0943,0,3
piano_felt,92,G#6,1.0000,regular,felt,Felt,0.1250,0.9290,1661.2190,3415.9690,3.0865,6.3467,-35.9835,-33.2407,3,-17.3684,-7.9844,-7.9838,-9.0613,-7.9844,-27.5185,0.0421,0.1055,0,3
piano_felt,92,G#6,0.2780,corpus,felt,Felt,0.1250,1.7461,1661.2190,3415.9690,5.8013,11.9292,-30.7092,-43.0570,5,-0.4303,7.1156,7.1150,7.0996,0.0000,-33.3611,0.0772,0.0340,0,3
piano_felt,92,G#6,0.3030,corpus,felt,Felt,0.1250,1.6735,1661.2190,3415.9690,5.5602,11.4334,-31.7805,-46.2823,5,-2.2626,9.2695,9.2695,9.6634,0.0000,-33.6840,0.0683,0.0235,0,3
piano_felt,92,G#6,0.3130,corpus,felt,Felt,0.1250,1.6469,1661.2190,3415.9690,5.4719,11.2518,-32.6420,-50.2638,5,-3.4116,12.3909,12.3906,13.2845,0.0000,-34.2637,0.0618,0.0148,0,3
piano_felt,92,G#6,0.3280,corpus,felt,Felt,0.1250,1.6094,1661.2190,3415.9690,5.3470,10.9951,-34.5198,-83.9249,5,-5.7044,30.7207,30.7336,26.2622,0.0000,-35.7344,0.0498,0.0014,1,3
piano_felt,92,G#6,0.3380,corpus,felt,Felt,0.1250,1.5857,1661.2190,3415.9690,5.2685,10.8336,-36.3074,-53.0683,5,-7.7588,11.5134,11.5208,9.5830,0.0000,-37.2640,0.0405,0.0108,0,3
piano_felt,92,G#6,0.3630,corpus,felt,Felt,0.1250,1.5309,1661.2190,3415.9690,5.0864,10.4591,-45.2914,-43.1868,5,-17.3775,-7.3432,-7.3445,-9.2940,-7.3432,-45.6286,0.0144,0.0336,0,3
piano_felt,92,G#6,0.4020,corpus,felt,Felt,0.1250,1.4558,1661.2190,3415.9690,4.8368,9.9460,-38.9225,-39.8490,5,-11.9196,-4.3081,-4.3060,-3.5748,-4.3081,-38.3702,0.0300,0.0493,0,3
piano_felt,92,G#6,0.4270,corpus,felt,Felt,0.1250,1.4131,1661.2190,3415.9690,4.6951,9.6545,-33.1912,-40.6427,5,-6.7287,2.2157,2.2183,2.7983,0.0000,-32.1154,0.0581,0.0450,0,3
piano_felt,92,G#6,0.4370,corpus,felt,Felt,0.1250,1.3971,1661.2190,3415.9690,4.6418,9.5450,-31.7133,-41.5333,5,-5.4586,4.5850,4.5867,5.2043,0.0000,-30.4348,0.0688,0.0406,0,3
piano_felt,92,G#6,0.4520,corpus,felt,Felt,0.1250,1.3741,1661.2190,3415.9690,4.5652,9.3875,-29.9497,-43.6584,5,-3.9983,8.4755,8.4757,9.2450,0.0000,-28.3786,0.0843,0.0318,0,3
piano_felt,92,G#6,0.4620,corpus,felt,Felt,0.1250,1.3593,1661.2190,3415.9690,4.5162,9.2868,-28.9921,-45.8361,5,-3.2377,11.6128,11.6114,12.5887,0.0000,-27.2298,0.0942,0.0247,0,3
piano_felt,92,G#6,0.4870,corpus,felt,Felt,0.1250,1.3245,1661.2190,3415.9690,4.4004,9.0486,-27.1244,-60.5071,5,-1.8451,28.1651,28.1612,34.9528,0.0000,-24.9050,0.1167,0.0046,0,3
piano_felt,93,A6,0.0500,regular,felt,Felt,0.1250,4.0097,1760.0000,3630.7880,14.1140,29.1165,-46.0823,-73.3581,15,-0.1400,22.0378,22.0942,32.9867,0.0000,-63.6421,0.0132,0.0010,1,3
piano_felt,93,A6,0.0750,regular,felt,Felt,0.1250,3.2809,1760.0000,3630.7880,11.5487,23.8243,-44.8307,-55.4007,11,-2.3948,5.3655,5.3568,5.2351,0.0000,-58.8676,0.0152,0.0082,0,3
piano_felt,93,A6,0.1000,regular,felt,Felt,0.1250,2.8456,1760.0000,3630.7880,10.0166,20.6637,-39.9447,-58.5386,11,-0.0029,13.3693,13.3706,12.1094,0.0000,-51.4828,0.0267,0.0057,0,3
piano_felt,93,A6,0.1250,regular,felt,Felt,0.1250,2.5482,1760.0000,3630.7880,8.9696,18.5039,-64.4355,-53.7288,9,-26.4331,-15.8828,-15.9099,-11.2615,-15.8828,-73.9794,0.0016,0.0100,1,3
piano_felt,93,A6,0.1500,regular,felt,Felt,0.1250,2.3284,1760.0000,3630.7880,8.1960,16.9079,-36.8320,-65.9136,9,-0.4182,23.8488,23.8430,20.3005,0.0000,-44.8460,0.0382,0.0024,1,3
piano_felt,93,A6,0.1750,regular,felt,Felt,0.1250,2.1574,1760.0000,3630.7880,7.5942,15.6664,-36.9665,-49.0151,7,-1.8993,6.8240,6.8214,6.9767,0.0000,-43.6401,0.0376,0.0171,0,3
piano_felt,93,A6,0.2000,regular,felt,Felt,0.1250,2.0195,1760.0000,3630.7880,7.1087,14.6648,-49.2947,-52.5881,7,-15.3967,-1.9363,-1.9432,-4.6583,-1.9363,-54.8081,0.0091,0.0114,0,3
piano_felt,93,A6,0.2250,regular,felt,Felt,0.1250,1.9052,1760.0000,3630.7880,6.7063,13.8347,-39.8934,-45.8894,7,-7.0294,0.7743,0.7681,1.4411,0.0000,-44.3775,0.0268,0.0246,0,3
piano_felt,93,A6,0.2500,regular,felt,Felt,0.1250,1.8084,1760.0000,3630.7880,6.3657,13.1320,-33.4561,-58.4084,7,-1.5194,19.7282,19.7292,22.7570,0.0000,-37.0295,0.0563,0.0058,0,3
piano_felt,93,A6,0.2750,regular,felt,Felt,0.1250,1.7251,1760.0000,3630.7880,6.0725,12.5272,-31.1522,-47.2563,7,-0.0564,10.8707,10.8710,10.3840,0.0000,-33.8982,0.0734,0.0210,0,3
piano_felt,93,A6,0.3000,regular,felt,Felt,0.1250,1.6524,1760.0000,3630.7880,5.8166,11.9994,-30.6917,-43.1058,5,-0.3655,7.1796,7.1818,7.1156,0.0000,-32.6816,0.0774,0.0339,0,3
piano_felt,93,A6,0.3250,regular,felt,Felt,0.1250,1.5883,1760.0000,3630.7880,5.5908,11.5335,-31.5501,-44.9896,5,-1.9337,8.2063,8.2075,8.4606,0.0000,-32.8455,0.0701,0.0273,0,3
piano_felt,93,A6,0.3500,regular,felt,Felt,0.1250,1.5311,1760.0000,3630.7880,5.3895,11.1183,-33.7738,-56.4407,5,-4.8161,17.4382,17.4398,19.8384,0.0000,-34.4258,0.0543,0.0073,0,3
piano_felt,93,A6,0.3750,regular,felt,Felt,0.1250,1.4797,1760.0000,3630.7880,5.2087,10.7452,-38.1881,-49.3589,5,-9.8453,5.9333,5.9327,4.3719,0.0000,-38.2417,0.0326,0.0165,0,3
piano_felt,93,A6,0.4000,regular,felt,Felt,0.1250,1.4332,1760.0000,3630.7880,5.0450,10.4075,-50.7929,-42.5295,5,-23.0268,-13.5009,-13.5068,-17.1688,-13.5009,-50.2856,0.0077,0.0362,0,3
piano_felt,93,A6,0.4250,regular,felt,Felt,0.1250,1.3909,1760.0000,3630.7880,4.8959,10.1000,-42.9905,-40.1948,5,-15.7673,-8.0251,-8.0262,-6.9908,-8.0251,-41.9491,0.0188,0.0474,0,3
piano_felt,93,A6,0.4500,regular,felt,Felt,0.1250,1.3521,1760.0000,3630.7880,4.7594,9.8184,-35.3690,-39.9494,5,-8.6591,-0.6534,-0.6521,-0.0758,-0.6534,-33.8368,0.0452,0.0487,0,3
piano_felt,93,A6,0.4750,regular,felt,Felt,0.1250,1.3164,1760.0000,3630.7880,4.6338,9.5592,-31.5101,-41.3945,5,-5.2870,4.6504,4.6517,5.2476,0.0000,-29.5073,0.0705,0.0413,0,3
piano_felt,93,A6,0.5000,regular,felt,Felt,0.1250,1.2834,1760.0000,3630.7880,4.5177,9.3197,-29.0182,-45.0266,5,-3.2580,10.7751,10.7762,11.6607,0.0000,-26.5701,0.0939,0.0272,0,3
piano_felt,93,A6,0.5250,regular,felt,Felt,0.1250,1.2528,1760.0000,3630.7880,4.4099,9.0974,-27.2595,-54.5891,5,-1.9408,22.1045,22.1020,24.9209,0.0000,-24.3881,0.1149,0.0090,0,3
piano_felt,93,A6,0.5500,regular,felt,Felt,0.1250,1.2243,1760.0000,3630.7880,4.3096,8.8904,-25.9669,-53.1737,5,-1.0702,21.9711,21.9661,20.2516,0.0000,-22.6909,0.1334,0.0106,0,3
piano_felt,93,A6,0.5750,regular,felt,Felt,0.1250,1.1977,1760.0000,3630.7880,4.2158,8.6971,-25.0014,-44.2399,5,-0.5091,14.0027,14.0015,13.4228,0.0000,-21.3400,0.1490,0.0297,0,3
piano_felt,93,A6,0.6000,regular,felt,Felt,0.1250,1.1727,1760.0000,3630.7880,4.1280,8.5158,-24.2811,-40.3205,5,-0.1768,10.8031,10.8031,10.4980,0.0000,-20.2494,0.1620,0.0467,0,3
piano_felt,93,A6,0.6250,regular,felt,Felt,0.1250,1.1493,1760.0000,3630.7880,4.0455,8.3456,-23.7533,-38.0807,5,-0.0222,9.0915,9.0914,8.9135,0.0000,-19.3673,0.1721,0.0604,0,3
piano_felt,93,A6,0.6500,regular,felt,Felt,0.1250,1.1272,1760.0000,3630.7880,3.9677,8.1852,-23.3828,-36.7634,3,-0.0112,8.1441,8.1447,8.0451,0.0000,-18.6561,0.1796,0.0703,0,3
piano_felt,93,A6,0.6750,regular,felt,Felt,0.1250,1.1063,1760.0000,3630.7880,3.8943,8.0338,-23.1450,-36.0734,3,-0.1202,7.6921,7.6926,7.6539,0.0000,-18.0907,0.1846,0.0761,0,3
piano_felt,93,A6,0.7000,regular,felt,Felt,0.1250,1.0866,1760.0000,3630.7880,3.8249,7.8905,-23.0226,-35.8727,3,-0.3328,7.6149,7.6143,7.6321,0.0000,-17.6524,0.1872,0.0779,0,3
piano_felt,93,A6,0.7250,regular,felt,Felt,0.1250,1.0679,1760.0000,3630.7880,3.7591,7.7547,-23.0032,-36.0982,3,-0.6375,7.8603,7.8593,7.9310,0.0000,-17.3281,0.1876,0.0759,0,3
piano_felt,93,A6,0.7500,regular,felt,Felt,0.1250,1.0502,1760.0000,3630.7880,3.6965,7.6258,-23.0783,-36.7368,3,-1.0266,8.4223,8.4229,8.5532,0.0000,-17.1090,0.1860,0.0705,0,3
piano_felt,93,A6,0.7750,regular,felt,Felt,0.1250,1.0333,1760.0000,3630.7880,3.6371,7.5030,-23.2427,-37.8228,3,-1.4954,9.3443,9.3446,9.5553,0.0000,-16.9882,0.1825,0.0622,0,3
piano_felt,93,A6,0.8000,regular,felt,Felt,0.1250,1.0172,1760.0000,3630.7880,3.5804,7.3861,-23.4935,-39.4584,3,-2.0419,10.7301,10.7297,11.0539,0.0000,-16.9635,0.1773,0.0515,0,3
piano_felt,93,A6,0.8250,regular,felt,Felt,0.1250,1.0018,1760.0000,3630.7880,3.5263,7.2745,-23.8306,-41.8835,3,-2.6662,12.8185,12.8180,13.3366,0.0000,-17.0334,0.1706,0.0390,0,3
piano_felt,93,A6,0.8500,regular,felt,Felt,0.1250,0.9871,1760.0000,3630.7880,3.4746,7.1679,-24.2565,-45.7239,3,-3.3714,16.2321,16.2338,17.2023,0.0000,-17.1999,0.1624,0.0251,0,3
piano_felt,93,A6,0.8750,regular,felt,Felt,0.1250,0.9730,1760.0000,3630.7880,3.4251,7.0658,-24.7762,-53.5183,3,-4.1631,23.5116,23.5132,26.5364,0.0000,-17.4677,0.1530,0.0102,0,3
piano_felt,93,A6,0.9000,regular,felt,Felt,0.1250,0.9596,1760.0000,3630.7880,3.3777,6.9680,-25.3984,-59.5255,3,-5.0504,28.8672,28.8737,24.4705,0.0000,-17.8456,0.1424,0.0051,0,3
piano_felt,93,A6,0.9250,regular,felt,Felt,0.1250,0.9467,1760.0000,3630.7880,3.3322,6.8742,-26.1365,-47.4435,3,-6.0469,16.0619,16.0656,14.5835,0.0000,-18.3463,0.1308,0.0206,0,3
piano_felt,93,A6,0.9500,regular,felt,Felt,0.1250,0.9342,1760.0000,3630.7880,3.2885,6.7841,-27.0102,-42.6284,3,-7.1728,10.3774,10.3785,9.3880,0.0000,-18.9880,0.1183,0.0358,0,3
piano_felt,93,A6,0.9750,regular,felt,Felt,0.1250,0.9223,1760.0000,3630.7880,3.2466,6.6975,-28.0487,-39.6323,3,-8.4576,6.3469,6.3444,5.5378,0.0000,-19.8003,0.1050,0.0505,0,3
piano_felt,93,A6,1.0000,regular,felt,Felt,0.1250,0.9108,1760.0000,3630.7880,3.2061,6.6141,-29.2969,-37.5048,3,-9.9466,2.9684,2.9688,2.2272,0.0000,-20.8297,0.0909,0.0646,0,3
piano_felt,93,A6,0.2780,corpus,felt,Felt,0.1250,1.7159,1760.0000,3630.7880,6.0400,12.4601,-31.0171,-46.2638,7,-0.0171,10.0140,10.0139,9.6121,0.0000,-33.6690,0.0746,0.0235,0,3
piano_felt,93,A6,0.3030,corpus,felt,Felt,0.1250,1.6443,1760.0000,3630.7880,5.7880,11.9404,-30.7286,-43.0577,5,-0.4905,7.0965,7.0968,7.0683,0.0000,-32.6323,0.0771,0.0340,0,3
piano_felt,93,A6,0.3130,corpus,felt,Felt,0.1250,1.6181,1760.0000,3630.7880,5.6958,11.7502,-30.9820,-43.4254,5,-1.0317,7.2112,7.2112,7.2908,0.0000,-32.6030,0.0749,0.0326,0,3
piano_felt,93,A6,0.3280,corpus,felt,Felt,0.1250,1.5811,1760.0000,3630.7880,5.5654,11.4812,-31.7386,-45.6083,5,-2.2038,8.6392,8.6378,8.9540,0.0000,-32.9535,0.0686,0.0254,0,3
piano_felt,93,A6,0.3380,corpus,felt,Felt,0.1250,1.5578,1760.0000,3630.7880,5.4833,11.3118,-32.5117,-48.6223,5,-3.2437,10.8786,10.8795,11.5391,0.0000,-33.4666,0.0628,0.0179,0,3
piano_felt,93,A6,0.3630,corpus,felt,Felt,0.1250,1.5037,1760.0000,3630.7880,5.2931,10.9195,-35.6781,-59.4363,5,-7.0453,18.5199,18.5137,15.2262,0.0000,-36.0121,0.0436,0.0052,0,3
piano_felt,93,A6,0.4020,corpus,felt,Felt,0.1250,1.4297,1760.0000,3630.7880,5.0325,10.3819,-53.5560,-42.2363,5,-25.8344,-16.5652,-16.5662,-21.9887,-16.5652,-53.0140,0.0056,0.0374,0,3
piano_felt,93,A6,0.4270,corpus,felt,Felt,0.1250,1.3877,1760.0000,3630.7880,4.8845,10.0766,-42.0578,-40.1095,5,-14.8767,-7.1810,-7.1793,-6.2388,-7.1810,-40.9802,0.0209,0.0478,0,3
piano_felt,93,A6,0.4370,corpus,felt,Felt,0.1250,1.3719,1760.0000,3630.7880,4.8289,9.9618,-38.4916,-39.8612,5,-11.5184,-3.8638,-3.8624,-3.1776,-3.8638,-37.2131,0.0315,0.0492,0,3
piano_felt,93,A6,0.4520,corpus,felt,Felt,0.1250,1.3491,1760.0000,3630.7880,4.7490,9.7969,-34.9790,-40.0024,5,-8.3090,-0.2106,-0.2092,0.3617,-0.2106,-33.4074,0.0473,0.0484,0,3
piano_felt,93,A6,0.4620,corpus,felt,Felt,0.1250,1.3346,1760.0000,3630.7880,4.6978,9.6914,-33.2742,-40.4258,5,-6.8011,1.9190,1.9190,2.4757,0.0000,-31.5123,0.0575,0.0461,0,3
piano_felt,93,A6,0.4870,corpus,felt,Felt,0.1250,1.3003,1760.0000,3630.7880,4.5769,9.4420,-30.1964,-42.7838,5,-4.1983,7.3535,7.3548,8.0392,0.0000,-27.9774,0.0820,0.0352,0,3
piano_felt,94,A#6,0.0500,regular,felt,Felt,0.1250,3.9523,1864.6550,3860.4780,14.7392,30.5153,-54.6962,-62.5958,15,-7.9973,2.6907,2.7045,2.7487,0.0000,-72.2522,0.0049,0.0036,0,3
piano_felt,94,A#6,0.0750,regular,felt,Felt,0.1250,3.2316,1864.6550,3860.4780,12.0516,24.9510,-43.2104,-78.1521,13,-0.0286,27.4119,27.3258,21.9877,0.0000,-57.2450,0.0183,0.0008,1,3
piano_felt,94,A#6,0.1000,regular,felt,Felt,0.1250,2.8015,1864.6550,3860.4780,10.4475,21.6299,-43.0308,-54.9420,11,-2.3502,6.6919,6.6972,7.6256,0.0000,-54.5678,0.0187,0.0087,0,3
piano_felt,94,A#6,0.1250,regular,felt,Felt,0.1250,2.5077,1864.6550,3860.4780,9.3518,19.3615,-44.3336,-56.8414,9,-5.5976,7.2914,7.2886,7.9502,0.0000,-53.9307,0.0161,0.0069,0,3
piano_felt,94,A#6,0.1500,regular,felt,Felt,0.1250,2.2906,1864.6550,3860.4780,8.5425,17.6858,-40.7736,-50.9808,9,-3.6301,4.9816,4.9857,5.7487,0.0000,-48.7875,0.0242,0.0137,0,3
piano_felt,94,A#6,0.1750,regular,felt,Felt,0.1250,2.1219,1864.6550,3860.4780,7.9130,16.3827,-35.8752,-50.2175,7,-0.0813,9.1149,9.1151,8.6487,0.0000,-42.5490,0.0426,0.0149,0,3
piano_felt,94,A#6,0.2000,regular,felt,Felt,0.1250,1.9857,1864.6550,3860.4780,7.4054,15.3318,-39.1367,-53.4437,7,-4.5145,9.0801,9.0816,9.8059,0.0000,-44.6509,0.0293,0.0103,0,3
piano_felt,94,A#6,0.2250,regular,felt,Felt,0.1250,1.8729,1864.6550,3860.4780,6.9848,14.4609,-66.0190,-48.8746,7,-32.4328,-20.6795,-20.6382,-15.5490,-20.6795,-68.8198,0.0016,0.0174,1,3
piano_felt,94,A#6,0.2500,regular,felt,Felt,0.1250,1.7775,1864.6550,3860.4780,6.6288,13.7239,-37.8405,-46.2968,7,-5.1831,3.2279,3.2288,3.8677,0.0000,-41.4142,0.0340,0.0234,0,3
piano_felt,94,A#6,0.2750,regular,felt,Felt,0.1250,1.6953,1864.6550,3860.4780,6.3224,13.0896,-32.9803,-61.6896,7,-1.1650,23.4898,23.4901,28.2909,0.0000,-35.7259,0.0595,0.0040,0,3
piano_felt,94,A#6,0.3000,regular,felt,Felt,0.1250,1.6236,1864.6550,3860.4780,6.0551,12.5361,-31.0772,-47.4032,7,-0.0326,11.0909,11.0937,10.5795,0.0000,-33.0682,0.0740,0.0207,0,3
piano_felt,94,A#6,0.3250,regular,felt,Felt,0.1250,1.5604,1864.6550,3860.4780,5.8192,12.0477,-30.6893,-43.2005,5,-0.3552,7.2799,7.2795,7.1804,0.0000,-31.9841,0.0774,0.0335,0,3
piano_felt,94,A#6,0.3500,regular,felt,Felt,0.1250,1.5040,1864.6550,3860.4780,5.6089,11.6124,-31.4282,-44.2523,5,-1.7535,7.5923,7.5927,7.7644,0.0000,-32.0800,0.0711,0.0297,0,3
piano_felt,94,A#6,0.3750,regular,felt,Felt,0.1250,1.4534,1864.6550,3860.4780,5.4201,11.2214,-33.3104,-51.2826,5,-4.2510,12.7375,12.7427,13.7671,0.0000,-33.3639,0.0572,0.0132,0,3
piano_felt,94,A#6,0.4000,regular,felt,Felt,0.1250,1.4075,1864.6550,3860.4780,5.2491,10.8675,-36.8541,-55.0689,5,-8.3717,12.9723,12.9748,10.6498,0.0000,-36.3471,0.0381,0.0086,0,3
piano_felt,94,A#6,0.4250,regular,felt,Felt,0.1250,1.3658,1864.6550,3860.4780,5.0935,10.5453,-44.6326,-44.5182,5,-16.6934,-5.3558,-5.3530,-7.2859,-5.3558,-43.6032,0.0155,0.0288,0,3
piano_felt,94,A#6,0.4500,regular,felt,Felt,0.1250,1.3276,1864.6550,3860.4780,4.9510,10.2502,-49.7034,-41.0352,5,-22.2775,-13.8949,-13.8941,-11.8539,-13.8949,-48.1654,0.0087,0.0430,0,3
piano_felt,94,A#6,0.4750,regular,felt,Felt,0.1250,1.2924,1864.6550,3860.4780,4.8198,9.9787,-38.0195,-39.8802,5,-11.0804,-3.3727,-3.3708,-2.7291,-3.3727,-36.0172,0.0333,0.0491,0,3
piano_felt,94,A#6,0.5000,regular,felt,Felt,0.1250,1.2599,1864.6550,3860.4780,4.6986,9.7278,-33.2989,-40.2477,5,-6.8226,1.7158,1.7168,2.2494,0.0000,-30.8499,0.0573,0.0471,0,3
piano_felt,94,A#6,0.5250,regular,felt,Felt,0.1250,1.2298,1864.6550,3860.4780,4.5862,9.4950,-30.3969,-42.0823,5,-4.3619,6.4531,6.4533,7.0807,0.0000,-27.5252,0.0801,0.0381,0,3
piano_felt,94,A#6,0.5500,regular,felt,Felt,0.1250,1.2017,1864.6550,3860.4780,4.4815,9.2782,-28.3778,-46.0663,5,-2.7647,12.4576,12.4572,13.4382,0.0000,-25.1020,0.1011,0.0241,0,3
piano_felt,94,A#6,0.5750,regular,felt,Felt,0.1250,1.1755,1864.6550,3860.4780,4.3836,9.0756,-26.8922,-56.7309,5,-1.6830,24.6126,24.6135,28.3980,0.0000,-23.2303,0.1199,0.0070,0,3
piano_felt,94,A#6,0.6000,regular,felt,Felt,0.1250,1.1509,1864.6550,3860.4780,4.2920,8.8859,-25.7690,-52.8146,5,-0.9475,21.8093,21.8057,20.1517,0.0000,-21.7369,0.1365,0.0111,0,3
piano_felt,94,A#6,0.6250,regular,felt,Felt,0.1250,1.1278,1864.6550,3860.4780,4.2059,8.7076,-24.9111,-44.5461,5,-0.4623,14.3964,14.3986,13.7901,0.0000,-20.5253,0.1506,0.0287,0,3
piano_felt,94,A#6,0.6500,regular,felt,Felt,0.1250,1.1060,1864.6550,3860.4780,4.1248,8.5397,-24.2577,-40.7245,5,-0.1679,11.2317,11.2311,10.8965,0.0000,-19.5311,0.1624,0.0446,0,3
piano_felt,94,A#6,0.6750,regular,felt,Felt,0.1250,1.0855,1864.6550,3860.4780,4.0482,8.3811,-23.7685,-38.4672,5,-0.0249,9.4629,9.4634,9.2581,0.0000,-18.7140,0.1718,0.0578,0,3
piano_felt,94,A#6,0.7000,regular,felt,Felt,0.1250,1.0661,1864.6550,3860.4780,3.9757,8.2312,-23.4154,-37.0750,3,-0.0063,8.4243,8.4243,8.3000,0.0000,-18.0453,0.1789,0.0678,0,3
piano_felt,94,A#6,0.7250,regular,felt,Felt,0.1250,1.0477,1864.6550,3860.4780,3.9071,8.0890,-23.1784,-36.2672,3,-0.0929,7.8536,7.8535,7.7910,0.0000,-17.5035,0.1839,0.0744,0,3
piano_felt,94,A#6,0.7500,regular,felt,Felt,0.1250,1.0302,1864.6550,3860.4780,3.8419,7.9540,-23.0431,-35.9077,3,-0.2708,7.6307,7.6294,7.6187,0.0000,-17.0731,0.1868,0.0776,0,3
piano_felt,94,A#6,0.7750,regular,felt,Felt,0.1250,1.0135,1864.6550,3860.4780,3.7798,7.8255,-22.9988,-35.9279,3,-0.5302,7.6949,7.6940,7.7320,0.0000,-16.7442,0.1877,0.0774,0,3
piano_felt,94,A#6,0.8000,regular,felt,Felt,0.1250,0.9977,1864.6550,3860.4780,3.7207,7.7031,-23.0379,-36.2997,3,-0.8642,8.0269,8.0267,8.1145,0.0000,-16.5079,0.1869,0.0742,0,3
piano_felt,94,A#6,0.8250,regular,felt,Felt,0.1250,0.9826,1864.6550,3860.4780,3.6643,7.5863,-23.1555,-37.0283,3,-1.2682,8.6372,8.6378,8.7849,0.0000,-16.3581,0.1844,0.0682,0,3
piano_felt,94,A#6,0.8500,regular,felt,Felt,0.1250,0.9681,1864.6550,3860.4780,3.6104,7.4747,-23.3485,-38.1560,3,-1.7397,9.5743,9.5727,9.8020,0.0000,-16.2917,0.1803,0.0599,0,3
piano_felt,94,A#6,0.8750,regular,felt,Felt,0.1250,0.9543,1864.6550,3860.4780,3.5588,7.3679,-23.6158,-39.7838,3,-2.2781,10.9322,10.9334,11.2744,0.0000,-16.3075,0.1748,0.0497,0,3
piano_felt,94,A#6,0.9000,regular,felt,Felt,0.1250,0.9410,1864.6550,3860.4780,3.5094,7.2656,-23.9580,-42.1316,3,-2.8844,12.9398,12.9395,13.4793,0.0000,-16.4048,0.1681,0.0379,0,3
piano_felt,94,A#6,0.9250,regular,felt,Felt,0.1250,0.9283,1864.6550,3860.4780,3.4619,7.1674,-24.3779,-45.7457,3,-3.5619,16.1352,16.1347,17.0984,0.0000,-16.5866,0.1602,0.0250,0,3
piano_felt,94,A#6,0.9500,regular,felt,Felt,0.1250,0.9161,1864.6550,3860.4780,3.4164,7.0731,-24.8805,-52.6227,3,-4.3157,22.5112,22.5131,25.1686,0.0000,-16.8574,0.1512,0.0113,0,3
piano_felt,94,A#6,0.9750,regular,felt,Felt,0.1250,0.9044,1864.6550,3860.4780,3.3726,6.9825,-25.4733,-64.8005,3,-5.1538,33.2232,33.2178,27.2402,0.0000,-17.2257,0.1412,0.0031,1,3
piano_felt,94,A#6,1.0000,regular,felt,Felt,0.1250,0.8931,1864.6550,3860.4780,3.3305,6.8953,-26.1677,-49.0737,3,-6.0879,17.6657,17.6647,15.9426,0.0000,-17.6998,0.1303,0.0170,0,3
piano_felt,94,A#6,0.2780,corpus,felt,Felt,0.1250,1.6862,1864.6550,3860.4780,6.2884,13.0192,-32.6431,-74.9264,7,-0.9238,32.7796,32.7936,37.5095,0.0000,-35.2937,0.0618,0.0014,1,3
piano_felt,94,A#6,0.3030,corpus,felt,Felt,0.1250,1.6156,1864.6550,3860.4780,6.0252,12.4743,-30.9632,-46.4586,7,-0.0068,10.2652,10.2632,9.8407,0.0000,-32.8676,0.0750,0.0230,0,3
piano_felt,94,A#6,0.3130,corpus,felt,Felt,0.1250,1.5898,1864.6550,3860.4780,5.9289,12.2748,-30.7226,-44.3387,5,-0.0543,8.3834,8.3843,8.1392,0.0000,-32.3446,0.0771,0.0294,0,3
piano_felt,94,A#6,0.3280,corpus,felt,Felt,0.1250,1.5533,1864.6550,3860.4780,5.7927,11.9928,-30.7213,-43.0968,5,-0.4690,7.1453,7.1438,7.0784,0.0000,-31.9358,0.0771,0.0339,0,3
piano_felt,94,A#6,0.3380,corpus,felt,Felt,0.1250,1.5303,1864.6550,3860.4780,5.7069,11.8153,-30.9400,-43.2060,5,-0.9547,7.0336,7.0344,7.0646,0.0000,-31.8950,0.0752,0.0335,0,3
piano_felt,94,A#6,0.3630,corpus,felt,Felt,0.1250,1.4770,1864.6550,3860.4780,5.5083,11.4041,-32.2482,-46.7551,5,-2.8986,9.2754,9.2759,9.6998,0.0000,-32.5838,0.0647,0.0222,0,3
piano_felt,94,A#6,0.4020,corpus,felt,Felt,0.1250,1.4041,1864.6550,3860.4780,5.2362,10.8406,-37.2515,-53.4491,5,-8.8138,10.9666,10.9585,8.8993,0.0000,-36.7006,0.0364,0.0103,0,3
piano_felt,94,A#6,0.4270,corpus,felt,Felt,0.1250,1.3626,1864.6550,3860.4780,5.0816,10.5207,-45.7613,-44.1055,5,-17.8642,-6.9010,-6.8948,-9.0269,-6.9010,-44.6952,0.0136,0.0302,0,3
piano_felt,94,A#6,0.4370,corpus,felt,Felt,0.1250,1.3470,1864.6550,3860.4780,5.0236,10.4005,-56.3253,-42.4473,5,-28.6361,-19.1277,-19.1285,-27.7286,-19.1277,-55.0627,0.0040,0.0365,0,3
piano_felt,94,A#6,0.4520,corpus,felt,Felt,0.1250,1.3247,1864.6550,3860.4780,4.9401,10.2277,-47.9256,-40.8754,5,-20.5396,-12.2704,-12.2775,-10.5728,-12.2704,-46.3421,0.0107,0.0438,0,3
piano_felt,94,A#6,0.4620,corpus,felt,Felt,0.1250,1.3104,1864.6550,3860.4780,4.8867,10.1172,-42.2281,-40.2650,5,-15.0390,-7.1947,-7.1934,-6.2647,-7.1947,-40.4636,0.0205,0.0470,0,3
piano_felt,94,A#6,0.4870,corpus,felt,Felt,0.1250,1.2765,1864.6550,3860.4780,4.7605,9.8559,-35.4114,-39.8825,5,-8.6973,-0.7596,-0.7608,-0.2051,-0.7596,-33.1910,0.0450,0.0491,0,3
piano_felt,95,B6,0.0500,regular,felt,Felt,0.1250,3.8956,1975.5330,4106.2850,15.3917,31.9928,-52.2275,-60.1942,15,-4.7727,2.7711,2.7739,1.9271,0.0000,-69.7891,0.0065,0.0047,0,3
piano_felt,95,B6,0.0750,regular,felt,Felt,0.1250,3.1830,1975.5330,4106.2850,12.5762,26.1405,-48.1124,-56.8931,13,-4.1855,3.5720,3.5759,3.9625,0.0000,-62.1498,0.0104,0.0069,0,3
piano_felt,95,B6,0.1000,regular,felt,Felt,0.1250,2.7579,1975.5330,4106.2850,10.8968,22.6497,-57.2573,-59.8169,11,-15.8388,-2.6525,-2.6508,-1.6832,-2.6525,-68.7780,0.0036,0.0049,0,3
piano_felt,95,B6,0.1250,regular,felt,Felt,0.1250,2.4677,1975.5330,4106.2850,9.7501,20.2664,-40.1554,-53.0335,9,-0.6869,7.6538,7.6581,7.1457,0.0000,-49.7557,0.0260,0.0108,0,3
piano_felt,95,B6,0.1500,regular,felt,Felt,0.1250,2.2534,1975.5330,4106.2850,8.9035,18.5065,-54.2884,-53.7669,9,-16.4164,-5.7191,-5.7386,-4.3969,-5.7191,-62.2758,0.0051,0.0099,0,3
piano_felt,95,B6,0.1750,regular,felt,Felt,0.1250,2.0868,1975.5330,4106.2850,8.2452,17.1383,-37.1803,-62.6614,9,-0.6609,20.2572,20.2665,24.1945,0.0000,-43.8530,0.0367,0.0036,0,3
piano_felt,95,B6,0.2000,regular,felt,Felt,0.1250,1.9525,1975.5330,4106.2850,7.7145,16.0351,-36.2496,-48.1822,7,-0.9045,6.7045,6.7066,6.5327,0.0000,-41.7641,0.0408,0.0189,0,3
piano_felt,95,B6,0.2250,regular,felt,Felt,0.1250,1.8412,1975.5330,4106.2850,7.2748,15.1211,-41.8764,-61.6096,7,-7.5694,14.5034,14.5135,17.6660,0.0000,-46.3684,0.0214,0.0040,0,3
piano_felt,95,B6,0.2500,regular,felt,Felt,0.1250,1.7471,1975.5330,4106.2850,6.9027,14.3478,-49.7282,-47.5955,7,-16.3516,-7.3624,-7.3563,-6.0826,-7.3624,-53.3009,0.0086,0.0202,0,3
piano_felt,95,B6,0.2750,regular,felt,Felt,0.1250,1.6660,1975.5330,4106.2850,6.5826,13.6824,-36.8308,-46.5291,7,-4.2978,4.4727,4.4714,5.1041,0.0000,-39.5744,0.0382,0.0228,0,3
piano_felt,95,B6,0.3000,regular,felt,Felt,0.1250,1.5953,1975.5330,4106.2850,6.3033,13.1019,-32.7868,-60.5975,7,-1.0255,22.5782,22.5909,26.6698,0.0000,-34.7766,0.0608,0.0045,0,3
piano_felt,95,B6,0.3250,regular,felt,Felt,0.1250,1.5330,1975.5330,4106.2850,6.0569,12.5896,-31.0845,-48.3694,7,-0.0347,12.0541,12.0529,11.4440,0.0000,-32.3789,0.0740,0.0185,0,3
piano_felt,95,B6,0.3500,regular,felt,Felt,0.1250,1.4774,1975.5330,4106.2850,5.8373,12.1332,-30.6766,-43.4914,5,-0.2868,7.5823,7.5838,7.4271,0.0000,-31.3281,0.0775,0.0324,0,3
piano_felt,95,B6,0.3750,regular,felt,Felt,0.1250,1.4275,1975.5330,4106.2850,5.6400,11.7232,-31.2433,-43.5466,5,-1.4695,7.0718,7.0725,7.1494,0.0000,-31.2959,0.0726,0.0322,0,3
piano_felt,95,B6,0.4000,regular,felt,Felt,0.1250,1.3823,1975.5330,4106.2850,5.4616,11.3522,-32.7643,-47.7245,5,-3.5679,9.7296,9.7301,10.2431,0.0000,-32.2565,0.0610,0.0199,0,3
piano_felt,95,B6,0.4250,regular,felt,Felt,0.1250,1.3412,1975.5330,4106.2850,5.2990,11.0144,-35.5376,-74.4921,5,-6.8846,28.6312,28.6234,31.6511,0.0000,-34.5041,0.0443,0.0016,1,3
piano_felt,95,B6,0.4500,regular,felt,Felt,0.1250,1.3035,1975.5330,4106.2850,5.1503,10.7052,-40.7609,-48.1068,5,-12.6215,2.1116,2.1089,0.4238,0.0000,-39.2308,0.0243,0.0190,0,3
piano_felt,95,B6,0.4750,regular,felt,Felt,0.1250,1.2689,1975.5330,4106.2850,5.0134,10.4206,-61.2098,-42.6879,5,-33.5573,-23.3380,-23.3195,-46.2703,-23.3380,-58.7898,0.0024,0.0355,1,3
piano_felt,95,B6,0.5000,regular,felt,Felt,0.1250,1.2368,1975.5330,4106.2850,4.8869,10.1577,-42.2409,-40.4564,5,-15.0513,-7.0130,-7.0141,-6.1103,-7.0130,-39.7898,0.0205,0.0459,0,3
piano_felt,95,B6,0.5250,regular,felt,Felt,0.1250,1.2071,1975.5330,4106.2850,4.7695,9.9137,-35.7630,-39.8407,5,-9.0146,-1.1548,-1.1535,-0.6189,-1.1548,-32.8912,0.0432,0.0493,0,3
piano_felt,95,B6,0.5500,regular,felt,Felt,0.1250,1.1795,1975.5330,4106.2850,4.6602,9.6866,-32.1967,-40.4518,5,-5.8699,3.0240,3.0237,3.5411,0.0000,-28.9211,0.0651,0.0460,0,3
piano_felt,95,B6,0.5750,regular,felt,Felt,0.1250,1.1536,1975.5330,4106.2850,4.5581,9.4744,-29.8038,-42.3388,5,-3.8807,7.3040,7.3037,7.9353,0.0000,-26.1409,0.0858,0.0370,0,3
piano_felt,95,B6,0.6000,regular,felt,Felt,0.1250,1.1294,1975.5330,4106.2850,4.4625,9.2756,-28.0632,-46.1370,5,-2.5276,12.8412,12.8433,13.8278,0.0000,-24.0314,0.1048,0.0239,0,3
piano_felt,95,B6,0.6250,regular,felt,Felt,0.1250,1.1067,1975.5330,4106.2850,4.3726,9.0888,-26.7448,-55.3676,5,-1.5817,23.3946,23.3970,26.5012,0.0000,-22.3588,0.1220,0.0083,0,3
piano_felt,95,B6,0.6500,regular,felt,Felt,0.1250,1.0853,1975.5330,4106.2850,4.2880,8.9130,-25.7256,-55.2008,5,-0.9210,24.2261,24.2343,22.0882,0.0000,-20.9991,0.1371,0.0084,0,3
piano_felt,95,B6,0.6750,regular,felt,Felt,0.1250,1.0651,1975.5330,4106.2850,4.2081,8.7469,-24.9315,-45.8024,5,-0.4728,15.6338,15.6349,14.9132,0.0000,-19.8771,0.1503,0.0248,0,3
piano_felt,95,B6,0.7000,regular,felt,Felt,0.1250,1.0459,1975.5330,4106.2850,4.1326,8.5898,-24.3145,-41.6690,5,-0.1897,12.1196,12.1195,11.7210,0.0000,-18.9437,0.1613,0.0400,0,3
piano_felt,95,B6,0.7250,regular,felt,Felt,0.1250,1.0278,1975.5330,4106.2850,4.0609,8.4410,-23.8416,-39.2082,5,-0.0399,10.1315,10.1318,9.8798,0.0000,-18.1664,0.1704,0.0531,0,3
piano_felt,95,B6,0.7500,regular,felt,Felt,0.1250,1.0106,1975.5330,4106.2850,3.9929,8.2996,-23.4896,-37.6347,3,-0.0005,8.9113,8.9105,8.7502,0.0000,-17.5197,0.1774,0.0636,0,3
piano_felt,95,B6,0.7750,regular,felt,Felt,0.1250,0.9942,1975.5330,4106.2850,3.9282,8.1651,-23.2412,-36.6425,3,-0.0553,8.1678,8.1668,8.0697,0.0000,-16.9868,0.1825,0.0713,0,3
piano_felt,95,B6,0.8000,regular,felt,Felt,0.1250,0.9786,1975.5330,4106.2850,3.8666,8.0369,-23.0839,-36.0827,3,-0.1922,7.7633,7.7643,7.7188,0.0000,-16.5540,0.1859,0.0760,0,3
piano_felt,95,B6,0.8250,regular,felt,Felt,0.1250,0.9637,1975.5330,4106.2850,3.8077,7.9147,-23.0082,-35.8758,3,-0.4023,7.6331,7.6331,7.6318,0.0000,-16.2104,0.1875,0.0779,0,3
piano_felt,95,B6,0.8500,regular,felt,Felt,0.1250,0.9495,1975.5330,4106.2850,3.7515,7.7978,-23.0072,-35.9805,3,-0.6791,7.7379,7.7389,7.7846,0.0000,-15.9507,0.1875,0.0769,0,3
piano_felt,95,B6,0.8750,regular,felt,Felt,0.1250,0.9359,1975.5330,4106.2850,3.6977,7.6860,-23.0760,-36.3822,3,-1.0183,8.0723,8.0719,8.1663,0.0000,-15.7677,0.1860,0.0735,0,3
piano_felt,95,B6,0.9000,regular,felt,Felt,0.1250,0.9228,1975.5330,4106.2850,3.6462,7.5789,-23.2111,-37.0895,3,-1.4168,8.6440,8.6441,8.7956,0.0000,-15.6581,0.1832,0.0677,0,3
piano_felt,95,B6,0.9250,regular,felt,Felt,0.1250,0.9103,1975.5330,4106.2850,3.5967,7.4761,-23.4109,-38.1393,3,-1.8733,9.4945,9.4943,9.7169,0.0000,-15.6196,0.1790,0.0600,0,3
piano_felt,95,B6,0.9500,regular,felt,Felt,0.1250,0.8983,1975.5330,4106.2850,3.5493,7.3774,-23.6748,-39.6113,3,-2.3876,10.7014,10.7027,11.0262,0.0000,-15.6525,0.1736,0.0507,0,3
piano_felt,95,B6,0.9750,regular,felt,Felt,0.1250,0.8868,1975.5330,4106.2850,3.5036,7.2825,-24.0037,-41.6690,3,-2.9611,12.4317,12.4318,12.9215,0.0000,-15.7557,0.1672,0.0400,0,3
piano_felt,95,B6,1.0000,regular,felt,Felt,0.1250,0.8756,1975.5330,4106.2850,3.4597,7.1913,-24.4002,-44.6792,3,-3.5964,15.0474,15.0463,15.8568,0.0000,-15.9323,0.1597,0.0282,0,3
piano_felt,95,B6,0.2780,corpus,felt,Felt,0.1250,1.6570,1975.5330,4106.2850,6.5471,13.6086,-36.1398,-47.0623,7,-3.7029,5.6948,5.6956,6.3792,0.0000,-38.7917,0.0413,0.0215,0,3
piano_felt,95,B6,0.3030,corpus,felt,Felt,0.1250,1.5875,1975.5330,4106.2850,6.2721,13.0371,-32.4919,-69.2603,7,-0.8190,31.4696,31.4804,66.5961,0.0000,-34.3954,0.0629,0.0017,1,3
piano_felt,95,B6,0.3130,corpus,felt,Felt,0.1250,1.5620,1975.5330,4106.2850,6.1715,12.8278,-31.7034,-55.7381,7,-0.3189,18.8009,18.7998,17.2367,0.0000,-33.3247,0.0689,0.0079,0,3
piano_felt,95,B6,0.3280,corpus,felt,Felt,0.1250,1.5260,1975.5330,4106.2850,6.0292,12.5321,-30.9772,-47.3367,7,-0.0091,11.1284,11.1278,10.6109,0.0000,-32.1929,0.0749,0.0208,0,3
piano_felt,95,B6,0.3380,corpus,felt,Felt,0.1250,1.5033,1975.5330,4106.2850,5.9396,12.3460,-30.7398,-44.9551,5,-0.0391,8.9852,8.9841,8.6760,0.0000,-31.6941,0.0770,0.0274,0,3
piano_felt,95,B6,0.3630,corpus,felt,Felt,0.1250,1.4508,1975.5330,4106.2850,5.7322,11.9147,-30.8568,-43.0601,5,-0.7924,6.9708,6.9724,6.9407,0.0000,-31.1913,0.0760,0.0340,0,3
piano_felt,95,B6,0.4020,corpus,felt,Felt,0.1250,1.3789,1975.5330,4106.2850,5.4480,11.3241,-32.9330,-48.3358,5,-3.7812,10.1718,10.1729,10.7617,0.0000,-32.3815,0.0598,0.0185,0,3
piano_felt,95,B6,0.4270,corpus,felt,Felt,0.1250,1.3380,1975.5330,4106.2850,5.2867,10.9887,-35.8364,-76.5877,5,-7.2256,28.6009,28.6239,23.4205,0.0000,-34.7626,0.0428,0.0016,1,3
piano_felt,95,B6,0.4370,corpus,felt,Felt,0.1250,1.3227,1975.5330,4106.2850,5.2260,10.8627,-37.5802,-54.7545,5,-9.1773,11.9376,11.9351,9.5979,0.0000,-36.3040,0.0350,0.0089,0,3
piano_felt,95,B6,0.4520,corpus,felt,Felt,0.1250,1.3006,1975.5330,4106.2850,5.1389,10.6816,-41.3925,-47.4510,5,-13.2930,0.8225,0.8215,-0.8650,0.0000,-39.8228,0.0226,0.0205,0,3
piano_felt,95,B6,0.4620,corpus,felt,Felt,0.1250,1.2865,1975.5330,4106.2850,5.0832,10.5657,-45.6059,-44.8845,5,-17.7033,-5.9547,-5.9597,-8.1290,-5.9547,-43.8469,0.0139,0.0276,0,3
piano_felt,95,B6,0.4870,corpus,felt,Felt,0.1250,1.2532,1975.5330,4106.2850,4.9514,10.2919,-49.7864,-41.3644,5,-22.3589,-13.6458,-13.6473,-11.6055,-13.6458,-47.5595,0.0086,0.0414,0,3
piano_felt,96,C7,0.0500,regular,felt,Felt,0.1250,3.8396,2093.0040,4369.5830,16.0727,33.5551,-48.2666,-63.3429,17,-0.0567,9.8896,9.8950,11.2019,0.0000,-65.8401,0.0102,0.0033,0,3
piano_felt,96,C7,0.0750,regular,felt,Felt,0.1250,3.1350,2093.0040,4369.5830,13.1233,27.3976,-58.9843,-62.1575,13,-14.3132,-2.0486,-2.0321,-3.5637,-2.0486,-73.0436,0.0030,0.0038,0,3
piano_felt,96,C7,0.1000,regular,felt,Felt,0.1250,2.7150,2093.0040,4369.5830,11.3651,23.7270,-47.4662,-55.8185,11,-5.3107,3.1502,3.1409,2.8925,0.0000,-59.0079,0.0112,0.0078,0,3
piano_felt,96,C7,0.1250,regular,felt,Felt,0.1250,2.4284,2093.0040,4369.5830,10.1653,21.2221,-40.4963,-62.3757,11,-0.2960,16.6759,16.6706,19.4933,0.0000,-50.0926,0.0250,0.0037,0,3
piano_felt,96,C7,0.1500,regular,felt,Felt,0.1250,2.2168,2093.0040,4369.5830,9.2796,19.3730,-46.0285,-56.6101,9,-7.4288,5.3572,5.3635,5.8082,0.0000,-54.0470,0.0132,0.0071,0,3
piano_felt,96,C7,0.1750,regular,felt,Felt,0.1250,2.0524,2093.0040,4369.5830,8.5912,17.9359,-41.6967,-50.1660,9,-4.4530,3.2473,3.2491,3.7739,0.0000,-48.3701,0.0218,0.0150,0,3
piano_felt,96,C7,0.2000,regular,felt,Felt,0.1250,1.9198,2093.0040,4369.5830,8.0363,16.7775,-36.0810,-58.2684,9,-0.0142,16.9690,16.9588,15.3422,0.0000,-41.5934,0.0416,0.0059,0,3
piano_felt,96,C7,0.2250,regular,felt,Felt,0.1250,1.8100,2093.0040,4369.5830,7.5767,15.8180,-37.1071,-48.2911,7,-2.0805,5.9527,5.9588,5.9061,0.0000,-41.5994,0.0370,0.0186,0,3
piano_felt,96,C7,0.2500,regular,felt,Felt,0.1250,1.7171,2093.0040,4369.5830,7.1879,15.0063,-44.8189,-87.1146,7,-10.7245,23.2188,23.2176,20.7143,0.0000,-48.3986,0.0152,0.0010,1,3
piano_felt,96,C7,0.2750,regular,felt,Felt,0.1250,1.6372,2093.0040,4369.5830,6.8534,14.3079,-46.0821,-47.2390,7,-12.8328,-4.0609,-4.0677,-3.2632,-4.0609,-48.8216,0.0132,0.0210,0,3
piano_felt,96,C7,0.3000,regular,felt,Felt,0.1250,1.5675,2093.0040,4369.5830,6.5616,13.6988,-36.4151,-46.4316,7,-3.9387,4.7873,4.7904,5.3769,0.0000,-38.4055,0.0401,0.0231,0,3
piano_felt,96,C7,0.3250,regular,felt,Felt,0.1250,1.5060,2093.0040,4369.5830,6.3042,13.1614,-32.7959,-56.7352,7,-1.0320,18.7209,18.7168,21.1054,0.0000,-34.0900,0.0608,0.0070,0,3
piano_felt,96,C7,0.3500,regular,felt,Felt,0.1250,1.4512,2093.0040,4369.5830,6.0749,12.6826,-31.1632,-50.4833,7,-0.0603,14.0879,14.0884,13.2566,0.0000,-31.8154,0.0733,0.0145,0,3
piano_felt,96,C7,0.3750,regular,felt,Felt,0.1250,1.4020,2093.0040,4369.5830,5.8689,12.2526,-30.6719,-44.1735,5,-0.1854,8.2740,8.2713,8.0330,0.0000,-30.7233,0.0776,0.0299,0,3
piano_felt,96,C7,0.4000,regular,felt,Felt,0.1250,1.3575,2093.0040,4369.5830,5.6826,11.8635,-31.0363,-43.1078,5,-1.1278,6.8417,6.8413,6.8231,0.0000,-30.5285,0.0744,0.0338,0,3
piano_felt,96,C7,0.4250,regular,felt,Felt,0.1250,1.3170,2093.0040,4369.5830,5.5129,11.5093,-32.2026,-45.2614,5,-2.8380,7.8329,7.8291,8.0779,0.0000,-31.1673,0.0650,0.0264,0,3
piano_felt,96,C7,0.4500,regular,felt,Felt,0.1250,1.2799,2093.0040,4369.5830,5.3576,11.1850,-34.3228,-52.7312,5,-5.4722,13.1835,13.1809,14.4575,0.0000,-32.7912,0.0510,0.0112,0,3
piano_felt,96,C7,0.4750,regular,felt,Felt,0.1250,1.2457,2093.0040,4369.5830,5.2147,10.8867,-37.9711,-56.4418,5,-9.6075,13.2386,13.2310,10.5437,0.0000,-35.9730,0.0335,0.0073,0,3
piano_felt,96,C7,0.5000,regular,felt,Felt,0.1250,1.2142,2093.0040,4369.5830,5.0826,10.6111,-45.6599,-45.7798,5,-17.7593,-5.1103,-5.1177,-7.3563,-5.1103,-43.2104,0.0138,0.0249,0,3
piano_felt,96,C7,0.5250,regular,felt,Felt,0.1250,1.1849,2093.0040,4369.5830,4.9601,10.3553,-51.5315,-41.9548,5,-24.0722,-14.8084,-14.7996,-12.4001,-14.8084,-48.6577,0.0070,0.0387,0,3
piano_felt,96,C7,0.5500,regular,felt,Felt,0.1250,1.1577,2093.0040,4369.5830,4.8461,10.1172,-39.4552,-40.2653,5,-12.4174,-4.4154,-4.4195,-3.7464,-4.4154,-36.1755,0.0282,0.0469,0,3
piano_felt,96,C7,0.5750,regular,felt,Felt,0.1250,1.1322,2093.0040,4369.5830,4.7396,9.8949,-34.6417,-39.8462,5,-8.0076,-0.0247,-0.0259,0.4643,-0.0247,-30.9779,0.0491,0.0493,0,3
piano_felt,96,C7,0.6000,regular,felt,Felt,0.1250,1.1084,2093.0040,4369.5830,4.6398,9.6865,-31.6616,-40.4522,5,-5.4149,3.5595,3.5599,4.0520,0.0000,-27.6298,0.0692,0.0460,0,3
piano_felt,96,C7,0.6250,regular,felt,Felt,0.1250,1.0860,2093.0040,4369.5830,4.5460,9.4908,-29.5608,-42.1326,5,-3.6863,7.3415,7.3412,7.9430,0.0000,-25.1750,0.0882,0.0379,0,3
piano_felt,96,C7,0.6500,regular,felt,Felt,0.1250,1.0649,2093.0040,4369.5830,4.4578,9.3065,-27.9868,-45.3376,5,-2.4707,12.1196,12.1207,13.0055,0.0000,-23.2594,0.1057,0.0262,0,3
piano_felt,96,C7,0.6750,regular,felt,Felt,0.1250,1.0450,2093.0040,4369.5830,4.3744,9.1325,-26.7686,-52.0125,5,-1.5979,20.0222,20.0166,22.0323,0.0000,-21.7145,0.1216,0.0121,0,3
piano_felt,96,C7,0.7000,regular,felt,Felt,0.1250,1.0262,2093.0040,4369.5830,4.2956,8.9680,-25.8091,-63.9705,5,-0.9721,32.9165,32.9085,27.8630,0.0000,-20.4388,0.1358,0.0031,1,3
piano_felt,96,C7,0.7250,regular,felt,Felt,0.1250,1.0083,2093.0040,4369.5830,4.2209,8.8120,-25.0481,-48.4114,5,-0.5337,18.1283,18.1272,17.1252,0.0000,-19.3733,0.1482,0.0184,0,3
piano_felt,96,C7,0.7500,regular,felt,Felt,0.1250,0.9914,2093.0040,4369.5830,4.1499,8.6639,-24.4453,-43.3472,5,-0.2432,13.6686,13.6673,13.1490,0.0000,-18.4758,0.1589,0.0329,0,3
piano_felt,96,C7,0.7750,regular,felt,Felt,0.1250,0.9753,2093.0040,4369.5830,4.0825,8.5230,-23.9725,-40.4390,5,-0.0731,11.2331,11.2324,10.9068,0.0000,-17.7181,0.1678,0.0460,0,3
piano_felt,96,C7,0.8000,regular,felt,Felt,0.1250,0.9599,2093.0040,4369.5830,4.0182,8.3888,-23.6093,-38.5552,5,-0.0035,9.7129,9.7120,9.4937,0.0000,-17.0789,0.1750,0.0572,0,3
piano_felt,96,C7,0.8250,regular,felt,Felt,0.1250,0.9452,2093.0040,4369.5830,3.9568,8.2607,-23.3406,-37.3020,3,-0.0200,8.7275,8.7276,8.5804,0.0000,-16.5433,0.1805,0.0661,0,3
piano_felt,96,C7,0.8500,regular,felt,Felt,0.1250,0.9312,2093.0040,4369.5830,3.8982,8.1383,-23.1548,-36.4958,3,-0.1115,8.1070,8.1073,8.0167,0.0000,-16.0978,0.1844,0.0725,0,3
piano_felt,96,C7,0.8750,regular,felt,Felt,0.1250,0.9178,2093.0040,4369.5830,3.8421,8.0212,-23.0434,-36.0383,3,-0.2699,7.7606,7.7612,7.7164,0.0000,-15.7351,0.1867,0.0764,0,3
piano_felt,96,C7,0.9000,regular,felt,Felt,0.1250,0.9050,2093.0040,4369.5830,3.7884,7.9090,-22.9998,-35.8739,3,-0.4890,7.6414,7.6405,7.6393,0.0000,-15.4463,0.1877,0.0779,0,3
piano_felt,96,C7,0.9250,regular,felt,Felt,0.1250,0.8927,2093.0040,4369.5830,3.7368,7.8014,-23.0190,-35.9727,3,-0.7644,7.7195,7.7201,7.7577,0.0000,-15.2278,0.1873,0.0770,0,3
piano_felt,96,C7,0.9500,regular,felt,Felt,0.1250,0.8809,2093.0040,4369.5830,3.6873,7.6981,-23.0976,-36.3233,3,-1.0927,7.9919,7.9922,8.0743,0.0000,-15.0749,0.1856,0.0740,0,3
piano_felt,96,C7,0.9750,regular,felt,Felt,0.1250,0.8695,2093.0040,4369.5830,3.6397,7.5987,-23.2331,-36.9313,3,-1.4720,8.4658,8.4648,8.6000,0.0000,-14.9847,0.1827,0.0689,0,3
piano_felt,96,C7,1.0000,regular,felt,Felt,0.1250,0.8586,2093.0040,4369.5830,3.5940,7.5031,-23.4243,-37.8217,3,-1.9013,9.1640,9.1640,9.3610,0.0000,-14.9561,0.1787,0.0622,0,3
piano_felt,96,C7,0.2780,corpus,felt,Felt,0.1250,1.6284,2093.0040,4369.5830,6.8163,14.2305,-44.0711,-46.6682,7,-10.9180,-2.6274,-2.6280,-1.9777,-2.6274,-46.7222,0.0166,0.0225,0,3
piano_felt,96,C7,0.3030,corpus,felt,Felt,0.1250,1.5597,2093.0040,4369.5830,6.5291,13.6308,-35.8137,-46.8845,7,-3.4258,5.8463,5.8447,6.4889,0.0000,-37.7159,0.0429,0.0219,0,3
piano_felt,96,C7,0.3130,corpus,felt,Felt,0.1250,1.5346,2093.0040,4369.5830,6.4239,13.4113,-34.1867,-49.4576,7,-2.0877,10.0431,10.0453,10.9699,0.0000,-35.8075,0.0518,0.0163,0,3
piano_felt,96,C7,0.3280,corpus,felt,Felt,0.1250,1.4991,2093.0040,4369.5830,6.2753,13.1011,-32.5210,-60.6639,7,-0.8390,22.9212,22.9239,27.1050,0.0000,-33.7358,0.0627,0.0045,0,3
piano_felt,96,C7,0.3380,corpus,felt,Felt,0.1250,1.4768,2093.0040,4369.5830,6.1818,12.9058,-31.7734,-61.0077,7,-0.3591,23.9851,23.9959,21.2083,0.0000,-32.7269,0.0683,0.0043,0,3
piano_felt,96,C7,0.3630,corpus,felt,Felt,0.1250,1.4250,2093.0040,4369.5830,5.9651,12.4535,-30.7902,-46.1751,5,-0.0130,10.1561,10.1542,9.7379,0.0000,-31.1252,0.0765,0.0238,0,3
piano_felt,96,C7,0.4020,corpus,felt,Felt,0.1250,1.3541,2093.0040,4369.5830,5.6684,11.8340,-31.0996,-43.1618,5,-1.2358,6.8325,6.8321,6.8335,0.0000,-30.5485,0.0738,0.0336,0,3
piano_felt,96,C7,0.4270,corpus,felt,Felt,0.1250,1.3139,2093.0040,4369.5830,5.5000,11.4823,-32.3332,-45.5935,5,-3.0108,8.0296,8.0305,8.3078,0.0000,-31.2583,0.0641,0.0254,0,3
piano_felt,96,C7,0.4370,corpus,felt,Felt,0.1250,1.2988,2093.0040,4369.5830,5.4367,11.3502,-33.0811,-47.7668,5,-3.9667,9.4572,9.4564,9.9517,0.0000,-31.8043,0.0588,0.0198,0,3
piano_felt,96,C7,0.4520,corpus,felt,Felt,0.1250,1.2770,2093.0040,4369.5830,5.3457,11.1603,-34.5456,-53.9102,5,-5.7349,14.1329,14.1376,15.6779,0.0000,-32.9753,0.0497,0.0098,0,3
piano_felt,96,C7,0.4620,corpus,felt,Felt,0.1250,1.2631,2093.0040,4369.5830,5.2875,11.0388,-35.8151,-65.9486,5,-7.2014,24.9390,24.9219,39.1999,0.0000,-34.0560,0.0429,0.0024,1,3
piano_felt,96,C7,0.4870,corpus,felt,Felt,0.1250,1.2303,2093.0040,4369.5830,5.1500,10.7517,-40.7737,-49.5846,5,-12.6351,3.5703,3.5742,1.7220,0.0000,-38.5588,0.0242,0.0161,0,3
piano_felt,97,C#7,0.0500,regular,felt,Felt,0.1250,3.7693,2217.4610,4651.8960,16.7166,35.0688,-56.2120,-81.1323,17,-7.3173,17.2919,17.3733,27.1260,0.0000,-73.7649,0.0041,0.0006,1,3
piano_felt,97,C#7,0.0750,regular,felt,Felt,0.1250,3.0776,2217.4610,4651.8960,13.6490,28.6336,-46.7502,-63.5469,13,-1.3929,11.6028,11.5928,9.6539,0.0000,-60.7930,0.0122,0.0032,0,3
piano_felt,97,C#7,0.1000,regular,felt,Felt,0.1250,2.6653,2217.4610,4651.8960,11.8204,24.7974,-43.1932,-65.8535,11,-0.3504,17.4847,17.4439,14.8073,0.0000,-54.7320,0.0183,0.0024,0,3
piano_felt,97,C#7,0.1250,regular,felt,Felt,0.1250,2.3839,2217.4610,4651.8960,10.5725,22.1795,-45.0105,-54.1701,11,-4.1214,3.9526,3.9475,4.2314,0.0000,-54.6097,0.0149,0.0094,0,3
piano_felt,97,C#7,0.1500,regular,felt,Felt,0.1250,2.1762,2217.4610,4651.8960,9.6513,20.2470,-40.6635,-52.9039,9,-1.3738,7.0207,7.0222,6.4770,0.0000,-48.6771,0.0245,0.0109,0,3
piano_felt,97,C#7,0.1750,regular,felt,Felt,0.1250,2.0148,2217.4610,4651.8960,8.9354,18.7451,-57.8199,-59.0731,9,-19.8848,-3.9351,-3.9613,-2.6067,-5.6576,-64.4587,0.0034,0.0054,0,3
piano_felt,97,C#7,0.2000,regular,felt,Felt,0.1250,1.8847,2217.4610,4651.8960,8.3583,17.5344,-38.2144,-52.2928,9,-1.4549,8.8577,8.8594,9.7152,0.0000,-43.7284,0.0325,0.0117,0,3
piano_felt,97,C#7,0.2250,regular,felt,Felt,0.1250,1.7769,2217.4610,4651.8960,7.8803,16.5316,-35.8752,-52.1642,7,-0.1545,11.0647,11.0637,10.3300,0.0000,-40.3661,0.0426,0.0119,0,3
piano_felt,97,C#7,0.2500,regular,felt,Felt,0.1250,1.6857,2217.4610,4651.8960,7.4759,15.6832,-38.1419,-48.9047,7,-3.3523,5.5368,5.5386,5.5579,0.0000,-41.7184,0.0328,0.0174,0,3
piano_felt,97,C#7,0.2750,regular,felt,Felt,0.1250,1.6072,2217.4610,4651.8960,7.1280,14.9534,-47.9403,-69.6659,7,-13.9943,16.4401,16.4726,9.2857,-0.0571,-50.6909,0.0106,0.0016,1,3
piano_felt,97,C#7,0.3000,regular,felt,Felt,0.1250,1.5388,2217.4610,4651.8960,6.8245,14.3168,-44.4770,-47.3142,7,-11.3027,-2.3870,-2.3871,-1.7805,-2.3870,-46.4625,0.0158,0.0209,0,3
piano_felt,97,C#7,0.3250,regular,felt,Felt,0.1250,1.4784,2217.4610,4651.8960,6.5568,13.7551,-36.3217,-46.1517,7,-3.8585,4.6060,4.6046,5.1339,0.0000,-37.6175,0.0405,0.0238,0,3
piano_felt,97,C#7,0.3500,regular,felt,Felt,0.1250,1.4247,2217.4610,4651.8960,6.3183,13.2548,-32.9375,-53.0333,7,-1.1339,14.8773,14.8724,16.3441,0.0000,-33.5890,0.0598,0.0108,0,3
piano_felt,97,C#7,0.3750,regular,felt,Felt,0.1250,1.3764,2217.4610,4651.8960,6.1040,12.8053,-31.3048,-54.6693,7,-0.1165,18.1356,18.1318,16.7040,0.0000,-31.3571,0.0721,0.0089,0,3
piano_felt,97,C#7,0.4000,regular,felt,Felt,0.1250,1.3326,2217.4610,4651.8960,5.9102,12.3987,-30.6985,-45.5063,5,-0.0867,9.5762,9.5781,9.2060,0.0000,-30.1907,0.0773,0.0257,0,3
piano_felt,97,C#7,0.4250,regular,felt,Felt,0.1250,1.2929,2217.4610,4651.8960,5.7337,12.0285,-30.8522,-43.1569,5,-0.7830,7.0754,7.0755,6.9595,0.0000,-29.8171,0.0760,0.0336,0,3
piano_felt,97,C#7,0.4500,regular,felt,Felt,0.1250,1.2564,2217.4610,4651.8960,5.5722,11.6896,-31.6862,-43.7243,5,-2.1295,6.8063,6.8091,6.8815,0.0000,-30.1550,0.0690,0.0315,0,3
piano_felt,97,C#7,0.4750,regular,felt,Felt,0.1250,1.2229,2217.4610,4651.8960,5.4236,11.3778,-33.2607,-47.2229,5,-4.1897,8.7321,8.7337,9.1519,0.0000,-31.2607,0.0576,0.0211,0,3
piano_felt,97,C#7,0.5000,regular,felt,Felt,0.1250,1.1920,2217.4610,4651.8960,5.2862,11.0897,-35.8470,-58.7737,5,-7.2376,17.7037,17.7046,21.0342,0.0000,-33.3998,0.0428,0.0056,0,3
piano_felt,97,C#7,0.5250,regular,felt,Felt,0.1250,1.1632,2217.4610,4651.8960,5.1588,10.8225,-40.3180,-52.5035,5,-12.1486,6.9490,6.9484,4.7553,0.0000,-37.4490,0.0255,0.0115,0,3
piano_felt,97,C#7,0.5500,regular,felt,Felt,0.1250,1.1365,2217.4610,4651.8960,5.0402,10.5736,-51.7410,-45.0324,5,-23.9918,-11.9425,-11.9502,-16.3352,-11.9425,-48.4663,0.0069,0.0271,0,3
piano_felt,97,C#7,0.5750,regular,felt,Felt,0.1250,1.1115,2217.4610,4651.8960,4.9294,10.3412,-46.4717,-41.8137,5,-19.1248,-9.8760,-9.8841,-8.5258,-9.8760,-42.7992,0.0126,0.0393,0,3
piano_felt,97,C#7,0.6000,regular,felt,Felt,0.1250,1.0881,2217.4610,4651.8960,4.8257,10.1235,-38.3193,-40.2925,5,-11.3583,-3.2551,-3.2558,-2.6780,-3.2551,-34.2853,0.0322,0.0468,0,3
piano_felt,97,C#7,0.6250,regular,felt,Felt,0.1250,1.0661,2217.4610,4651.8960,4.7282,9.9190,-34.2470,-39.8405,5,-7.6568,0.3639,0.3638,0.8168,0.0000,-29.8598,0.0514,0.0493,0,3
piano_felt,97,C#7,0.6500,regular,felt,Felt,0.1250,1.0454,2217.4610,4651.8960,4.6363,9.7263,-31.5745,-40.2542,5,-5.3413,3.4507,3.4498,3.9105,0.0000,-26.8472,0.0699,0.0470,0,3
piano_felt,97,C#7,0.6750,regular,felt,Felt,0.1250,1.0259,2217.4610,4651.8960,4.5497,9.5445,-29.6330,-41.5378,5,-3.7439,6.6754,6.6751,7.2190,0.0000,-24.5787,0.0874,0.0406,0,3
piano_felt,97,C#7,0.7000,regular,felt,Felt,0.1250,1.0074,2217.4610,4651.8960,4.4677,9.3725,-28.1480,-43.9307,5,-2.5911,10.5524,10.5533,11.2879,0.0000,-22.7774,0.1038,0.0308,0,3
piano_felt,97,C#7,0.7250,regular,felt,Felt,0.1250,0.9899,2217.4610,4651.8960,4.3900,9.2095,-26.9789,-48.2770,5,-1.7432,16.0708,16.0700,17.3276,0.0000,-21.3042,0.1187,0.0187,0,3
piano_felt,97,C#7,0.7500,regular,felt,Felt,0.1250,0.9732,2217.4610,4651.8960,4.3162,9.0547,-26.0434,-59.4929,5,-1.1186,28.2392,28.2303,33.9407,0.0000,-20.0741,0.1322,0.0051,0,3
piano_felt,97,C#7,0.7750,regular,felt,Felt,0.1250,0.9574,2217.4610,4651.8960,4.2460,8.9075,-25.2889,-54.6639,5,-0.6653,24.1434,24.1361,22.0937,0.0000,-19.0341,0.1442,0.0089,0,3
piano_felt,97,C#7,0.8000,regular,felt,Felt,0.1250,0.9423,2217.4610,4651.8960,4.1791,8.7672,-24.6799,-46.5331,5,-0.3485,16.6224,16.6186,15.8199,0.0000,-18.1495,0.1547,0.0228,0,3
piano_felt,97,C#7,0.8250,regular,felt,Felt,0.1250,0.9279,2217.4610,4651.8960,4.1153,8.6333,-24.1909,-42.6078,5,-0.1433,13.1826,13.1833,12.7065,0.0000,-17.3937,0.1636,0.0359,0,3
piano_felt,97,C#7,0.8500,regular,felt,Felt,0.1250,0.9142,2217.4610,4651.8960,4.0544,8.5054,-23.8034,-40.1520,5,-0.0317,11.1165,11.1154,10.8024,0.0000,-16.7466,0.1711,0.0476,0,3
piano_felt,97,C#7,0.8750,regular,felt,Felt,0.1250,0.9010,2217.4610,4651.8960,3.9960,8.3830,-23.5036,-38.4890,3,-0.0002,9.7519,9.7524,9.5322,0.0000,-16.1950,0.1771,0.0576,0,3
piano_felt,97,C#7,0.9000,regular,felt,Felt,0.1250,0.8884,2217.4610,4651.8960,3.9401,8.2658,-23.2806,-37.3434,3,-0.0385,8.8288,8.8299,8.6749,0.0000,-15.7271,0.1817,0.0658,0,3
piano_felt,97,C#7,0.9250,regular,felt,Felt,0.1250,0.8763,2217.4610,4651.8960,3.8865,8.1533,-23.1262,-36.5762,3,-0.1387,8.2171,8.2171,8.1168,0.0000,-15.3351,0.1850,0.0718,0,3
piano_felt,97,C#7,0.9500,regular,felt,Felt,0.1250,0.8647,2217.4610,4651.8960,3.8350,8.0453,-23.0341,-36.1086,3,-0.2949,7.8430,7.8417,7.7845,0.0000,-15.0115,0.1869,0.0758,0,3
piano_felt,97,C#7,0.9750,regular,felt,Felt,0.1250,0.8536,2217.4610,4651.8960,3.7856,7.9415,-22.9993,-35.8940,3,-0.5024,7.6615,7.6620,7.6412,0.0000,-14.7511,0.1877,0.0777,0,3
piano_felt,97,C#7,1.0000,regular,felt,Felt,0.1250,0.8428,2217.4610,4651.8960,3.7379,7.8416,-23.0180,-35.9054,3,-0.7577,7.6553,7.6548,7.6744,0.0000,-14.5497,0.1873,0.0776,0,3
piano_felt,97,C#7,0.2780,corpus,felt,Felt,0.1250,1.5985,2217.4610,4651.8960,7.0894,14.8725,-50.9292,-60.8805,7,-17.0794,4.7147,4.7116,0.0000,-3.1682,-53.5947,0.0075,0.0044,0,3
piano_felt,97,C#7,0.3030,corpus,felt,Felt,0.1250,1.5312,2217.4610,4651.8960,6.7906,14.2457,-42.9028,-46.7683,7,-9.8168,-1.3566,-1.3591,-0.8233,-1.3566,-44.8006,0.0190,0.0222,0,3
piano_felt,97,C#7,0.3130,corpus,felt,Felt,0.1250,1.5065,2217.4610,4651.8960,6.6813,14.0163,-39.1730,-45.8239,7,-6.3754,1.4248,1.4257,1.8836,0.0000,-40.7963,0.0291,0.0247,0,3
piano_felt,97,C#7,0.3280,corpus,felt,Felt,0.1250,1.4717,2217.4610,4651.8960,6.5267,13.6921,-35.7721,-46.4707,7,-3.3906,5.4724,5.4733,6.0439,0.0000,-36.9869,0.0431,0.0230,0,3
piano_felt,97,C#7,0.3380,corpus,felt,Felt,0.1250,1.4497,2217.4610,4651.8960,6.4294,13.4880,-34.2615,-48.3272,7,-2.1473,8.8452,8.8407,9.6167,0.0000,-35.2142,0.0513,0.0185,0,3
piano_felt,97,C#7,0.3630,corpus,felt,Felt,0.1250,1.3989,2217.4610,4651.8960,6.2041,13.0153,-31.9327,-76.9380,7,-0.4542,33.8637,33.8732,36.4948,0.0000,-32.2674,0.0671,0.0014,1,3
piano_felt,97,C#7,0.4020,corpus,felt,Felt,0.1250,1.3293,2217.4610,4651.8960,5.8955,12.3678,-30.6848,-45.1731,5,-0.1176,9.2590,9.2587,8.9110,0.0000,-30.1328,0.0775,0.0267,0,3
piano_felt,97,C#7,0.4270,corpus,felt,Felt,0.1250,1.2898,2217.4610,4651.8960,5.7203,12.0003,-30.8940,-43.1072,5,-0.8668,6.9841,6.9839,6.8839,0.0000,-29.8187,0.0756,0.0338,0,3
piano_felt,97,C#7,0.4370,corpus,felt,Felt,0.1250,1.2750,2217.4610,4651.8960,5.6545,11.8622,-31.1673,-43.1098,5,-1.3477,6.7137,6.7132,6.6884,0.0000,-29.8907,0.0733,0.0338,0,3
piano_felt,97,C#7,0.4520,corpus,felt,Felt,0.1250,1.2537,2217.4610,4651.8960,5.5598,11.6637,-31.7830,-43.8822,5,-2.2661,6.8701,6.8701,6.9655,0.0000,-30.2139,0.0683,0.0309,0,3
piano_felt,97,C#7,0.4620,corpus,felt,Felt,0.1250,1.2400,2217.4610,4651.8960,5.4993,11.5368,-32.3396,-44.9542,5,-3.0193,7.3853,7.3857,7.5852,0.0000,-30.5795,0.0640,0.0274,0,3
piano_felt,97,C#7,0.4870,corpus,felt,Felt,0.1250,1.2078,2217.4610,4651.8960,5.3563,11.2368,-34.3454,-50.7489,5,-5.4989,11.1795,11.1760,12.0518,0.0000,-32.1287,0.0508,0.0140,0,3
piano_felt,98,D7,0.0500,regular,felt,Felt,0.1250,3.7003,2349.3180,4954.9090,17.3862,36.6690,-54.4598,-68.6416,17,-4.8803,8.9884,8.9993,5.7339,0.0000,-72.0238,0.0050,0.0018,1,3
piano_felt,98,D7,0.0750,regular,felt,Felt,0.1250,3.0213,2349.3180,4954.9090,14.1958,29.9401,-46.4606,-59.0789,15,-0.4174,7.4103,7.4260,7.7099,0.0000,-60.5052,0.0126,0.0054,0,3
piano_felt,98,D7,0.1000,regular,felt,Felt,0.1250,2.6165,2349.3180,4954.9090,12.2939,25.9289,-44.4905,-56.5927,13,-0.9606,6.8992,6.8997,7.2537,0.0000,-56.0269,0.0158,0.0071,0,3
piano_felt,98,D7,0.1250,regular,felt,Felt,0.1250,2.3403,2349.3180,4954.9090,10.9960,23.1915,-85.6430,-65.1619,11,-44.0658,-10.5451,-10.6407,-2.9521,-13.0030,-80.1093,0.0008,0.0027,1,3
piano_felt,98,D7,0.1500,regular,felt,Felt,0.1250,2.1364,2349.3180,4954.9090,10.0379,21.1709,-39.9946,-64.5394,11,-0.0154,19.3409,19.3399,23.1497,0.0000,-48.0100,0.0265,0.0029,0,3
piano_felt,98,D7,0.1750,regular,felt,Felt,0.1250,1.9779,2349.3180,4954.9090,9.2933,19.6004,-45.6658,-53.5048,9,-7.0401,2.6108,2.6216,2.4238,0.0000,-52.3480,0.0138,0.0102,0,3
piano_felt,98,D7,0.2000,regular,felt,Felt,0.1250,1.8501,2349.3180,4954.9090,8.6931,18.3345,-44.1284,-51.7635,9,-6.6771,2.4149,2.4168,2.6462,0.0000,-49.6403,0.0165,0.0125,0,3
piano_felt,98,D7,0.2250,regular,felt,Felt,0.1250,1.7443,2349.3180,4954.9090,8.1959,17.2859,-36.8318,-56.7249,9,-0.4181,14.6807,14.6767,16.3054,0.0000,-41.3242,0.0382,0.0070,0,3
piano_felt,98,D7,0.2500,regular,felt,Felt,0.1250,1.6548,2349.3180,4954.9090,7.7754,16.3989,-36.0363,-50.3900,7,-0.5524,9.1308,9.1298,8.5697,0.0000,-39.6114,0.0418,0.0146,0,3
piano_felt,98,D7,0.2750,regular,felt,Felt,0.1250,1.5778,2349.3180,4954.9090,7.4135,15.6357,-39.0089,-49.2362,7,-4.3675,5.0037,5.0041,5.0219,0.0000,-41.7553,0.0297,0.0167,0,3
piano_felt,98,D7,0.3000,regular,felt,Felt,0.1250,1.5106,2349.3180,4954.9090,7.0979,14.9701,-50.1676,-73.5256,7,-16.2965,15.8754,15.8467,8.3876,-1.4127,-52.1707,0.0082,0.0013,1,3
piano_felt,98,D7,0.3250,regular,felt,Felt,0.1250,1.4514,2349.3180,4954.9090,6.8194,14.3828,-44.2230,-47.9464,7,-11.0618,-1.5033,-1.5000,-1.0039,-1.5033,-45.5186,0.0163,0.0194,0,3
piano_felt,98,D7,0.3500,regular,felt,Felt,0.1250,1.3986,2349.3180,4954.9090,6.5714,13.8596,-36.6052,-45.8377,7,-4.1025,4.0096,4.0080,4.4561,0.0000,-37.2551,0.0392,0.0247,0,3
piano_felt,98,D7,0.3750,regular,felt,Felt,0.1250,1.3511,2349.3180,4954.9090,6.3486,13.3896,-33.2614,-49.8359,7,-1.3726,11.3541,11.3509,12.2925,0.0000,-33.3139,0.0576,0.0156,0,3
piano_felt,98,D7,0.4000,regular,felt,Felt,0.1250,1.3082,2349.3180,4954.9090,6.1470,12.9645,-31.5469,-69.5240,7,-0.2335,32.4144,32.4142,26.5775,0.0000,-31.0382,0.0702,0.0017,1,3
piano_felt,98,D7,0.4250,regular,felt,Felt,0.1250,1.2692,2349.3180,4954.9090,5.9634,12.5774,-30.7864,-48.1345,5,-0.0143,12.1198,12.1189,11.4993,0.0000,-29.7510,0.0766,0.0190,0,3
piano_felt,98,D7,0.4500,regular,felt,Felt,0.1250,1.2334,2349.3180,4954.9090,5.7954,12.2230,-30.7173,-43.9729,5,-0.4565,8.0260,8.0272,7.7828,0.0000,-29.1868,0.0772,0.0306,0,3
piano_felt,98,D7,0.4750,regular,felt,Felt,0.1250,1.2005,2349.3180,4954.9090,5.6408,11.8970,-31.2389,-43.0701,5,-1.4625,6.6013,6.6029,6.5431,0.0000,-29.2378,0.0727,0.0340,0,3
piano_felt,98,D7,0.5000,regular,felt,Felt,0.1250,1.1701,2349.3180,4954.9090,5.4980,11.5958,-32.3536,-44.3903,5,-3.0376,6.8081,6.8087,6.9404,0.0000,-29.9079,0.0639,0.0292,0,3
piano_felt,98,D7,0.5250,regular,felt,Felt,0.1250,1.1419,2349.3180,4954.9090,5.3655,11.3163,-34.1796,-48.5160,5,-5.3023,9.1091,9.1091,9.6417,0.0000,-31.3102,0.0518,0.0181,0,3
piano_felt,98,D7,0.5500,regular,felt,Felt,0.1250,1.1157,2349.3180,4954.9090,5.2421,11.0561,-37.0650,-62.7790,5,-8.6066,20.4954,20.4980,27.2271,0.0000,-33.7912,0.0372,0.0035,0,3
piano_felt,98,D7,0.5750,regular,felt,Felt,0.1250,1.0912,2349.3180,4954.9090,5.1269,10.8131,-42.1221,-52.0540,5,-14.0648,4.6918,4.6955,2.3312,0.0000,-38.4663,0.0207,0.0121,0,3
piano_felt,98,D7,0.6000,regular,felt,Felt,0.1250,1.0682,2349.3180,4954.9090,5.0190,10.5854,-58.1900,-45.2589,5,-30.5173,-18.1743,-18.1822,-31.1723,-18.1743,-54.1726,0.0033,0.0264,1,3
piano_felt,98,D7,0.6250,regular,felt,Felt,0.1250,1.0466,2349.3180,4954.9090,4.9176,10.3716,-45.0830,-42.1245,5,-17.7798,-8.1852,-8.1844,-7.0769,-8.1852,-40.6948,0.0148,0.0379,0,3
piano_felt,98,D7,0.6500,regular,felt,Felt,0.1250,1.0263,2349.3180,4954.9090,4.8221,10.1702,-38.1336,-40.5227,5,-11.1860,-2.8369,-2.8390,-2.3081,-2.8369,-33.4031,0.0329,0.0456,0,3
piano_felt,98,D7,0.6750,regular,felt,Felt,0.1250,1.0071,2349.3180,4954.9090,4.7319,9.9800,-34.3756,-39.8819,5,-7.7709,0.2787,0.2777,0.7009,0.0000,-29.3189,0.0507,0.0491,0,3
piano_felt,98,D7,0.7000,regular,felt,Felt,0.1250,0.9889,2349.3180,4954.9090,4.6467,9.8002,-31.8382,-39.9935,5,-5.5645,2.9269,2.9264,3.3463,0.0000,-26.4670,0.0678,0.0484,0,3
piano_felt,98,D7,0.7250,regular,felt,Felt,0.1250,0.9717,2349.3180,4954.9090,4.5658,9.6298,-29.9626,-40.8105,5,-4.0088,5.6175,5.6190,6.0899,0.0000,-24.2870,0.0842,0.0441,0,3
piano_felt,98,D7,0.7500,regular,felt,Felt,0.1250,0.9554,2349.3180,4954.9090,4.4891,9.4679,-28.5085,-42.4239,5,-2.8641,8.6880,8.6867,9.2809,0.0000,-22.5388,0.0995,0.0366,0,3
piano_felt,98,D7,0.7750,regular,felt,Felt,0.1250,0.9399,2349.3180,4954.9090,4.4161,9.3139,-27.3492,-45.1603,5,-2.0048,12.5856,12.5830,13.4319,0.0000,-21.0949,0.1138,0.0267,0,3
piano_felt,98,D7,0.8000,regular,felt,Felt,0.1250,0.9251,2349.3180,4954.9090,4.3466,9.1673,-26.4095,-50.0959,5,-1.3561,18.4622,18.4600,20.0222,0.0000,-19.8792,0.1268,0.0151,0,3
piano_felt,98,D7,0.8250,regular,felt,Felt,0.1250,0.9109,2349.3180,4954.9090,4.2802,9.0273,-25.6409,-65.4767,5,-0.8699,34.6285,34.6297,61.3748,0.0000,-18.8438,0.1385,0.0026,1,3
piano_felt,98,D7,0.8500,regular,felt,Felt,0.1250,0.8974,2349.3180,4954.9090,4.2168,8.8935,-25.0101,-53.4269,5,-0.5136,23.1843,23.1799,21.3973,0.0000,-17.9537,0.1489,0.0103,0,3
piano_felt,98,D7,0.8750,regular,felt,Felt,0.1250,0.8845,2349.3180,4954.9090,4.1561,8.7656,-24.4932,-46.4719,5,-0.2638,16.7446,16.7451,15.9380,0.0000,-17.1845,0.1580,0.0230,0,3
piano_felt,98,D7,0.9000,regular,felt,Felt,0.1250,0.8722,2349.3180,4954.9090,4.0980,8.6430,-24.0728,-42.8331,5,-0.1033,13.5294,13.5277,13.0347,0.0000,-16.5193,0.1659,0.0349,0,3
piano_felt,98,D7,0.9250,regular,felt,Felt,0.1250,0.8603,2349.3180,4954.9090,4.0422,8.5254,-23.7353,-40.4788,5,-0.0191,11.5122,11.5112,11.1712,0.0000,-15.9439,0.1724,0.0458,0,3
piano_felt,98,D7,0.9500,regular,felt,Felt,0.1250,0.8489,2349.3180,4954.9090,3.9887,8.4124,-23.4706,-38.8401,3,-0.0014,10.1384,10.1374,9.8934,0.0000,-15.4479,0.1778,0.0553,0,3
piano_felt,98,D7,0.9750,regular,felt,Felt,0.1250,0.8379,2349.3180,4954.9090,3.9372,8.3039,-23.2706,-37.6740,3,-0.0423,9.1714,9.1715,8.9926,0.0000,-15.0218,0.1819,0.0633,0,3
piano_felt,98,D7,1.0000,regular,felt,Felt,0.1250,0.8274,2349.3180,4954.9090,3.8877,8.1994,-23.1289,-36.8546,3,-0.1359,8.4945,8.4938,8.3680,0.0000,-14.6608,0.1849,0.0695,0,3
piano_felt,98,D7,0.2780,corpus,felt,Felt,0.1250,1.5693,2349.3180,4954.9090,7.3734,15.5511,-39.6834,-50.0005,7,-5.1380,5.0953,5.0939,5.1973,0.0000,-42.3356,0.0275,0.0153,0,3
piano_felt,98,D7,0.3030,corpus,felt,Felt,0.1250,1.5031,2349.3180,4954.9090,7.0627,14.8958,-53.9332,-62.6395,7,-20.1504,3.4812,3.4633,-2.8505,-5.8061,-55.8366,0.0053,0.0036,0,3
piano_felt,98,D7,0.3130,corpus,felt,Felt,0.1250,1.4789,2349.3180,4954.9090,6.9489,14.6559,-55.4190,-52.3706,7,-21.9240,-8.2623,-8.2659,-6.2854,-8.2623,-57.0249,0.0045,0.0116,0,3
piano_felt,98,D7,0.3280,corpus,felt,Felt,0.1250,1.4447,2349.3180,4954.9090,6.7882,14.3168,-42.7987,-47.3147,7,-9.7191,-0.7161,-0.7077,-0.2684,-0.7161,-44.0165,0.0192,0.0209,0,3
piano_felt,98,D7,0.3380,corpus,felt,Felt,0.1250,1.4232,2349.3180,4954.9090,6.6870,14.1035,-39.3326,-46.0445,7,-6.5198,1.4858,1.4877,1.8763,0.0000,-40.2883,0.0286,0.0241,0,3
piano_felt,98,D7,0.3630,corpus,felt,Felt,0.1250,1.3733,2349.3180,4954.9090,6.4526,13.6091,-34.5882,-47.0578,7,-2.4099,7.2472,7.2453,7.8521,0.0000,-34.9221,0.0494,0.0215,0,3
piano_felt,98,D7,0.4020,corpus,felt,Felt,0.1250,1.3050,2349.3180,4954.9090,6.1316,12.9322,-31.4560,-63.8793,7,-0.1871,27.1832,27.1827,23.4314,0.0000,-30.9050,0.0709,0.0031,1,3
piano_felt,98,D7,0.4270,corpus,felt,Felt,0.1250,1.2662,2349.3180,4954.9090,5.9494,12.5479,-30.7575,-47.6028,5,-0.0274,11.6154,11.6162,11.0520,0.0000,-29.6820,0.0768,0.0202,0,3
piano_felt,98,D7,0.4370,corpus,felt,Felt,0.1250,1.2516,2349.3180,4954.9090,5.8810,12.4035,-30.6758,-45.5606,5,-0.1527,9.6574,9.6561,9.2681,0.0000,-29.3987,0.0776,0.0255,0,3
piano_felt,98,D7,0.4520,corpus,felt,Felt,0.1250,1.2307,2349.3180,4954.9090,5.7826,12.1959,-30.7379,-43.8080,5,-0.5168,7.8412,7.8417,7.6192,0.0000,-29.1674,0.0770,0.0312,0,3
piano_felt,98,D7,0.4620,corpus,felt,Felt,0.1250,1.2173,2349.3180,4954.9090,5.7196,12.0632,-30.8961,-43.2415,5,-0.8710,7.1149,7.1171,6.9651,0.0000,-29.1356,0.0756,0.0333,0,3
piano_felt,98,D7,0.4870,corpus,felt,Felt,0.1250,1.1856,2349.3180,4954.9090,5.5709,11.7495,-31.6960,-43.4281,5,-2.1434,6.5037,6.5040,6.5218,0.0000,-29.4787,0.0689,0.0326,0,3
piano_felt,99,D#7,0.0500,regular,felt,Felt,0.1250,3.6325,2489.0160,5280.4880,18.0827,38.3628,-50.3375,-64.8444,19,-0.0735,9.3609,9.3394,8.5194,0.0000,-67.9047,0.0080,0.0027,0,3
piano_felt,99,D#7,0.0750,regular,felt,Felt,0.1250,2.9659,2489.0160,5280.4880,14.7645,31.3231,-55.5648,-66.0933,15,-8.8360,5.3572,5.3514,9.3439,0.0000,-69.6100,0.0044,0.0024,0,3
piano_felt,99,D#7,0.1000,regular,felt,Felt,0.1250,2.5686,2489.0160,5280.4880,12.7864,27.1266,-53.8663,-71.4115,13,-9.6496,12.3877,12.3655,21.8354,0.0000,-65.4005,0.0054,0.0013,1,3
piano_felt,99,D#7,0.1250,regular,felt,Felt,0.1250,2.2974,2489.0160,5280.4880,11.4365,24.2628,-46.2343,-56.1446,11,-3.9692,4.6894,4.7013,3.7384,0.0000,-55.8365,0.0129,0.0075,0,3
piano_felt,99,D#7,0.1500,regular,felt,Felt,0.1250,2.0972,2489.0160,5280.4880,10.4401,22.1488,-42.9332,-54.0356,11,-2.2651,5.8838,5.8921,6.0206,0.0000,-50.9489,0.0189,0.0096,0,3
piano_felt,99,D#7,0.1750,regular,felt,Felt,0.1250,1.9417,2489.0160,5280.4880,9.6656,20.5058,-40.5734,-55.5441,9,-1.2577,9.7408,9.7537,8.7439,0.0000,-47.2502,0.0248,0.0081,0,3
piano_felt,99,D#7,0.2000,regular,felt,Felt,0.1250,1.8163,2489.0160,5280.4880,9.0414,19.1814,-61.8949,-62.3148,9,-23.7524,-4.8373,-4.8051,-10.4909,-4.8373,-67.4527,0.0021,0.0037,1,3
piano_felt,99,D#7,0.2250,regular,felt,Felt,0.1250,1.7124,2489.0160,5280.4880,8.5243,18.0844,-40.4604,-50.3421,9,-3.3545,4.6669,4.6642,4.9428,0.0000,-44.9490,0.0251,0.0147,0,3
piano_felt,99,D#7,0.2500,regular,felt,Felt,0.1250,1.6245,2489.0160,5280.4880,8.0868,17.1564,-36.2584,-61.6302,9,-0.0811,20.1677,20.1600,23.4840,0.0000,-39.8323,0.0408,0.0040,0,3
piano_felt,99,D#7,0.2750,regular,felt,Felt,0.1250,1.5489,2489.0160,5280.4880,7.7105,16.3579,-36.2668,-49.9687,7,-0.9309,8.4818,8.4791,7.9394,0.0000,-39.0151,0.0407,0.0153,0,3
piano_felt,99,D#7,0.3000,regular,felt,Felt,0.1250,1.4830,2489.0160,5280.4880,7.3822,15.6615,-39.5259,-49.0481,7,-4.9592,4.2923,4.2999,4.2317,0.0000,-41.5206,0.0280,0.0171,0,3
piano_felt,99,D#7,0.3250,regular,felt,Felt,0.1250,1.4248,2489.0160,5280.4880,7.0926,15.0471,-50.6316,-69.6812,7,-16.7737,13.8576,13.8443,34.1514,0.0000,-51.9316,0.0078,0.0016,1,3
piano_felt,99,D#7,0.3500,regular,felt,Felt,0.1250,1.3730,2489.0160,5280.4880,6.8346,14.4998,-45.0067,-49.4202,7,-11.8061,-0.8119,-0.8090,-0.4112,-0.8119,-45.6549,0.0149,0.0164,0,3
piano_felt,99,D#7,0.3750,regular,felt,Felt,0.1250,1.3264,2489.0160,5280.4880,6.6029,14.0081,-37.2576,-45.8115,7,-4.6699,3.3281,3.3305,3.6772,0.0000,-37.3093,0.0364,0.0248,0,3
piano_felt,99,D#7,0.4000,regular,felt,Felt,0.1250,1.2843,2489.0160,5280.4880,6.3932,13.5633,-33.7878,-47.4747,7,-1.7743,8.4603,8.4637,9.0906,0.0000,-33.2804,0.0542,0.0205,0,3
piano_felt,99,D#7,0.4250,regular,felt,Felt,0.1250,1.2459,2489.0160,5280.4880,6.2023,13.1583,-31.9196,-56.8941,7,-0.4462,19.7591,19.7552,22.1763,0.0000,-30.8835,0.0672,0.0069,0,3
piano_felt,99,D#7,0.4500,regular,felt,Felt,0.1250,1.2108,2489.0160,5280.4880,6.0276,12.7876,-30.9714,-53.9142,7,-0.0081,17.7153,17.7127,16.3957,0.0000,-29.4403,0.0749,0.0097,0,3
piano_felt,99,D#7,0.4750,regular,felt,Felt,0.1250,1.1785,2489.0160,5280.4880,5.8668,12.4465,-30.6715,-46.0845,5,-0.1915,10.1883,10.1854,9.7394,0.0000,-28.6700,0.0776,0.0240,0,3
piano_felt,99,D#7,0.5000,regular,felt,Felt,0.1250,1.1487,2489.0160,5280.4880,5.7183,12.1314,-30.9007,-43.4835,5,-0.8799,7.3549,7.3555,7.1572,0.0000,-28.4548,0.0756,0.0324,0,3
piano_felt,99,D#7,0.5250,regular,felt,Felt,0.1250,1.1210,2489.0160,5280.4880,5.5804,11.8390,-31.6243,-43.1512,5,-2.0410,6.3012,6.2997,6.2594,0.0000,-28.7534,0.0695,0.0337,0,3
piano_felt,99,D#7,0.5500,regular,felt,Felt,0.1250,1.0952,2489.0160,5280.4880,5.4521,11.5668,-32.8804,-44.6517,5,-3.7150,6.5443,6.5443,6.6694,0.0000,-29.6066,0.0602,0.0283,0,3
piano_felt,99,D#7,0.5750,regular,felt,Felt,0.1250,1.0712,2489.0160,5280.4880,5.3323,11.3126,-34.8106,-48.6049,5,-6.0450,8.5742,8.5680,9.0834,0.0000,-31.1511,0.0482,0.0180,0,3
piano_felt,99,D#7,0.6000,regular,felt,Felt,0.1250,1.0486,2489.0160,5280.4880,5.2200,11.0744,-37.7837,-60.3699,5,-9.4016,17.3527,17.3675,21.6161,0.0000,-33.7539,0.0342,0.0046,0,3
piano_felt,99,D#7,0.6250,regular,felt,Felt,0.1250,1.0274,2489.0160,5280.4880,5.1146,10.8506,-42.9573,-54.0164,5,-14.9435,5.8293,5.8225,3.0398,0.0000,-38.5716,0.0189,0.0096,0,3
piano_felt,99,D#7,0.6500,regular,felt,Felt,0.1250,1.0075,2489.0160,5280.4880,5.0152,10.6399,-60.0761,-46.4183,5,-32.4168,-18.8806,-18.9132,-44.4439,-18.8806,-55.3426,0.0026,0.0231,1,3
piano_felt,99,D#7,0.6750,regular,felt,Felt,0.1250,0.9886,2489.0160,5280.4880,4.9215,10.4410,-45.5190,-42.9457,5,-18.2014,-7.7978,-7.7980,-6.6894,-7.7978,-40.4604,0.0140,0.0345,0,3
piano_felt,99,D#7,0.7000,regular,felt,Felt,0.1250,0.9708,2489.0160,5280.4880,4.8328,10.2529,-38.7013,-41.0549,5,-11.7134,-2.8749,-2.8734,-2.3635,-2.8749,-33.3298,0.0308,0.0429,0,3
piano_felt,99,D#7,0.7250,regular,felt,Felt,0.1250,0.9539,2489.0160,5280.4880,4.7488,10.0746,-34.9715,-40.1027,5,-8.3023,-0.0949,-0.0963,0.2966,-0.0949,-29.2942,0.0473,0.0478,0,3
piano_felt,99,D#7,0.7500,regular,felt,Felt,0.1250,0.9379,2489.0160,5280.4880,4.6689,9.9052,-32.4353,-39.8422,5,-6.0745,2.1770,2.1791,2.5542,0.0000,-26.4666,0.0633,0.0493,0,3
piano_felt,99,D#7,0.7750,regular,felt,Felt,0.1250,0.9227,2489.0160,5280.4880,4.5930,9.7442,-30.5480,-40.1790,5,-4.4859,4.4050,4.4030,4.8121,0.0000,-24.2934,0.0787,0.0474,0,3
piano_felt,99,D#7,0.8000,regular,felt,Felt,0.1250,0.9081,2489.0160,5280.4880,4.5207,9.5907,-29.0742,-41.1136,5,-3.3018,6.8107,6.8116,7.2883,0.0000,-22.5434,0.0933,0.0426,0,3
piano_felt,99,D#7,0.8250,regular,felt,Felt,0.1250,0.8943,2489.0160,5280.4880,4.4517,9.4443,-27.8896,-42.7504,5,-2.3985,9.6331,9.6332,10.2365,0.0000,-21.0922,0.1069,0.0353,0,3
piano_felt,99,D#7,0.8500,regular,felt,Felt,0.1250,0.8810,2489.0160,5280.4880,4.3857,9.3043,-26.9203,-45.3903,5,-1.7024,13.2419,13.2430,14.1043,0.0000,-19.8635,0.1195,0.0260,0,3
piano_felt,99,D#7,0.8750,regular,felt,Felt,0.1250,0.8683,2489.0160,5280.4880,4.3226,9.1705,-26.1185,-49.9410,5,-1.1664,18.5997,18.5971,20.1240,0.0000,-18.8098,0.1311,0.0154,0,3
piano_felt,99,D#7,0.9000,regular,felt,Felt,0.1250,0.8562,2489.0160,5280.4880,4.2621,9.0422,-25.4514,-61.7231,5,-0.7581,31.0631,31.0580,39.4481,0.0000,-17.8982,0.1415,0.0040,0,3
piano_felt,99,D#7,0.9250,regular,felt,Felt,0.1250,0.8445,2489.0160,5280.4880,4.2041,8.9192,-24.8957,-55.8520,5,-0.4545,25.7313,25.7186,23.4066,0.0000,-17.1040,0.1509,0.0078,0,3
piano_felt,99,D#7,0.9500,regular,felt,Felt,0.1250,0.8334,2489.0160,5280.4880,4.1485,8.8010,-24.4339,-47.9120,5,-0.2384,18.2477,18.2452,17.2812,0.0000,-16.4105,0.1591,0.0195,0,3
piano_felt,99,D#7,0.9750,regular,felt,Felt,0.1250,0.8226,2489.0160,5280.4880,4.0949,8.6875,-24.0527,-43.9711,5,-0.0969,14.6866,14.6866,14.0983,0.0000,-15.8047,0.1663,0.0307,0,3
piano_felt,99,D#7,1.0000,regular,felt,Felt,0.1250,0.8123,2489.0160,5280.4880,4.0434,8.5782,-23.7419,-41.4371,5,-0.0202,12.4642,12.4638,12.0562,0.0000,-15.2738,0.1723,0.0410,0,3
piano_felt,99,D#7,0.2780,corpus,felt,Felt,0.1250,1.5405,2489.0160,5280.4880,7.6688,16.2694,-36.4729,-49.2244,7,-1.2328,7.5264,7.5289,7.0719,0.0000,-39.1280,0.0398,0.0167,0,3
piano_felt,99,D#7,0.3030,corpus,felt,Felt,0.1250,1.4756,2489.0160,5280.4880,7.3456,15.5838,-40.2156,-49.6768,7,-5.7370,4.2377,4.2389,4.2343,0.0000,-42.1219,0.0258,0.0159,0,3
piano_felt,99,D#7,0.3130,corpus,felt,Felt,0.1250,1.4518,2489.0160,5280.4880,7.2273,15.3329,-43.3218,-53.4199,7,-9.1307,4.8788,4.8763,5.1970,0.0000,-44.9451,0.0181,0.0103,0,3
piano_felt,99,D#7,0.3280,corpus,felt,Felt,0.1250,1.4183,2489.0160,5280.4880,7.0601,14.9781,-54.2873,-76.2692,7,-20.5109,12.3873,12.3583,3.7535,-3.6453,-55.4971,0.0051,0.0012,1,3
piano_felt,99,D#7,0.3380,corpus,felt,Felt,0.1250,1.3971,2489.0160,5280.4880,6.9549,14.7549,-56.5098,-55.2244,7,-22.9996,-6.4994,-6.5016,-4.6249,-8.5385,-57.4459,0.0040,0.0084,0,3
piano_felt,99,D#7,0.3630,corpus,felt,Felt,0.1250,1.3481,2489.0160,5280.4880,6.7111,14.2378,-40.0404,-46.7151,7,-7.1636,1.4510,1.4516,1.7666,0.0000,-40.3731,0.0264,0.0223,0,3
piano_felt,99,D#7,0.4020,corpus,felt,Felt,0.1250,1.2811,2489.0160,5280.4880,6.3773,13.5295,-33.5931,-47.8295,7,-1.6240,9.0149,9.0133,9.6858,0.0000,-33.0421,0.0554,0.0196,0,3
piano_felt,99,D#7,0.4270,corpus,felt,Felt,0.1250,1.2430,2489.0160,5280.4880,6.1878,13.1275,-31.8150,-58.7041,7,-0.3835,21.6735,21.6713,24.7575,0.0000,-30.7387,0.0680,0.0056,0,3
piano_felt,99,D#7,0.4370,corpus,felt,Felt,0.1250,1.2287,2489.0160,5280.4880,6.1166,12.9764,-31.3714,-73.0970,7,-0.1464,33.5740,33.5988,28.2779,0.0000,-30.0945,0.0716,0.0015,1,3
piano_felt,99,D#7,0.4520,corpus,felt,Felt,0.1250,1.2082,2489.0160,5280.4880,6.0142,12.7593,-30.9258,-52.8345,7,-0.0022,16.6823,16.6791,15.5082,0.0000,-29.3556,0.0754,0.0110,0,3
piano_felt,99,D#7,0.4620,corpus,felt,Felt,0.1250,1.1950,2489.0160,5280.4880,5.9488,12.6204,-30.7563,-49.0008,5,-0.0281,13.0152,13.0163,12.2950,0.0000,-28.9965,0.0768,0.0172,0,3
piano_felt,99,D#7,0.4870,corpus,felt,Felt,0.1250,1.1639,2489.0160,5280.4880,5.7941,12.2922,-30.7193,-44.4767,5,-0.4626,8.5299,8.5300,8.2219,0.0000,-28.5016,0.0772,0.0289,0,3
piano_felt,100,E7,0.0500,regular,felt,Felt,0.1250,3.5660,2637.0200,5630.7080,18.8071,40.1579,-61.4528,-64.4156,19,-10.5045,-2.1829,-2.1885,-0.5320,-2.1829,-79.0156,0.0022,0.0029,0,3
piano_felt,100,E7,0.0750,regular,felt,Felt,0.1250,2.9116,2637.0200,5630.7080,15.3559,32.7888,-52.9216,-70.3657,15,-5.5075,12.2470,12.2482,8.1064,0.0000,-66.9648,0.0060,0.0015,1,3
piano_felt,100,E7,0.1000,regular,felt,Felt,0.1250,2.5215,2637.0200,5630.7080,13.2986,28.3960,-51.7988,-59.9205,13,-6.8958,2.8996,2.9216,1.0555,0.0000,-63.3498,0.0068,0.0049,0,3
piano_felt,100,E7,0.1250,regular,felt,Felt,0.1250,2.2553,2637.0200,5630.7080,11.8947,25.3981,-43.0719,-60.8297,11,-0.1195,12.5654,12.5593,14.0217,0.0000,-52.6669,0.0186,0.0044,0,3
piano_felt,100,E7,0.1500,regular,felt,Felt,0.1250,2.0588,2637.0200,5630.7080,10.8583,23.1852,-54.4777,-65.4398,11,-13.1213,5.7981,5.7692,11.2288,0.0000,-62.4814,0.0050,0.0026,0,3
piano_felt,100,E7,0.1750,regular,felt,Felt,0.1250,1.9061,2637.0200,5630.7080,10.0528,21.4653,-40.0351,-56.7608,11,-0.0299,11.5268,11.5177,12.5653,0.0000,-46.7105,0.0264,0.0070,0,3
piano_felt,100,E7,0.2000,regular,felt,Felt,0.1250,1.7830,2637.0200,5630.7080,9.4036,20.0790,-43.3822,-52.1551,9,-4.5493,3.5631,3.5576,2.9656,0.0000,-48.8981,0.0180,0.0119,0,3
piano_felt,100,E7,0.2250,regular,felt,Felt,0.1250,1.6810,2637.0200,5630.7080,8.8658,18.9306,-51.3815,-70.3348,9,-13.5841,13.7398,13.7226,10.2072,0.0000,-55.8702,0.0072,0.0015,1,3
piano_felt,100,E7,0.2500,regular,felt,Felt,0.1250,1.5948,2637.0200,5630.7080,8.4108,17.9592,-38.8196,-50.1624,9,-1.9498,6.1242,6.1264,6.4195,0.0000,-42.3952,0.0304,0.0150,0,3
piano_felt,100,E7,0.2750,regular,felt,Felt,0.1250,1.5205,2637.0200,5630.7080,8.0194,17.1234,-36.0335,-63.6192,9,-0.0040,22.4106,22.3771,26.8237,0.0000,-38.7815,0.0418,0.0032,0,3
piano_felt,100,E7,0.3000,regular,felt,Felt,0.1250,1.4558,2637.0200,5630.7080,7.6780,16.3944,-36.4234,-50.3414,7,-1.1622,8.6949,8.6964,8.0919,0.0000,-38.4164,0.0400,0.0147,0,3
piano_felt,100,E7,0.3250,regular,felt,Felt,0.1250,1.3987,2637.0200,5630.7080,7.3768,15.7512,-39.6230,-48.5382,7,-5.0695,3.6946,3.6939,3.5218,0.0000,-40.9190,0.0277,0.0181,0,3
piano_felt,100,E7,0.3500,regular,felt,Felt,0.1250,1.3478,2637.0200,5630.7080,7.1084,15.1783,-49.3149,-58.3806,7,-15.4176,3.8441,3.8453,4.4487,0.0000,-49.9761,0.0091,0.0058,0,3
piano_felt,100,E7,0.3750,regular,felt,Felt,0.1250,1.3021,2637.0200,5630.7080,6.8674,14.6636,-46.9741,-52.5579,7,-13.6886,0.3659,0.3625,0.6305,0.0000,-47.0230,0.0119,0.0114,0,3
piano_felt,100,E7,0.4000,regular,felt,Felt,0.1250,1.2608,2637.0200,5630.7080,6.6493,14.1980,-38.3355,-46.4728,7,-5.6231,2.9144,2.9152,3.1565,0.0000,-37.8287,0.0321,0.0229,0,3
piano_felt,100,E7,0.4250,regular,felt,Felt,0.1250,1.2231,2637.0200,5630.7080,6.4508,13.7741,-34.5615,-46.0755,7,-2.3882,6.2947,6.2918,6.7209,0.0000,-33.5261,0.0496,0.0240,0,3
piano_felt,100,E7,0.4500,regular,felt,Felt,0.1250,1.1887,2637.0200,5630.7080,6.2690,13.3860,-32.4640,-49.9025,7,-0.7999,12.2178,12.2171,13.1232,0.0000,-30.9338,0.0631,0.0155,0,3
piano_felt,100,E7,0.4750,regular,felt,Felt,0.1250,1.1570,2637.0200,5630.7080,6.1018,13.0290,-31.2935,-71.3899,7,-0.1116,33.3107,33.3175,45.4404,0.0000,-29.2930,0.0722,0.0016,1,3
piano_felt,100,E7,0.5000,regular,felt,Felt,0.1250,1.1277,2637.0200,5630.7080,5.9473,12.6991,-30.7535,-50.9307,5,-0.0298,14.9468,14.9495,14.0166,0.0000,-28.3077,0.0769,0.0138,0,3
piano_felt,100,E7,0.5250,regular,felt,Felt,0.1250,1.1005,2637.0200,5630.7080,5.8040,12.3930,-30.7057,-45.4427,5,-0.4183,9.5088,9.5107,9.1008,0.0000,-27.8355,0.0773,0.0259,0,3
piano_felt,100,E7,0.5500,regular,felt,Felt,0.1250,1.0752,2637.0200,5630.7080,5.6706,12.1081,-31.0896,-43.3893,5,-1.2190,7.0734,7.0737,6.8677,0.0000,-27.8152,0.0739,0.0328,0,3
piano_felt,100,E7,0.5750,regular,felt,Felt,0.1250,1.0515,2637.0200,5630.7080,5.5459,11.8419,-31.8989,-43.1453,5,-2.4270,6.0219,6.0204,5.9579,0.0000,-28.2373,0.0674,0.0337,0,3
piano_felt,100,E7,0.6000,regular,felt,Felt,0.1250,1.0294,2637.0200,5630.7080,5.4291,11.5926,-33.1831,-44.4174,5,-4.0936,6.0057,6.0085,6.0852,0.0000,-29.1535,0.0581,0.0291,0,3
piano_felt,100,E7,0.6250,regular,felt,Felt,0.1250,1.0086,2637.0200,5630.7080,5.3195,11.3584,-35.0793,-47.5994,5,-6.3571,7.2922,7.2948,7.6426,0.0000,-30.6961,0.0467,0.0202,0,3
piano_felt,100,E7,0.6500,regular,felt,Felt,0.1250,0.9890,2637.0200,5630.7080,5.2162,11.1378,-37.9187,-55.1615,5,-9.5499,12.0206,12.0204,13.6877,0.0000,-33.1943,0.0337,0.0084,0,3
piano_felt,100,E7,0.6750,regular,felt,Felt,0.1250,0.9705,2637.0200,5630.7080,5.1186,10.9296,-42.6711,-60.6162,5,-14.6429,12.7275,12.7037,8.3940,0.0000,-37.6221,0.0195,0.0045,0,3
piano_felt,100,E7,0.7000,regular,felt,Felt,0.1250,0.9530,2637.0200,5630.7080,5.0264,10.7327,-55.3442,-48.9458,5,-27.6446,-11.6289,-11.6426,-19.3737,-11.6640,-49.9761,0.0045,0.0173,0,3
piano_felt,100,E7,0.7250,regular,felt,Felt,0.1250,0.9365,2637.0200,5630.7080,4.9390,10.5460,-47.7645,-44.5306,5,-20.3826,-8.4661,-8.4563,-7.1123,-8.4661,-42.0927,0.0108,0.0287,0,3
piano_felt,100,E7,0.7500,regular,felt,Felt,0.1250,0.9207,2637.0200,5630.7080,4.8560,10.3687,-40.0576,-42.0945,5,-12.9830,-3.1902,-3.1887,-2.6634,-3.1902,-34.0865,0.0263,0.0380,0,3
piano_felt,100,E7,0.7750,regular,felt,Felt,0.1250,0.9058,2637.0200,5630.7080,4.7770,10.2001,-36.0672,-40.6968,5,-9.2902,-0.5957,-0.5967,-0.2201,-0.5957,-29.8112,0.0417,0.0447,0,3
piano_felt,100,E7,0.8000,regular,felt,Felt,0.1250,0.8915,2637.0200,5630.7080,4.7018,10.0395,-33.3952,-39.9986,5,-6.9068,1.3778,1.3768,1.7143,0.0000,-26.8635,0.0567,0.0484,0,3
piano_felt,100,E7,0.8250,regular,felt,Felt,0.1250,0.8779,2637.0200,5630.7080,4.6300,9.8862,-31.4162,-39.8514,5,-5.2080,3.2074,3.2085,3.5518,0.0000,-24.6189,0.0712,0.0492,0,3
piano_felt,100,E7,0.8500,regular,felt,Felt,0.1250,0.8649,2637.0200,5630.7080,4.5614,9.7397,-29.8705,-40.1969,5,-3.9345,5.1014,5.0997,5.4879,0.0000,-22.8130,0.0851,0.0473,0,3
piano_felt,100,E7,0.8750,regular,felt,Felt,0.1250,0.8524,2637.0200,5630.7080,4.4958,9.5996,-28.6242,-41.0403,5,-2.9528,7.1908,7.1895,7.6478,0.0000,-21.3158,0.0982,0.0429,0,3
piano_felt,100,E7,0.9000,regular,felt,Felt,0.1250,0.8405,2637.0200,5630.7080,4.4329,9.4653,-27.5987,-42.4582,5,-2.1849,9.6341,9.6330,10.2009,0.0000,-20.0448,0.1105,0.0365,0,3
piano_felt,100,E7,0.9250,regular,felt,Felt,0.1250,0.8291,2637.0200,5630.7080,4.3726,9.3365,-26.7438,-44.6526,5,-1.5809,12.6801,12.6828,13.4489,0.0000,-18.9521,0.1220,0.0283,0,3
piano_felt,100,E7,0.9500,regular,felt,Felt,0.1250,0.8181,2637.0200,5630.7080,4.3146,9.2129,-26.0253,-48.1508,5,-1.1071,16.8993,16.9005,18.1103,0.0000,-18.0032,0.1325,0.0189,0,3
piano_felt,100,E7,0.9750,regular,felt,Felt,0.1250,0.8075,2637.0200,5630.7080,4.2590,9.0940,-25.4190,-54.8925,5,-0.7394,24.2491,24.2524,27.1446,0.0000,-17.1705,0.1421,0.0087,0,3
piano_felt,100,E7,1.0000,regular,felt,Felt,0.1250,0.7974,2637.0200,5630.7080,4.2054,8.9796,-24.9069,-67.9044,5,-0.4601,36.2894,36.2986,30.7223,0.0000,-16.4383,0.1507,0.0023,1,3
piano_felt,100,E7,0.2780,corpus,felt,Felt,0.1250,1.5123,2637.0200,5630.7080,7.9760,17.0308,-35.9399,-75.5394,7,-0.0062,31.4632,31.4815,38.9389,0.0000,-38.5944,0.0423,0.0011,1,3
piano_felt,100,E7,0.3030,corpus,felt,Felt,0.1250,1.4486,2637.0200,5630.7080,7.6399,16.3131,-36.6443,-49.5641,7,-1.4710,7.6978,7.6984,7.1737,0.0000,-38.5476,0.0390,0.0161,0,3
piano_felt,100,E7,0.3130,corpus,felt,Felt,0.1250,1.4253,2637.0200,5630.7080,7.5168,16.0503,-37.6729,-48.2128,7,-2.7866,5.3176,5.3186,4.9873,0.0000,-39.2976,0.0346,0.0188,0,3
piano_felt,100,E7,0.3280,corpus,felt,Felt,0.1250,1.3923,2637.0200,5630.7080,7.3429,15.6790,-40.2696,-48.9314,7,-5.7974,3.4444,3.4405,3.3003,0.0000,-41.4872,0.0257,0.0173,0,3
piano_felt,100,E7,0.3380,corpus,felt,Felt,0.1250,1.3715,2637.0200,5630.7080,7.2335,15.4454,-43.1138,-51.3391,7,-8.9074,3.0074,3.0041,3.0024,0.0000,-44.0688,0.0185,0.0131,0,3
piano_felt,100,E7,0.3630,corpus,felt,Felt,0.1250,1.3235,2637.0200,5630.7080,6.9800,14.9040,-63.6200,-63.3592,7,-30.0460,-5.4832,-5.4225,-2.6642,-11.9162,-63.9411,0.0018,0.0033,1,3
piano_felt,100,E7,0.4020,corpus,felt,Felt,0.1250,1.2576,2637.0200,5630.7080,6.6328,14.1626,-37.9337,-46.2888,7,-5.2657,3.1291,3.1329,3.3793,0.0000,-37.3835,0.0336,0.0234,0,3
piano_felt,100,E7,0.4270,corpus,felt,Felt,0.1250,1.2203,2637.0200,5630.7080,6.4357,13.7418,-34.3472,-46.2107,7,-2.2157,6.6387,6.6413,7.0898,0.0000,-33.2725,0.0508,0.0237,0,3
piano_felt,100,E7,0.4370,corpus,felt,Felt,0.1250,1.2062,2637.0200,5630.7080,6.3616,13.5836,-33.4090,-47.2810,7,-1.4837,8.6482,8.6500,9.2291,0.0000,-32.1310,0.0566,0.0209,0,3
piano_felt,100,E7,0.4520,corpus,felt,Felt,0.1250,1.1860,2637.0200,5630.7080,6.2552,13.3563,-32.3418,-50.4775,7,-0.7171,12.9156,12.9145,13.9077,0.0000,-30.7723,0.0640,0.0145,0,3
piano_felt,100,E7,0.4620,corpus,felt,Felt,0.1250,1.1731,2637.0200,5630.7080,6.1871,13.2110,-31.8101,-54.5393,7,-0.3806,17.5057,17.5097,19.2449,0.0000,-30.0493,0.0681,0.0091,0,3
piano_felt,100,E7,0.4870,corpus,felt,Felt,0.1250,1.1426,2637.0200,5630.7080,6.0262,12.8674,-30.9665,-58.0191,7,-0.0073,21.8077,21.8210,19.7182,0.0000,-28.7494,0.0750,0.0061,0,3
piano_felt,101,F7,0.0500,regular,felt,Felt,0.1250,3.5007,2793.8260,6007.8560,19.5605,42.0630,-53.8910,-64.9938,19,-2.2585,5.9720,5.9524,5.2213,0.0000,-71.4535,0.0053,0.0027,0,3
piano_felt,101,F7,0.0750,regular,felt,Felt,0.1250,2.8583,2793.8260,6007.8560,15.9711,34.3443,-48.1082,-62.7645,15,-0.0090,9.4842,9.4781,8.6624,0.0000,-62.1581,0.0104,0.0035,0,3
piano_felt,101,F7,0.1000,regular,felt,Felt,0.1250,2.4753,2793.8260,6007.8560,13.8314,29.7431,-45.8974,-59.6531,13,-0.3083,8.5583,8.5672,8.9353,0.0000,-57.4449,0.0134,0.0050,0,3
piano_felt,101,F7,0.1250,regular,felt,Felt,0.1250,2.2140,2793.8260,6007.8560,12.3712,26.6030,-45.2078,-61.6571,13,-1.5683,11.2536,11.2482,10.2033,0.0000,-54.8105,0.0145,0.0040,0,3
piano_felt,101,F7,0.1500,regular,felt,Felt,0.1250,2.0211,2793.8260,6007.8560,11.2933,24.2851,-49.0860,-56.3007,11,-7.0416,2.0085,2.0073,0.6437,0.0000,-57.1085,0.0093,0.0074,0,3
piano_felt,101,F7,0.1750,regular,felt,Felt,0.1250,1.8712,2793.8260,6007.8560,10.4555,22.4836,-43.1382,-56.8501,11,-2.4442,8.4974,8.5032,8.0469,0.0000,-49.8146,0.0185,0.0069,0,3
piano_felt,101,F7,0.2000,regular,felt,Felt,0.1250,1.7503,2793.8260,6007.8560,9.7803,21.0315,-40.0508,-79.0057,9,-0.5280,29.5260,29.5740,34.1714,0.0000,-45.5638,0.0263,0.0009,1,3
piano_felt,101,F7,0.2250,regular,felt,Felt,0.1250,1.6502,2793.8260,6007.8560,9.2209,19.8287,-47.8562,-52.1879,9,-9.3680,-0.8924,-0.8832,-1.7281,-0.8924,-52.3525,0.0107,0.0119,0,3
piano_felt,101,F7,0.2500,regular,felt,Felt,0.1250,1.5655,2793.8260,6007.8560,8.7477,18.8112,-45.8304,-61.6355,9,-8.2688,10.5976,10.5860,9.2672,0.0000,-49.4024,0.0135,0.0040,0,3
piano_felt,101,F7,0.2750,regular,felt,Felt,0.1250,1.4927,2793.8260,6007.8560,8.3406,17.9357,-38.0299,-50.1661,9,-1.3077,6.9198,6.9211,7.1859,0.0000,-40.7775,0.0333,0.0150,0,3
piano_felt,101,F7,0.3000,regular,felt,Felt,0.1250,1.4291,2793.8260,6007.8560,7.9855,17.1722,-35.9571,-60.8285,7,-0.0022,19.6611,19.6614,22.5029,0.0000,-37.9472,0.0422,0.0044,0,3
piano_felt,101,F7,0.3250,regular,felt,Felt,0.1250,1.3731,2793.8260,6007.8560,7.6723,16.4985,-36.4538,-51.6554,7,-1.2057,9.9758,9.9809,9.1852,0.0000,-37.7516,0.0399,0.0126,0,3
piano_felt,101,F7,0.3500,regular,felt,Felt,0.1250,1.3231,2793.8260,6007.8560,7.3932,15.8983,-39.3380,-48.1309,7,-4.7451,3.5706,3.5728,3.2597,0.0000,-39.9913,0.0286,0.0190,0,3
piano_felt,101,F7,0.3750,regular,felt,Felt,0.1250,1.2783,2793.8260,6007.8560,7.1425,15.3592,-47.0565,-52.8536,7,-13.0744,0.5729,0.5764,0.2609,0.0000,-47.1186,0.0118,0.0110,0,3
piano_felt,101,F7,0.4000,regular,felt,Felt,0.1250,1.2377,2793.8260,6007.8560,6.9157,14.8715,-50.9952,-60.8153,7,-17.5853,4.5893,4.5973,3.9821,0.0000,-50.4808,0.0075,0.0044,0,3
piano_felt,101,F7,0.4250,regular,felt,Felt,0.1250,1.2007,2793.8260,6007.8560,6.7092,14.4275,-39.9817,-48.4519,7,-7.1100,3.2483,3.2493,3.3401,0.0000,-38.9444,0.0266,0.0183,0,3
piano_felt,101,F7,0.4500,regular,felt,Felt,0.1250,1.1669,2793.8260,6007.8560,6.5202,14.0210,-35.6581,-45.8316,7,-3.2945,4.9487,4.9526,5.2037,0.0000,-34.1261,0.0437,0.0247,0,3
piano_felt,101,F7,0.4750,regular,felt,Felt,0.1250,1.1358,2793.8260,6007.8560,6.3463,13.6470,-33.2361,-46.7643,7,-1.3537,8.3079,8.3074,8.8032,0.0000,-31.2351,0.0577,0.0222,0,3
piano_felt,101,F7,0.5000,regular,felt,Felt,0.1250,1.1070,2793.8260,6007.8560,6.1856,13.3015,-31.7996,-51.7258,7,-0.3744,14.7090,14.7068,15.8622,0.0000,-29.3526,0.0681,0.0125,0,3
piano_felt,101,F7,0.5250,regular,felt,Felt,0.1250,1.0803,2793.8260,6007.8560,6.0365,12.9809,-31.0040,-74.9540,7,-0.0143,34.3562,34.3835,29.2931,0.0000,-28.1339,0.0747,0.0014,1,3
piano_felt,101,F7,0.5500,regular,felt,Felt,0.1250,1.0555,2793.8260,6007.8560,5.8977,12.6825,-30.6866,-50.4794,5,-0.1126,14.5651,14.5666,13.6693,0.0000,-27.4123,0.0775,0.0145,0,3
piano_felt,101,F7,0.5750,regular,felt,Felt,0.1250,1.0323,2793.8260,6007.8560,5.7681,12.4037,-30.7658,-45.5633,5,-0.5896,9.5708,9.5725,9.1362,0.0000,-27.1051,0.0767,0.0255,0,3
piano_felt,101,F7,0.6000,regular,felt,Felt,0.1250,1.0106,2793.8260,6007.8560,5.6466,12.1426,-31.2078,-43.5329,5,-1.4130,7.0995,7.1003,6.8571,0.0000,-27.1777,0.0729,0.0322,0,3
piano_felt,101,F7,0.6250,regular,felt,Felt,0.1250,0.9901,2793.8260,6007.8560,5.5326,11.8972,-32.0167,-43.0699,5,-2.5882,5.8319,5.8286,5.7150,0.0000,-27.6312,0.0665,0.0340,0,3
piano_felt,101,F7,0.6500,regular,felt,Felt,0.1250,0.9709,2793.8260,6007.8560,5.4251,11.6662,-33.2390,-43.8663,5,-4.1629,5.4036,5.4026,5.3994,0.0000,-28.5137,0.0577,0.0310,0,3
piano_felt,101,F7,0.6750,regular,felt,Felt,0.1250,0.9528,2793.8260,6007.8560,5.3237,11.4481,-34.9888,-46.0623,5,-6.2523,5.8529,5.8490,6.0206,0.0000,-29.9351,0.0472,0.0241,0,3
piano_felt,101,F7,0.7000,regular,felt,Felt,0.1250,0.9356,2793.8260,6007.8560,5.2278,11.2418,-37.5227,-50.5822,5,-9.1138,7.8340,7.8360,8.4594,0.0000,-32.1573,0.0352,0.0143,0,3
piano_felt,101,F7,0.7250,regular,felt,Felt,0.1250,0.9193,2793.8260,6007.8560,5.1368,11.0463,-41.5123,-64.4321,5,-13.4201,17.7064,17.7093,26.9401,0.0000,-35.8388,0.0223,0.0029,1,3
piano_felt,101,F7,0.7500,regular,felt,Felt,0.1250,0.9039,2793.8260,6007.8560,5.0505,10.8606,-49.8061,-54.6238,5,-22.0201,-0.4252,-0.4210,-5.0819,-6.9974,-43.8392,0.0086,0.0090,0,3
piano_felt,101,F7,0.7750,regular,felt,Felt,0.1250,0.8892,2793.8260,6007.8560,4.9684,10.6840,-53.5706,-47.5170,5,-26.0812,-11.2741,-11.2694,-8.7604,-11.2741,-47.3125,0.0056,0.0204,0,3
piano_felt,101,F7,0.8000,regular,felt,Felt,0.1250,0.8752,2793.8260,6007.8560,4.8901,10.5158,-42.5050,-44.0254,5,-15.3032,-3.7049,-3.7032,-3.0830,-3.7049,-35.9742,0.0199,0.0304,0,3
piano_felt,101,F7,0.8250,regular,felt,Felt,0.1250,0.8618,2793.8260,6007.8560,4.8155,10.3552,-37.8008,-41.9535,5,-10.8781,-1.0729,-1.0719,-0.7056,-1.0729,-31.0031,0.0341,0.0386,0,3
piano_felt,101,F7,0.8500,regular,felt,Felt,0.1250,0.8490,2793.8260,6007.8560,4.7441,10.2018,-34.8036,-40.7070,5,-8.1521,0.6777,0.6783,0.9784,0.0000,-27.7453,0.0482,0.0446,0,3
piano_felt,101,F7,0.8750,regular,felt,Felt,0.1250,0.8368,2793.8260,6007.8560,4.6759,10.0550,-32.6293,-40.0414,5,-6.2415,2.1889,2.1868,2.4827,0.0000,-25.3190,0.0620,0.0481,0,3
piano_felt,101,F7,0.9000,regular,felt,Felt,0.1250,0.8251,2793.8260,6007.8560,4.6105,9.9144,-30.9467,-39.8406,5,-4.8155,3.6669,3.6685,3.9786,0.0000,-23.3931,0.0752,0.0493,0,3
piano_felt,101,F7,0.9250,regular,felt,Felt,0.1250,0.8139,2793.8260,6007.8560,4.5477,9.7795,-29.5943,-40.0533,5,-3.7130,5.2328,5.2336,5.5826,0.0000,-21.8033,0.0878,0.0481,0,3
piano_felt,101,F7,0.9500,regular,felt,Felt,0.1250,0.8031,2793.8260,6007.8560,4.4875,9.6499,-28.4807,-40.6725,5,-2.8429,6.9661,6.9665,7.3723,0.0000,-20.4577,0.0999,0.0448,0,3
piano_felt,101,F7,0.9750,regular,felt,Felt,0.1250,0.7927,2793.8260,6007.8560,4.4296,9.5254,-27.5490,-41.7363,5,-2.1488,8.9615,8.9621,9.4580,0.0000,-19.3002,0.1112,0.0396,0,3
piano_felt,101,F7,1.0000,regular,felt,Felt,0.1250,0.7828,2793.8260,6007.8560,4.3739,9.4056,-26.7610,-43.3485,5,-1.5927,11.3614,11.3625,11.9909,0.0000,-18.2920,0.1217,0.0329,0,3
piano_felt,101,F7,0.2780,corpus,felt,Felt,0.1250,1.4846,2793.8260,6007.8560,8.2955,17.8387,-37.5980,-50.3090,9,-0.9714,7.4965,7.4960,7.8539,0.0000,-40.2526,0.0349,0.0147,0,3
piano_felt,101,F7,0.3030,corpus,felt,Felt,0.1250,1.4220,2793.8260,6007.8560,7.9459,17.0869,-35.8985,-66.5971,7,-0.0314,25.4836,25.4956,32.6755,0.0000,-37.8054,0.0425,0.0023,1,3
piano_felt,101,F7,0.3130,corpus,felt,Felt,0.1250,1.3991,2793.8260,6007.8560,7.8180,16.8118,-35.9405,-59.7044,7,-0.3601,18.5454,18.5396,16.5382,0.0000,-37.5644,0.0423,0.0050,0,3
piano_felt,101,F7,0.3280,corpus,felt,Felt,0.1250,1.3668,2793.8260,6007.8560,7.6371,16.4229,-36.6619,-50.6618,7,-1.4950,8.7822,8.7795,8.1029,0.0000,-37.8791,0.0389,0.0142,0,3
piano_felt,101,F7,0.3380,corpus,felt,Felt,0.1250,1.3464,2793.8260,6007.8560,7.5233,16.1781,-37.6055,-48.6682,7,-2.7040,5.8457,5.8427,5.3923,0.0000,-38.5627,0.0349,0.0178,0,3
piano_felt,101,F7,0.3630,corpus,felt,Felt,0.1250,1.2992,2793.8260,6007.8560,7.2596,15.6111,-42.3040,-49.4348,7,-8.0339,1.9137,1.9106,1.6835,0.0000,-42.6391,0.0203,0.0163,0,3
piano_felt,101,F7,0.4020,corpus,felt,Felt,0.1250,1.2346,2793.8260,6007.8560,6.8985,14.8345,-49.3477,-58.6104,7,-15.9820,4.0517,4.0407,3.6426,0.0000,-48.7921,0.0090,0.0057,0,3
piano_felt,101,F7,0.4270,corpus,felt,Felt,0.1250,1.1979,2793.8260,6007.8560,6.6935,14.3937,-39.5165,-48.0636,7,-6.6865,3.3241,3.3262,3.4262,0.0000,-38.4421,0.0280,0.0191,0,3
piano_felt,101,F7,0.4370,corpus,felt,Felt,0.1250,1.1841,2793.8260,6007.8560,6.6164,14.2280,-37.5573,-46.6523,7,-4.9330,3.8790,3.8741,4.0500,0.0000,-36.2793,0.0351,0.0225,0,3
piano_felt,101,F7,0.4520,corpus,felt,Felt,0.1250,1.1643,2793.8260,6007.8560,6.5057,13.9900,-35.4134,-45.7892,7,-3.0892,5.1551,5.1549,5.4258,0.0000,-33.8426,0.0450,0.0248,0,3
piano_felt,101,F7,0.4620,corpus,felt,Felt,0.1250,1.1516,2793.8260,6007.8560,6.4349,13.8377,-34.3372,-45.8824,7,-2.2077,6.3211,6.3243,6.6712,0.0000,-32.5779,0.0509,0.0246,0,3
piano_felt,101,F7,0.4870,corpus,felt,Felt,0.1250,1.1217,2793.8260,6007.8560,6.2676,13.4779,-32.4511,-48.4600,7,-0.7910,10.7918,10.7884,11.4847,0.0000,-30.2323,0.0632,0.0183,0,3
piano_felt,102,F#7,0.0500,regular,felt,Felt,0.1250,3.4366,2959.9550,6414.4700,20.3441,44.0874,-53.6525,-65.8502,21,-1.3360,7.0951,7.0605,7.3745,0.0000,-71.2133,0.0055,0.0024,0,3
piano_felt,102,F#7,0.0750,regular,felt,Felt,0.1250,2.8059,2959.9550,6414.4700,16.6109,35.9972,-53.6082,-62.2441,17,-4.8240,3.4513,3.4701,4.3666,0.0000,-67.6600,0.0055,0.0037,0,3
piano_felt,102,F#7,0.1000,regular,felt,Felt,0.1250,2.4300,2959.9550,6414.4700,14.3855,31.1745,-47.9750,-71.0942,15,-1.7001,17.9394,17.9493,24.5156,0.0000,-59.5185,0.0106,0.0013,1,3
piano_felt,102,F#7,0.1250,regular,felt,Felt,0.1250,2.1735,2959.9550,6414.4700,12.8667,27.8833,-57.9736,-57.9493,13,-13.6475,-5.1914,-5.2097,-2.8703,-5.1914,-67.5609,0.0034,0.0061,0,3
piano_felt,102,F#7,0.1500,regular,felt,Felt,0.1250,1.9841,2959.9550,6414.4700,11.7457,25.4539,-43.4443,-59.9045,11,-0.7124,11.2627,11.2640,12.3439,0.0000,-51.4649,0.0178,0.0049,0,3
piano_felt,102,F#7,0.1750,regular,felt,Felt,0.1250,1.8369,2959.9550,6414.4700,10.8744,23.5657,-55.5356,-57.0762,11,-14.1532,-3.6580,-3.6543,-0.9339,-3.6580,-62.2112,0.0044,0.0067,0,3
piano_felt,102,F#7,0.2000,regular,felt,Felt,0.1250,1.7183,2959.9550,6414.4700,10.1721,22.0437,-40.5332,-53.7340,11,-0.3212,7.9920,7.9943,8.0465,0.0000,-46.0484,0.0249,0.0099,0,3
piano_felt,102,F#7,0.2250,regular,felt,Felt,0.1250,1.6200,2959.9550,6414.4700,9.5903,20.7830,-41.1168,-62.2052,9,-1.9385,15.8628,15.8717,13.5310,0.0000,-45.6130,0.0233,0.0037,0,3
piano_felt,102,F#7,0.2500,regular,felt,Felt,0.1250,1.5369,2959.9550,6414.4700,9.0982,19.7165,-54.5257,-52.6623,9,-16.2731,-7.0707,-7.0803,-9.3279,-7.0707,-58.0966,0.0050,0.0112,0,3
piano_felt,102,F#7,0.2750,regular,felt,Felt,0.1250,1.4654,2959.9550,6414.4700,8.6748,18.7989,-43.6288,-61.0961,9,-6.2147,12.2477,12.2496,10.8260,0.0000,-46.3774,0.0175,0.0043,0,3
piano_felt,102,F#7,0.3000,regular,felt,Felt,0.1250,1.4030,2959.9550,6414.4700,8.3054,17.9986,-37.6883,-50.1827,9,-1.0407,7.2779,7.2806,7.4556,0.0000,-39.6811,0.0346,0.0150,0,3
piano_felt,102,F#7,0.3250,regular,felt,Felt,0.1250,1.3479,2959.9550,6414.4700,7.9796,17.2925,-35.9462,-56.5482,7,-0.0045,15.3840,15.3905,16.8652,0.0000,-37.2437,0.0423,0.0072,0,3
piano_felt,102,F#7,0.3500,regular,felt,Felt,0.1250,1.2989,2959.9550,6414.4700,7.6894,16.6635,-36.3654,-54.7847,7,-1.0780,13.2001,13.1991,11.9954,0.0000,-37.0190,0.0403,0.0088,0,3
piano_felt,102,F#7,0.3750,regular,felt,Felt,0.1250,1.2549,2959.9550,6414.4700,7.4286,16.0984,-38.7801,-48.3420,7,-4.1026,4.3397,4.3433,3.8703,0.0000,-38.8362,0.0305,0.0185,0,3
piano_felt,102,F#7,0.4000,regular,felt,Felt,0.1250,1.2150,2959.9550,6414.4700,7.1927,15.5872,-44.6180,-49.6449,7,-10.5117,-0.1985,-0.1924,-0.6609,-0.1985,-44.1130,0.0156,0.0159,0,3
piano_felt,102,F#7,0.4250,regular,felt,Felt,0.1250,1.1787,2959.9550,6414.4700,6.9780,15.1218,-62.7889,-61.5604,7,-29.2200,-6.4401,-6.4148,3.0077,-7.9588,-61.7662,0.0019,0.0040,1,3
piano_felt,102,F#7,0.4500,regular,felt,Felt,0.1250,1.1455,2959.9550,6414.4700,6.7814,14.6958,-42.5166,-53.3948,7,-9.4548,5.6604,5.6579,5.3272,0.0000,-40.9849,0.0198,0.0103,0,3
piano_felt,102,F#7,0.4750,regular,felt,Felt,0.1250,1.1150,2959.9550,6414.4700,6.6005,14.3038,-37.2064,-47.2048,7,-4.6250,4.7786,4.7787,4.8506,0.0000,-35.2060,0.0366,0.0211,0,3
piano_felt,102,F#7,0.5000,regular,felt,Felt,0.1250,1.0867,2959.9550,6414.4700,6.4334,13.9417,-34.3155,-45.7643,7,-2.1904,6.2309,6.2292,6.4897,0.0000,-31.8692,0.0510,0.0249,0,3
piano_felt,102,F#7,0.5250,regular,felt,Felt,0.1250,1.0605,2959.9550,6414.4700,6.2783,13.6057,-32.5486,-47.0870,7,-0.8580,9.3174,9.3191,9.8252,0.0000,-29.6792,0.0625,0.0214,0,3
piano_felt,102,F#7,0.5500,regular,felt,Felt,0.1250,1.0362,2959.9550,6414.4700,6.1340,13.2928,-31.4695,-51.9487,7,-0.1938,15.2568,15.2613,16.4310,0.0000,-28.1945,0.0708,0.0122,0,3
piano_felt,102,F#7,0.5750,regular,felt,Felt,0.1250,1.0134,2959.9550,6414.4700,5.9992,13.0007,-30.8788,-104.1730,5,-0.0000,36.4507,36.4343,33.1329,0.0000,-27.2178,0.0758,0.0011,1,3
piano_felt,102,F#7,0.6000,regular,felt,Felt,0.1250,0.9920,2959.9550,6414.4700,5.8728,12.7269,-30.6728,-51.7554,5,-0.1744,15.8626,15.8574,14.7955,0.0000,-26.6431,0.0776,0.0125,0,3
piano_felt,102,F#7,0.6250,regular,felt,Felt,0.1250,0.9720,2959.9550,6414.4700,5.7542,12.4698,-30.7972,-46.3955,5,-0.6643,10.3762,10.3745,9.8526,0.0000,-26.4114,0.0765,0.0232,0,3
piano_felt,102,F#7,0.6500,regular,felt,Felt,0.1250,0.9531,2959.9550,6414.4700,5.6424,12.2276,-31.2302,-44.0030,5,-1.4487,7.5507,7.5494,7.2385,0.0000,-26.5051,0.0728,0.0305,0,3
piano_felt,102,F#7,0.6750,regular,felt,Felt,0.1250,0.9353,2959.9550,6414.4700,5.5370,11.9991,-31.9770,-43.1054,5,-2.5342,5.9056,5.9051,5.7163,0.0000,-26.9249,0.0668,0.0338,0,3
piano_felt,102,F#7,0.7000,regular,felt,Felt,0.1250,0.9185,2959.9550,6414.4700,5.4372,11.7829,-33.0740,-43.3026,5,-3.9579,5.0074,5.0053,4.9142,0.0000,-27.7046,0.0588,0.0331,0,3
piano_felt,102,F#7,0.7250,regular,felt,Felt,0.1250,0.9025,2959.9550,6414.4700,5.3426,11.5779,-34.6051,-44.5481,5,-5.8047,4.7197,4.7198,4.7263,0.0000,-28.9310,0.0493,0.0287,0,3
piano_felt,102,F#7,0.7500,regular,felt,Felt,0.1250,0.8873,2959.9550,6414.4700,5.2528,11.3833,-36.7458,-47.1213,5,-8.2507,5.1506,5.1526,5.3292,0.0000,-30.7805,0.0385,0.0213,0,3
piano_felt,102,F#7,0.7750,regular,felt,Felt,0.1250,0.8729,2959.9550,6414.4700,5.1674,11.1982,-39.9017,-52.1724,5,-11.7024,7.0550,7.0488,7.7601,0.0000,-33.6480,0.0268,0.0119,0,3
piano_felt,102,F#7,0.8000,regular,felt,Felt,0.1250,0.8591,2959.9550,6414.4700,5.0860,11.0218,-45.3240,-70.9098,5,-17.4113,18.0860,18.0714,25.5968,0.0000,-38.7951,0.0144,0.0018,1,3
piano_felt,102,F#7,0.8250,regular,felt,Felt,0.1250,0.8460,2959.9550,6414.4700,5.0084,10.8536,-65.2539,-54.1903,5,-37.6194,-12.9004,-12.8820,-20.7826,-18.5501,-55.0626,0.0021,0.0095,1,3
piano_felt,102,F#7,0.8500,regular,felt,Felt,0.1250,0.8335,2959.9550,6414.4700,4.9342,10.6928,-47.0891,-47.7552,5,-19.7248,-4.5517,-4.5546,-3.6182,-4.5517,-40.0257,0.0117,0.0198,0,3
piano_felt,102,F#7,0.8750,regular,felt,Felt,0.1250,0.8215,2959.9550,6414.4700,4.8632,10.5389,-40.5226,-44.4082,5,-13.4211,-1.3389,-1.3374,-0.9631,-1.3389,-33.2149,0.0250,0.0291,0,3
piano_felt,102,F#7,0.9000,regular,felt,Felt,0.1250,0.8100,2959.9550,6414.4700,4.7952,10.3915,-36.8453,-42.3440,5,-9.9994,0.2731,0.2752,0.5398,0.0000,-29.2921,0.0381,0.0369,0,3
piano_felt,102,F#7,0.9250,regular,felt,Felt,0.1250,0.7990,2959.9550,6414.4700,4.7299,10.2501,-34.3065,-41.0344,5,-7.7096,1.5044,1.5041,1.7430,0.0000,-26.5155,0.0511,0.0429,0,3
piano_felt,102,F#7,0.9500,regular,felt,Felt,0.1250,0.7884,2959.9550,6414.4700,4.6673,10.1143,-32.3889,-40.2530,5,-6.0346,2.6413,2.6402,2.8865,0.0000,-24.3641,0.0637,0.0470,0,3
piano_felt,102,F#7,0.9750,regular,felt,Felt,0.1250,0.7782,2959.9550,6414.4700,4.6070,9.9838,-30.8669,-39.8871,5,-4.7493,3.7957,3.7962,4.0605,0.0000,-22.6185,0.0759,0.0490,0,3
piano_felt,102,F#7,1.0000,regular,felt,Felt,0.1250,0.7684,2959.9550,6414.4700,4.5491,9.8582,-29.6212,-39.8793,5,-3.7345,5.0326,5.0341,5.3296,0.0000,-21.1529,0.0876,0.0491,0,3
piano_felt,102,F#7,0.2780,corpus,felt,Felt,0.1250,1.4574,2959.9550,6414.4700,8.6278,18.6972,-42.4818,-57.6312,9,-5.1632,9.9440,9.9337,9.1344,0.0000,-45.1333,0.0199,0.0063,0,3
piano_felt,102,F#7,0.3030,corpus,felt,Felt,0.1250,1.3960,2959.9550,6414.4700,8.2642,17.9093,-37.3306,-50.1845,9,-0.7707,7.6371,7.6402,7.8919,0.0000,-39.2355,0.0360,0.0150,0,3
piano_felt,102,F#7,0.3130,corpus,felt,Felt,0.1250,1.3735,2959.9550,6414.4700,8.1311,17.6209,-36.4593,-51.4541,9,-0.1856,9.7833,9.7815,10.3464,0.0000,-38.0805,0.0398,0.0129,0,3
piano_felt,102,F#7,0.3280,corpus,felt,Felt,0.1250,1.3418,2959.9550,6414.4700,7.9430,17.2132,-35.8955,-59.0687,7,-0.0348,17.9542,17.9632,20.1232,0.0000,-37.1127,0.0425,0.0054,0,3
piano_felt,102,F#7,0.3380,corpus,felt,Felt,0.1250,1.3218,2959.9550,6414.4700,7.8247,16.9567,-35.9293,-72.4955,7,-0.3337,30.5968,30.5917,24.6772,0.0000,-36.8866,0.0423,0.0013,1,3
piano_felt,102,F#7,0.3630,corpus,felt,Felt,0.1250,1.2754,2959.9550,6414.4700,7.5504,16.3624,-37.3394,-50.0117,7,-2.3743,7.4574,7.4534,6.8115,0.0000,-37.6734,0.0360,0.0153,0,3
piano_felt,102,F#7,0.4020,corpus,felt,Felt,0.1250,1.2120,2959.9550,6414.4700,7.1748,15.5484,-45.3975,-50.0290,7,-11.3355,-0.5899,-0.5881,-1.1005,-0.5899,-44.8514,0.0142,0.0152,0,3
piano_felt,102,F#7,0.4270,corpus,felt,Felt,0.1250,1.1760,2959.9550,6414.4700,6.9616,15.0864,-57.9261,-64.4798,7,-24.3988,1.3647,1.3611,11.0857,-2.4730,-56.8388,0.0034,0.0029,1,3
piano_felt,102,F#7,0.4370,corpus,felt,Felt,0.1250,1.1624,2959.9550,6414.4700,6.8815,14.9128,-47.9752,-64.1958,7,-14.6533,10.9763,10.9934,8.8553,0.0000,-46.7007,0.0106,0.0030,0,3
piano_felt,102,F#7,0.4520,corpus,felt,Felt,0.1250,1.1430,2959.9550,6414.4700,6.7664,14.6632,-41.9245,-52.5490,7,-8.9022,5.4050,5.4043,5.1507,0.0000,-40.3541,0.0212,0.0114,0,3
piano_felt,102,F#7,0.4620,corpus,felt,Felt,0.1250,1.1305,2959.9550,6414.4700,6.6927,14.5037,-39.4949,-49.4786,7,-6.6669,4.7624,4.7640,4.6966,0.0000,-37.7330,0.0281,0.0162,0,3
piano_felt,102,F#7,0.4870,corpus,felt,Felt,0.1250,1.1011,2959.9550,6414.4700,6.5187,14.1265,-35.6322,-46.1304,7,-3.2727,5.2764,5.2786,5.4386,0.0000,-33.4160,0.0438,0.0239,0,3
piano_felt,103,G7,0.0500,regular,felt,Felt,0.1250,3.3736,3135.9630,6853.3540,21.1591,46.2412,-65.1356,-67.2362,21,-12.1351,-2.9731,-3.0378,-7.6740,-2.9731,-82.6743,0.0015,0.0021,1,3
piano_felt,103,G7,0.0750,regular,felt,Felt,0.1250,2.7545,3135.9630,6853.3540,17.2763,37.7558,-56.9925,-63.7286,17,-7.5236,1.5743,1.5731,0.6052,0.0000,-71.0413,0.0037,0.0031,0,3
piano_felt,103,G7,0.1000,regular,felt,Felt,0.1250,2.3855,3135.9630,6853.3540,14.9617,32.6975,-71.3880,-67.3644,15,-24.4276,-8.4355,-8.4575,-4.8364,-8.4355,-82.1581,0.0008,0.0021,1,3
piano_felt,103,G7,0.1250,regular,felt,Felt,0.1250,2.1337,3135.9630,6853.3540,13.3822,29.2455,-49.9727,-67.1246,13,-4.9603,11.9589,11.9705,14.5738,0.0000,-59.5762,0.0084,0.0021,1,3
piano_felt,103,G7,0.1500,regular,felt,Felt,0.1250,1.9478,3135.9630,6853.3540,12.2162,26.6974,-43.9299,-63.8359,13,-0.5109,14.7048,14.7062,13.0643,0.0000,-51.9462,0.0169,0.0031,0,3
piano_felt,103,G7,0.1750,regular,felt,Felt,0.1250,1.8033,3135.9630,6853.3540,11.3100,24.7170,-48.6664,-63.0346,11,-6.5961,9.1428,9.1607,6.4415,0.0000,-55.3413,0.0098,0.0034,0,3
piano_felt,103,G7,0.2000,regular,felt,Felt,0.1250,1.6868,3135.9630,6853.3540,10.5795,23.1206,-45.1449,-69.0456,11,-4.2441,18.7078,18.7136,26.0373,0.0000,-50.6626,0.0146,0.0017,1,3
piano_felt,103,G7,0.2250,regular,felt,Felt,0.1250,1.5903,3135.9630,6853.3540,9.9745,21.7983,-39.8749,-53.9620,9,-0.0070,8.8890,8.8825,9.1643,0.0000,-44.3678,0.0269,0.0097,0,3
piano_felt,103,G7,0.2500,regular,felt,Felt,0.1250,1.5087,3135.9630,6853.3540,9.4626,20.6797,-42.4942,-58.9376,9,-3.5513,11.2245,11.2301,9.4335,0.0000,-46.0729,0.0199,0.0055,0,3
piano_felt,103,G7,0.2750,regular,felt,Felt,0.1250,1.4385,3135.9630,6853.3540,9.0223,19.7173,-67.2311,-52.6575,9,-29.1258,-18.8711,-18.8784,-34.2241,-18.8711,-69.0691,0.0013,0.0112,1,3
piano_felt,103,G7,0.3000,regular,felt,Felt,0.1250,1.3773,3135.9630,6853.3540,8.6382,18.8779,-42.7198,-65.4103,9,-5.3802,17.4431,17.4698,14.8262,0.0000,-44.7150,0.0194,0.0026,1,3
piano_felt,103,G7,0.3250,regular,felt,Felt,0.1250,1.3232,3135.9630,6853.3540,8.2993,18.1373,-37.6320,-50.5200,9,-0.9974,7.6729,7.6758,7.6997,0.0000,-38.9283,0.0348,0.0144,0,3
piano_felt,103,G7,0.3500,regular,felt,Felt,0.1250,1.2751,3135.9630,6853.3540,7.9974,17.4775,-35.9811,-52.9986,7,-0.0001,11.8091,11.8062,12.5940,0.0000,-36.6330,0.0421,0.0108,0,3
piano_felt,103,G7,0.3750,regular,felt,Felt,0.1250,1.2319,3135.9630,6853.3540,7.7262,16.8849,-36.2012,-63.9734,7,-0.8293,22.5518,22.5467,19.4050,0.0000,-36.2531,0.0411,0.0031,0,3
piano_felt,103,G7,0.4000,regular,felt,Felt,0.1250,1.1928,3135.9630,6853.3540,7.4809,16.3487,-38.0808,-49.8810,7,-3.2793,6.5824,6.5829,5.8914,0.0000,-37.5754,0.0331,0.0155,0,3
piano_felt,103,G7,0.4250,regular,felt,Felt,0.1250,1.1571,3135.9630,6853.3540,7.2575,15.8606,-42.3649,-48.1881,7,-8.0999,0.6060,0.6056,0.0698,0.0000,-41.3338,0.0202,0.0188,0,3
piano_felt,103,G7,0.4500,regular,felt,Felt,0.1250,1.1245,3135.9630,6853.3540,7.0530,15.4137,-55.3557,-51.8430,7,-21.5970,-8.7376,-8.7368,-12.0412,-8.7376,-53.8330,0.0045,0.0124,0,3
piano_felt,103,G7,0.4750,regular,felt,Felt,0.1250,1.0945,3135.9630,6853.3540,6.8649,15.0026,-46.8099,-94.6760,7,-13.5308,21.5693,21.5847,20.0752,0.0000,-44.8104,0.0121,0.0010,1,3
piano_felt,103,G7,0.5000,regular,felt,Felt,0.1250,1.0668,3135.9630,6853.3540,6.6911,14.6228,-39.4483,-51.6201,7,-6.6246,6.9580,6.9530,6.6223,0.0000,-37.0002,0.0282,0.0127,0,3
piano_felt,103,G7,0.5250,regular,felt,Felt,0.1250,1.0411,3135.9630,6853.3540,6.5298,14.2704,-35.8271,-46.9426,7,-3.4371,5.8998,5.8974,5.9332,0.0000,-32.9558,0.0429,0.0217,0,3
piano_felt,103,G7,0.5500,regular,felt,Felt,0.1250,1.0172,3135.9630,6853.3540,6.3797,13.9423,-33.6223,-45.7643,7,-1.6463,6.9246,6.9240,7.1489,0.0000,-30.3477,0.0552,0.0249,0,3
piano_felt,103,G7,0.5750,regular,felt,Felt,0.1250,0.9948,3135.9630,6853.3540,6.2395,13.6358,-32.2095,-46.8469,7,-0.6296,9.4203,9.4196,9.8719,0.0000,-28.5497,0.0650,0.0220,0,3
piano_felt,103,G7,0.6000,regular,felt,Felt,0.1250,0.9739,3135.9630,6853.3540,6.1081,13.3487,-31.3261,-50.6362,7,-0.1258,14.0961,14.0933,15.0415,0.0000,-27.2952,0.0720,0.0142,0,3
piano_felt,103,G7,0.6250,regular,felt,Felt,0.1250,0.9542,3135.9630,6853.3540,5.9847,13.0790,-30.8382,-62.7602,5,-0.0025,26.7227,26.7143,32.2830,0.0000,-26.4536,0.0761,0.0035,0,3
piano_felt,103,G7,0.6500,regular,felt,Felt,0.1250,0.9357,3135.9630,6853.3540,5.8685,12.8250,-30.6718,-55.5962,5,-0.1867,19.7018,19.6989,18.0450,0.0000,-25.9456,0.0776,0.0080,0,3
piano_felt,103,G7,0.6750,regular,felt,Felt,0.1250,0.9182,3135.9630,6853.3540,5.7588,12.5853,-30.7863,-48.2850,5,-0.6391,12.2723,12.2761,11.5656,0.0000,-25.7328,0.0766,0.0186,0,3
piano_felt,103,G7,0.7000,regular,felt,Felt,0.1250,0.9016,3135.9630,6853.3540,5.6550,12.3585,-31.1646,-45.0783,5,-1.3432,8.6909,8.6917,8.2601,0.0000,-25.7960,0.0733,0.0270,0,3
piano_felt,103,G7,0.7250,regular,felt,Felt,0.1250,0.8860,3135.9630,6853.3540,5.5567,12.1435,-31.8090,-43.5374,5,-2.3024,6.5061,6.5067,6.2172,0.0000,-26.1354,0.0681,0.0322,0,3
piano_felt,103,G7,0.7500,regular,felt,Felt,0.1250,0.8711,3135.9630,6853.3540,5.4633,11.9394,-32.7438,-43.0576,5,-3.5418,5.0901,5.0920,4.8935,0.0000,-26.7765,0.0611,0.0340,0,3
piano_felt,103,G7,0.7750,regular,felt,Felt,0.1250,0.8569,3135.9630,6853.3540,5.3744,11.7453,-34.0244,-43.4460,5,-5.1172,4.1981,4.1999,4.0824,0.0000,-27.7728,0.0527,0.0325,0,3
piano_felt,103,G7,0.8000,regular,felt,Felt,0.1250,0.8434,3135.9630,6853.3540,5.2898,11.5603,-35.7598,-44.7145,5,-7.1385,3.7315,3.7329,3.6842,0.0000,-29.2325,0.0432,0.0281,0,3
piano_felt,103,G7,0.8250,regular,felt,Felt,0.1250,0.8305,3135.9630,6853.3540,5.2090,11.3838,-38.1750,-47.1124,5,-9.8309,3.7193,3.7158,3.7765,0.0000,-31.3800,0.0327,0.0213,0,3
piano_felt,103,G7,0.8500,regular,felt,Felt,0.1250,0.8182,3135.9630,6853.3540,5.1318,11.2151,-41.8139,-51.5119,5,-13.7392,4.4815,4.4768,4.8337,0.0000,-34.7588,0.0215,0.0128,0,3
piano_felt,103,G7,0.8750,regular,felt,Felt,0.1250,0.8064,3135.9630,6853.3540,5.0580,11.0538,-48.6352,-63.1468,5,-20.8224,9.2977,9.2980,14.5635,0.0000,-41.3353,0.0098,0.0034,1,3
piano_felt,103,G7,0.9000,regular,felt,Felt,0.1250,0.7952,3135.9630,6853.3540,4.9872,10.8992,-61.5234,-57.4636,5,-33.9654,-8.5194,-8.5392,-5.0384,-15.4067,-53.2030,0.0024,0.0065,1,3
piano_felt,103,G7,0.9250,regular,felt,Felt,0.1250,0.7844,3135.9630,6853.3540,4.9194,10.7509,-45.2829,-49.5540,5,-17.9730,-0.9452,-0.9496,-0.5041,-1.9670,-37.4858,0.0144,0.0161,0,3
piano_felt,103,G7,0.9500,regular,felt,Felt,0.1250,0.7740,3135.9630,6853.3540,4.8542,10.6085,-39.9484,-45.7254,5,-12.8802,0.5545,0.5553,0.7695,0.0000,-31.9218,0.0267,0.0250,0,3
piano_felt,103,G7,0.9750,regular,felt,Felt,0.1250,0.7640,3135.9630,6853.3540,4.7916,10.4716,-36.6874,-43.3602,5,-9.8550,1.4500,1.4508,1.6226,0.0000,-28.4366,0.0388,0.0329,0,3
piano_felt,103,G7,1.0000,regular,felt,Felt,0.1250,0.7544,3135.9630,6853.3540,4.7313,10.3399,-34.3545,-41.8003,5,-7.7522,2.2255,2.2235,2.3955,0.0000,-25.8844,0.0508,0.0393,0,3
piano_felt,103,G7,0.2780,corpus,felt,Felt,0.1250,1.4307,3135.9630,6853.3540,8.9735,19.6106,-65.6101,-53.4142,9,-27.6003,-17.3880,-17.3791,-10.9083,-17.3880,-68.2588,0.0014,0.0103,1,3
piano_felt,103,G7,0.3030,corpus,felt,Felt,0.1250,1.3704,3135.9630,6853.3540,8.5953,18.7842,-41.7800,-60.4911,9,-4.5279,13.5058,13.4951,12.0640,0.0000,-43.6861,0.0216,0.0046,0,3
piano_felt,103,G7,0.3130,corpus,felt,Felt,0.1250,1.3484,3135.9630,6853.3540,8.4569,18.4817,-39.4262,-53.4120,9,-2.4601,8.7736,8.7729,8.3992,0.0000,-41.0503,0.0283,0.0103,0,3
piano_felt,103,G7,0.3280,corpus,felt,Felt,0.1250,1.3172,3135.9630,6853.3540,8.2612,18.0542,-37.3064,-50.2679,9,-0.7528,7.7487,7.7493,7.8432,0.0000,-38.5228,0.0361,0.0148,0,3
piano_felt,103,G7,0.3380,corpus,felt,Felt,0.1250,1.2975,3135.9630,6853.3540,8.1381,17.7851,-36.4948,-50.4794,9,-0.2060,8.7741,8.7726,9.1066,0.0000,-37.4502,0.0397,0.0145,0,3
piano_felt,103,G7,0.3630,corpus,felt,Felt,0.1250,1.2521,3135.9630,6853.3540,7.8529,17.1617,-35.8932,-61.3485,7,-0.2340,20.2549,20.2488,23.2736,0.0000,-36.2280,0.0425,0.0041,0,3
piano_felt,103,G7,0.4020,corpus,felt,Felt,0.1250,1.1898,3135.9630,6853.3540,7.4622,16.3080,-38.3147,-49.5223,7,-3.5574,5.9883,5.9903,5.3292,0.0000,-37.7638,0.0322,0.0161,0,3
piano_felt,103,G7,0.4270,corpus,felt,Felt,0.1250,1.1544,3135.9630,6853.3540,7.2405,15.8234,-42.8866,-48.2758,7,-8.6631,0.1754,0.1715,-0.3777,0.0000,-41.8118,0.0190,0.0186,0,3
piano_felt,103,G7,0.4370,corpus,felt,Felt,0.1250,1.1411,3135.9630,6853.3540,7.1572,15.6413,-46.2570,-49.1937,7,-12.2386,-2.2804,-2.2818,-3.0565,-2.2804,-44.9853,0.0129,0.0168,0,3
piano_felt,103,G7,0.4520,corpus,felt,Felt,0.1250,1.1220,3135.9630,6853.3540,7.0374,15.3796,-58.3422,-52.4530,7,-24.6229,-11.1261,-11.1173,-16.9776,-11.1261,-56.7942,0.0032,0.0115,1,3
piano_felt,103,G7,0.4620,corpus,felt,Felt,0.1250,1.1098,3135.9630,6853.3540,6.9608,15.2122,-57.7495,-56.9525,7,-24.2242,-5.9953,-5.9956,-0.4854,-7.8674,-55.9760,0.0034,0.0069,0,3
piano_felt,103,G7,0.4870,corpus,felt,Felt,0.1250,1.0810,3135.9630,6853.3540,6.7798,14.8166,-42.4532,-57.7224,7,-9.3956,10.0389,10.0481,8.9983,0.0000,-40.2375,0.0200,0.0063,0,3
piano_felt,104,G#7,0.0500,regular,felt,Felt,0.1250,3.3118,3322.4380,7327.6040,22.0067,48.5356,-53.6848,-70.9634,23,-0.0005,12.1531,12.1584,10.2853,0.0000,-71.2609,0.0055,0.0014,1,3
piano_felt,104,G#7,0.0750,regular,felt,Felt,0.1250,2.7041,3322.4380,7327.6040,17.9684,39.6292,-50.1641,-65.4804,17,-0.0107,10.1561,10.1677,11.2538,0.0000,-64.2119,0.0082,0.0026,0,3
piano_felt,104,G#7,0.1000,regular,felt,Felt,0.1250,2.3418,3322.4380,7327.6040,15.5611,34.3199,-49.8976,-62.5604,15,-2.2519,7.4800,7.4890,6.2514,0.0000,-61.4423,0.0085,0.0036,0,3
piano_felt,104,G#7,0.1250,regular,felt,Felt,0.1250,2.0946,3322.4380,7327.6040,13.9183,30.6966,-45.7702,-66.2437,13,-0.0718,15.2686,15.2851,13.1220,0.0000,-55.3719,0.0136,0.0024,0,3
piano_felt,104,G#7,0.1500,regular,felt,Felt,0.1250,1.9121,3322.4380,7327.6040,12.7056,28.0221,-51.1163,-57.8941,13,-7.0105,1.5860,1.5919,2.5093,0.0000,-59.1288,0.0074,0.0061,0,3
piano_felt,104,G#7,0.1750,regular,felt,Felt,0.1250,1.7703,3322.4380,7327.6040,11.7631,25.9434,-43.3737,-56.5825,11,-0.6158,8.0073,8.0144,7.9441,0.0000,-50.0579,0.0180,0.0071,0,3
piano_felt,104,G#7,0.2000,regular,felt,Felt,0.1250,1.6559,3322.4380,7327.6040,11.0034,24.2678,-87.1248,-56.1788,11,-45.5358,-19.7482,-19.7195,-18.0288,-19.7482,-76.2496,0.0008,0.0075,1,3
piano_felt,104,G#7,0.2250,regular,felt,Felt,0.1250,1.5612,3322.4380,7327.6040,10.3741,22.8799,-42.1515,-68.9009,11,-1.5946,21.5543,21.5352,18.0983,0.0000,-46.6411,0.0207,0.0017,1,3
piano_felt,104,G#7,0.2500,regular,felt,Felt,0.1250,1.4811,3322.4380,7327.6040,9.8417,21.7058,-39.9040,-54.4071,9,-0.2713,9.3058,9.3004,9.6606,0.0000,-43.4785,0.0268,0.0092,0,3
piano_felt,104,G#7,0.2750,regular,felt,Felt,0.1250,1.4122,3322.4380,7327.6040,9.3837,20.6957,-43.7259,-59.3587,9,-4.9301,10.4157,10.4209,8.4609,0.0000,-46.4776,0.0173,0.0052,0,3
piano_felt,104,G#7,0.3000,regular,felt,Felt,0.1250,1.3521,3322.4380,7327.6040,8.9842,19.8146,-70.1421,-52.2310,9,-32.1112,-20.0074,-19.9927,-14.4428,-20.0074,-69.0199,0.0012,0.0118,1,3
piano_felt,104,G#7,0.3250,regular,felt,Felt,0.1250,1.2990,3322.4380,7327.6040,8.6318,19.0372,-42.5712,-75.8226,9,-5.2447,25.7217,25.6676,35.3183,0.0000,-43.8686,0.0197,0.0010,1,3
piano_felt,104,G#7,0.3500,regular,felt,Felt,0.1250,1.2518,3322.4380,7327.6040,8.3178,18.3447,-37.8040,-51.8558,9,-1.1302,8.8339,8.8409,8.5916,0.0000,-38.4585,0.0341,0.0123,0,3
piano_felt,104,G#7,0.3750,regular,felt,Felt,0.1250,1.2093,3322.4380,7327.6040,8.0357,17.7227,-36.0791,-50.7649,9,-0.0137,9.4759,9.4756,9.8266,0.0000,-36.1333,0.0416,0.0140,0,3
piano_felt,104,G#7,0.4000,regular,felt,Felt,0.1250,1.1709,3322.4380,7327.6040,7.7806,17.1599,-36.0223,-61.4413,7,-0.5266,20.2098,20.2143,23.2871,0.0000,-35.5145,0.0419,0.0041,0,3
piano_felt,104,G#7,0.4250,regular,felt,Felt,0.1250,1.1359,3322.4380,7327.6040,7.5482,16.6476,-37.3596,-54.4074,7,-2.3996,11.8310,11.8310,10.5748,0.0000,-36.3255,0.0359,0.0092,0,3
piano_felt,104,G#7,0.4500,regular,felt,Felt,0.1250,1.1039,3322.4380,7327.6040,7.3356,16.1785,-40.4222,-48.6705,7,-5.9678,3.0334,3.0326,2.3477,0.0000,-38.8940,0.0252,0.0178,0,3
piano_felt,104,G#7,0.4750,regular,felt,Felt,0.1250,1.0745,3322.4380,7327.6040,7.1399,15.7470,-47.2053,-48.5574,7,-13.2296,-3.8608,-3.8652,-4.9614,-3.8608,-45.2070,0.0116,0.0180,0,3
piano_felt,104,G#7,0.5000,regular,felt,Felt,0.1250,1.0473,3322.4380,7327.6040,6.9591,15.3483,-57.3785,-53.0814,7,-23.8575,-9.4939,-9.4963,-4.9915,-9.4939,-54.9187,0.0036,0.0107,0,3
piano_felt,104,G#7,0.5250,regular,felt,Felt,0.1250,1.0221,3322.4380,7327.6040,6.7914,14.9784,-42.9363,-76.3781,7,-9.8483,23.7311,23.7503,19.4049,0.0000,-40.0676,0.0189,0.0012,1,3
piano_felt,104,G#7,0.5500,regular,felt,Felt,0.1250,0.9986,3322.4380,7327.6040,6.6353,14.6340,-37.9937,-51.8667,7,-5.3188,8.6627,8.6557,8.2183,0.0000,-34.7178,0.0334,0.0123,0,3
piano_felt,104,G#7,0.5750,regular,felt,Felt,0.1250,0.9766,3322.4380,7327.6040,6.4894,14.3124,-35.1480,-47.2765,7,-2.8685,6.9120,6.9120,6.8648,0.0000,-31.4875,0.0463,0.0209,0,3
piano_felt,104,G#7,0.6000,regular,felt,Felt,0.1250,0.9560,3322.4380,7327.6040,6.3528,14.0110,-33.3088,-45.8157,7,-1.4082,7.2890,7.2906,7.4369,0.0000,-29.2799,0.0573,0.0247,0,3
piano_felt,104,G#7,0.6250,regular,felt,Felt,0.1250,0.9367,3322.4380,7327.6040,6.2244,13.7279,-32.0883,-46.2765,7,-0.5514,8.9725,8.9721,9.3159,0.0000,-27.7034,0.0659,0.0235,0,3
piano_felt,104,G#7,0.6500,regular,felt,Felt,0.1250,0.9185,3322.4380,7327.6040,6.1036,13.4614,-31.3025,-48.6863,7,-0.1155,12.1673,12.1683,12.8263,0.0000,-26.5758,0.0722,0.0178,0,3
piano_felt,104,G#7,0.6750,regular,felt,Felt,0.1250,0.9014,3322.4380,7327.6040,5.9895,13.2097,-30.8512,-54.5881,5,-0.0012,18.5218,18.5236,20.1966,0.0000,-25.7977,0.0760,0.0090,0,3
piano_felt,104,G#7,0.7000,regular,felt,Felt,0.1250,0.8851,3322.4380,7327.6040,5.8815,12.9717,-30.6761,-71.5104,5,-0.1512,33.8725,33.8903,28.2559,0.0000,-25.3075,0.0775,0.0016,1,3
piano_felt,104,G#7,0.7250,regular,felt,Felt,0.1250,0.8697,3322.4380,7327.6040,5.7793,12.7461,-30.7438,-52.3766,5,-0.5330,16.4103,16.4107,15.2197,0.0000,-25.0713,0.0769,0.0116,0,3
piano_felt,104,G#7,0.7500,regular,felt,Felt,0.1250,0.8551,3322.4380,7327.6040,5.6821,12.5318,-31.0382,-47.3324,5,-1.1311,11.0762,11.0736,10.4305,0.0000,-25.0697,0.0744,0.0208,0,3
piano_felt,104,G#7,0.7750,regular,felt,Felt,0.1250,0.8412,3322.4380,7327.6040,5.5897,12.3281,-31.5576,-44.7867,5,-1.9445,8.0098,8.0090,7.5771,0.0000,-25.3046,0.0701,0.0279,0,3
piano_felt,104,G#7,0.8000,regular,felt,Felt,0.1250,0.8280,3322.4380,7327.6040,5.5017,12.1339,-32.3154,-43.4944,5,-2.9874,5.9599,5.9590,5.6482,0.0000,-25.7861,0.0642,0.0323,0,3
piano_felt,104,G#7,0.8250,regular,felt,Felt,0.1250,0.8153,3322.4380,7327.6040,5.4177,11.9486,-33.3445,-43.0600,5,-4.2930,4.4950,4.4955,4.2559,0.0000,-26.5489,0.0570,0.0340,0,3
piano_felt,104,G#7,0.8500,regular,felt,Felt,0.1250,0.8032,3322.4380,7327.6040,5.3374,11.7716,-34.7077,-43.3419,5,-5.9248,3.4112,3.4141,3.2249,0.0000,-27.6539,0.0487,0.0329,0,3
piano_felt,104,G#7,0.8750,regular,felt,Felt,0.1250,0.7917,3322.4380,7327.6040,5.2606,11.6022,-36.5234,-44.3357,5,-8.0016,2.5937,2.5921,2.4412,0.0000,-29.2169,0.0396,0.0293,0,3
piano_felt,104,G#7,0.9000,regular,felt,Felt,0.1250,0.7806,3322.4380,7327.6040,5.1870,11.4400,-39.0322,-46.1825,5,-10.7644,1.9294,1.9300,1.7948,0.0000,-31.4834,0.0296,0.0237,0,3
piano_felt,104,G#7,0.9250,regular,felt,Felt,0.1250,0.7700,3322.4380,7327.6040,5.1165,11.2843,-42.8230,-49.3231,5,-14.8025,1.2832,1.2795,1.1026,0.0000,-35.0338,0.0192,0.0165,0,3
piano_felt,104,G#7,0.9500,regular,felt,Felt,0.1250,0.7598,3322.4380,7327.6040,5.0487,11.1348,-50.1167,-55.3435,5,-22.3372,0.0105,0.0046,-0.7260,0.0000,-42.0954,0.0083,0.0083,0,3
piano_felt,104,G#7,0.9750,regular,felt,Felt,0.1250,0.7500,3322.4380,7327.6040,4.9835,10.9912,-59.2963,-78.7138,5,-31.7517,5.5241,5.4940,6.4636,-6.7135,-51.0020,0.0029,0.0015,1,3
piano_felt,104,G#7,1.0000,regular,felt,Felt,0.1250,0.7405,3322.4380,7327.6040,4.9209,10.8529,-45.4468,-54.1503,5,-18.1315,3.4912,3.4825,3.2771,0.0000,-36.9726,0.0142,0.0095,0,3
piano_felt,104,G#7,0.2780,corpus,felt,Felt,0.1250,1.4045,3322.4380,7327.6040,9.3329,20.5837,-44.7305,-56.8378,9,-6.0301,6.8938,6.8964,5.2376,0.0000,-47.3856,0.0154,0.0069,0,3
piano_felt,104,G#7,0.3030,corpus,felt,Felt,0.1250,1.3453,3322.4380,7327.6040,8.9396,19.7163,-58.4167,-52.6635,9,-20.4733,-10.9591,-10.9487,-7.4892,-10.9591,-60.3226,0.0032,0.0112,0,3
piano_felt,104,G#7,0.3130,corpus,felt,Felt,0.1250,1.3237,3322.4380,7327.6040,8.7957,19.3987,-47.6779,-56.1272,9,-10.0202,3.2409,3.2473,5.3498,0.0000,-49.3008,0.0109,0.0075,0,3
piano_felt,104,G#7,0.3280,corpus,felt,Felt,0.1250,1.2931,3322.4380,7327.6040,8.5922,18.9500,-41.7164,-73.1836,9,-4.4707,25.7648,25.6976,20.3113,0.0000,-42.9333,0.0217,0.0011,1,3
piano_felt,104,G#7,0.3380,corpus,felt,Felt,0.1250,1.2738,3322.4380,7327.6040,8.4641,18.6675,-39.5287,-56.8600,9,-2.5475,12.1223,12.1190,11.2378,0.0000,-40.4847,0.0280,0.0069,0,3
piano_felt,104,G#7,0.3630,corpus,felt,Felt,0.1250,1.2291,3322.4380,7327.6040,8.1675,18.0133,-36.6563,-50.1988,9,-0.3040,8.3267,8.3320,8.4016,0.0000,-36.9939,0.0389,0.0149,0,3
piano_felt,104,G#7,0.4020,corpus,felt,Felt,0.1250,1.1680,3322.4380,7327.6040,7.7612,17.1172,-36.0778,-64.0561,7,-0.6261,22.7859,22.7763,27.3553,0.0000,-35.5294,0.0416,0.0030,0,3
piano_felt,104,G#7,0.4270,corpus,felt,Felt,0.1250,1.1333,3322.4380,7327.6040,7.5305,16.6085,-37.5314,-53.5602,7,-2.6129,10.8040,10.8123,9.6648,0.0000,-36.4581,0.0352,0.0101,0,3
piano_felt,104,G#7,0.4370,corpus,felt,Felt,0.1250,1.1202,3322.4380,7327.6040,7.4439,16.4174,-38.5615,-50.5985,7,-3.8477,6.8202,6.8212,5.9861,0.0000,-37.2878,0.0313,0.0143,0,3
piano_felt,104,G#7,0.4520,corpus,felt,Felt,0.1250,1.1015,3322.4380,7327.6040,7.3193,16.1427,-40.7753,-48.5058,7,-6.3601,2.5095,2.5147,1.8307,0.0000,-39.2102,0.0242,0.0181,0,3
piano_felt,104,G#7,0.4620,corpus,felt,Felt,0.1250,1.0895,3322.4380,7327.6040,7.2397,15.9670,-42.9125,-48.1065,7,-8.6910,-0.0183,-0.0220,-0.7284,-0.0183,-41.1550,0.0190,0.0190,0,3
piano_felt,104,G#7,0.4870,corpus,felt,Felt,0.1250,1.0612,3322.4380,7327.6040,7.0514,15.5518,-55.6204,-49.9932,7,-21.8658,-10.8530,-10.8505,-14.6551,-10.8530,-53.4199,0.0044,0.0153,0,3
piano_felt,105,A7,0.0500,regular,felt,Felt,0.1250,3.2512,3520.0000,7840.6270,22.8883,50.9826,-69.5304,-99.5618,23,-15.1625,9.0624,9.3334,9.3596,0.0000,-87.1309,0.0009,0.0003,1,3
piano_felt,105,A7,0.0750,regular,felt,Felt,0.1250,2.6546,3520.0000,7840.6270,18.6882,41.6271,-57.3888,-66.3539,19,-6.5510,3.8188,3.8309,6.3388,0.0000,-71.4454,0.0036,0.0023,0,3
piano_felt,105,A7,0.1000,regular,felt,Felt,0.1250,2.2989,3520.0000,7840.6270,16.1845,36.0501,-48.7007,-62.2966,17,-0.3699,8.4453,8.4340,8.5805,0.0000,-60.2377,0.0097,0.0037,0,3
piano_felt,105,A7,0.1250,regular,felt,Felt,0.1250,2.0562,3520.0000,7840.6270,14.4758,32.2442,-49.0771,-60.9852,15,-2.6929,6.7392,6.7336,6.7597,0.0000,-58.6735,0.0093,0.0043,0,3
piano_felt,105,A7,0.1500,regular,felt,Felt,0.1250,1.8771,3520.0000,7840.6270,13.2146,29.4348,-54.4033,-62.7420,13,-9.6111,3.1425,3.1557,3.0980,0.0000,-62.4296,0.0050,0.0035,0,3
piano_felt,105,A7,0.1750,regular,felt,Felt,0.1250,1.7378,3520.0000,7840.6270,12.2343,27.2513,-44.0471,-65.7028,13,-0.6021,16.4590,16.4750,19.6852,0.0000,-50.7214,0.0166,0.0025,0,3
piano_felt,105,A7,0.2000,regular,felt,Felt,0.1250,1.6256,3520.0000,7840.6270,11.4442,25.4913,-46.1201,-59.3729,11,-3.8433,8.0588,8.0611,8.6041,0.0000,-51.6340,0.0131,0.0052,0,3
piano_felt,105,A7,0.2250,regular,felt,Felt,0.1250,1.5326,3520.0000,7840.6270,10.7897,24.0334,-51.0230,-55.2296,11,-9.7776,-0.9919,-0.9865,0.1228,-0.9919,-55.5249,0.0074,0.0083,0,3
piano_felt,105,A7,0.2500,regular,felt,Felt,0.1250,1.4540,3520.0000,7840.6270,10.2360,22.8001,-40.9327,-64.5058,11,-0.6108,18.3437,18.3662,16.1150,0.0000,-44.5097,0.0238,0.0029,0,3
piano_felt,105,A7,0.2750,regular,felt,Felt,0.1250,1.3863,3520.0000,7840.6270,9.7596,21.7391,-40.1202,-54.2223,9,-0.6345,8.9021,8.9012,9.1576,0.0000,-42.8672,0.0261,0.0094,0,3
piano_felt,105,A7,0.3000,regular,felt,Felt,0.1250,1.3273,3520.0000,7840.6270,9.3441,20.8136,-44.4921,-63.5051,9,-5.7707,13.7836,13.7998,10.7935,0.0000,-46.4899,0.0158,0.0032,0,3
piano_felt,105,A7,0.3250,regular,felt,Felt,0.1250,1.2752,3520.0000,7840.6270,8.9775,19.9970,-67.0677,-52.0170,9,-29.0499,-19.3697,-19.3743,-13.5607,-19.3697,-67.4835,0.0013,0.0121,1,3
piano_felt,105,A7,0.3500,regular,felt,Felt,0.1250,1.2288,3520.0000,7840.6270,8.6510,19.2696,-43.0257,-59.0955,9,-5.6599,10.8582,10.8699,13.2552,0.0000,-43.6772,0.0187,0.0054,0,3
piano_felt,105,A7,0.3750,regular,felt,Felt,0.1250,1.1872,3520.0000,7840.6270,8.3576,18.6162,-38.2074,-55.6990,9,-1.4494,12.2709,12.2815,11.4845,0.0000,-38.2630,0.0326,0.0079,0,3
piano_felt,105,A7,0.4000,regular,felt,Felt,0.1250,1.1495,3520.0000,7840.6270,8.0922,18.0251,-36.2806,-50.2150,9,-0.0915,8.7334,8.7259,8.7613,0.0000,-35.7733,0.0407,0.0149,0,3
piano_felt,105,A7,0.4250,regular,felt,Felt,0.1250,1.1151,3520.0000,7840.6270,7.8506,17.4869,-35.8954,-52.8730,7,-0.2413,11.7736,11.7699,12.4502,0.0000,-34.8624,0.0425,0.0110,0,3
piano_felt,105,A7,0.4500,regular,felt,Felt,0.1250,1.0837,3520.0000,7840.6270,7.6294,16.9942,-36.7121,-89.9916,7,-1.5629,32.5711,32.5269,28.4376,0.0000,-35.1838,0.0387,0.0009,1,3
piano_felt,105,A7,0.4750,regular,felt,Felt,0.1250,1.0548,3520.0000,7840.6270,7.4260,16.5409,-38.8196,-52.3170,7,-4.1484,8.2823,8.2831,7.2123,0.0000,-36.8201,0.0304,0.0117,0,3
piano_felt,105,A7,0.5000,regular,felt,Felt,0.1250,1.0281,3520.0000,7840.6270,7.2379,16.1221,-42.9692,-48.4242,7,-8.7521,0.2386,0.2407,-0.6373,0.0000,-40.5282,0.0188,0.0183,0,3
piano_felt,105,A7,0.5250,regular,felt,Felt,0.1250,1.0033,3520.0000,7840.6270,7.0635,15.7336,-53.8231,-48.6219,7,-20.0382,-10.4301,-10.4210,-13.4854,-10.4301,-50.9650,0.0054,0.0179,0,3
piano_felt,105,A7,0.5500,regular,felt,Felt,0.1250,0.9803,3520.0000,7840.6270,6.9011,15.3718,-49.5799,-52.6024,7,-16.2075,-2.1873,-2.1825,0.3761,-2.1873,-46.3031,0.0088,0.0113,0,3
piano_felt,105,A7,0.5750,regular,felt,Felt,0.1250,0.9587,3520.0000,7840.6270,6.7494,15.0339,-41.3012,-72.5096,7,-8.3234,24.5596,24.5411,37.4590,0.0000,-37.6403,0.0228,0.0014,1,3
piano_felt,105,A7,0.6000,regular,felt,Felt,0.1250,0.9385,3520.0000,7840.6270,6.6073,14.7174,-37.3538,-54.0146,7,-4.7542,11.4439,11.4446,10.6628,0.0000,-33.3206,0.0360,0.0096,0,3
piano_felt,105,A7,0.6250,regular,felt,Felt,0.1250,0.9196,3520.0000,7840.6270,6.4738,14.4201,-34.9037,-48.3632,7,-2.6671,8.2432,8.2447,8.0573,0.0000,-30.5193,0.0477,0.0185,0,3
piano_felt,105,A7,0.6500,regular,felt,Felt,0.1250,0.9017,3520.0000,7840.6270,6.3481,14.1400,-33.2561,-46.1863,7,-1.3687,7.7150,7.7157,7.7513,0.0000,-28.5318,0.0576,0.0237,0,3
piano_felt,105,A7,0.6750,regular,felt,Felt,0.1250,0.8849,3520.0000,7840.6270,6.2294,13.8757,-32.1277,-45.8116,7,-0.5766,8.4692,8.4695,8.6731,0.0000,-27.0732,0.0656,0.0248,0,3
piano_felt,105,A7,0.7000,regular,felt,Felt,0.1250,0.8689,3520.0000,7840.6270,6.1172,13.6257,-31.3746,-46.9243,7,-0.1479,10.3350,10.3356,10.7544,0.0000,-26.0058,0.0716,0.0218,0,3
piano_felt,105,A7,0.7250,regular,felt,Felt,0.1250,0.8538,3520.0000,7840.6270,6.0108,13.3887,-30.9146,-49.8530,7,-0.0012,13.7174,13.7250,14.5137,0.0000,-25.2412,0.0754,0.0156,0,3
piano_felt,105,A7,0.7500,regular,felt,Felt,0.1250,0.8395,3520.0000,7840.6270,5.9097,13.1637,-30.6980,-56.6199,5,-0.0876,20.7074,20.7117,22.8991,0.0000,-24.7296,0.0774,0.0071,0,3
piano_felt,105,A7,0.7750,regular,felt,Felt,0.1250,0.8258,3520.0000,7840.6270,5.8136,12.9496,-30.6947,-66.4753,5,-0.3776,30.5003,30.5456,25.6701,0.0000,-24.4414,0.0774,0.0023,1,3
piano_felt,105,A7,0.8000,regular,felt,Felt,0.1250,0.8128,3520.0000,7840.6270,5.7221,12.7457,-30.8881,-52.3621,5,-0.8554,16.2457,16.2539,15.0354,0.0000,-24.3586,0.0757,0.0117,0,3
piano_felt,105,A7,0.8250,regular,felt,Felt,0.1250,0.8004,3520.0000,7840.6270,5.6347,12.5510,-31.2729,-47.6578,5,-1.5160,11.1686,11.1662,10.4709,0.0000,-24.4773,0.0724,0.0200,0,3
piano_felt,105,A7,0.8500,regular,felt,Felt,0.1250,0.7885,3520.0000,7840.6270,5.5512,12.3651,-31.8538,-45.1452,5,-2.3648,8.0744,8.0731,7.5839,0.0000,-24.7973,0.0677,0.0267,0,3
piano_felt,105,A7,0.8750,regular,felt,Felt,0.1250,0.7772,3520.0000,7840.6270,5.4714,12.1872,-32.6480,-43.7584,5,-3.4193,5.8936,5.8923,5.5184,0.0000,-25.3415,0.0618,0.0314,0,3
piano_felt,105,A7,0.9000,regular,felt,Felt,0.1250,0.7663,3520.0000,7840.6270,5.3948,12.0167,-33.6890,-43.1341,5,-4.7136,4.2288,4.2269,3.9147,0.0000,-26.1364,0.0548,0.0337,0,3
piano_felt,105,A7,0.9250,regular,felt,Felt,0.1250,0.7559,3520.0000,7840.6270,5.3214,11.8532,-35.0371,-43.1244,5,-6.3082,2.8713,2.8691,2.5974,0.0000,-27.2482,0.0469,0.0337,0,3
piano_felt,105,A7,0.9500,regular,felt,Felt,0.1250,0.7459,3520.0000,7840.6270,5.2509,11.6962,-36.8009,-43.6870,5,-8.3123,1.6675,1.6677,1.4061,0.0000,-28.7816,0.0383,0.0316,0,3
piano_felt,105,A7,0.9750,regular,felt,Felt,0.1250,0.7362,3520.0000,7840.6270,5.1832,11.5453,-39.1945,-44.8652,5,-10.9401,0.4537,0.4520,0.1463,0.0000,-30.9480,0.0291,0.0276,0,3
piano_felt,105,A7,1.0000,regular,felt,Felt,0.1250,0.7270,3520.0000,7840.6270,5.1180,11.4001,-42.7168,-46.8238,5,-14.6910,-1.1132,-1.1125,-1.6090,-1.1132,-34.2529,0.0194,0.0220,0,3
piano_felt,105,A7,0.2780,corpus,felt,Felt,0.1250,1.3788,3520.0000,7840.6270,9.7068,21.6214,-40.3461,-55.0125,9,-0.9557,9.4677,9.4657,9.8710,0.0000,-43.0019,0.0255,0.0086,0,3
piano_felt,105,A7,0.3030,corpus,felt,Felt,0.1250,1.3207,3520.0000,7840.6270,9.2977,20.7103,-45.5538,-59.7667,9,-6.9198,8.9943,9.0023,6.7158,0.0000,-47.4672,0.0140,0.0050,0,3
piano_felt,105,A7,0.3130,corpus,felt,Felt,0.1250,1.2994,3520.0000,7840.6270,9.1480,20.3767,-51.0987,-53.9635,9,-12.7501,-2.3474,-2.3457,-4.5386,-2.3474,-52.7280,0.0074,0.0097,0,3
piano_felt,105,A7,0.3280,corpus,felt,Felt,0.1250,1.2694,3520.0000,7840.6270,8.9364,19.9054,-57.9581,-52.0332,9,-20.0211,-11.1146,-11.1194,-8.0463,-11.1146,-59.1557,0.0034,0.0121,0,3
piano_felt,105,A7,0.3380,corpus,felt,Felt,0.1250,1.2505,3520.0000,7840.6270,8.8032,19.6087,-48.0086,-53.4312,9,-10.3358,0.2003,0.2216,1.7918,0.0000,-48.9731,0.0105,0.0103,0,3
piano_felt,105,A7,0.3630,corpus,felt,Felt,0.1250,1.2066,3520.0000,7840.6270,8.4947,18.9214,-39.9825,-69.2471,9,-2.9379,24.0302,24.0410,19.8509,0.0000,-40.3173,0.0266,0.0017,1,3
piano_felt,105,A7,0.4020,corpus,felt,Felt,0.1250,1.1466,3520.0000,7840.6270,8.0721,17.9802,-36.2009,-50.1691,9,-0.0558,8.7618,8.7596,8.8308,0.0000,-35.6492,0.0411,0.0150,0,3
piano_felt,105,A7,0.4270,corpus,felt,Felt,0.1250,1.1125,3520.0000,7840.6270,7.8322,17.4459,-35.9178,-53.4544,7,-0.3052,12.3244,12.3290,13.1168,0.0000,-34.8441,0.0424,0.0103,0,3
piano_felt,105,A7,0.4370,corpus,felt,Felt,0.1250,1.0997,3520.0000,7840.6270,7.7421,17.2451,-36.1414,-57.9430,7,-0.7332,16.6024,16.5962,18.3466,0.0000,-34.8672,0.0413,0.0061,0,3
piano_felt,105,A7,0.4520,corpus,felt,Felt,0.1250,1.0813,3520.0000,7840.6270,7.6125,16.9566,-36.8291,-72.4700,7,-1.7191,29.6962,29.6891,23.6550,0.0000,-35.2628,0.0382,0.0013,1,3
piano_felt,105,A7,0.4620,corpus,felt,Felt,0.1250,1.0696,3520.0000,7840.6270,7.5297,16.7720,-37.5399,-58.0595,7,-2.6234,15.3052,15.3030,13.4488,0.0000,-35.7812,0.0352,0.0060,0,3
piano_felt,105,A7,0.4870,corpus,felt,Felt,0.1250,1.0417,3520.0000,7840.6270,7.3339,16.3359,-40.4578,-49.7626,7,-6.0075,4.0914,4.0908,3.2208,0.0000,-38.2456,0.0251,0.0157,0,3
piano_felt,106,A#7,0.0500,regular,felt,Felt,0.1250,3.1916,3729.3100,8396.1670,23.8052,53.5951,-55.4646,-71.0521,23,-0.4131,10.4902,10.5075,12.0412,0.0000,-73.0534,0.0044,0.0013,1,3
piano_felt,106,A#7,0.0750,regular,felt,Felt,0.1250,2.6060,3729.3100,8396.1670,19.4369,43.7602,-55.4852,-66.2700,19,-3.9631,5.6950,5.6541,5.4519,0.0000,-69.5316,0.0044,0.0023,0,3
piano_felt,106,A#7,0.1000,regular,felt,Felt,0.1250,2.2568,3729.3100,8396.1670,16.8328,37.8974,-60.7302,-63.2516,17,-11.7146,-2.6225,-2.6239,-0.1639,-2.6225,-72.2522,0.0024,0.0033,0,3
piano_felt,106,A#7,0.1250,regular,felt,Felt,0.1250,2.0186,3729.3100,8396.1670,15.0557,33.8965,-68.2345,-61.3139,15,-21.1648,-12.1470,-12.1065,-24.4803,-12.1470,-77.8898,0.0010,0.0041,1,3
piano_felt,106,A#7,0.1500,regular,felt,Felt,0.1250,1.8427,3729.3100,8396.1670,13.7440,30.9431,-46.2007,-80.6042,13,-0.7223,26.2720,26.3816,20.7055,0.0000,-54.2194,0.0130,0.0006,1,3
piano_felt,106,A#7,0.1750,regular,felt,Felt,0.1250,1.7060,3729.3100,8396.1670,12.7244,28.6478,-51.6775,-63.8618,13,-7.5458,7.0060,6.9995,6.3613,0.0000,-58.3623,0.0069,0.0031,0,3
piano_felt,106,A#7,0.2000,regular,felt,Felt,0.1250,1.5958,3729.3100,8396.1670,11.9026,26.7975,-43.0662,-67.2091,11,-0.1020,18.9505,18.9458,16.1743,0.0000,-48.5845,0.0186,0.0021,1,3
piano_felt,106,A#7,0.2250,regular,felt,Felt,0.1250,1.5046,3729.3100,8396.1670,11.2219,25.2650,-51.2649,-63.9535,11,-9.3315,7.5208,7.5002,8.7867,0.0000,-55.7496,0.0072,0.0031,0,3
piano_felt,106,A#7,0.2500,regular,felt,Felt,0.1250,1.4273,3729.3100,8396.1670,10.6460,23.9684,-46.5608,-55.1811,11,-5.5503,3.4281,3.4280,4.1522,0.0000,-50.1378,0.0124,0.0084,0,3
piano_felt,106,A#7,0.2750,regular,felt,Felt,0.1250,1.3609,3729.3100,8396.1670,10.1506,22.8530,-40.4202,-67.1504,11,-0.2453,21.5151,21.5224,18.4673,0.0000,-43.1716,0.0252,0.0021,1,3
piano_felt,106,A#7,0.3000,regular,felt,Felt,0.1250,1.3030,3729.3100,8396.1670,9.7184,21.8801,-40.2901,-53.7388,9,-0.8787,8.2447,8.2495,8.2316,0.0000,-42.2826,0.0256,0.0099,0,3
piano_felt,106,A#7,0.3250,regular,felt,Felt,0.1250,1.2519,3729.3100,8396.1670,9.3372,21.0217,-44.6388,-82.2316,9,-5.9304,25.6537,25.5550,26.8305,0.0000,-45.9389,0.0155,0.0008,1,3
piano_felt,106,A#7,0.3500,regular,felt,Felt,0.1250,1.2063,3729.3100,8396.1670,8.9975,20.2570,-86.2727,-52.9699,9,-48.2158,-21.1381,-21.1845,-17.5474,-21.1381,-69.5642,0.0009,0.0108,1,3
piano_felt,106,A#7,0.3750,regular,felt,Felt,0.1250,1.1654,3729.3100,8396.1670,8.6924,19.5702,-44.1094,-53.7927,9,-6.6595,4.4827,4.4834,5.7476,0.0000,-44.1592,0.0165,0.0099,0,3
piano_felt,106,A#7,0.4000,regular,felt,Felt,0.1250,1.1284,3729.3100,8396.1670,8.4164,18.9487,-38.8896,-72.9665,9,-2.0080,28.5126,28.4592,22.8311,0.0000,-38.3846,0.0301,0.0011,1,3
piano_felt,106,A#7,0.4250,regular,felt,Felt,0.1250,1.0947,3729.3100,8396.1670,8.1651,18.3830,-36.6427,-52.2275,9,-0.2955,10.3785,10.3777,9.9880,0.0000,-35.6087,0.0390,0.0118,0,3
piano_felt,106,A#7,0.4500,regular,felt,Felt,0.1250,1.0639,3729.3100,8396.1670,7.9351,17.8650,-35.8882,-50.2496,7,-0.0453,9.1552,9.1550,9.2835,0.0000,-34.3578,0.0425,0.0148,0,3
piano_felt,106,A#7,0.4750,regular,felt,Felt,0.1250,1.0355,3729.3100,8396.1670,7.7234,17.3885,-36.2124,-54.4168,7,-0.8468,12.9967,12.9994,13.8963,0.0000,-34.2126,0.0410,0.0092,0,3
piano_felt,106,A#7,0.5000,regular,felt,Felt,0.1250,1.0093,3729.3100,8396.1670,7.5279,16.9482,-37.5585,-70.9432,7,-2.6462,28.1742,28.1520,22.1503,0.0000,-35.1120,0.0351,0.0014,1,3
piano_felt,106,A#7,0.5250,regular,felt,Felt,0.1250,0.9850,3729.3100,8396.1670,7.3465,16.5398,-40.1985,-52.2981,7,-5.7178,6.8908,6.8872,5.6987,0.0000,-37.3275,0.0259,0.0117,0,3
piano_felt,106,A#7,0.5500,regular,felt,Felt,0.1250,0.9623,3729.3100,8396.1670,7.1775,16.1595,-45.2731,-48.5794,7,-11.2044,-1.9044,-1.9066,-3.1142,-1.9044,-42.0014,0.0144,0.0180,0,3
piano_felt,106,A#7,0.5750,regular,felt,Felt,0.1250,0.9412,3729.3100,8396.1670,7.0198,15.8043,-63.8308,-48.3331,7,-30.1559,-20.6376,-20.5965,-55.6495,-20.6376,-60.0961,0.0017,0.0185,1,3
piano_felt,106,A#7,0.6000,regular,felt,Felt,0.1250,0.9213,3729.3100,8396.1670,6.8720,15.4716,-47.2877,-50.9612,7,-13.9904,-1.5317,-1.5312,0.4013,-1.5317,-43.2533,0.0115,0.0137,0,3
piano_felt,106,A#7,0.6250,regular,felt,Felt,0.1250,0.9027,3729.3100,8396.1670,6.7331,15.1590,-40.7426,-59.3305,7,-7.8076,13.3897,13.3855,16.6661,0.0000,-36.3560,0.0243,0.0052,0,3
piano_felt,106,A#7,0.6500,regular,felt,Felt,0.1250,0.8852,3729.3100,8396.1670,6.6024,14.8646,-37.2469,-60.3573,7,-4.6605,17.8893,17.8921,15.8903,0.0000,-32.5221,0.0364,0.0046,0,3
piano_felt,106,A#7,0.6750,regular,felt,Felt,0.1250,0.8687,3729.3100,8396.1670,6.4790,14.5867,-34.9833,-50.8892,7,-2.7325,10.6949,10.6926,10.2137,0.0000,-29.9277,0.0472,0.0138,0,3
piano_felt,106,A#7,0.7000,regular,felt,Felt,0.1250,0.8530,3729.3100,8396.1670,6.3622,14.3239,-33.4161,-47.3762,7,-1.4890,8.7476,8.7475,8.6053,0.0000,-28.0479,0.0566,0.0207,0,3
piano_felt,106,A#7,0.7250,regular,felt,Felt,0.1250,0.8382,3729.3100,8396.1670,6.2516,14.0748,-32.3109,-45.9537,7,-0.6965,8.4297,8.4304,8.4677,0.0000,-26.6371,0.0642,0.0243,0,3
piano_felt,106,A#7,0.7500,regular,felt,Felt,0.1250,0.8241,3729.3100,8396.1670,6.1465,13.8382,-31.5440,-45.8813,7,-0.2320,9.1268,9.1251,9.3287,0.0000,-25.5745,0.0702,0.0245,0,3
piano_felt,106,A#7,0.7750,regular,felt,Felt,0.1250,0.8107,3729.3100,8396.1670,6.0465,13.6132,-31.0426,-47.0246,7,-0.0232,10.7716,10.7700,11.1714,0.0000,-24.7895,0.0743,0.0215,0,3
piano_felt,106,A#7,0.8000,regular,felt,Felt,0.1250,0.7979,3729.3100,8396.1670,5.9513,13.3988,-30.7612,-49.6729,5,-0.0254,13.6989,13.7004,14.4447,0.0000,-24.2332,0.0768,0.0159,0,3
piano_felt,106,A#7,0.8250,regular,felt,Felt,0.1250,0.7857,3729.3100,8396.1670,5.8604,13.1942,-30.6710,-55.2133,5,-0.2104,19.3312,19.3334,21.1321,0.0000,-23.8748,0.0776,0.0084,0,3
piano_felt,106,A#7,0.8500,regular,felt,Felt,0.1250,0.7741,3729.3100,8396.1670,5.7736,12.9987,-30.7545,-98.3867,5,-0.5612,36.4989,36.4905,32.7206,0.0000,-23.6987,0.0769,0.0011,1,3
piano_felt,106,A#7,0.8750,regular,felt,Felt,0.1250,0.7629,3729.3100,8396.1670,5.6905,12.8117,-31.0031,-54.9575,5,-1.0694,18.7439,18.7351,17.1228,0.0000,-23.6958,0.0747,0.0086,0,3
piano_felt,106,A#7,0.9000,regular,felt,Felt,0.1250,0.7523,3729.3100,8396.1670,5.6109,12.6325,-31.4154,-49.2648,5,-1.7343,12.6330,12.6324,11.7534,0.0000,-23.8643,0.0712,0.0166,0,3
piano_felt,106,A#7,0.9250,regular,felt,Felt,0.1250,0.7420,3729.3100,8396.1670,5.5346,12.4606,-31.9981,-46.2701,5,-2.5630,9.0542,9.0556,8.4415,0.0000,-24.2090,0.0666,0.0235,0,3
piano_felt,106,A#7,0.9500,regular,felt,Felt,0.1250,0.7322,3729.3100,8396.1670,5.4613,12.2956,-32.7675,-44.5040,5,-3.5719,6.5207,6.5203,6.0425,0.0000,-24.7461,0.0610,0.0288,0,3
piano_felt,106,A#7,0.9750,regular,felt,Felt,0.1250,0.7228,3729.3100,8396.1670,5.3908,12.1369,-33.7527,-43.5075,5,-4.7906,4.5376,4.5387,4.1348,0.0000,-25.5063,0.0544,0.0323,0,3
piano_felt,106,A#7,1.0000,regular,felt,Felt,0.1250,0.7137,3729.3100,8396.1670,5.3230,11.9842,-35.0034,-43.0864,5,-6.2692,2.8685,2.8667,2.5007,0.0000,-26.5377,0.0471,0.0339,0,3
piano_felt,106,A#7,0.2780,corpus,felt,Felt,0.1250,1.3536,3729.3100,8396.1670,10.0957,22.7294,-40.1782,-61.9400,11,-0.0984,16.5769,16.5590,14.8769,0.0000,-42.8330,0.0260,0.0039,0,3
piano_felt,106,A#7,0.3030,corpus,felt,Felt,0.1250,1.2965,3729.3100,8396.1670,9.6702,21.7715,-40.5457,-54.0691,9,-1.2217,8.3169,8.3244,8.4308,0.0000,-42.4541,0.0249,0.0095,0,3
piano_felt,106,A#7,0.3130,corpus,felt,Felt,0.1250,1.2756,3729.3100,8396.1670,9.5145,21.4209,-41.8561,-57.4509,9,-2.8172,10.4036,10.3969,11.2225,0.0000,-43.4808,0.0214,0.0065,0,3
piano_felt,106,A#7,0.3280,corpus,felt,Felt,0.1250,1.2461,3729.3100,8396.1670,9.2944,20.9254,-45.6390,-71.4448,9,-7.0113,20.6172,20.5823,14.7259,0.0000,-46.8535,0.0139,0.0013,1,3
piano_felt,106,A#7,0.3380,corpus,felt,Felt,0.1250,1.2276,3729.3100,8396.1670,9.1559,20.6135,-50.6739,-57.4202,9,-12.3102,1.5390,1.5371,-1.1247,0.0000,-51.6244,0.0078,0.0065,0,3
piano_felt,106,A#7,0.3630,corpus,felt,Felt,0.1250,1.1845,3729.3100,8396.1670,8.8349,19.8910,-49.5588,-52.0522,9,-11.8226,-2.7104,-2.7053,-1.3462,-2.7104,-49.8925,0.0088,0.0120,0,3
piano_felt,106,A#7,0.4020,corpus,felt,Felt,0.1250,1.1256,3729.3100,8396.1670,8.3955,18.9015,-38.6338,-67.2810,9,-1.7961,23.4271,23.4292,19.9029,0.0000,-38.0854,0.0310,0.0021,1,3
piano_felt,106,A#7,0.4270,corpus,felt,Felt,0.1250,1.0922,3729.3100,8396.1670,8.1460,18.3399,-36.5362,-51.8113,9,-0.2304,10.0683,10.0682,9.7398,0.0000,-35.4617,0.0395,0.0124,0,3
piano_felt,106,A#7,0.4370,corpus,felt,Felt,0.1250,1.0796,3729.3100,8396.1670,8.0522,18.1288,-36.1309,-50.4873,9,-0.0293,9.1505,9.1498,9.0449,0.0000,-34.8546,0.0414,0.0144,0,3
piano_felt,106,A#7,0.4520,corpus,felt,Felt,0.1250,1.0615,3729.3100,8396.1670,7.9175,17.8255,-35.8770,-50.3449,7,-0.0731,9.2596,9.2616,9.4271,0.0000,-34.3090,0.0426,0.0147,0,3
piano_felt,106,A#7,0.4620,corpus,felt,Felt,0.1250,1.0500,3729.3100,8396.1670,7.8313,17.6315,-35.9191,-51.3682,7,-0.3084,10.2418,10.2431,10.6320,0.0000,-34.1598,0.0424,0.0130,0,3
piano_felt,106,A#7,0.4870,corpus,felt,Felt,0.1250,1.0227,3729.3100,8396.1670,7.6277,17.1730,-36.7238,-60.7898,7,-1.5787,18.8739,18.8646,21.5426,0.0000,-34.5064,0.0387,0.0044,0,3
piano_felt,107,B7,0.0500,regular,felt,Felt,0.1250,3.1332,3951.0670,8998.3300,24.7589,56.3869,-64.3760,-71.7581,25,-8.6409,2.2298,2.3190,3.0254,0.0000,-81.9927,0.0016,0.0012,1,3
piano_felt,107,B7,0.0750,regular,felt,Felt,0.1250,2.5582,3951.0670,8998.3300,20.2155,46.0397,-52.7137,-66.5381,21,-0.5076,8.6772,8.7076,8.8694,0.0000,-66.7780,0.0061,0.0023,0,3
piano_felt,107,B7,0.1000,regular,felt,Felt,0.1250,2.2155,3951.0670,8998.3300,17.5072,39.8716,-52.6140,-64.1991,17,-2.9137,6.4374,6.4411,6.0662,0.0000,-64.1662,0.0062,0.0029,0,3
piano_felt,107,B7,0.1250,regular,felt,Felt,0.1250,1.9816,3951.0670,8998.3300,15.6589,35.6622,-49.0665,-63.3663,15,-1.3116,9.1507,9.1428,9.6889,0.0000,-58.6735,0.0093,0.0033,0,3
piano_felt,107,B7,0.1500,regular,felt,Felt,0.1250,1.8089,3951.0670,8998.3300,14.2945,32.5550,-47.1290,-64.3259,15,-0.9648,12.0189,12.0247,10.8921,0.0000,-55.1517,0.0116,0.0029,0,3
piano_felt,107,B7,0.1750,regular,felt,Felt,0.1250,1.6748,3951.0670,8998.3300,13.2342,30.1401,-53.7019,-59.3681,13,-8.8838,0.4909,0.4855,-1.2018,0.0000,-60.3954,0.0055,0.0052,0,3
piano_felt,107,B7,0.2000,regular,felt,Felt,0.1250,1.5666,3951.0670,8998.3300,12.3794,28.1934,-45.2949,-58.4023,13,-1.6438,7.9287,7.9260,7.9328,0.0000,-50.8122,0.0144,0.0058,0,3
piano_felt,107,B7,0.2250,regular,felt,Felt,0.1250,1.4770,3951.0670,8998.3300,11.6714,26.5810,-43.8331,-61.2410,11,-1.2121,12.2216,12.2175,10.7337,0.0000,-48.3321,0.0170,0.0042,0,3
piano_felt,107,B7,0.2500,regular,felt,Felt,0.1250,1.4012,3951.0670,8998.3300,11.0725,25.2170,-60.5884,-65.5719,11,-18.8897,-0.1734,-0.2087,-1.6755,-0.1734,-64.1522,0.0025,0.0025,1,3
piano_felt,107,B7,0.2750,regular,felt,Felt,0.1250,1.3360,3951.0670,8998.3300,10.5572,24.0435,-44.7294,-55.2451,11,-3.8657,5.3262,5.3252,5.7538,0.0000,-47.4742,0.0154,0.0083,0,3
piano_felt,107,B7,0.3000,regular,felt,Felt,0.1250,1.2791,3951.0670,8998.3300,10.1078,23.0199,-40.2258,-84.5900,11,-0.1250,30.9693,30.9834,31.9619,0.0000,-42.2218,0.0258,0.0007,1,3
piano_felt,107,B7,0.3250,regular,felt,Felt,0.1250,1.2289,3951.0670,8998.3300,9.7112,22.1168,-40.3244,-53.9180,9,-0.9260,8.3932,8.3964,8.0579,0.0000,-41.6247,0.0255,0.0097,0,3
piano_felt,107,B7,0.3500,regular,felt,Felt,0.1250,1.1842,3951.0670,8998.3300,9.3580,21.3122,-44.2108,-59.6649,9,-5.4633,10.2523,10.2591,11.4170,0.0000,-44.8696,0.0163,0.0050,0,3
piano_felt,107,B7,0.3750,regular,felt,Felt,0.1250,1.1441,3951.0670,8998.3300,9.0407,20.5896,-62.0417,-56.9487,9,-23.9007,-10.3109,-10.3120,-20.2736,-10.3109,-62.1164,0.0021,0.0069,1,3
piano_felt,107,B7,0.4000,regular,felt,Felt,0.1250,1.1077,3951.0670,8998.3300,8.7536,19.9358,-46.0354,-52.0077,9,-8.4620,0.7755,0.7745,1.6877,0.0000,-45.5276,0.0132,0.0121,0,3
piano_felt,107,B7,0.4250,regular,felt,Felt,0.1250,1.0747,3951.0670,8998.3300,8.4922,19.3405,-39.9450,-57.2879,9,-2.9054,12.1428,12.1459,13.8678,0.0000,-38.9118,0.0267,0.0066,0,3
piano_felt,107,B7,0.4500,regular,felt,Felt,0.1250,1.0444,3951.0670,8998.3300,8.2530,18.7956,-37.2404,-60.9567,9,-0.7045,18.5147,18.5075,16.6670,0.0000,-35.7113,0.0364,0.0043,0,3
piano_felt,107,B7,0.4750,regular,felt,Felt,0.1250,1.0165,3951.0670,8998.3300,8.0328,18.2943,-36.0706,-51.4300,9,-0.0116,10.1557,10.1548,9.8328,0.0000,-34.0717,0.0417,0.0129,0,3
piano_felt,107,B7,0.5000,regular,felt,Felt,0.1250,0.9908,3951.0670,8998.3300,7.8294,17.8311,-35.9219,-50.3291,7,-0.3155,9.2028,9.2031,9.3230,0.0000,-33.4774,0.0424,0.0147,0,3
piano_felt,107,B7,0.5250,regular,felt,Felt,0.1250,0.9669,3951.0670,8998.3300,7.6408,17.4014,-36.6387,-54.1845,7,-1.4633,12.3355,12.3429,13.1392,0.0000,-33.7711,0.0390,0.0094,0,3
piano_felt,107,B7,0.5500,regular,felt,Felt,0.1250,0.9447,3951.0670,8998.3300,7.4651,17.0013,-38.2780,-103.0654,7,-3.5139,31.3964,31.3614,27.8924,0.0000,-35.0060,0.0323,0.0009,1,3
piano_felt,107,B7,0.5750,regular,felt,Felt,0.1250,0.9239,3951.0670,8998.3300,7.3010,16.6276,-41.2034,-53.9600,7,-6.8326,7.5434,7.5457,6.0446,0.0000,-37.5457,0.0231,0.0097,0,3
piano_felt,107,B7,0.6000,regular,felt,Felt,0.1250,0.9045,3951.0670,8998.3300,7.1473,16.2775,-46.7870,-49.2833,7,-12.7931,-2.7145,-2.7150,-4.2721,-2.7145,-42.7598,0.0121,0.0166,0,3
piano_felt,107,B7,0.6250,regular,felt,Felt,0.1250,0.8862,3951.0670,8998.3300,7.0029,15.9486,-80.5723,-48.1030,7,-46.9402,-23.6975,-23.6293,-22.0349,-23.6975,-62.2140,0.0012,0.0190,1,3
piano_felt,107,B7,0.6500,regular,felt,Felt,0.1250,0.8690,3951.0670,8998.3300,6.8669,15.6389,-46.9398,-49.2119,7,-13.6556,-2.9319,-2.9309,-1.3498,-2.9319,-42.2089,0.0119,0.0167,0,3
piano_felt,107,B7,0.6750,regular,felt,Felt,0.1250,0.8527,3951.0670,8998.3300,6.7385,15.3466,-40.9232,-53.1186,7,-7.9741,6.9910,6.9919,8.6456,0.0000,-35.8678,0.0238,0.0107,0,3
piano_felt,107,B7,0.7000,regular,felt,Felt,0.1250,0.8374,3951.0670,8998.3300,6.6171,15.0700,-37.5717,-66.2755,7,-4.9457,23.5144,23.5119,32.2345,0.0000,-32.1993,0.0351,0.0023,1,3
piano_felt,107,B7,0.7250,regular,felt,Felt,0.1250,0.8228,3951.0670,8998.3300,6.5020,14.8079,-35.3515,-57.3204,7,-3.0376,16.7517,16.7550,15.3165,0.0000,-29.6770,0.0453,0.0066,0,3
piano_felt,107,B7,0.7500,regular,felt,Felt,0.1250,0.8090,3951.0670,8998.3300,6.3927,14.5590,-33.7817,-50.3797,7,-1.7695,11.3874,11.3871,10.9024,0.0000,-27.8124,0.0542,0.0146,0,3
piano_felt,107,B7,0.7750,regular,felt,Felt,0.1250,0.7958,3951.0670,8998.3300,6.2888,14.3223,-32.6461,-47.3621,7,-0.9259,9.5060,9.5057,9.3260,0.0000,-26.3928,0.0618,0.0207,0,3
piano_felt,107,B7,0.8000,regular,felt,Felt,0.1250,0.7833,3951.0670,8998.3300,6.1897,14.0967,-31.8286,-46.0215,7,-0.3915,8.9791,8.9828,8.9750,0.0000,-25.3008,0.0679,0.0241,0,3
piano_felt,107,B7,0.8250,regular,felt,Felt,0.1250,0.7713,3951.0670,8998.3300,6.0952,13.8815,-31.2600,-45.8036,7,-0.0975,9.3317,9.3336,9.4751,0.0000,-24.4642,0.0725,0.0248,0,3
piano_felt,107,B7,0.8500,regular,felt,Felt,0.1250,0.7599,3951.0670,8998.3300,6.0049,13.6758,-30.8962,-46.5700,7,-0.0003,10.4614,10.4640,10.7775,0.0000,-23.8412,0.0756,0.0227,0,3
piano_felt,107,B7,0.8750,regular,felt,Felt,0.1250,0.7490,3951.0670,8998.3300,5.9185,13.4790,-30.7083,-48.4442,5,-0.0714,12.5243,12.5266,13.0878,0.0000,-23.4007,0.0773,0.0183,0,3
piano_felt,107,B7,0.9000,regular,felt,Felt,0.1250,0.7385,3951.0670,8998.3300,5.8357,13.2905,-30.6774,-52.0101,5,-0.2925,16.1265,16.1245,17.2068,0.0000,-23.1258,0.0775,0.0121,0,3
piano_felt,107,B7,0.9250,regular,felt,Felt,0.1250,0.7285,3951.0670,8998.3300,5.7563,13.1097,-30.7921,-59.9705,5,-0.6525,23.9607,23.9754,27.5056,0.0000,-23.0017,0.0765,0.0049,0,3
piano_felt,107,B7,0.9500,regular,felt,Felt,0.1250,0.7188,3951.0670,8998.3300,5.6801,12.9360,-31.0470,-64.3942,5,-1.1463,28.1419,28.1204,24.0542,0.0000,-23.0258,0.0743,0.0029,1,3
piano_felt,107,B7,0.9750,regular,felt,Felt,0.1250,0.7095,3951.0670,8998.3300,5.6068,12.7691,-31.4421,-53.1940,5,-1.7744,16.5355,16.5357,15.1637,0.0000,-23.1947,0.0710,0.0106,0,3
piano_felt,107,B7,1.0000,regular,felt,Felt,0.1250,0.7006,3951.0670,8998.3300,5.5362,12.6085,-31.9834,-48.7491,5,-2.5429,11.5489,11.5510,10.6870,0.0000,-23.5162,0.0667,0.0176,0,3
piano_felt,107,B7,0.2780,corpus,felt,Felt,0.1250,1.3288,3951.0670,8998.3300,10.5001,23.9134,-43.7802,-55.2111,11,-3.0116,6.2308,6.2404,6.7737,0.0000,-46.4338,0.0171,0.0084,0,3
piano_felt,107,B7,0.3030,corpus,felt,Felt,0.1250,1.2728,3951.0670,8998.3300,10.0576,22.9056,-40.0491,-70.9921,11,-0.0356,25.7448,25.7311,21.2287,0.0000,-41.9555,0.0263,0.0014,1,3
piano_felt,107,B7,0.3130,corpus,felt,Felt,0.1250,1.2523,3951.0670,8998.3300,9.8956,22.5367,-39.8458,-57.6401,9,-0.1173,12.5895,12.5960,11.5976,0.0000,-41.4715,0.0270,0.0063,0,3
piano_felt,107,B7,0.3280,corpus,felt,Felt,0.1250,1.2233,3951.0670,8998.3300,9.6667,22.0154,-40.5667,-53.6936,9,-1.2490,7.9308,7.9299,7.7055,0.0000,-41.7865,0.0248,0.0100,0,3
piano_felt,107,B7,0.3380,corpus,felt,Felt,0.1250,1.2051,3951.0670,8998.3300,9.5226,21.6873,-41.7661,-54.5228,9,-2.7122,7.5641,7.5599,7.6945,0.0000,-42.7246,0.0216,0.0091,0,3
piano_felt,107,B7,0.3630,corpus,felt,Felt,0.1250,1.1628,3951.0670,8998.3300,9.1889,20.9271,-49.1089,-71.6553,9,-10.6819,17.3529,17.3233,10.8652,0.0000,-49.4416,0.0093,0.0013,1,3
piano_felt,107,B7,0.4020,corpus,felt,Felt,0.1250,1.1050,3951.0670,8998.3300,8.7318,19.8861,-45.2956,-52.0597,9,-7.7662,1.5619,1.5661,2.4493,0.0000,-44.7482,0.0144,0.0120,0,3
piano_felt,107,B7,0.4270,corpus,felt,Felt,0.1250,1.0722,3951.0670,8998.3300,8.4723,19.2952,-39.6467,-58.3835,9,-2.6485,13.5496,13.5404,15.5449,0.0000,-38.5733,0.0276,0.0058,0,3
piano_felt,107,B7,0.4370,corpus,felt,Felt,0.1250,1.0598,3951.0670,8998.3300,8.3748,19.0732,-38.3956,-70.0052,9,-1.6013,26.4335,26.4271,38.5173,0.0000,-37.1200,0.0319,0.0015,1,3
piano_felt,107,B7,0.4520,corpus,felt,Felt,0.1250,1.0421,3951.0670,8998.3300,8.2347,18.7540,-37.1008,-59.3752,9,-0.6040,17.0607,17.0667,15.5492,0.0000,-35.5332,0.0370,0.0052,0,3
piano_felt,107,B7,0.4620,corpus,felt,Felt,0.1250,1.0307,3951.0670,8998.3300,8.1451,18.5499,-36.5314,-54.4563,9,-0.2275,12.7269,12.7196,11.9893,0.0000,-34.7708,0.0395,0.0091,0,3
piano_felt,107,B7,0.4870,corpus,felt,Felt,0.1250,1.0039,3951.0670,8998.3300,7.9333,18.0675,-35.8868,-50.2983,7,-0.0478,9.2022,9.2072,9.1073,0.0000,-33.6714,0.0425,0.0147,0,3
piano_felt,108,C8,0.0500,regular,felt,Felt,0.1250,3.0758,4186.0090,9651.5740,25.7507,59.3727,-57.1022,-76.0930,25,-0.6838,14.0505,13.9546,18.4412,0.0000,-74.7036,0.0037,0.0007,1,3
piano_felt,108,C8,0.0750,regular,felt,Felt,0.1250,2.5114,4186.0090,9651.5740,21.0254,48.4776,-80.8889,-70.1334,21,-27.9988,-10.2086,-10.1584,-14.7352,-10.2086,-89.2436,0.0005,0.0015,1,3
piano_felt,108,C8,0.1000,regular,felt,Felt,0.1250,2.1749,4186.0090,9651.5740,18.2085,41.9829,-50.8591,-64.9211,19,-0.4744,8.9340,8.9312,9.2480,0.0000,-62.4066,0.0076,0.0027,0,3
piano_felt,108,C8,0.1250,regular,felt,Felt,0.1250,1.9453,4186.0090,9651.5740,16.2862,37.5506,-49.3487,-65.3506,17,-0.9088,10.8381,10.8576,12.5263,0.0000,-58.9577,0.0090,0.0026,0,3
piano_felt,108,C8,0.1500,regular,felt,Felt,0.1250,1.7758,4186.0090,9651.5740,14.8672,34.2789,-60.5246,-62.2550,15,-13.6748,-3.4400,-3.4236,-1.6492,-3.4400,-68.5542,0.0025,0.0037,0,3
piano_felt,108,C8,0.1750,regular,felt,Felt,0.1250,1.6441,4186.0090,9651.5740,13.7643,31.7361,-46.1135,-60.8225,13,-0.6093,9.5292,9.5416,9.8945,0.0000,-52.8004,0.0131,0.0044,0,3
piano_felt,108,C8,0.2000,regular,felt,Felt,0.1250,1.5379,4186.0090,9651.5740,12.8753,29.6864,-58.5570,-59.9922,13,-14.2192,-3.7139,-3.7300,-0.7929,-3.7139,-64.0685,0.0031,0.0048,0,3
piano_felt,108,C8,0.2250,regular,felt,Felt,0.1250,1.4499,4186.0090,9651.5740,12.1390,27.9886,-43.5168,-57.8695,13,-0.2087,9.1672,9.1738,9.3135,0.0000,-48.0116,0.0177,0.0062,0,3
piano_felt,108,C8,0.2500,regular,felt,Felt,0.1250,1.3755,4186.0090,9651.5740,11.5161,26.5523,-45.1830,-60.7375,11,-2.7966,10.3727,10.3666,8.7913,0.0000,-48.7601,0.0146,0.0044,0,3
piano_felt,108,C8,0.2750,regular,felt,Felt,0.1250,1.3115,4186.0090,9651.5740,10.9801,25.3166,-71.6684,-62.5508,11,-30.1165,-11.3665,-11.3652,-3.9914,-11.3665,-71.4779,0.0010,0.0036,1,3
piano_felt,108,C8,0.3000,regular,felt,Felt,0.1250,1.2557,4186.0090,9651.5740,10.5127,24.2388,-43.9763,-55.9917,11,-3.1868,6.8174,6.8268,6.8868,0.0000,-45.9669,0.0168,0.0077,0,3
piano_felt,108,C8,0.3250,regular,felt,Felt,0.1250,1.2064,4186.0090,9651.5740,10.1003,23.2879,-40.1959,-61.8602,11,-0.1082,16.4704,16.4791,18.6682,0.0000,-41.4930,0.0259,0.0039,0,3
piano_felt,108,C8,0.3500,regular,felt,Felt,0.1250,1.1625,4186.0090,9651.5740,9.7328,22.4408,-40.2258,-56.2974,9,-0.7883,10.8746,10.8763,10.0052,0.0000,-40.8829,0.0258,0.0074,0,3
piano_felt,108,C8,0.3750,regular,felt,Felt,0.1250,1.1231,4186.0090,9651.5740,9.4028,21.6799,-43.3944,-54.5717,9,-4.5628,5.9819,5.9828,5.9594,0.0000,-43.4526,0.0179,0.0090,0,3
piano_felt,108,C8,0.4000,regular,felt,Felt,0.1250,1.0875,4186.0090,9651.5740,9.1042,20.9914,-54.0196,-90.2764,9,-15.7553,16.9515,16.9730,10.4358,0.0000,-53.5061,0.0053,0.0008,1,3
piano_felt,108,C8,0.4250,regular,felt,Felt,0.1250,1.0550,4186.0090,9651.5740,8.8324,20.3647,-49.4246,-53.8447,9,-11.6935,-0.7695,-0.7747,-0.0502,-0.7695,-48.3861,0.0090,0.0098,0,3
piano_felt,108,C8,0.4500,regular,felt,Felt,0.1250,1.0253,4186.0090,9651.5740,8.5836,19.7909,-41.5432,-52.3136,9,-4.3152,5.5817,5.5743,6.2802,0.0000,-40.0126,0.0222,0.0117,0,3
piano_felt,108,C8,0.4750,regular,felt,Felt,0.1250,0.9979,4186.0090,9651.5740,8.3546,19.2631,-38.1754,-59.2909,9,-1.4237,15.9209,15.9219,18.0773,0.0000,-36.1752,0.0327,0.0052,0,3
piano_felt,108,C8,0.5000,regular,felt,Felt,0.1250,0.9727,4186.0090,9651.5740,8.1431,18.7753,-36.5208,-60.1455,9,-0.2213,18.4091,18.4190,16.6775,0.0000,-34.0777,0.0396,0.0047,0,3
piano_felt,108,C8,0.5250,regular,felt,Felt,0.1250,0.9492,4186.0090,9651.5740,7.9468,18.3228,-35.8995,-51.6619,7,-0.0303,10.5583,10.5603,10.1570,0.0000,-33.0311,0.0425,0.0126,0,3
piano_felt,108,C8,0.5500,regular,felt,Felt,0.1250,0.9274,4186.0090,9651.5740,7.7641,17.9015,-36.0688,-50.1928,7,-0.6103,8.9290,8.9223,8.9280,0.0000,-32.7942,0.0417,0.0149,0,3
piano_felt,108,C8,0.5750,regular,felt,Felt,0.1250,0.9070,4186.0090,9651.5740,7.5935,17.5081,-36.9720,-52.6029,7,-1.9063,10.4306,10.4299,10.9204,0.0000,-33.3144,0.0376,0.0113,0,3
piano_felt,108,C8,0.6000,regular,felt,Felt,0.1250,0.8879,4186.0090,9651.5740,7.4336,17.1394,-38.7076,-62.5904,7,-4.0183,18.6792,18.6876,22.0532,0.0000,-34.6801,0.0307,0.0036,0,3
piano_felt,108,C8,0.6250,regular,felt,Felt,0.1250,0.8700,4186.0090,9651.5740,7.2834,16.7931,-41.6466,-58.8919,7,-7.3185,12.0412,12.0343,9.6575,0.0000,-37.2656,0.0219,0.0055,0,3
piano_felt,108,C8,0.6500,regular,felt,Felt,0.1250,0.8531,4186.0090,9651.5740,7.1420,16.4670,-47.0872,-51.2155,7,-13.1065,-1.0789,-1.0812,-2.9630,-1.0789,-42.3632,0.0117,0.0133,0,3
piano_felt,108,C8,0.6750,regular,felt,Felt,0.1250,0.8371,4186.0090,9651.5740,7.0085,16.1592,-71.1855,-48.5780,7,-37.5392,-22.1684,-22.1179,-25.1196,-22.1684,-60.4914,0.0014,0.0180,1,3
piano_felt,108,C8,0.7000,regular,felt,Felt,0.1250,0.8220,4186.0090,9651.5740,6.8822,15.8680,-48.0253,-48.1743,7,-14.7016,-5.0567,-5.0512,-3.5850,-5.0567,-42.6577,0.0105,0.0188,0,3
piano_felt,108,C8,0.7250,regular,felt,Felt,0.1250,0.8077,4186.0090,9651.5740,6.7625,15.5920,-41.7776,-49.6011,7,-8.7655,2.6175,2.6214,3.7529,0.0000,-36.1042,0.0216,0.0160,0,3
piano_felt,108,C8,0.7500,regular,felt,Felt,0.1250,0.7942,4186.0090,9651.5740,6.6488,15.3300,-38.3226,-53.4852,7,-5.6117,9.9573,9.9611,11.4979,0.0000,-32.3525,0.0322,0.0102,0,3
piano_felt,108,C8,0.7750,regular,felt,Felt,0.1250,0.7813,4186.0090,9651.5740,6.5407,15.0807,-36.0219,-65.0635,7,-3.6025,23.8492,23.8499,30.7743,0.0000,-29.7697,0.0419,0.0027,1,3
piano_felt,108,C8,0.8000,regular,felt,Felt,0.1250,0.7690,4186.0090,9651.5740,6.4377,14.8432,-34.3752,-59.0791,7,-2.2382,19.4938,19.4912,17.6473,0.0000,-27.8449,0.0507,0.0054,0,3
piano_felt,108,C8,0.8250,regular,felt,Felt,0.1250,0.7572,4186.0090,9651.5740,6.3394,14.6166,-33.1606,-51.4882,7,-1.2976,13.1211,13.1188,12.4807,0.0000,-26.3650,0.0582,0.0129,0,3
piano_felt,108,C8,0.8500,regular,felt,Felt,0.1250,0.7460,4186.0090,9651.5740,6.2455,14.4000,-32.2593,-48.1334,7,-0.6623,10.6643,10.6660,10.3695,0.0000,-25.2043,0.0646,0.0189,0,3
piano_felt,108,C8,0.8750,regular,felt,Felt,0.1250,0.7353,4186.0090,9651.5740,6.1556,14.1928,-31.6005,-46.4440,7,-0.2620,9.6364,9.6357,9.5277,0.0000,-24.2927,0.0697,0.0230,0,3
piano_felt,108,C8,0.9000,regular,felt,Felt,0.1250,0.7250,4186.0090,9651.5740,6.0695,13.9943,-31.1389,-45.7939,7,-0.0519,9.4449,9.4474,9.4794,0.0000,-23.5882,0.0735,0.0248,0,3
piano_felt,108,C8,0.9250,regular,felt,Felt,0.1250,0.7151,4186.0090,9651.5740,5.9869,13.8039,-30.8442,-45.9732,5,-0.0018,9.9217,9.9216,10.0982,0.0000,-23.0540,0.0761,0.0243,0,3
piano_felt,108,C8,0.9500,regular,felt,Felt,0.1250,0.7056,4186.0090,9651.5740,5.9076,13.6210,-30.6958,-46.9609,5,-0.0918,11.0583,11.0579,11.4062,0.0000,-22.6741,0.0774,0.0217,0,3
piano_felt,108,C8,0.9750,regular,felt,Felt,0.1250,0.6965,4186.0090,9651.5740,5.8314,13.4453,-30.6799,-48.9198,5,-0.3083,13.0363,13.0331,13.6329,0.0000,-22.4328,0.0775,0.0173,0,3
piano_felt,108,C8,1.0000,regular,felt,Felt,0.1250,0.6878,4186.0090,9651.5740,5.7580,13.2761,-30.7881,-52.4025,5,-0.6431,16.4122,16.4088,17.5183,0.0000,-22.3211,0.0766,0.0116,0,3
piano_felt,108,C8,0.2780,corpus,felt,Felt,0.1250,1.3044,4186.0090,9651.5740,10.9207,25.1796,-59.5745,-67.1333,11,-18.1176,2.3854,2.3923,9.6095,0.0000,-62.2070,0.0028,0.0021,1,3
piano_felt,108,C8,0.3030,corpus,felt,Felt,0.1250,1.2495,4186.0090,9651.5740,10.4605,24.1185,-43.2059,-55.4305,11,-2.5036,7.0354,7.0361,7.2427,0.0000,-45.1126,0.0183,0.0081,0,3
piano_felt,108,C8,0.3130,corpus,felt,Felt,0.1250,1.2293,4186.0090,9651.5740,10.2920,23.7301,-41.3656,-55.8017,11,-0.9479,9.2445,9.2479,9.8732,0.0000,-42.9916,0.0226,0.0078,0,3
piano_felt,108,C8,0.3280,corpus,felt,Felt,0.1250,1.2009,4186.0090,9651.5740,10.0540,23.1812,-40.0384,-65.6235,11,-0.0312,20.3975,20.4032,24.3204,0.0000,-41.2570,0.0264,0.0025,0,3
piano_felt,108,C8,0.3380,corpus,felt,Felt,0.1250,1.1830,4186.0090,9651.5740,9.9041,22.8357,-39.8425,-66.1874,9,-0.0989,21.1626,21.1428,18.2377,0.0000,-40.8008,0.0270,0.0024,1,3
piano_felt,108,C8,0.3630,corpus,felt,Felt,0.1250,1.1415,4186.0090,9651.5740,9.5570,22.0353,-41.4159,-53.7202,9,-2.2987,7.1085,7.1096,6.7558,0.0000,-41.7544,0.0225,0.0099,0,3
piano_felt,108,C8,0.4020,corpus,felt,Felt,0.1250,1.0848,4186.0090,9651.5740,9.0816,20.9391,-56.0913,-73.2232,9,-17.8708,11.9581,11.9029,2.6525,0.0000,-55.5336,0.0042,0.0010,1,3
piano_felt,108,C8,0.4270,corpus,felt,Felt,0.1250,1.0525,4186.0090,9651.5740,8.8117,20.3169,-48.3977,-53.4172,9,-10.7079,-0.1791,-0.1756,0.4671,-0.1791,-47.3222,0.0101,0.0103,0,3
piano_felt,108,C8,0.4370,corpus,felt,Felt,0.1250,1.0404,4186.0090,9651.5740,8.7103,20.0831,-44.6267,-52.1659,9,-7.1406,2.3494,2.3434,2.9195,0.0000,-43.3446,0.0156,0.0119,0,3
piano_felt,108,C8,0.4520,corpus,felt,Felt,0.1250,1.0230,4186.0090,9651.5740,8.5646,19.7471,-41.1760,-52.5021,9,-3.9871,6.1301,6.1300,6.8849,0.0000,-39.6062,0.0232,0.0114,0,3
piano_felt,108,C8,0.4620,corpus,felt,Felt,0.1250,1.0119,4186.0090,9651.5740,8.4714,19.5322,-39.6328,-54.1998,9,-2.6366,9.3713,9.3712,10.3884,0.0000,-37.8733,0.0277,0.0094,0,3
piano_felt,108,C8,0.4870,corpus,felt,Felt,0.1250,0.9856,4186.0090,9651.5740,8.2511,19.0242,-37.2255,-79.5350,9,-0.6937,31.7785,31.8037,35.0340,0.0000,-35.0083,0.0365,0.0009,1,3
