material,midi,mode,freq_hz,t60_base_s,t60_nox2_s,t60_ratio,alpha_base_per_s,alpha_nox2_per_s,x2_share_of_base_rate,amp_base,amp_nox2,amp_change_db
steel,21,1,27.500,177.28,318.4,1.79603,0.0389652,0.0216952,0.4432,0.11792,0.11634,-0.117
steel,21,2,172.340,26.079,44.095,1.69082,0.264878,0.156656,0.4086,0.29695,0.29296,-0.118
steel,21,3,482.556,7.9788,12.276,1.53858,0.865764,0.562704,0.3500,0.1063,0.10487,-0.118
steel,21,4,945.617,3.3541,4.713,1.40515,2.0595,1.46568,0.2883,0.05044,0.04976,-0.118
steel,21,5,1563.172,1.6429,2.1432,1.30452,4.20461,3.2231,0.2335,0.01625,0.01604,-0.113
steel,21,6,2335.109,0.88842,1.0949,1.23241,7.77533,6.30903,0.1886,0.00436,0.0043,-0.120
steel,21,7,3261.433,0.51689,0.61044,1.18099,13.3641,11.316,0.1533,0.00464,0.00458,-0.113
steel,21,8,4342.144,0.31859,0.36442,1.14385,21.6823,18.9555,0.1258,0.00029,0.00028,-0.305
steel,21,9,5577.243,0.20583,0.22982,1.11655,33.5605,30.0572,0.1044,0.00127,0.00125,-0.138
steel,21,10,6966.729,0.13831,0.15159,1.09602,49.944,45.5687,0.0876,3e-05,3e-05,+0.000
steel,21,11,8510.604,0.096069,0.10378,1.08027,71.9041,66.5615,0.0743,0.00033,0.00033,+0.000
steel,21,12,10208.862,0.068649,0.07332,1.06804,100.624,94.2138,0.0637,9e-05,9e-05,+0.000
steel,22,1,29.135,167.17,300.01,1.79464,0.0413217,0.0230251,0.4428,0.11884,0.1172,-0.121
steel,22,2,182.587,24.48,41.235,1.68444,0.28218,0.167522,0.4063,0.29829,0.29415,-0.121
steel,22,3,511.250,7.4325,11.355,1.52775,0.929399,0.608345,0.3454,0.10408,0.10263,-0.122
steel,22,4,1001.846,3.0995,4.3186,1.39332,2.22867,1.59954,0.2823,0.04236,0.04177,-0.122
steel,22,5,1656.123,1.5075,1.95,1.29353,4.58226,3.54244,0.2270,0.01581,0.0156,-0.116
steel,22,6,2473.961,0.81054,0.99123,1.22293,8.52241,6.96887,0.1823,0.0046,0.00454,-0.114
steel,22,7,3455.368,0.46946,0.55067,1.17299,14.7143,12.5443,0.1475,0.00405,0.004,-0.108
steel,22,8,4600.341,0.28835,0.32789,1.13713,23.9561,21.0673,0.1206,2e-05,2e-05,+0.000
steel,22,9,5908.883,0.18579,0.20639,1.11088,37.1804,33.4694,0.0998,0.00155,0.00153,-0.113
steel,22,10,7380.992,0.12458,0.13594,1.09119,55.4483,50.8147,0.0836,0.00018,0.00017,-0.496
steel,22,11,9016.670,0.086387,0.092971,1.07622,79.9629,74.3001,0.0708,0.00043,0.00043,+0.000
steel,22,12,10815.913,0.061649,0.065627,1.06453,112.05,105.258,0.0606,0.00025,0.00024,-0.355
steel,23,1,30.868,157.63,282.66,1.79319,0.0438226,0.0244384,0.4423,0.11977,0.11806,-0.125
steel,23,2,193.445,22.972,38.543,1.67783,0.300703,0.179222,0.4040,0.29954,0.29526,-0.125
steel,23,3,541.651,6.9194,10.495,1.51675,0.998317,0.658195,0.3407,0.10163,0.10018,-0.125
steel,23,4,1061.419,2.862,3.9539,1.38152,2.41361,1.74707,0.2762,0.03434,0.03385,-0.125
steel,23,5,1754.601,1.3821,1.7729,1.28276,4.99801,3.8963,0.2205,0.0145,0.0143,-0.121
steel,23,6,2621.071,0.73889,0.89678,1.21369,9.34883,7.70284,0.1761,0.00424,0.00418,-0.124
steel,23,7,3660.835,0.42607,0.49647,1.16523,16.2127,13.9137,0.1418,0.00255,0.00251,-0.137
steel,23,8,4873.893,0.26081,0.29489,1.13067,26.4858,23.4249,0.1156,0.00022,0.00022,+0.000
steel,23,9,6260.245,0.16761,0.18528,1.10542,41.2133,37.2828,0.0954,0.00076,0.00075,-0.115
steel,23,10,7819.890,0.11215,0.12187,1.08667,61.5939,56.6813,0.0797,0.00018,0.00018,+0.000
steel,23,11,9552.831,0.077647,0.083262,1.07231,88.9636,82.9641,0.0674,0.00049,0.00048,-0.179
steel,23,12,11459.062,0.055341,0.058726,1.06117,124.822,117.627,0.0577,7e-05,7e-05,+0.000
steel,24,1,32.703,148.62,266.28,1.79168,0.0464793,0.0259417,0.4419,0.1207,0.11892,-0.129
steel,24,2,204.947,21.551,36.009,1.67087,0.320531,0.191834,0.4015,0.30072,0.29626,-0.130
steel,24,3,573.859,6.4378,9.6933,1.50569,1.073,0.712632,0.3359,0.09895,0.09749,-0.129
steel,24,4,1124.534,2.6406,3.617,1.36976,2.61598,1.9098,0.2700,0.02648,0.02609,-0.129
steel,24,5,1858.935,1.2661,1.6107,1.27217,5.45593,4.28867,0.2140,0.01242,0.01224,-0.127
steel,24,6,2776.928,0.67304,0.8108,1.20468,10.2635,8.51968,0.1699,0.00333,0.00329,-0.105
steel,24,7,3878.519,0.38641,0.44736,1.15773,17.8768,15.4412,0.1362,0.00053,0.00052,-0.165
steel,24,8,5163.708,0.23575,0.26509,1.12445,29.3012,26.0582,0.1107,0.00034,0.00034,+0.000
steel,24,9,6632.497,0.15112,0.16627,1.10025,45.7104,41.5454,0.0911,0.0005,0.00049,-0.175
steel,24,10,8284.884,0.10092,0.10922,1.08224,68.4478,63.2462,0.0760,1e-05,1e-05,+0.000
steel,24,11,10120.869,0.069762,0.074547,1.06859,99.0189,92.6631,0.0642,0.00021,0.0002,-0.424
steel,24,12,12140.452,0.04966,0.052539,1.05797,139.101,131.479,0.0548,0.00022,0.00022,+0.000
steel,25,1,34.648,140.12,250.83,1.79011,0.0492989,0.0275396,0.4414,0.12165,0.11978,-0.135
steel,25,2,217.134,20.21,33.625,1.66378,0.341799,0.205435,0.3989,0.30181,0.29717,-0.135
steel,25,3,607.982,5.9859,8.9455,1.49443,1.154,0.772204,0.3308,0.09604,0.09457,-0.134
steel,25,4,1191.402,2.4344,3.3061,1.35808,2.83756,2.0894,0.2637,0.01889,0.0186,-0.134
steel,25,5,1969.473,1.1588,1.4622,1.26182,5.96113,4.72422,0.2075,0.00973,0.00958,-0.135
steel,25,6,2942.053,0.61258,0.73261,1.19594,11.2765,9.42897,0.1638,0.00203,0.002,-0.129
steel,25,7,4109.148,0.3502,0.40291,1.15051,19.7252,17.1447,0.1308,0.00143,0.00141,-0.122
steel,25,8,5470.758,0.21297,0.23819,1.11842,32.4353,29.001,0.1059,0.00028,0.00028,+0.000
steel,25,9,7026.886,0.13618,0.14915,1.09524,50.7252,46.3141,0.0870,0.00123,0.00121,-0.142
steel,25,10,8777.528,0.09077,0.097858,1.07809,76.1017,70.5896,0.0724,0.00017,0.00017,+0.000
steel,25,11,10722.688,0.062652,0.066727,1.06504,110.256,103.523,0.0611,0.00048,0.00047,-0.183
steel,25,12,12862.361,0.044546,0.046994,1.05495,155.07,146.992,0.0521,0,0,
steel,26,1,36.708,132.1,236.24,1.78834,0.0522919,0.0292404,0.4408,0.12262,0.12066,-0.140
steel,26,2,230.046,18.947,31.383,1.65636,0.364583,0.220111,0.3962,0.30282,0.29798,-0.140
steel,26,3,644.135,5.5621,8.2488,1.48304,1.24193,0.837425,0.3257,0.09289,0.0914,-0.140
steel,26,4,1262.247,2.2425,3.0194,1.34644,3.08038,2.28779,0.2573,0.01168,0.01149,-0.142
steel,26,5,2086.584,1.0598,1.3265,1.25165,6.51798,5.2075,0.2010,0.00661,0.0065,-0.146
steel,26,6,3116.997,0.55712,0.66156,1.18746,12.399,10.4416,0.1579,0.00054,0.00053,-0.162
steel,26,7,4353.491,0.31716,0.36269,1.14356,21.78,19.0459,0.1255,0.00276,0.00271,-0.159
steel,26,8,5796.067,0.19227,0.21394,1.11271,35.9274,32.2883,0.1013,8e-05,8e-05,+0.000
steel,26,9,7444.727,0.12265,0.13375,1.09050,56.3209,51.6468,0.0830,0.00086,0.00084,-0.204
steel,26,10,9299.469,0.081603,0.08765,1.07410,84.6507,78.8107,0.0690,0.0001,0.0001,+0.000
steel,26,11,11360.294,0.056245,0.059713,1.06166,122.815,115.683,0.0581,0.00011,0.00011,+0.000
steel,26,12,13627.198,0.039945,0.042025,1.05207,172.932,164.373,0.0495,0.00019,0.00019,+0.000
steel,27,1,38.891,124.53,222.48,1.78656,0.0554706,0.0310489,0.4403,0.12361,0.12155,-0.146
steel,27,2,243.725,17.757,29.274,1.64859,0.389016,0.235969,0.3934,0.30377,0.29872,-0.146
steel,27,3,682.437,5.1649,7.6002,1.47151,1.33744,0.908891,0.3204,0.08949,0.088,-0.146
steel,27,4,1337.304,2.064,2.7554,1.33498,3.34678,2.50699,0.2509,0.00497,0.00488,-0.159
steel,27,5,2210.659,0.96844,1.2025,1.24169,7.13287,5.74449,0.1946,0.00329,0.00324,-0.133
steel,27,6,3302.343,0.5063,0.59704,1.17922,13.6436,11.57,0.1520,0.00089,0.00088,-0.098
steel,27,7,4612.363,0.28705,0.32633,1.13684,24.0646,21.168,0.1204,0.00304,0.00299,-0.144
steel,27,8,6140.719,0.17348,0.19208,1.10722,39.8187,35.9629,0.0968,0.00015,0.00014,-0.599
steel,27,9,7887.413,0.11041,0.1199,1.08595,62.5646,57.6126,0.0792,0.00024,0.00024,+0.000
steel,27,10,9852.442,0.073331,0.078486,1.07030,94.1997,88.0126,0.0657,9e-05,9e-05,+0.000
steel,27,11,12035.811,0.050474,0.053424,1.05845,136.858,129.301,0.0552,0.00042,0.00041,-0.209
steel,27,12,14437.512,0.035808,0.037574,1.04932,192.911,183.844,0.0470,0.0001,0.0001,+0.000
steel,28,1,41.203,117.38,209.49,1.78472,0.0588495,0.0329742,0.4397,0.12463,0.12247,-0.152
steel,28,2,258.218,16.635,27.293,1.64070,0.415254,0.253096,0.3905,0.30467,0.29938,-0.152
steel,28,3,723.017,4.7928,6.9969,1.45988,1.44128,0.987259,0.3150,0.08586,0.08437,-0.152
steel,28,4,1416.824,1.8982,2.5124,1.32357,3.63911,2.74946,0.2445,0.00113,0.00111,-0.155
steel,28,5,2342.112,0.88422,1.0893,1.23193,7.81226,6.34146,0.1883,4e-05,4e-05,+0.000
steel,28,6,3498.710,0.45977,0.53852,1.17128,15.0244,12.8273,0.1462,0.00202,0.00198,-0.174
steel,28,7,4886.627,0.25963,0.29347,1.13034,26.6062,23.5382,0.1153,0.00222,0.00218,-0.158
steel,28,8,6505.864,0.15644,0.17239,1.10196,44.1559,40.0705,0.0925,0.00026,0.00026,+0.000
steel,28,9,8356.422,0.099344,0.10745,1.08160,69.5337,64.2881,0.0755,0.00099,0.00097,-0.177
steel,28,10,10438.299,0.065869,0.070261,1.06668,104.871,98.3156,0.0625,0.00013,0.00013,+0.000
steel,28,11,12751.496,0.045278,0.047787,1.05541,152.563,144.553,0.0525,0.00013,0.00013,+0.000
steel,28,12,15296.011,0.032089,0.033588,1.04671,215.269,205.661,0.0446,9e-05,9e-05,+0.000
steel,29,1,43.654,110.63,197.23,1.78279,0.0624402,0.0350239,0.4391,0.12571,0.12343,-0.159
steel,29,2,273.572,15.578,25.431,1.63249,0.44343,0.271627,0.3874,0.30552,0.29998,-0.159
steel,29,3,766.010,4.4443,6.4363,1.44821,1.5543,1.07325,0.3095,0.08198,0.0805,-0.158
steel,29,4,1501.073,1.7442,2.289,1.31235,3.96041,3.0178,0.2380,0.0065,0.00638,-0.162
steel,29,5,2481.381,0.80667,0.98612,1.22246,8.5633,7.00498,0.1820,0.00288,0.00282,-0.183
steel,29,6,3706.754,0.41721,0.48546,1.16359,16.557,14.2293,0.1406,0.00262,0.00257,-0.167
steel,29,7,5177.202,0.23467,0.26381,1.12417,29.436,26.1846,0.1104,0.00064,0.00063,-0.137
steel,29,8,6892.724,0.141,0.15466,1.09688,48.9912,44.6641,0.0884,0.00019,0.00019,+0.000
steel,29,9,8853.322,0.089345,0.096268,1.07749,77.3155,71.7555,0.0719,0.00063,0.00062,-0.139
steel,29,10,11058.994,0.059143,0.062882,1.06322,116.798,109.853,0.0595,3e-05,3e-05,+0.000
steel,29,11,13509.741,0.040604,0.042735,1.05248,170.125,161.642,0.0499,0.00034,0.00033,-0.259
steel,29,12,16205.561,0.028748,0.030019,1.04421,240.286,230.113,0.0424,0.00016,0.00016,+0.000
steel,30,1,46.249,104.27,185.66,1.78057,0.0662487,0.0372065,0.4384,0.12684,0.12443,-0.167
steel,30,2,289.839,14.582,23.682,1.62406,0.473718,0.291688,0.3842,0.30635,0.30055,-0.166
steel,30,3,811.559,4.1182,5.9156,1.43645,1.67737,1.16772,0.3038,0.07788,0.0764,-0.167
steel,30,4,1590.331,1.6014,2.0839,1.30130,4.31357,3.31482,0.2315,0.01103,0.01082,-0.167
steel,30,5,2628.932,0.73534,0.89212,1.21321,9.39396,7.74308,0.1757,0.00521,0.00511,-0.168
steel,30,6,3927.169,0.37832,0.43739,1.15614,18.259,15.7931,0.1351,0.0026,0.00255,-0.169
steel,30,7,5485.055,0.21199,0.23704,1.11817,32.5853,29.1417,0.1057,0.00104,0.00102,-0.169
steel,30,8,7302.586,0.12701,0.13871,1.09212,54.3875,49.8,0.0843,1e-05,1e-05,+0.000
steel,30,9,9379.768,0.080317,0.086222,1.07352,86.0061,80.1159,0.0685,0.00039,0.00038,-0.226
steel,30,10,11716.596,0.053084,0.056265,1.05992,130.129,122.772,0.0565,0.00012,0.00012,+0.000
steel,30,11,14313.072,0.0364,0.03821,1.04973,189.773,180.784,0.0474,0.00022,0.00022,+0.000
steel,30,12,17169.193,0.025747,0.026825,1.04187,268.294,257.512,0.0402,7e-05,7e-05,+0.000
steel,31,1,48.999,98.26,174.75,1.77844,0.0703008,0.0395294,0.4377,0.12803,0.1255,-0.173
steel,31,2,307.074,13.645,22.04,1.61524,0.506248,0.313419,0.3809,0.30715,0.30108,-0.173
steel,31,3,859.817,3.8133,5.4326,1.42465,1.81149,1.27154,0.2981,0.07354,0.07208,-0.174
steel,31,4,1684.897,1.4691,1.8956,1.29031,4.70203,3.6441,0.2250,0.01462,0.01433,-0.174
steel,31,5,2785.255,0.66978,0.80656,1.20422,10.3135,8.56447,0.1696,0.00676,0.00663,-0.169
steel,31,6,4160.690,0.34281,0.39388,1.14897,20.1504,17.5377,0.1297,0.00198,0.00194,-0.177
steel,31,7,5811.212,0.19138,0.2129,1.11245,36.0944,32.446,0.1011,0.00209,0.00205,-0.168
steel,31,8,7736.820,0.11436,0.12436,1.08744,60.4036,55.5464,0.0804,0.00018,0.00017,-0.496
steel,31,9,9937.517,0.07217,0.077204,1.06975,95.715,89.4741,0.0652,0.00083,0.00081,-0.212
steel,31,10,12413.299,0.047628,0.050333,1.05679,145.036,137.241,0.0537,1e-05,1e-05,+0.000
steel,31,11,15164.169,0.032621,0.034158,1.04712,211.758,202.229,0.0450,0.00019,0.00018,-0.470
steel,31,12,18190.123,0.023054,0.023968,1.03965,299.634,288.207,0.0381,6e-05,6e-05,+0.000
steel,32,1,51.913,92.589,164.45,1.77613,0.0746066,0.0420052,0.4370,0.12931,0.12664,-0.181
steel,32,2,325.334,12.762,20.499,1.60625,0.541275,0.33698,0.3774,0.30794,0.30159,-0.181
steel,32,3,910.944,3.5283,4.9848,1.41281,1.95781,1.38576,0.2922,0.06897,0.06755,-0.181
steel,32,4,1785.087,1.3465,1.723,1.27961,5.13016,4.00914,0.2185,0.01719,0.01684,-0.179
steel,32,5,2950.876,0.60958,0.72876,1.19551,11.332,9.47878,0.1635,0.00738,0.00723,-0.178
steel,32,6,4408.099,0.31042,0.35453,1.14210,22.2529,19.4843,0.1244,0.00092,0.0009,-0.191
steel,32,7,6156.766,0.17267,0.19115,1.10702,40.0055,36.1379,0.0966,0.00204,0.002,-0.172
steel,32,8,8196.877,0.10291,0.11146,1.08308,67.1242,61.9752,0.0767,0.00019,0.00018,-0.470
steel,32,9,10528.434,0.064823,0.069111,1.06615,106.563,99.9516,0.0620,0.00017,0.00016,-0.527
steel,32,10,13151.435,0.042718,0.045017,1.05382,161.706,153.448,0.0511,0.00011,0.00011,+0.000
steel,32,11,16065.881,0.029226,0.030529,1.04458,236.356,226.269,0.0427,0.0003,0.00029,-0.294
steel,32,12,19271.770,0.020637,0.021411,1.03751,334.727,322.626,0.0362,0.00012,0.00012,+0.000
steel,33,1,55.000,87.237,154.73,1.77367,0.0791838,0.0446439,0.4362,0.13066,0.12785,-0.189
steel,33,2,344.679,11.93,19.053,1.59707,0.579024,0.362555,0.3738,0.3087,0.30206,-0.189
steel,33,3,965.112,3.2621,4.5701,1.40097,2.11758,1.51151,0.2862,0.06419,0.06281,-0.189
steel,33,4,1891.233,1.2332,1.565,1.26906,5.60149,4.4139,0.2120,0.0187,0.0183,-0.188
steel,33,5,3126.344,0.55437,0.65806,1.18704,12.4605,10.4972,0.1576,0.00702,0.00687,-0.188
steel,33,6,4670.217,0.28091,0.31895,1.13542,24.5906,21.6578,0.1193,0.00028,0.00028,+0.000
steel,33,7,6522.866,0.15571,0.17155,1.10173,44.363,40.2667,0.0923,0.00094,0.00092,-0.187
steel,33,8,8684.287,0.09257,0.099868,1.07884,74.622,69.1689,0.0731,3e-05,3e-05,+0.000
steel,33,9,11154.486,0.058201,0.061851,1.06271,118.688,111.684,0.0590,0.00064,0.00063,-0.137
steel,33,10,13933.458,0.038301,0.040254,1.05099,180.354,171.604,0.0485,2e-05,2e-05,+0.000
steel,33,11,17021.207,0.026177,0.027282,1.04221,263.886,253.198,0.0405,5e-05,5e-05,+0.000
steel,34,1,58.270,82.186,145.56,1.77110,0.0840503,0.0474564,0.4354,0.13211,0.12915,-0.197
steel,34,2,365.175,11.148,17.698,1.58755,0.619641,0.390313,0.3701,0.30943,0.30249,-0.197
steel,34,3,1022.500,3.0137,4.1865,1.38916,2.29212,1.65001,0.2801,0.0592,0.05787,-0.197
steel,34,4,2003.692,1.1285,1.4205,1.25875,6.12118,4.8629,0.2056,0.01911,0.01868,-0.198
steel,34,5,3312.246,0.50378,0.59387,1.17883,13.7118,11.6318,0.1517,0.00576,0.00563,-0.198
steel,34,6,4947.923,0.25404,0.28681,1.12900,27.1916,24.0848,0.1143,0.00129,0.00126,-0.204
steel,34,7,6910.735,0.14034,0.15391,1.09669,49.2216,44.8818,0.0882,0.00057,0.00056,-0.154
steel,34,8,9200.682,0.083228,0.089455,1.07482,82.998,77.2204,0.0696,0.00014,0.00013,-0.644
steel,34,9,11817.766,0.052235,0.055341,1.05946,132.244,124.822,0.0561,0.00042,0.00042,+0.000
steel,34,10,14761.984,0.03433,0.035988,1.04830,201.216,191.946,0.0461,9e-05,9e-05,+0.000
steel,34,11,18033.340,0.023439,0.024376,1.03998,294.712,283.383,0.0384,0.00021,0.0002,-0.424
steel,35,1,61.735,77.419,136.9,1.76830,0.0892256,0.0504584,0.4345,0.13365,0.13052,-0.206
steel,35,2,386.889,10.412,16.428,1.57779,0.663442,0.420487,0.3662,0.31012,0.30287,-0.205
steel,35,3,1083.301,2.782,3.8318,1.37735,2.48302,1.80274,0.2740,0.05401,0.05275,-0.205
steel,35,4,2122.838,1.0318,1.2883,1.24859,6.69486,5.36191,0.1991,0.01845,0.01802,-0.205
steel,35,5,3509.203,0.45746,0.53563,1.17088,15.1002,12.8965,0.1459,0.00379,0.0037,-0.209
steel,35,6,5242.143,0.22959,0.2578,1.12287,30.0874,26.795,0.1094,0.00179,0.00175,-0.196
steel,35,7,7321.670,0.12641,0.13803,1.09192,54.6456,50.0453,0.0841,0.00159,0.00155,-0.221
steel,35,8,9747.785,0.074797,0.080106,1.07098,92.3534,86.2327,0.0663,0.00015,0.00015,+0.000
steel,35,9,12520.489,0.046864,0.049505,1.05635,147.4,139.537,0.0533,0.00043,0.00042,-0.204
steel,35,10,15639.780,0.030761,0.032168,1.04574,224.562,214.74,0.0437,4e-05,4e-05,+0.000
steel,35,11,19105.662,0.020982,0.021776,1.03784,329.223,317.219,0.0364,0.00024,0.00023,-0.370
steel,36,1,65.406,72.921,128.74,1.76547,0.0947293,0.0536566,0.4336,0.13529,0.13199,-0.214
steel,36,2,409.895,9.7195,15.239,1.56788,0.710711,0.453295,0.3622,0.31075,0.30318,-0.214
steel,36,3,1147.717,2.5661,3.5043,1.36561,2.69193,1.97122,0.2677,0.04866,0.04747,-0.215
steel,36,4,2249.068,0.9426,1.1676,1.23870,7.32841,5.9162,0.1927,0.01678,0.01637,-0.215
steel,36,5,3717.870,0.4151,0.48285,1.16321,16.6412,14.3062,0.1403,0.00141,0.00138,-0.187
steel,36,6,5553.855,0.20737,0.23162,1.11694,33.3113,29.8237,0.1047,0.00163,0.00159,-0.216
steel,36,7,7757.038,0.11382,0.12375,1.08724,60.6902,55.8202,0.0803,0.00149,0.00145,-0.236
steel,36,8,10327.416,0.067191,0.071715,1.06733,102.808,96.3223,0.0631,0,0,
steel,36,9,13264.994,0.04203,0.044274,1.05339,164.353,156.023,0.0507,0.00047,0.00046,-0.187
steel,36,10,16569.768,0.027555,0.028748,1.04330,250.69,240.286,0.0415,6e-05,6e-05,+0.000
steel,37,1,69.296,68.675,121.04,1.76250,0.100586,0.05707,0.4326,0.13703,0.13355,-0.223
steel,37,2,434.268,9.0683,14.125,1.55762,0.761748,0.489045,0.3580,0.31131,0.30339,-0.224
steel,37,3,1215.964,2.365,3.2022,1.35400,2.92083,2.15719,0.2614,0.04315,0.04206,-0.222
steel,37,4,2382.805,0.86042,1.0575,1.22905,8.02835,6.53216,0.1864,0.01422,0.01386,-0.223
steel,37,5,3938.947,0.37639,0.43503,1.15580,18.3527,15.8788,0.1348,0.00098,0.00095,-0.270
steel,37,6,5884.105,0.18719,0.20802,1.11128,36.9024,33.2072,0.1001,0.00089,0.00087,-0.197
steel,37,7,8218.296,0.10242,0.11091,1.08289,67.4454,62.2825,0.0765,0.00036,0.00035,-0.245
steel,37,8,10941.517,0.060335,0.064187,1.06384,114.49,107.619,0.0600,0.00013,0.00013,+0.000
steel,37,9,14053.771,0.037683,0.039589,1.05058,183.312,174.487,0.0481,0.00032,0.00031,-0.276
steel,37,10,17555.057,0.024676,0.025688,1.04101,279.938,268.91,0.0394,7e-05,7e-05,+0.000
steel,38,1,73.416,64.668,113.77,1.75929,0.106819,0.0607168,0.4316,0.13889,0.13521,-0.233
steel,38,2,460.091,8.4562,13.084,1.54727,0.816886,0.527954,0.3537,0.31177,0.30351,-0.233
steel,38,3,1288.269,2.1779,2.9237,1.34244,3.17175,2.36268,0.2551,0.03754,0.03654,-0.235
steel,38,4,2524.494,0.78477,0.95716,1.21967,8.80227,7.21693,0.1801,0.01095,0.01066,-0.233
steel,38,5,4173.169,0.34106,0.39174,1.14860,20.2538,17.6335,0.1294,0.00297,0.0029,-0.207
steel,38,6,6233.993,0.16887,0.18674,1.10582,40.9058,36.9913,0.0957,0.00013,0.00013,+0.000
steel,38,7,8706.982,0.092127,0.099373,1.07865,74.9808,69.5134,0.0729,0.00092,0.0009,-0.191
steel,38,8,11592.135,0.054157,0.057435,1.06053,127.551,120.271,0.0571,9e-05,8e-05,-1.023
steel,38,9,14889.454,0.033774,0.035392,1.04791,204.529,195.178,0.0457,0.00042,0.00041,-0.209
steel,38,10,18598.938,0.022093,0.02295,1.03879,312.667,300.992,0.0374,0,0,
steel,39,1,77.782,60.887,106.92,1.75604,0.113452,0.0646068,0.4305,0.14087,0.13698,-0.243
steel,39,2,487.450,7.8809,12.11,1.53663,0.876519,0.570417,0.3492,0.31214,0.30352,-0.243
steel,39,3,1364.874,2.004,2.6672,1.33094,3.44698,2.58989,0.2487,0.03185,0.03097,-0.243
steel,39,4,2674.608,0.7152,0.86575,1.21050,9.65849,7.97893,0.1739,0.00717,0.00698,-0.233
steel,39,5,4421.318,0.30883,0.35259,1.14170,22.3675,19.5915,0.1241,0.0042,0.00409,-0.231
steel,39,6,6604.685,0.15226,0.16758,1.10062,45.3682,41.2206,0.0914,0.00101,0.00098,-0.262
steel,39,7,9224.726,0.082828,0.089011,1.07465,83.3988,77.6056,0.0695,0.00134,0.0013,-0.263
steel,39,8,12281.438,0.048594,0.051382,1.05737,142.152,134.439,0.0543,7e-05,7e-05,+0.000
steel,39,9,15774.825,0.030262,0.031635,1.04537,228.265,218.358,0.0434,0.00033,0.00032,-0.267
steel,39,10,19704.885,0.019774,0.0205,1.03671,349.335,336.964,0.0354,6e-05,6e-05,+0.000
steel,40,1,82.407,57.319,100.46,1.75265,0.120514,0.0687612,0.4294,0.14299,0.13887,-0.254
steel,40,2,516.435,7.3405,11.2,1.52578,0.941047,0.616764,0.3446,0.31241,0.3034,-0.254
steel,40,3,1446.033,1.8424,2.4313,1.31964,3.74932,2.84118,0.2422,0.02615,0.0254,-0.253
steel,40,4,2833.648,0.65128,0.78258,1.20160,10.6064,8.8269,0.1678,0.00318,0.00309,-0.249
steel,40,5,4684.223,0.27945,0.3172,1.13509,24.7191,21.7773,0.1190,0.00443,0.0043,-0.259
steel,40,6,6997.419,0.13721,0.15034,1.09569,50.3444,45.9476,0.0873,0.00134,0.0013,-0.263
steel,40,7,9773.255,0.074436,0.079707,1.07081,92.8013,86.6643,0.0661,0.00057,0.00055,-0.310
steel,40,8,13011.729,0.043587,0.045956,1.05435,158.482,150.312,0.0516,0.00011,0.00011,+0.000
steel,40,9,16712.844,0.027107,0.028271,1.04294,254.833,244.341,0.0412,0.00029,0.00028,-0.305
steel,41,1,87.307,53.952,94.359,1.74894,0.128035,0.0732072,0.4282,0.14527,0.1409,-0.265
steel,41,2,547.144,6.833,10.351,1.51485,1.01094,0.667351,0.3399,0.31256,0.30317,-0.265
steel,41,3,1532.019,1.6925,2.2145,1.30842,4.08139,3.11933,0.2357,0.02049,0.01987,-0.267
steel,41,4,3002.146,0.59262,0.70696,1.19294,11.6563,9.77107,0.1617,0.00072,0.0007,-0.245
steel,41,5,4962.762,0.25271,0.28523,1.12869,27.3347,24.2182,0.1140,0.00362,0.00351,-0.268
steel,41,6,7413.509,0.12359,0.13482,1.09086,55.8925,51.2369,0.0833,0.00097,0.00094,-0.273
steel,41,7,10354.404,0.066866,0.071357,1.06716,103.307,96.8056,0.0629,0.00066,0.00064,-0.267
steel,41,8,13785.448,0.039083,0.041096,1.05151,176.746,168.088,0.0490,2e-05,2e-05,+0.000
steel,41,9,17706.645,0.024274,0.025261,1.04066,284.574,273.455,0.0391,0.00039,0.00037,-0.457
steel,42,1,92.499,50.775,88.608,1.74511,0.136046,0.0779586,0.4270,0.14772,0.1431,-0.276
steel,42,2,579.679,6.3568,9.5589,1.50373,1.08667,0.722652,0.3350,0.31258,0.3028,-0.276
steel,42,3,1623.118,1.5535,2.0155,1.29739,4.44658,3.42732,0.2292,0.01494,0.01447,-0.278
steel,42,4,3180.663,0.53882,0.63826,1.18455,12.8202,10.8228,0.1558,0.00421,0.00408,-0.272
steel,42,5,5257.863,0.22839,0.25637,1.12251,30.2454,26.9445,0.1092,0.00198,0.00192,-0.267
steel,42,6,7854.338,0.11126,0.12086,1.08628,62.0866,57.155,0.0794,0.00012,0.00011,-0.756
steel,42,7,10970.109,0.060041,0.063866,1.06371,115.051,108.16,0.0599,0.00111,0.00107,-0.319
steel,42,8,14605.173,0.035033,0.036742,1.04878,197.179,188.007,0.0465,0.0001,0.0001,+0.000
steel,42,9,18759.535,0.021731,0.022568,1.03852,317.876,306.086,0.0371,6e-05,6e-05,+0.000
steel,43,1,97.999,47.777,83.185,1.74111,0.144583,0.0830409,0.4256,0.15036,0.14547,-0.287
steel,43,2,614.148,5.9099,8.8202,1.49244,1.16884,0.783174,0.3300,0.31246,0.30229,-0.287
steel,43,3,1719.633,1.4247,1.8329,1.28652,4.84857,3.76876,0.2227,0.00956,0.00925,-0.286
steel,43,4,3369.794,0.48954,0.5759,1.17641,14.1107,11.9947,0.1500,0.00698,0.00676,-0.278
steel,43,5,5570.511,0.20627,0.23034,1.11669,33.4889,29.9894,0.1045,4e-05,4e-05,+0.000
steel,43,6,8321.381,0.10011,0.10831,1.08191,69.0016,63.7776,0.0757,0.00073,0.00071,-0.241
steel,43,7,11622.424,0.053893,0.057147,1.06038,128.175,120.877,0.0569,0.00033,0.00032,-0.267
steel,43,8,15473.640,0.031392,0.032843,1.04622,220.048,210.327,0.0442,0,0,
steel,43,9,19875.033,0.01945,0.020159,1.03645,355.154,342.664,0.0351,0.00037,0.00036,-0.238
steel,44,1,103.826,44.949,78.071,1.73688,0.15368,0.0884804,0.4243,0.15323,0.14805,-0.299
steel,44,2,650.668,5.4909,8.1321,1.48101,1.25804,0.849443,0.3248,0.3122,0.30164,-0.299
steel,44,3,1821.888,1.3055,1.6656,1.27583,5.29127,4.14731,0.2162,0.00445,0.0043,-0.298
steel,44,4,3570.174,0.44443,0.51935,1.16858,15.543,13.3008,0.1442,0.00877,0.00848,-0.292
steel,44,5,5901.752,0.18619,0.20686,1.11102,37.1006,33.3934,0.0999,0.00189,0.00183,-0.280
steel,44,6,8816.197,0.090039,0.097042,1.07778,76.7196,71.1831,0.0722,0.00105,0.00101,-0.337
steel,44,7,12313.532,0.048356,0.051124,1.05724,142.852,135.118,0.0541,0.00075,0.00072,-0.355
steel,44,8,16393.754,0.028122,0.029352,1.04374,245.635,235.342,0.0419,9e-05,9e-05,+0.000
steel,45,1,110.000,42.28,73.249,1.73247,0.163381,0.0943051,0.4228,0.15633,0.15085,-0.310
steel,45,2,689.358,5.0981,7.4917,1.46951,1.35497,0.922054,0.3195,0.31177,0.30084,-0.310
steel,45,3,1930.223,1.1952,1.5125,1.26548,5.77958,4.56711,0.2097,0.00031,0.0003,-0.285
steel,45,4,3782.467,0.40319,0.46809,1.16097,17.1328,14.7573,0.1386,0.0094,0.00907,-0.310
steel,45,5,6252.688,0.16797,0.1857,1.10555,41.1249,37.1985,0.0955,0.003,0.00289,-0.324
steel,45,6,9340.435,0.080943,0.086917,1.07381,85.341,79.4753,0.0687,0.00064,0.00061,-0.417
steel,45,7,13045.731,0.043373,0.045725,1.05423,159.264,151.072,0.0514,0.00081,0.00078,-0.328
steel,45,8,17368.574,0.025186,0.026229,1.04141,274.27,263.363,0.0398,1e-05,1e-05,+0.000
steel,46,1,116.541,39.762,68.704,1.72788,0.173728,0.100544,0.4213,0.15971,0.15391,-0.321
steel,46,2,730.350,4.7302,6.896,1.45787,1.46035,1.0017,0.3141,0.31114,0.29985,-0.321
steel,46,3,2045.000,1.0934,1.3724,1.25517,6.31768,5.03334,0.2033,0.00462,0.00446,-0.306
steel,46,4,4007.384,0.36552,0.42167,1.15362,18.8984,16.3819,0.1332,0.0088,0.00848,-0.322
steel,46,5,6624.493,0.15145,0.16664,1.10030,45.6108,41.4532,0.0912,0.00301,0.0029,-0.323
steel,46,6,9895.847,0.072735,0.077828,1.07002,94.9715,88.7567,0.0654,0.0002,0.00019,-0.446
steel,46,7,13821.473,0.03889,0.040888,1.05138,177.623,168.943,0.0489,0.0002,0.00019,-0.446
steel,46,8,18401.365,0.022549,0.023433,1.03920,306.344,294.787,0.0377,8e-05,8e-05,+0.000
steel,47,1,123.471,37.386,64.419,1.72308,0.184768,0.107232,0.4196,0.16337,0.15726,-0.331
steel,47,2,773.779,4.3858,6.3425,1.44614,1.57503,1.08912,0.3085,0.31027,0.29866,-0.331
steel,47,3,2166.602,0.99944,1.2444,1.24510,6.91163,5.55107,0.1969,0.0084,0.00809,-0.327
steel,47,4,4245.676,0.33113,0.37965,1.14653,20.8612,18.1951,0.1278,0.00705,0.00678,-0.339
steel,47,5,7018.405,0.13647,0.14949,1.09541,50.6174,46.2088,0.0871,0.00192,0.00185,-0.323
steel,47,6,10484.284,0.065332,0.069671,1.06641,105.733,99.1482,0.0623,0.00081,0.00078,-0.328
steel,47,7,14643.340,0.03486,0.036556,1.04865,198.157,188.964,0.0464,0.00083,0.0008,-0.320
steel,47,8,19495.568,0.020184,0.020933,1.03711,342.239,329.994,0.0358,3e-05,3e-05,+0.000
steel,48,1,130.813,35.145,60.38,1.71803,0.19655,0.114405,0.4179,0.16735,0.16091,-0.341
steel,48,2,819.790,4.0635,5.8286,1.43438,1.69995,1.18515,0.3028,0.30912,0.29722,-0.341
steel,48,3,2295.435,0.91279,1.1276,1.23533,7.56774,6.12607,0.1905,0.01155,0.0111,-0.345
steel,48,4,4498.136,0.29978,0.34166,1.13970,23.0427,20.2182,0.1226,0.00439,0.00422,-0.343
steel,48,5,7435.741,0.12292,0.13406,1.09063,56.1972,51.5273,0.0831,0.00016,0.00016,+0.000
steel,48,6,11107.711,0.05866,0.062353,1.06296,117.759,110.785,0.0592,0.0007,0.00067,-0.380
steel,48,7,15514.076,0.031237,0.032676,1.04607,221.14,211.401,0.0441,0.00016,0.00015,-0.561
steel,49,1,138.591,33.03,56.574,1.71281,0.209136,0.122101,0.4162,0.17166,0.16489,-0.349
steel,49,2,868.537,3.7621,5.3518,1.42256,1.83614,1.29073,0.2970,0.30761,0.29549,-0.349
steel,49,3,2431.929,0.83297,1.021,1.22573,8.29292,6.76568,0.1842,0.01397,0.01342,-0.349
steel,49,4,4765.610,0.27122,0.30733,1.13314,25.4692,22.4767,0.1175,0.00122,0.00118,-0.290
steel,49,5,7877.894,0.11065,0.12018,1.08613,62.4289,57.4784,0.0792,0.00154,0.00148,-0.345
steel,49,6,11768.212,0.052648,0.055791,1.05970,131.206,123.815,0.0563,4e-05,4e-05,+0.000
steel,49,7,16436.594,0.027983,0.029204,1.04363,246.855,236.535,0.0418,0.00071,0.00068,-0.375
steel,50,1,146.832,31.036,52.988,1.70731,0.222572,0.130365,0.4143,0.17633,0.16924,-0.356
steel,50,2,920.183,3.4805,4.91,1.41072,1.9847,1.40687,0.2912,0.30568,0.29339,-0.356
steel,50,3,2576.539,0.75952,0.92388,1.21640,9.0949,7.4769,0.1779,0.01559,0.01497,-0.352
steel,50,4,5048.987,0.24522,0.27632,1.12682,28.1696,24.9991,0.1126,0.00194,0.00186,-0.366
steel,50,5,8346.337,0.099564,0.1077,1.08172,69.38,64.1389,0.0755,0.00242,0.00232,-0.367
steel,50,6,12467.985,0.047236,0.049908,1.05657,146.239,138.41,0.0535,0.00068,0.00065,-0.392
steel,50,7,17413.963,0.02506,0.026095,1.04130,275.649,264.716,0.0397,0.00028,0.00027,-0.316
steel,51,1,155.563,29.155,49.61,1.70159,0.236932,0.139241,0.4123,0.18137,0.17396,-0.362
steel,51,2,974.900,3.2175,4.5009,1.39888,2.14693,1.53475,0.2852,0.30323,0.29084,-0.362
steel,51,3,2729.748,0.692,0.83547,1.20733,9.9823,8.26811,0.1717,0.01635,0.01568,-0.363
steel,51,4,5349.216,0.22157,0.24833,1.12077,31.1764,27.8168,0.1077,0.00454,0.00435,-0.371
steel,51,5,8842.636,0.089544,0.09649,1.07757,77.1437,71.5904,0.0720,0.00204,0.00196,-0.347
steel,51,6,13209.370,0.042365,0.044636,1.05361,163.053,154.757,0.0509,0.00056,0.00054,-0.316
steel,51,7,18449.451,0.022437,0.023314,1.03909,307.873,296.292,0.0376,0.00062,0.00059,-0.431
steel,52,1,164.814,27.381,46.427,1.69559,0.252283,0.148787,0.4102,0.1868,0.17909,-0.366
steel,52,2,1032.870,2.972,4.1225,1.38711,2.32428,1.67562,0.2791,0.30015,0.28776,-0.366
steel,52,3,2892.067,0.62998,0.75503,1.19850,10.965,9.14898,0.1656,0.0162,0.01553,-0.367
steel,52,4,5667.297,0.20008,0.22308,1.11495,34.525,30.9654,0.1031,0.00606,0.00581,-0.366
steel,52,5,9368.447,0.080497,0.086422,1.07361,85.8138,79.9305,0.0686,0.0006,0.00058,-0.294
steel,52,6,13994.841,0.037984,0.039912,1.05076,181.86,173.075,0.0483,0.00017,0.00016,-0.527
steel,52,7,19546.514,0.020083,0.020826,1.03700,343.96,331.689,0.0357,0.00024,0.00023,-0.370
steel,53,1,174.614,25.708,43.431,1.68940,0.268701,0.159051,0.4081,0.19261,0.18463,-0.368
steel,53,2,1094.288,2.7432,3.7727,1.37529,2.51814,1.83098,0.2729,0.29629,0.28402,-0.367
steel,53,3,3064.038,0.57307,0.68193,1.18996,12.0539,10.1297,0.1596,0.01514,0.01451,-0.369
steel,53,4,6004.292,0.18057,0.20032,1.10938,38.2553,34.4836,0.0986,0.00618,0.00592,-0.373
steel,53,5,9925.524,0.072332,0.077383,1.06983,95.5007,89.2671,0.0653,0.0011,0.00105,-0.404
steel,53,6,14827.018,0.034045,0.035682,1.04808,202.901,193.592,0.0459,0.00065,0.00062,-0.410
steel,54,1,184.997,24.13,40.61,1.68297,0.286272,0.1701,0.4058,0.19879,0.19057,-0.367
steel,54,2,1159.358,2.5299,3.4497,1.36357,2.73045,2.00242,0.2666,0.29152,0.27947,-0.367
steel,54,3,3246.235,0.52091,0.61554,1.18166,13.2609,11.2223,0.1537,0.01322,0.01267,-0.369
steel,54,4,6361.326,0.16287,0.17981,1.10401,42.4127,38.417,0.0942,0.00483,0.00463,-0.367
steel,54,5,10515.727,0.064969,0.069272,1.06623,106.324,99.7193,0.0621,0.00201,0.00193,-0.353
steel,54,6,15708.677,0.030505,0.031894,1.04553,226.447,216.585,0.0436,0.00026,0.00025,-0.341
steel,55,1,195.998,22.642,37.954,1.67627,0.305086,0.182003,0.4034,0.2053,0.1969,-0.363
steel,55,2,1228.297,2.3313,3.1518,1.35195,2.96305,2.19169,0.2603,0.28564,0.27395,-0.363
steel,55,3,3439.267,0.47314,0.55529,1.17363,14.5998,12.4399,0.1479,0.01053,0.0101,-0.362
steel,55,4,6739.590,0.14683,0.16134,1.09882,47.0459,42.8149,0.0900,0.00233,0.00223,-0.381
steel,55,5,11141.024,0.058332,0.061995,1.06280,118.421,111.424,0.0591,0.00152,0.00146,-0.350
steel,55,6,16642.764,0.027325,0.028503,1.04311,252.8,242.352,0.0413,0.00046,0.00044,-0.386
steel,56,1,207.652,21.239,35.455,1.66933,0.325239,0.194832,0.4009,0.21211,0.20359,-0.356
steel,56,2,1301.335,2.1466,2.8773,1.34040,3.218,2.40078,0.2540,0.27847,0.26729,-0.356
steel,56,3,3643.776,0.42944,0.50066,1.16584,16.0855,13.7973,0.1423,0.00723,0.00694,-0.356
steel,56,4,7140.346,0.13229,0.14472,1.09396,52.2168,47.7319,0.0859,0.00068,0.00065,-0.392
steel,56,5,11803.503,0.052354,0.05547,1.05952,131.943,124.531,0.0562,3e-05,3e-05,+0.000
steel,56,6,17632.393,0.02447,0.025469,1.04083,282.295,271.222,0.0392,0.00045,0.00043,-0.395
steel,57,1,220.000,19.917,33.104,1.66210,0.346827,0.208668,0.3983,0.21913,0.21057,-0.346
steel,57,2,1378.717,1.9749,2.6246,1.32898,3.49777,2.63193,0.2475,0.26982,0.25927,-0.346
steel,57,3,3860.446,0.38949,0.45116,1.15834,17.7354,15.3111,0.1367,0.00355,0.00341,-0.349
steel,57,4,7564.934,0.11913,0.12976,1.08923,57.985,53.2349,0.0819,0.00332,0.00319,-0.347
steel,57,5,12505.376,0.046971,0.04962,1.05640,147.064,139.213,0.0534,0.00146,0.00141,-0.303
steel,57,6,18680.869,0.021907,0.022754,1.03866,315.322,303.584,0.0372,0.00026,0.00025,-0.341
steel,58,1,233.082,18.671,30.893,1.65460,0.369972,0.223603,0.3956,0.22628,0.21774,-0.334
steel,58,2,1460.699,1.8154,2.3921,1.31767,3.80509,2.88774,0.2411,0.2595,0.24971,-0.334
steel,58,3,4090.000,0.35301,0.40634,1.15107,19.5682,16.9999,0.1313,0.00023,0.00022,-0.386
steel,58,4,8014.768,0.10723,0.11632,1.08477,64.42,59.3858,0.0781,0.00474,0.00457,-0.317
steel,58,5,13248.984,0.042126,0.044378,1.05346,163.978,155.657,0.0507,0.00159,0.00153,-0.334
steel,58,6,19791.691,0.019608,0.020325,1.03657,352.293,339.865,0.0353,0.00048,0.00046,-0.370
steel,59,1,246.942,17.496,28.814,1.64689,0.394819,0.239736,0.3928,0.23343,0.225,-0.319
steel,59,2,1547.557,1.6675,2.1785,1.30645,4.14258,3.17088,0.2346,0.24736,0.23842,-0.320
steel,59,3,4333.205,0.31972,0.36579,1.14409,21.6056,18.8845,0.1259,0.00377,0.00363,-0.329
steel,59,4,8491.352,0.096469,0.10423,1.08045,71.606,66.2742,0.0745,0.00444,0.00428,-0.319
steel,59,5,14036.811,0.037769,0.039682,1.05065,182.895,174.078,0.0482,0.00029,0.00028,-0.305
steel,60,1,261.626,16.39,26.86,1.63880,0.421462,0.257176,0.3898,0.24045,0.23219,-0.304
steel,60,2,1639.579,1.5303,1.9824,1.29543,4.51399,3.48454,0.2281,0.23327,0.22525,-0.304
steel,60,3,4590.870,0.28938,0.32913,1.13736,23.8709,20.9879,0.1208,0.00671,0.00648,-0.303
steel,60,4,8996.272,0.086749,0.093373,1.07636,79.6292,73.9802,0.0709,0.0025,0.00241,-0.318
steel,60,5,14871.481,0.033852,0.035475,1.04794,204.058,194.722,0.0458,0.0012,0.00116,-0.294
steel,61,1,277.183,15.347,25.024,1.63055,0.450105,0.276045,0.3867,0.24719,0.23914,-0.288
steel,61,2,1737.074,1.4032,1.8026,1.28464,4.92286,3.83211,0.2216,0.21719,0.21012,-0.287
steel,61,3,4863.858,0.26175,0.29601,1.13089,26.3907,23.3362,0.1157,0.00874,0.00846,-0.283
steel,61,4,9531.220,0.077973,0.083623,1.07246,88.5916,82.6059,0.0676,0.00034,0.00033,-0.259
steel,61,5,15755.788,0.030331,0.031709,1.04543,227.746,217.848,0.0434,0.00135,0.00131,-0.261
steel,62,1,293.665,14.365,23.3,1.62200,0.480874,0.29647,0.3835,0.2535,0.24568,-0.272
steel,62,2,1840.366,1.2856,1.6379,1.27404,5.37318,4.21745,0.2151,0.19917,0.19302,-0.272
steel,62,3,5153.077,0.2366,0.2661,1.12468,29.1959,25.9592,0.1108,0.0096,0.0093,-0.276
steel,62,4,10097.975,0.070056,0.074871,1.06873,98.6033,92.2621,0.0643,0.00284,0.00275,-0.280
steel,62,5,16692.674,0.027169,0.028338,1.04303,254.251,243.763,0.0412,0,0,
steel,63,1,311.127,13.44,21.681,1.61317,0.51397,0.318609,0.3801,0.25926,0.25163,-0.259
steel,63,2,1949.800,1.1769,1.4871,1.26357,5.86945,4.64512,0.2086,0.17936,0.17408,-0.260
steel,63,3,5459.495,0.21374,0.23911,1.11870,32.3185,28.8894,0.1061,0.00917,0.0089,-0.260
steel,63,4,10698.432,0.062917,0.067018,1.06518,109.792,103.073,0.0612,0.00383,0.00372,-0.253
steel,63,5,17685.271,0.02433,0.02532,1.04069,283.919,272.818,0.0391,0.00124,0.0012,-0.285
steel,64,1,329.628,12.569,20.162,1.60411,0.549587,0.342613,0.3766,0.26438,0.25688,-0.250
steel,64,2,2065.741,1.0765,1.3492,1.25332,6.41686,5.11989,0.2022,0.15803,0.15355,-0.250
steel,64,3,5784.134,0.19297,0.21476,1.11292,35.797,32.165,0.1015,0.00751,0.00729,-0.258
steel,64,4,11334.595,0.056483,0.059974,1.06181,122.298,115.179,0.0582,0.00282,0.00274,-0.250
steel,64,5,18736.895,0.021782,0.022621,1.03852,317.131,305.369,0.0371,0.00082,0.00079,-0.324
steel,65,1,349.228,11.749,18.738,1.59486,0.587944,0.36865,0.3730,0.26881,0.26134,-0.245
steel,65,2,2188.576,0.98379,1.2232,1.24335,7.02157,5.64728,0.1957,0.13554,0.13178,-0.244
steel,65,3,6128.077,0.17412,0.19282,1.10740,39.6724,35.8249,0.0970,0.00486,0.00472,-0.254
steel,65,4,12008.584,0.050689,0.053658,1.05857,136.277,128.737,0.0553,0.00037,0.00036,-0.238
steel,65,5,19851.049,0.019495,0.020206,1.03647,354.335,341.867,0.0352,0.00066,0.00064,-0.267
steel,66,1,369.994,10.977,17.402,1.58531,0.629294,0.396952,0.3692,0.27255,0.26501,-0.244
steel,66,2,2318.716,0.89837,1.1082,1.23357,7.68921,6.23331,0.1894,0.11233,0.10922,-0.244
steel,66,3,6492.471,0.15702,0.17306,1.10215,43.9928,39.9154,0.0927,0.00165,0.00161,-0.213
steel,66,4,12722.651,0.045472,0.047996,1.05551,151.912,143.924,0.0526,0.00208,0.00202,-0.254
steel,67,1,391.995,10.251,16.151,1.57555,0.673862,0.427698,0.3653,0.27566,0.26793,-0.247
steel,67,2,2456.594,0.81969,1.0034,1.22412,8.42728,6.88435,0.1831,0.08889,0.08639,-0.248
steel,67,3,6878.533,0.14152,0.15527,1.09716,48.8112,44.4887,0.0885,0.00155,0.00151,-0.227
steel,67,4,13479.180,0.040778,0.042923,1.05260,169.399,160.934,0.0500,0.00301,0.00292,-0.264
steel,68,1,415.305,9.5682,14.979,1.56550,0.721949,0.461163,0.3612,0.27824,0.27021,-0.254
steel,68,2,2602.670,0.74731,0.90783,1.21480,9.24349,7.60908,0.1768,0.06572,0.06382,-0.255
steel,68,3,7287.552,0.12749,0.13925,1.09224,54.1827,49.6069,0.0845,0.00417,0.00405,-0.254
steel,68,4,14280.692,0.036557,0.038378,1.04981,188.958,179.993,0.0475,0.00184,0.00178,-0.288
steel,69,1,440.000,8.926,13.883,1.55534,0.773891,0.497569,0.3570,0.28041,0.27199,-0.265
steel,69,2,2757.433,0.68078,0.82086,1.20576,10.1468,8.41527,0.1707,0.04332,0.04202,-0.265
steel,69,3,7720.892,0.11479,0.12485,1.08764,60.1773,55.3284,0.0806,0.00571,0.00554,-0.263
steel,69,4,15129.867,0.032762,0.034308,1.04719,210.847,201.345,0.0451,0.00053,0.00052,-0.165
steel,70,1,466.164,8.3224,12.857,1.54487,0.83002,0.537276,0.3527,0.28228,0.2734,-0.278
steel,70,2,2921.399,0.61968,0.74175,1.19699,11.1473,9.31278,0.1646,0.02217,0.02147,-0.279
steel,70,3,8180.001,0.1033,0.1119,1.08325,66.8708,61.7315,0.0768,0.00588,0.0057,-0.270
steel,70,4,16029.537,0.029353,0.030664,1.04466,235.334,225.272,0.0428,0.00225,0.00218,-0.275
steel,71,1,493.883,7.7552,11.898,1.53420,0.890726,0.580581,0.3482,0.284,0.27461,-0.292
steel,71,2,3095.114,0.56363,0.66986,1.18847,12.2558,10.3122,0.1586,0.00269,0.0026,-0.296
steel,71,3,8666.409,0.092921,0.10026,1.07898,74.3401,68.8984,0.0732,0.00467,0.00452,-0.284
steel,71,4,16982.703,0.02629,0.027403,1.04234,262.752,252.08,0.0406,0.00192,0.00186,-0.276
steel,72,1,523.251,7.2225,11.003,1.52343,0.956422,0.627807,0.3436,0.28566,0.27572,-0.308
steel,72,2,3279.159,0.51226,0.60458,1.18022,13.4849,11.4257,0.1527,0.01471,0.0142,-0.306
steel,72,3,9181.739,0.083545,0.089808,1.07497,82.683,76.9169,0.0697,0.00242,0.00234,-0.292
steel,72,4,17992.545,0.023541,0.024484,1.04006,293.435,282.133,0.0385,7e-05,7e-05,+0.000
steel,73,1,554.365,6.7223,10.166,1.51228,1.02759,0.679496,0.3388,0.28738,0.27686,-0.324
steel,73,2,3474.148,0.46522,0.54535,1.17224,14.8484,12.6666,0.1469,0.02969,0.0286,-0.325
steel,73,3,9727.716,0.075083,0.080423,1.07112,92.0016,85.8928,0.0664,0.00026,0.00025,-0.341
steel,73,4,19062.439,0.021074,0.021873,1.03791,327.786,315.812,0.0365,0.00179,0.00172,-0.346
steel,74,1,587.330,6.2528,9.3866,1.50118,1.10475,0.735917,0.3339,0.28924,0.2781,-0.341
steel,74,2,3680.731,0.4222,0.49165,1.16450,16.3613,14.0501,0.1413,0.04192,0.04031,-0.340
steel,74,3,10306.154,0.067449,0.071999,1.06746,102.414,95.9424,0.0632,0.00261,0.00251,-0.339
steel,75,1,622.254,5.8124,8.6597,1.48987,1.18845,0.79769,0.3288,0.29128,0.2795,-0.359
steel,75,2,3899.599,0.38287,0.443,1.15705,18.042,15.5931,0.1357,0.05115,0.04908,-0.359
steel,75,3,10918.990,0.060567,0.064442,1.06398,114.051,107.193,0.0601,0.00392,0.00376,-0.362
steel,76,1,659.255,5.3995,7.9827,1.47841,1.27933,0.865341,0.3236,0.29356,0.28111,-0.376
steel,76,2,4131.482,0.34697,0.39896,1.14984,19.9088,17.3144,0.1303,0.05718,0.05475,-0.377
steel,76,3,11568.269,0.054367,0.057663,1.06063,127.058,119.795,0.0572,0.00378,0.00362,-0.376
steel,77,1,698.456,5.0125,7.3526,1.46685,1.37811,0.939498,0.3183,0.29609,0.28293,-0.395
steel,77,2,4377.152,0.31422,0.35912,1.14289,21.9838,19.2352,0.1250,0.05988,0.05722,-0.395
steel,77,3,12256.153,0.048783,0.051587,1.05748,141.602,133.905,0.0544,0.00229,0.00219,-0.388
steel,78,1,739.989,4.65,6.7667,1.45520,1.48554,1.02085,0.3128,0.29889,0.28499,-0.414
steel,78,2,4637.431,0.28436,0.3231,1.13624,24.2923,21.3796,0.1199,0.05923,0.05648,-0.413
steel,78,3,12984.941,0.043757,0.04614,1.05446,157.866,149.713,0.0517,3e-05,3e-05,+0.000
steel,79,1,783.991,4.3107,6.2224,1.44348,1.60247,1.11014,0.3072,0.30196,0.28727,-0.433
steel,79,2,4913.187,0.25718,0.29056,1.12979,26.8596,23.7739,0.1149,0.05534,0.05265,-0.433
steel,79,3,13757.066,0.039235,0.04126,1.05161,176.061,167.42,0.0491,0.00205,0.00195,-0.434
steel,80,1,830.609,3.9933,5.7172,1.43170,1.72984,1.20824,0.3015,0.3053,0.28978,-0.453
steel,80,2,5205.340,0.23245,0.26118,1.12360,29.7172,26.4483,0.1100,0.04845,0.04599,-0.453
steel,80,3,14575.104,0.03517,0.036889,1.04888,196.41,187.258,0.0466,0.00301,0.00286,-0.444
steel,81,1,880.000,3.6965,5.2486,1.41988,1.86873,1.31611,0.2957,0.30891,0.29253,-0.473
steel,81,2,5514.866,0.20997,0.23467,1.11764,32.8988,29.436,0.1053,0.03899,0.03692,-0.474
steel,81,3,15441.784,0.031516,0.032974,1.04626,219.182,209.491,0.0442,0.00241,0.00228,-0.482
steel,82,1,932.328,3.4192,4.8144,1.40805,2.02028,1.43481,0.2898,0.31279,0.2955,-0.494
steel,82,2,5842.797,0.18955,0.21077,1.11195,36.4429,32.7739,0.1007,0.02754,0.02602,-0.493
steel,82,3,16360.002,0.028233,0.02947,1.04381,244.67,234.4,0.0420,0.00057,0.00054,-0.470
steel,83,1,987.767,3.1602,4.4124,1.39624,2.18586,1.56553,0.2838,0.31696,0.29873,-0.515
steel,83,2,6190.228,0.17101,0.18922,1.10649,40.3939,36.5065,0.0962,0.01488,0.01402,-0.517
steel,83,3,17332.818,0.025285,0.026334,1.04149,273.196,262.313,0.0398,0.00145,0.00137,-0.493
steel,84,1,1046.502,2.9187,4.0406,1.38438,2.36672,1.70959,0.2777,0.32143,0.30223,-0.535
steel,84,2,6558.318,0.1542,0.16982,1.10130,44.7974,40.6769,0.0919,0.00193,0.00181,-0.558
steel,84,3,18363.479,0.022639,0.023528,1.03927,305.126,293.597,0.0378,0.00242,0.00228,-0.518
steel,85,1,1108.731,2.6934,3.6971,1.37265,2.5647,1.86843,0.2715,0.32624,0.30604,-0.555
steel,85,2,6948.296,0.13897,0.15234,1.09621,49.7068,45.3443,0.0878,0.01029,0.00965,-0.558
steel,85,3,19455.432,0.020264,0.021017,1.03716,340.888,328.675,0.0358,0.00171,0.0016,-0.578
steel,86,1,1174.659,2.4836,3.38,1.36093,2.78135,2.04371,0.2652,0.33144,0.31021,-0.575
steel,86,2,7361.463,0.12518,0.13662,1.09139,55.1826,50.5618,0.0838,0.0207,0.01937,-0.577
steel,87,1,1244.508,2.2882,3.0875,1.34931,3.01886,2.23733,0.2589,0.33705,0.31478,-0.594
steel,87,2,7799.198,0.1127,0.12248,1.08678,61.2933,56.399,0.0799,0.02832,0.02644,-0.597
steel,88,1,1318.510,2.1065,2.8181,1.33781,3.27926,2.45121,0.2525,0.34311,0.31979,-0.611
steel,88,2,8262.964,0.10141,0.10977,1.08244,68.1171,62.9294,0.0762,0.0323,0.03011,-0.610
steel,89,1,1396.913,1.9377,2.5701,1.32637,3.56492,2.68774,0.2461,0.34966,0.32527,-0.628
steel,89,2,8754.305,0.091213,0.098353,1.07828,75.7321,70.2343,0.0726,0.03214,0.0299,-0.627
steel,90,1,1479.978,1.7809,2.342,1.31507,3.8788,2.94951,0.2396,0.3567,0.33126,-0.643
steel,90,2,9274.862,0.082003,0.088095,1.07429,84.2378,78.4126,0.0691,0.02774,0.02576,-0.643
steel,91,1,1567.982,1.6354,2.1325,1.30396,4.22389,3.23928,0.2331,0.36425,0.33778,-0.655
steel,91,2,9826.375,0.073692,0.078885,1.07047,93.7382,87.5674,0.0658,0.01956,0.01813,-0.659
steel,92,1,1661.219,1.5006,1.9402,1.29295,4.60333,3.56033,0.2266,0.37231,0.34484,-0.666
steel,92,2,10410.681,0.066195,0.070619,1.06683,104.355,97.8172,0.0626,0.00864,0.008,-0.668
steel,93,1,1760.000,1.3757,1.7639,1.28218,5.02127,3.91618,0.2201,0.38086,0.35246,-0.673
steel,93,2,11029.732,0.059437,0.063204,1.06338,116.22,109.293,0.0596,0.00339,0.00314,-0.665
steel,94,1,1864.655,1.2602,1.6025,1.27162,5.48148,4.31061,0.2136,0.38991,0.36065,-0.678
steel,94,2,11685.594,0.053348,0.056553,1.06008,129.485,122.147,0.0567,0.01449,0.0134,-0.679
steel,95,1,1975.533,1.1534,1.4547,1.26123,5.98904,4.74858,0.2071,0.39944,0.36942,-0.679
steel,95,2,12380.458,0.047866,0.050591,1.05693,144.314,136.541,0.0539,0.0225,0.02081,-0.678
steel,96,1,2093.004,1.0548,1.3196,1.25104,6.54888,5.23473,0.2007,0.40944,0.37877,-0.676
steel,96,2,13116.636,0.042932,0.045248,1.05395,160.9,152.664,0.0512,0.02558,0.02366,-0.678
steel,97,1,2217.461,0.96378,1.1962,1.24115,7.16736,5.77475,0.1943,0.41986,0.38867,-0.670
steel,97,2,13896.592,0.038493,0.040461,1.05113,179.455,170.726,0.0486,0.02269,0.02101,-0.668
steel,98,1,2349.318,0.87993,1.0836,1.23146,7.85035,6.37482,0.1879,0.43064,0.39908,-0.661
steel,98,2,14722.928,0.034503,0.036173,1.04840,200.207,190.964,0.0462,0.01409,0.01306,-0.659
steel,99,1,2489.016,0.80273,0.98089,1.22194,8.60533,7.04233,0.1816,0.44171,0.40993,-0.649
steel,99,2,15598.396,0.030916,0.032334,1.04587,223.436,213.638,0.0438,0.00157,0.00146,-0.631
steel,100,1,2637.020,0.73171,0.88736,1.21272,9.44056,7.78461,0.1754,0.45298,0.42113,-0.633
steel,100,2,16525.924,0.027695,0.028897,1.04340,249.422,239.047,0.0416,0.01158,0.01077,-0.630
steel,101,1,2793.826,0.66644,0.80224,1.20377,10.3652,8.61058,0.1693,0.46436,0.43259,-0.616
steel,101,2,17508.609,0.024802,0.025821,1.04109,278.516,267.525,0.0395,0.02131,0.01985,-0.616
steel,102,1,2959.955,0.60653,0.72482,1.19503,11.389,9.5303,0.1632,0.47575,0.44419,-0.596
steel,102,2,18549.725,0.022205,0.023069,1.03891,311.09,299.439,0.0374,0.0239,0.02232,-0.594
steel,103,1,3135.963,0.55157,0.65449,1.18659,12.5238,10.5544,0.1572,0.48704,0.45582,-0.575
steel,103,2,19652.746,0.019875,0.020607,1.03683,347.56,335.214,0.0355,0.01757,0.01644,-0.577
steel,104,1,3322.438,0.50121,0.59063,1.17841,13.7822,11.6956,0.1514,0.49809,0.46731,-0.554
steel,105,1,3520.000,0.45511,0.53269,1.17046,15.1782,12.9677,0.1456,0.49112,0.4785,-0.226
steel,106,1,3729.310,0.41295,0.48018,1.16280,16.7278,14.3858,0.1400,0.45197,0.45197,+0.000
steel,107,1,3951.067,0.37443,0.43262,1.15541,18.4487,15.9673,0.1345,0.41192,0.41192,+0.000
steel,108,1,4186.009,0.33927,0.38956,1.14823,20.3606,17.7322,0.1291,0.37115,0.37115,+0.000
copper,21,1,27.500,19.685,38.758,1.96891,0.350915,0.178228,0.4921,0.14094,0.12799,-0.837
copper,21,2,172.340,3.1045,6.0446,1.94704,2.22508,1.1428,0.4864,0.35491,0.32231,-0.837
copper,21,3,482.556,1.0818,2.059,1.90331,6.38543,3.35491,0.4746,0.12704,0.11537,-0.837
copper,21,4,945.617,0.53274,0.98288,1.84495,12.9665,7.02808,0.4580,0.06028,0.05475,-0.836
copper,21,5,1563.172,0.30791,0.54744,1.77792,22.4343,12.6183,0.4376,0.01943,0.01764,-0.839
copper,21,6,2335.109,0.19524,0.33343,1.70780,35.3808,20.7173,0.4145,0.00521,0.00473,-0.840
copper,21,7,3261.433,0.13146,0.21542,1.63867,52.5464,32.0665,0.3898,0.00555,0.00504,-0.837
copper,21,8,4342.144,0.092323,0.14526,1.57339,74.8216,47.5544,0.3644,0.00034,0.00031,-0.802
copper,21,9,5577.243,0.066909,0.10126,1.51340,103.241,68.218,0.3392,0.00151,0.00138,-0.782
copper,21,10,6966.729,0.049699,0.072528,1.45935,138.992,95.2426,0.3148,4e-05,3e-05,-2.499
copper,21,11,8510.604,0.037663,0.053151,1.41123,183.41,129.965,0.2914,0.00039,0.00036,-0.695
copper,21,12,10208.862,0.029028,0.039731,1.36871,237.969,173.863,0.2694,0.00011,0.0001,-0.828
copper,22,1,29.135,18.577,36.573,1.96872,0.371844,0.188876,0.4921,0.14296,0.12941,-0.865
copper,22,2,182.587,2.9279,5.6963,1.94552,2.35929,1.21267,0.4860,0.35881,0.32481,-0.865
copper,22,3,511.250,1.0188,1.9351,1.89939,6.78029,3.56971,0.4735,0.12519,0.11333,-0.864
copper,22,4,1001.846,0.50072,0.9205,1.83835,13.7956,7.50435,0.4560,0.05095,0.04613,-0.863
copper,22,5,1656.123,0.28869,0.51063,1.76878,23.9279,13.5279,0.4346,0.01902,0.01722,-0.864
copper,22,6,2473.961,0.18255,0.3097,1.69652,37.8403,22.3047,0.4106,0.00554,0.00501,-0.873
copper,22,7,3455.368,0.12255,0.19926,1.62595,56.3668,34.667,0.3850,0.00488,0.00441,-0.880
copper,22,8,4600.341,0.085809,0.13384,1.55974,80.5015,51.612,0.3589,3e-05,2e-05,-3.522
copper,22,9,5908.883,0.062003,0.092966,1.49938,111.41,74.3041,0.3331,0.00187,0.00169,-0.879
copper,22,10,7380.992,0.045921,0.066373,1.44537,150.427,104.075,0.3081,0.00021,0.00019,-0.869
copper,22,11,9016.669,0.034705,0.048503,1.39758,199.042,142.419,0.2845,0.00052,0.00047,-0.878
copper,22,12,10815.912,0.026679,0.036166,1.35560,258.921,191.001,0.2623,0.0003,0.00027,-0.915
copper,23,1,30.868,17.532,34.511,1.96846,0.394008,0.200161,0.4920,0.14506,0.13088,-0.893
copper,23,2,193.445,2.7612,5.3675,1.94390,2.50172,1.28696,0.4856,0.36279,0.32733,-0.893
copper,23,3,541.651,0.95935,1.8183,1.89535,7.20045,3.79902,0.4724,0.12309,0.11106,-0.893
copper,23,4,1061.419,0.4705,0.86173,1.83152,14.6817,8.01615,0.4540,0.04159,0.03753,-0.892
copper,23,5,1754.601,0.27057,0.47602,1.75932,25.5304,14.5115,0.4316,0.01757,0.01585,-0.895
copper,23,6,2621.071,0.1706,0.28745,1.68494,40.4909,24.0312,0.4065,0.00513,0.00463,-0.891
copper,23,7,3660.835,0.11418,0.18417,1.61298,60.4988,37.5075,0.3800,0.00308,0.00278,-0.890
copper,23,8,4873.892,0.079702,0.12322,1.54601,86.6698,56.0603,0.3531,0.00027,0.00025,-0.668
copper,23,9,6260.245,0.057414,0.085279,1.48533,120.315,81.0018,0.3268,0.00092,0.00083,-0.894
copper,23,10,7819.890,0.042398,0.06069,1.43144,162.926,113.82,0.3014,0.00022,0.0002,-0.828
copper,23,11,9552.830,0.031953,0.044225,1.38406,216.185,156.196,0.2775,0.00059,0.00053,-0.932
copper,23,12,11459.062,0.024499,0.032894,1.34267,281.961,210,0.2552,8e-05,8e-05,+0.000
copper,24,1,32.703,16.546,32.565,1.96815,0.417488,0.212122,0.4919,0.14725,0.13241,-0.923
copper,24,2,204.947,2.6038,5.0571,1.94220,2.65295,1.36595,0.4851,0.36686,0.32987,-0.923
copper,24,3,573.859,0.90324,1.7081,1.89108,7.64775,4.04412,0.4712,0.12072,0.10855,-0.923
copper,24,4,1124.534,0.44201,0.80638,1.82435,15.6281,8.56638,0.4519,0.03231,0.02905,-0.924
copper,24,5,1858.935,0.2535,0.44351,1.74955,27.2495,15.5752,0.4284,0.01516,0.01363,-0.924
copper,24,6,2776.928,0.15936,0.26662,1.67307,43.3469,25.9086,0.4023,0.00407,0.00366,-0.922
copper,24,7,3878.519,0.10632,0.17009,1.59979,64.9714,40.6124,0.3749,0.00064,0.00058,-0.855
copper,24,8,5163.708,0.07398,0.11334,1.53204,93.3733,60.9472,0.3473,0.00042,0.00038,-0.869
copper,24,9,6632.497,0.053125,0.078163,1.47130,130.028,88.3763,0.3203,0.0006,0.00054,-0.915
copper,24,10,8284.884,0.039114,0.055449,1.41763,176.606,124.579,0.2946,1e-05,1e-05,+0.000
copper,24,11,10120.869,0.029395,0.040292,1.37071,234.998,171.442,0.2705,0.00025,0.00023,-0.724
copper,24,12,12140.450,0.022479,0.029896,1.32995,307.298,231.06,0.2481,0.00027,0.00025,-0.668
copper,25,1,34.648,15.615,30.727,1.96779,0.442379,0.224811,0.4918,0.14954,0.13399,-0.954
copper,25,2,217.134,2.4553,4.7643,1.94041,2.81341,1.4499,0.4847,0.37101,0.33242,-0.954
copper,25,3,607.982,0.85029,1.6042,1.88665,8.124,4.30604,0.4700,0.11806,0.10578,-0.954
copper,25,4,1191.402,0.41513,0.75427,1.81695,16.64,9.1582,0.4496,0.02322,0.02081,-0.952
copper,25,5,1969.473,0.23742,0.41297,1.73941,29.0951,16.727,0.4251,0.01196,0.01071,-0.959
copper,25,6,2942.052,0.14879,0.24713,1.66093,46.4262,27.9519,0.3979,0.0025,0.00224,-0.954
copper,25,7,4109.148,0.098945,0.15696,1.58634,69.8141,44.0097,0.3696,0.00176,0.00158,-0.937
copper,25,8,5470.758,0.06862,0.10417,1.51807,100.667,66.3123,0.3413,0.00035,0.00031,-1.054
copper,25,9,7026.886,0.04912,0.07158,1.45725,140.63,96.504,0.3138,0.00151,0.00135,-0.973
copper,25,10,8777.528,0.036055,0.050618,1.40391,191.589,136.468,0.2877,0.00021,0.00018,-1.339
copper,25,11,10722.688,0.02702,0.036681,1.35755,255.653,188.32,0.2634,0.00059,0.00053,-0.932
copper,25,12,12862.359,0.020608,0.027151,1.31750,335.198,254.42,0.2410,0,0,
copper,26,1,36.708,14.736,28.993,1.96749,0.468767,0.238256,0.4917,0.15194,0.13565,-0.985
copper,26,2,230.046,2.3151,4.4879,1.93853,2.98378,1.5392,0.4842,0.37523,0.335,-0.985
copper,26,3,644.135,0.80032,1.5062,1.88200,8.63124,4.58621,0.4687,0.1151,0.10276,-0.985
copper,26,4,1262.247,0.38978,0.7052,1.80923,17.7222,9.79546,0.4473,0.01447,0.01292,-0.984
copper,26,5,2086.584,0.22227,0.3843,1.72898,31.0782,17.9749,0.4216,0.00819,0.00731,-0.987
copper,26,6,3116.997,0.13884,0.22889,1.64859,49.7533,30.1794,0.3934,0.00067,0.0006,-0.958
copper,26,7,4353.491,0.09202,0.14473,1.57281,75.068,47.7286,0.3642,0.00341,0.00305,-0.969
copper,26,8,5796.067,0.063604,0.095664,1.50406,108.606,72.2085,0.3351,0.0001,9e-05,-0.915
copper,26,9,7444.728,0.045381,0.065498,1.44329,152.217,105.465,0.3071,0.00106,0.00095,-0.952
copper,26,10,9299.469,0.033209,0.046171,1.39032,208.009,149.612,0.2807,0.00012,0.00011,-0.756
copper,26,11,11360.294,0.024815,0.033367,1.34463,278.37,207.024,0.2563,0.00014,0.00012,-1.339
copper,26,12,13627.197,0.018878,0.02464,1.30522,365.916,280.347,0.2339,0.00024,0.00021,-1.160
copper,27,1,38.891,13.906,27.356,1.96721,0.496746,0.252513,0.4917,0.15444,0.13738,-1.017
copper,27,2,243.725,2.1827,4.2271,1.93664,3.16478,1.63416,0.4836,0.37954,0.33762,-1.017
copper,27,3,682.437,0.75317,1.4138,1.87713,9.17157,4.88595,0.4673,0.11181,0.09946,-1.017
copper,27,4,1337.304,0.36588,0.65901,1.80116,18.8798,10.482,0.4448,0.0062,0.00552,-1.009
copper,27,5,2210.659,0.208,0.3574,1.71827,33.2104,19.3278,0.4180,0.00411,0.00366,-1.007
copper,27,6,3302.343,0.12949,0.21184,1.63596,53.3459,32.6084,0.3887,0.00112,0.00099,-1.072
copper,27,7,4612.363,0.085525,0.13334,1.55908,80.7688,51.8056,0.3586,0.0038,0.00338,-1.017
copper,27,8,6140.719,0.058911,0.087779,1.49003,117.257,78.6948,0.3289,0.00018,0.00016,-1.023
copper,27,9,7887.413,0.041894,0.059883,1.42939,164.886,115.354,0.3004,0.00031,0.00027,-1.200
copper,27,10,9852.443,0.030562,0.042081,1.37691,226.024,164.154,0.2737,0.00012,0.0001,-1.584
copper,27,11,12035.811,0.022772,0.030329,1.33185,303.344,227.761,0.2492,0.00052,0.00047,-0.878
copper,27,12,14437.512,0.017278,0.022345,1.29326,399.801,309.141,0.2268,0.00013,0.00011,-1.451
copper,28,1,41.203,13.123,25.812,1.96693,0.526385,0.267618,0.4916,0.15705,0.1392,-1.048
copper,28,2,258.218,2.0579,3.9809,1.93445,3.3567,1.73522,0.4831,0.38392,0.34027,-1.048
copper,28,3,723.017,0.70868,1.3267,1.87207,9.74735,5.20672,0.4658,0.10819,0.09589,-1.048
copper,28,4,1416.824,0.34334,0.61555,1.79283,20.1193,11.2221,0.4422,0.00143,0.00127,-1.031
copper,28,5,2342.111,0.19456,0.33216,1.70724,35.5045,20.7965,0.4143,5e-05,5e-05,+0.000
copper,28,6,3498.710,0.1207,0.19591,1.62312,57.2308,35.2598,0.3839,0.00254,0.00225,-1.053
copper,28,7,4886.627,0.079436,0.12275,1.54527,86.96,56.275,0.3529,0.0028,0.00248,-1.054
copper,28,8,6505.864,0.054524,0.080476,1.47597,126.692,85.8362,0.3225,0.00033,0.00029,-1.122
copper,28,9,8356.422,0.038645,0.054704,1.41555,178.749,126.275,0.2936,0.00124,0.0011,-1.041
copper,28,10,10438.299,0.028103,0.038323,1.36366,245.801,180.251,0.2667,0.00016,0.00015,-0.561
copper,28,11,12751.496,0.02088,0.027547,1.31930,330.831,250.763,0.2420,0.00016,0.00014,-1.160
copper,28,12,15296.009,0.015801,0.02025,1.28156,437.172,341.124,0.2197,0.00012,0.0001,-1.584
copper,29,1,43.654,12.384,24.353,1.96649,0.557797,0.283651,0.4915,0.15979,0.14111,-1.080
copper,29,2,273.572,1.94,3.7486,1.93227,3.5607,1.84276,0.4825,0.38837,0.34296,-1.080
copper,29,3,766.010,0.66671,1.2445,1.86663,10.361,5.55063,0.4643,0.10421,0.09203,-1.080
copper,29,4,1501.073,0.32209,0.57467,1.78419,21.4467,12.0204,0.4395,0.00826,0.0073,-1.073
copper,29,5,2481.381,0.18191,0.30851,1.69595,37.9735,22.3907,0.4104,0.00365,0.00323,-1.062
copper,29,6,3706.754,0.11245,0.18105,1.61005,61.4296,38.1539,0.3789,0.00333,0.00294,-1.082
copper,29,7,5177.202,0.07373,0.11291,1.53140,93.6899,61.1793,0.3470,0.00081,0.00072,-1.023
copper,29,8,6892.724,0.050426,0.07372,1.46194,136.988,93.7026,0.3160,0.00024,0.00021,-1.160
copper,29,9,8853.322,0.035618,0.049933,1.40190,193.94,138.34,0.2867,0.0008,0.0007,-1.160
copper,29,10,11058.993,0.02582,0.034873,1.35062,267.535,198.083,0.2596,4e-05,4e-05,+0.000
copper,29,11,13509.741,0.019129,0.025002,1.30702,361.114,276.288,0.2349,0.00043,0.00038,-1.074
copper,29,12,16205.560,0.014438,0.018338,1.27012,478.443,376.691,0.2127,0.0002,0.00018,-0.915
copper,30,1,46.249,11.687,22.977,1.96603,0.591063,0.300638,0.4914,0.16267,0.14313,-1.112
copper,30,2,289.839,1.8287,3.5294,1.93000,3.77741,1.9572,0.4819,0.39289,0.3457,-1.111
copper,30,3,811.559,0.6271,1.167,1.86095,11.0154,5.91924,0.4627,0.09987,0.08788,-1.111
copper,30,4,1590.331,0.30206,0.53623,1.77524,22.8688,12.8821,0.4367,0.01414,0.01244,-1.113
copper,30,5,2628.931,0.17,0.28634,1.68435,40.6339,24.1243,0.4063,0.00669,0.00588,-1.121
copper,30,6,3927.169,0.10469,0.16718,1.59691,65.9829,41.3193,0.3738,0.00334,0.00294,-1.108
copper,30,7,5485.054,0.068386,0.10377,1.51742,101.011,66.5679,0.3410,0.00134,0.00118,-1.104
copper,30,8,7302.585,0.0466,0.067474,1.44794,148.235,102.377,0.3094,1e-05,1e-05,+0.000
copper,30,9,9379.768,0.032802,0.04554,1.38833,210.589,151.685,0.2797,0.0005,0.00044,-1.110
copper,30,10,11716.595,0.023704,0.03171,1.33775,291.417,217.842,0.2525,0.00016,0.00014,-1.160
copper,30,11,14313.071,0.01751,0.022676,1.29503,394.503,304.628,0.2278,0.00028,0.00025,-0.984
copper,30,12,17169.191,0.013182,0.016596,1.25899,524.029,416.23,0.2057,9e-05,8e-05,-1.023
copper,31,1,48.999,11.028,21.678,1.96572,0.626383,0.318653,0.4913,0.16568,0.14527,-1.142
copper,31,2,307.074,1.7237,3.3225,1.92754,4.00752,2.07908,0.4812,0.39747,0.34849,-1.142
copper,31,3,859.817,0.58973,1.094,1.85509,11.7134,6.31422,0.4610,0.09516,0.08343,-1.143
copper,31,4,1684.897,0.28317,0.50008,1.76601,24.3944,13.8133,0.4337,0.01892,0.01659,-1.141
copper,31,5,2785.256,0.1588,0.26558,1.67242,43.4997,26.0101,0.4021,0.00875,0.00767,-1.144
copper,31,6,4160.690,0.097413,0.15425,1.58346,70.912,44.7829,0.3685,0.00256,0.00225,-1.121
copper,31,7,5811.212,0.063385,0.095295,1.50343,108.981,72.4881,0.3349,0.00271,0.00238,-1.128
copper,31,8,7736.820,0.043031,0.061707,1.43401,160.53,111.944,0.3027,0.00023,0.0002,-1.214
copper,31,9,9937.517,0.030184,0.041501,1.37493,228.855,166.448,0.2727,0.00107,0.00094,-1.125
copper,31,10,12413.300,0.021742,0.028811,1.32513,317.715,239.761,0.2454,1e-05,1e-05,+0.000
copper,31,11,15164.170,0.016015,0.020552,1.28330,431.33,336.111,0.2208,0.00024,0.00021,-1.160
copper,31,12,18190.123,0.012025,0.01501,1.24823,574.449,460.21,0.1989,8e-05,7e-05,-1.160
copper,32,1,51.913,10.407,20.452,1.96522,0.66376,0.337754,0.4911,0.16884,0.14753,-1.172
copper,32,2,325.334,1.6246,3.1273,1.92497,4.25197,2.20886,0.4805,0.40209,0.35133,-1.172
copper,32,3,910.944,0.55447,1.0252,1.84897,12.4583,6.73796,0.4592,0.09006,0.07869,-1.172
copper,32,4,1785.087,0.26538,0.46611,1.75639,26.0297,14.82,0.4307,0.02245,0.01962,-1.170
copper,32,5,2950.876,0.14825,0.24615,1.66037,46.5953,28.0632,0.3977,0.00964,0.00842,-1.175
copper,32,6,4408.099,0.090583,0.1422,1.56983,76.2588,48.5777,0.3630,0.0012,0.00105,-1.160
copper,32,7,6156.766,0.058706,0.087437,1.48940,117.667,79.0027,0.3286,0.00266,0.00233,-1.151
copper,32,8,8196.876,0.039704,0.056386,1.42016,173.981,122.508,0.2959,0.00024,0.00021,-1.160
copper,32,9,10528.434,0.027752,0.03779,1.36170,248.91,182.793,0.2656,0.00022,0.00019,-1.273
copper,32,10,13151.434,0.019926,0.026158,1.31276,346.67,264.078,0.2382,0.00014,0.00012,-1.339
copper,32,11,16065.880,0.014635,0.018614,1.27188,472.002,371.105,0.2137,0.00039,0.00034,-1.192
copper,32,12,19271.766,0.010961,0.013566,1.23766,630.212,509.196,0.1920,0.00016,0.00014,-1.160
copper,33,1,55.000,9.8204,19.294,1.96469,0.703409,0.358026,0.4910,0.17216,0.14992,-1.201
copper,33,2,344.679,1.5311,2.9431,1.92221,4.51163,2.3471,0.4798,0.40674,0.3542,-1.201
copper,33,3,965.111,0.52122,0.96041,1.84262,13.2531,7.19251,0.4573,0.08457,0.07365,-1.201
copper,33,4,1891.233,0.24861,0.4342,1.74651,27.7855,15.9092,0.4274,0.02464,0.02145,-1.204
copper,33,5,3126.344,0.13834,0.22798,1.64797,49.9332,30.2998,0.3932,0.00925,0.00806,-1.196
copper,33,6,4670.218,0.084177,0.13099,1.55613,82.0623,52.735,0.3574,0.00037,0.00033,-0.994
copper,33,7,6522.866,0.054333,0.08016,1.47535,127.137,86.1746,0.3222,0.00124,0.00108,-1.200
copper,33,8,8684.287,0.036604,0.051482,1.40646,188.716,134.178,0.2890,4e-05,4e-05,+0.000
copper,33,9,11154.486,0.025495,0.034385,1.34870,270.945,200.894,0.2585,0.00085,0.00074,-1.204
copper,33,10,13933.459,0.018247,0.023733,1.30065,378.569,291.061,0.2311,2e-05,2e-05,+0.000
copper,33,11,17021.207,0.013363,0.016847,1.26072,516.931,410.029,0.2068,7e-05,6e-05,-1.339
copper,34,1,58.270,9.2668,18.202,1.96422,0.74543,0.379505,0.4909,0.17563,0.15246,-1.229
copper,34,2,365.175,1.4428,2.7692,1.91932,4.78774,2.49449,0.4790,0.41138,0.3571,-1.229
copper,34,3,1022.500,0.48984,0.89933,1.83597,14.1021,7.681,0.4553,0.0787,0.06832,-1.229
copper,34,4,2003.692,0.23281,0.40423,1.73631,29.6712,17.0887,0.4241,0.02541,0.02206,-1.228
copper,34,5,3312.246,0.12902,0.21099,1.63533,53.5402,32.7397,0.3885,0.00766,0.00665,-1.228
copper,34,6,4947.923,0.078173,0.12057,1.54235,88.365,57.2925,0.3516,0.00171,0.00149,-1.196
copper,34,7,6910.735,0.050248,0.073427,1.46129,137.473,94.0765,0.3157,0.00076,0.00066,-1.225
copper,34,8,9200.682,0.03372,0.046966,1.39282,204.856,147.08,0.2820,0.00018,0.00016,-1.023
copper,34,9,11817.766,0.023402,0.031262,1.33587,295.178,220.963,0.2514,0.00056,0.00049,-1.160
copper,34,10,14761.984,0.016695,0.021516,1.28877,413.762,321.052,0.2241,0.00012,0.0001,-1.584
copper,34,11,18033.338,0.012192,0.015238,1.24984,566.581,453.324,0.1999,0.00027,0.00024,-1.023
copper,35,1,61.735,8.7442,17.171,1.96370,0.789981,0.402292,0.4908,0.17927,0.15515,-1.255
copper,35,2,386.889,1.3595,2.6052,1.91629,5.0811,2.65153,0.4782,0.41598,0.36002,-1.255
copper,35,3,1083.301,0.46025,0.8418,1.82901,15.0087,8.20593,0.4533,0.07245,0.0627,-1.255
copper,35,4,2122.838,0.21792,0.3761,1.72586,31.6986,18.3668,0.4206,0.02475,0.02142,-1.255
copper,35,5,3509.203,0.12026,0.19512,1.62248,57.4402,35.4026,0.3837,0.00508,0.0044,-1.248
copper,35,6,5242.143,0.072547,0.11088,1.52839,95.2177,62.2994,0.3457,0.0024,0.00208,-1.243
copper,35,7,7321.670,0.046433,0.067204,1.44733,148.768,102.788,0.3091,0.00213,0.00185,-1.224
copper,35,8,9747.784,0.031037,0.042811,1.37935,222.565,161.355,0.2750,0.0002,0.00017,-1.412
copper,35,9,12520.489,0.021463,0.028401,1.32325,321.845,243.222,0.2443,0.00057,0.0005,-1.138
copper,35,10,15639.780,0.015263,0.019493,1.27714,452.582,354.371,0.2170,6e-05,5e-05,-1.584
copper,35,11,19105.660,0.011115,0.013774,1.23923,621.48,501.507,0.1931,0.00032,0.00028,-1.160
copper,36,1,65.406,8.251,16.198,1.96316,0.837202,0.426457,0.4906,0.18307,0.158,-1.279
copper,36,2,409.895,1.2809,2.4505,1.91311,5.39289,2.81892,0.4773,0.42051,0.36292,-1.279
copper,36,3,1147.717,0.43233,0.78761,1.82178,15.978,8.77053,0.4511,0.06584,0.05682,-1.280
copper,36,4,2249.068,0.20391,0.3497,1.71497,33.8765,19.7534,0.4169,0.02271,0.0196,-1.279
copper,36,5,3717.870,0.11203,0.1803,1.60939,61.6599,38.3126,0.3787,0.00191,0.00165,-1.271
copper,36,6,5553.855,0.067279,0.10189,1.51444,102.673,67.7962,0.3397,0.00221,0.00191,-1.267
copper,36,7,7757.038,0.042875,0.061457,1.43340,161.114,112.4,0.3024,0.00201,0.00174,-1.253
copper,36,8,10327.415,0.028544,0.038994,1.36610,242.004,177.149,0.2680,0,0,
copper,36,9,13264.993,0.019668,0.025783,1.31091,351.218,267.919,0.2372,0.00064,0.00055,-1.316
copper,36,10,16569.768,0.013942,0.017649,1.26589,495.464,391.396,0.2100,8e-05,7e-05,-1.160
copper,37,1,69.296,7.7854,15.279,1.96252,0.88727,0.452108,0.4905,0.18704,0.16101,-1.302
copper,37,2,434.268,1.2067,2.3045,1.90975,5.7245,2.99751,0.4764,0.42492,0.36579,-1.302
copper,37,3,1215.964,0.406,0.73659,1.81426,17.0142,9.37802,0.4488,0.0589,0.05071,-1.300
copper,37,4,2382.804,0.19071,0.32495,1.70390,36.2213,21.2579,0.4131,0.01941,0.01671,-1.301
copper,37,5,3938.946,0.1043,0.16648,1.59616,66.2297,41.493,0.3735,0.00134,0.00115,-1.328
copper,37,6,5884.105,0.062348,0.093548,1.50042,110.794,73.8418,0.3335,0.00122,0.00105,-1.303
copper,37,7,8218.296,0.039559,0.056155,1.41953,174.619,123.012,0.2956,0.0005,0.00043,-1.310
copper,37,8,10941.516,0.02623,0.035489,1.35299,263.353,194.645,0.2609,0.00018,0.00016,-1.023
copper,37,9,14053.771,0.018008,0.02339,1.29887,383.594,295.329,0.2301,0.00044,0.00038,-1.273
copper,37,10,17555.057,0.012725,0.015968,1.25485,542.849,432.6,0.2031,0.0001,8e-05,-1.938
copper,38,1,73.416,7.346,14.412,1.96188,0.940342,0.479306,0.4903,0.19118,0.1642,-1.321
copper,38,2,460.091,1.1366,2.1668,1.90639,6.07756,3.188,0.4754,0.42916,0.3686,-1.321
copper,38,3,1288.269,0.38118,0.68856,1.80639,18.122,10.0322,0.4464,0.05167,0.04438,-1.321
copper,38,4,2524.494,0.17828,0.30174,1.69251,38.7467,22.8931,0.4092,0.01507,0.01294,-1.324
copper,38,5,4173.169,0.097048,0.1536,1.58272,71.1787,44.9724,0.3682,0.00409,0.00352,-1.304
copper,38,6,6233.993,0.057737,0.085818,1.48636,119.642,80.4931,0.3272,0.00019,0.00016,-1.493
copper,38,7,8706.982,0.036469,0.051269,1.40582,189.414,134.736,0.2887,0.00127,0.00109,-1.328
copper,38,8,11592.134,0.024083,0.032274,1.34012,286.831,214.035,0.2538,0.00012,0.0001,-1.584
copper,38,9,14889.455,0.016475,0.021203,1.28698,419.287,325.791,0.2230,0.00057,0.00049,-1.314
copper,38,10,18598.938,0.011605,0.014438,1.24412,595.24,478.443,0.1962,0,0,
copper,39,1,77.782,6.9313,13.594,1.96125,0.996603,0.508147,0.4901,0.19549,0.16758,-1.338
copper,39,2,487.450,1.0705,2.0368,1.90266,6.45283,3.39147,0.4744,0.43318,0.37132,-1.338
copper,39,3,1364.874,0.35776,0.64336,1.79830,19.3083,10.737,0.4439,0.04421,0.03789,-1.340
copper,39,4,2674.608,0.16659,0.28001,1.68083,41.4656,24.6697,0.4051,0.00996,0.00853,-1.346
copper,39,5,4421.318,0.09024,0.1416,1.56915,76.5487,48.7836,0.3627,0.00583,0.005,-1.334
copper,39,6,6604.685,0.053428,0.078662,1.47230,129.291,87.8157,0.3208,0.0014,0.0012,-1.339
copper,39,7,9224.726,0.033594,0.04677,1.39221,205.625,147.696,0.2817,0.00186,0.00159,-1.362
copper,39,8,12281.438,0.022094,0.029328,1.32742,312.653,235.534,0.2467,0.0001,8e-05,-1.938
copper,39,9,15774.826,0.01506,0.019208,1.27543,458.682,359.629,0.2160,0.00045,0.00039,-1.243
copper,39,10,19704.887,0.010575,0.013047,1.23376,653.216,529.452,0.1894,8e-05,7e-05,-1.160
copper,40,1,82.407,6.5398,12.821,1.96046,1.05626,0.538784,0.4899,0.19999,0.17114,-1.353
copper,40,2,516.435,1.0082,1.9142,1.89863,6.85157,3.60869,0.4733,0.43693,0.37391,-1.353
copper,40,3,1446.033,0.33569,0.60082,1.78981,20.5778,11.4972,0.4413,0.03658,0.0313,-1.354
copper,40,4,2833.648,0.15558,0.25965,1.66892,44.4,26.6041,0.4008,0.00445,0.00381,-1.349
copper,40,5,4684.223,0.083856,0.13043,1.55540,82.3764,52.9614,0.3571,0.00619,0.0053,-1.348
copper,40,6,6997.419,0.049402,0.072042,1.45828,139.827,95.8851,0.3143,0.00187,0.0016,-1.354
copper,40,7,9773.255,0.03092,0.042632,1.37878,223.407,162.032,0.2747,0.00079,0.00068,-1.302
copper,40,8,13011.728,0.020252,0.026631,1.31498,341.09,259.388,0.2396,0.00015,0.00013,-1.243
copper,40,9,16712.844,0.013755,0.017389,1.26419,502.2,397.249,0.2090,0.0004,0.00035,-1.160
copper,41,1,87.307,6.1703,12.092,1.95971,1.11952,0.571267,0.4897,0.20466,0.17491,-1.364
copper,41,2,547.144,0.94932,1.7986,1.89462,7.27653,3.84063,0.4722,0.44035,0.37634,-1.364
copper,41,3,1532.019,0.31488,0.56082,1.78106,21.9377,12.3172,0.4385,0.02887,0.02467,-1.366
copper,41,4,3002.146,0.14523,0.2406,1.65668,47.5642,28.7105,0.3964,0.00101,0.00086,-1.396
copper,41,5,4962.762,0.077872,0.12005,1.54163,88.7065,57.5406,0.3513,0.0051,0.00436,-1.362
copper,41,6,7413.508,0.045644,0.065924,1.44431,151.34,104.784,0.3076,0.00137,0.00117,-1.371
copper,41,7,10354.404,0.028436,0.038829,1.36549,242.923,177.902,0.2677,0.00093,0.00079,-1.417
copper,41,8,13785.447,0.018548,0.024165,1.30284,372.426,285.858,0.2324,3e-05,3e-05,+0.000
copper,41,9,17706.645,0.012553,0.015731,1.25317,550.287,439.117,0.2021,0.00054,0.00047,-1.206
copper,42,1,92.499,5.8216,11.404,1.95891,1.18657,0.605731,0.4895,0.20953,0.1789,-1.373
copper,42,2,579.679,0.89377,1.6895,1.89031,7.72878,4.08864,0.4710,0.44337,0.37855,-1.373
copper,42,3,1623.117,0.29526,0.5232,1.77200,23.3955,13.2029,0.4357,0.02119,0.01809,-1.374
copper,42,4,3180.662,0.1355,0.22279,1.64421,50.9797,31.0057,0.3918,0.00597,0.0051,-1.368
copper,42,5,5257.863,0.072265,0.1104,1.52771,95.5892,62.5702,0.3454,0.00281,0.0024,-1.370
copper,42,6,7854.338,0.04214,0.060276,1.43037,163.924,114.602,0.3009,0.00016,0.00014,-1.160
copper,42,7,10970.108,0.026129,0.035337,1.35241,264.371,195.482,0.2606,0.00157,0.00134,-1.376
copper,42,8,14605.171,0.016973,0.021911,1.29093,406.985,315.264,0.2254,0.00015,0.00013,-1.243
copper,42,9,18759.535,0.011446,0.014222,1.24253,603.508,485.709,0.1952,9e-05,8e-05,-1.023
copper,43,1,97.999,5.4924,10.755,1.95816,1.25769,0.642283,0.4893,0.21459,0.18311,-1.378
copper,43,2,614.148,0.84135,1.5867,1.88590,8.21032,4.35354,0.4697,0.44593,0.3805,-1.378
copper,43,3,1719.633,0.27677,0.48784,1.76262,24.9585,14.1599,0.4327,0.01365,0.01165,-1.376
copper,43,4,3369.794,0.12635,0.20614,1.63150,54.6716,33.51,0.3871,0.00996,0.0085,-1.377
copper,43,5,5570.511,0.067015,0.10144,1.51369,103.078,68.097,0.3394,6e-05,5e-05,-1.584
copper,43,6,8321.381,0.038873,0.055067,1.41659,177.701,125.443,0.2941,0.00104,0.00089,-1.353
copper,43,7,11622.425,0.02399,0.032135,1.33952,287.943,214.96,0.2535,0.00048,0.00041,-1.369
copper,43,8,15473.640,0.015519,0.019854,1.27934,445.116,347.928,0.2183,0,0,
copper,43,9,19875.033,0.010429,0.012851,1.23224,662.36,537.527,0.1884,0.00053,0.00045,-1.421
copper,44,1,103.826,5.1817,10.142,1.95727,1.33311,0.681104,0.4891,0.21986,0.18755,-1.381
copper,44,2,650.668,0.79189,1.4897,1.88120,8.72312,4.63701,0.4684,0.44796,0.38213,-1.381
copper,44,3,1821.888,0.25934,0.45461,1.75295,26.6359,15.1949,0.4295,0.00639,0.00545,-1.382
copper,44,4,3570.173,0.11775,0.19059,1.61860,58.6646,36.2441,0.3822,0.01259,0.01074,-1.380
copper,44,5,5901.752,0.062102,0.093133,1.49968,111.232,74.1709,0.3332,0.00271,0.00231,-1.387
copper,44,6,8816.197,0.035831,0.050267,1.40289,192.787,137.421,0.2872,0.0015,0.00128,-1.378
copper,44,7,12313.531,0.022007,0.029201,1.32690,313.889,236.559,0.2464,0.00107,0.00092,-1.312
copper,44,8,16393.752,0.014178,0.017977,1.26795,487.216,384.255,0.2113,0.00013,0.00011,-1.451
copper,45,1,110.000,4.8884,9.5634,1.95635,1.41309,0.722312,0.4888,0.22534,0.19223,-1.380
copper,45,2,689.358,0.74521,1.3982,1.87625,9.26954,4.94046,0.4670,0.44938,0.38336,-1.380
copper,45,3,1930.223,0.24292,0.42339,1.74292,28.4363,16.3153,0.4263,0.00044,0.00038,-1.273
copper,45,4,3782.467,0.10968,0.17608,1.60540,62.981,39.2308,0.3771,0.01355,0.01156,-1.380
copper,45,5,6252.688,0.057507,0.085434,1.48563,120.12,80.8549,0.3269,0.00432,0.00369,-1.369
copper,45,6,9340.436,0.033,0.045848,1.38933,209.326,150.666,0.2802,0.00092,0.00078,-1.434
copper,45,7,13045.731,0.020172,0.026515,1.31445,342.443,260.523,0.2392,0.00117,0.001,-1.364
copper,45,8,17368.574,0.012943,0.016267,1.25682,533.706,424.648,0.2044,1e-05,1e-05,+0.000
copper,46,1,116.541,4.6116,9.0174,1.95537,1.49791,0.766047,0.4886,0.23104,0.19717,-1.377
copper,46,2,730.350,0.70117,1.3119,1.87102,9.85175,5.26546,0.4655,0.45011,0.38412,-1.377
copper,46,3,2045.000,0.22745,0.39409,1.73264,30.3704,17.5284,0.4228,0.00669,0.00571,-1.376
copper,46,4,4007.384,0.10209,0.16255,1.59222,67.6634,42.4962,0.3719,0.01273,0.01086,-1.380
copper,46,5,6624.493,0.053212,0.078306,1.47159,129.816,88.2149,0.3205,0.00435,0.00372,-1.359
copper,46,6,9895.848,0.030368,0.041784,1.37592,227.468,165.321,0.2732,0.00029,0.00025,-1.289
copper,46,7,13821.473,0.018474,0.024058,1.30226,373.918,287.129,0.2321,0.00029,0.00024,-1.644
copper,46,8,18401.365,0.011805,0.01471,1.24608,585.155,469.596,0.1975,0.00012,0.0001,-1.584
copper,47,1,123.471,4.3504,8.502,1.95430,1.58784,0.812486,0.4883,0.23697,0.20236,-1.371
copper,47,2,773.778,0.65962,1.2306,1.86562,10.4723,5.61332,0.4640,0.45006,0.38432,-1.372
copper,47,3,2166.602,0.21288,0.36658,1.72200,32.4491,18.8438,0.4193,0.01219,0.01041,-1.371
copper,47,4,4245.675,0.094972,0.14993,1.57868,72.7346,46.0732,0.3666,0.01022,0.00873,-1.369
copper,47,5,7018.405,0.049201,0.071713,1.45755,140.399,96.325,0.3139,0.00279,0.00238,-1.381
copper,47,6,10484.284,0.027923,0.03805,1.36268,247.386,181.544,0.2661,0.00118,0.00101,-1.351
copper,47,7,14643.339,0.016905,0.021814,1.29039,408.622,316.666,0.2250,0.00121,0.00103,-1.399
copper,47,8,19495.564,0.010759,0.013294,1.23562,642.044,519.614,0.1907,5e-05,4e-05,-1.938
copper,48,1,130.813,4.1038,8.0155,1.95319,1.68326,0.8618,0.4880,0.24314,0.2078,-1.364
copper,48,2,819.790,0.62041,1.154,1.86006,11.1342,5.98592,0.4624,0.44912,0.38385,-1.364
copper,48,3,2295.435,0.19915,0.34077,1.71112,34.6862,20.271,0.4156,0.01678,0.01434,-1.365
copper,48,4,4498.136,0.088293,0.13819,1.56513,78.2367,49.9874,0.3611,0.00638,0.00545,-1.368
copper,48,5,7435.740,0.045457,0.06562,1.44356,151.962,105.269,0.3073,0.00024,0.0002,-1.584
copper,48,6,11107.711,0.025654,0.034623,1.34961,269.266,199.513,0.2590,0.00101,0.00086,-1.396
copper,48,7,15514.076,0.015456,0.019765,1.27879,446.93,349.494,0.2180,0.00023,0.0002,-1.214
copper,49,1,138.591,3.871,7.5564,1.95205,1.78449,0.91416,0.4877,0.24956,0.2135,-1.356
copper,49,2,868.537,0.58342,1.0817,1.85407,11.8401,6.38602,0.4607,0.4472,0.38259,-1.355
copper,49,3,2431.929,0.18623,0.31658,1.69994,37.0926,21.8199,0.4117,0.02031,0.01738,-1.353
copper,49,4,4765.609,0.082031,0.12726,1.55136,84.2091,54.2806,0.3554,0.00178,0.00152,-1.372
copper,49,5,7877.894,0.041965,0.059996,1.42967,164.608,115.137,0.3005,0.00224,0.00192,-1.339
copper,49,6,11768.212,0.023549,0.03148,1.33679,293.335,219.433,0.2519,6e-05,5e-05,-1.584
copper,49,7,16436.594,0.01412,0.017896,1.26742,489.218,385.994,0.2110,0.00103,0.00088,-1.367
copper,50,1,146.832,3.6513,7.1231,1.95084,1.89186,0.969768,0.4874,0.25622,0.21945,-1.346
copper,50,2,920.183,0.54852,1.0136,1.84788,12.5934,6.81507,0.4589,0.44418,0.38042,-1.346
copper,50,3,2576.538,0.17407,0.2939,1.68840,39.6838,23.5038,0.4077,0.02266,0.0194,-1.349
copper,50,4,5048.987,0.076161,0.1171,1.53753,90.6994,58.9902,0.3496,0.00282,0.00242,-1.329
copper,50,5,8346.337,0.03871,0.054808,1.41586,178.449,126.036,0.2937,0.00352,0.00301,-1.360
copper,50,6,12467.985,0.021599,0.028601,1.32418,319.818,241.521,0.2448,0.00099,0.00085,-1.324
copper,50,7,17413.963,0.012889,0.016194,1.25642,535.942,426.563,0.2040,0.00041,0.00035,-1.374
copper,51,1,155.563,3.444,6.7141,1.94951,2.00574,1.02884,0.4871,0.26315,0.22563,-1.336
copper,51,2,974.900,0.5156,0.94948,1.84151,13.3975,7.2753,0.4570,0.43994,0.37722,-1.336
copper,51,3,2729.748,0.16262,0.27266,1.67667,42.4779,25.3347,0.4036,0.02372,0.02033,-1.340
copper,51,4,5349.216,0.070663,0.10766,1.52357,97.7563,64.1627,0.3436,0.00659,0.00565,-1.337
copper,51,5,8842.637,0.035679,0.050028,1.40217,193.608,138.078,0.2868,0.00297,0.00254,-1.358
copper,51,6,13209.370,0.019794,0.025966,1.31181,348.982,266.031,0.2377,0.00082,0.0007,-1.374
copper,51,7,18449.451,0.011756,0.014643,1.24558,587.594,471.745,0.1972,0.0009,0.00077,-1.355
copper,52,1,164.814,3.2483,6.3281,1.94813,2.12658,1.0916,0.4867,0.27033,0.23203,-1.327
copper,52,2,1032.870,0.48455,0.88903,1.83475,14.256,7.76999,0.4550,0.43436,0.37283,-1.327
copper,52,3,2892.067,0.15186,0.25278,1.66456,45.4877,27.3271,0.3993,0.02344,0.02012,-1.327
copper,52,4,5667.296,0.065515,0.098897,1.50953,105.438,69.848,0.3375,0.00878,0.00753,-1.334
copper,52,5,9368.447,0.032859,0.045628,1.38860,210.224,151.393,0.2799,0.00087,0.00075,-1.289
copper,52,6,13994.841,0.018125,0.023557,1.29970,381.118,293.236,0.2306,0.00025,0.00021,-1.514
copper,52,7,19546.512,0.010714,0.013233,1.23511,644.741,522.01,0.1904,0.00034,0.00029,-1.382
copper,53,1,174.614,3.0635,5.9638,1.94673,2.25486,1.15828,0.4863,0.27777,0.23864,-1.319
copper,53,2,1094.288,0.45525,0.8321,1.82779,15.1735,8.30159,0.4529,0.42731,0.3671,-1.319
copper,53,3,3064.038,0.14173,0.23417,1.65223,48.7388,29.4989,0.3948,0.02183,0.01876,-1.316
copper,53,4,6004.292,0.060699,0.090775,1.49549,113.803,76.0975,0.3313,0.00891,0.00765,-1.324
copper,53,5,9925.523,0.030237,0.041582,1.37520,228.454,166.124,0.2728,0.00158,0.00136,-1.302
copper,53,6,14827.017,0.016582,0.021356,1.28790,416.582,323.457,0.2235,0.00093,0.0008,-1.308
copper,54,1,184.997,2.8892,5.6199,1.94514,2.39089,1.22916,0.4859,0.28547,0.24542,-1.313
copper,54,2,1159.358,0.42762,0.77848,1.82049,16.154,8.87339,0.4507,0.41864,0.35991,-1.313
copper,54,3,3246.235,0.1322,0.21678,1.63979,52.2523,31.8653,0.3901,0.01898,0.01632,-1.312
copper,54,4,6361.325,0.056195,0.08325,1.48145,122.925,82.976,0.3250,0.00694,0.00596,-1.322
copper,54,5,10515.726,0.027801,0.037865,1.36200,248.471,182.431,0.2658,0.00288,0.00248,-1.299
copper,54,6,15708.676,0.015159,0.019347,1.27627,455.687,357.045,0.2165,0.00037,0.00032,-1.261
copper,55,1,195.998,2.7246,5.2954,1.94355,2.53533,1.30448,0.4855,0.29342,0.25235,-1.310
copper,55,2,1228.297,0.40156,0.72799,1.81290,17.2023,9.4888,0.4484,0.40824,0.35109,-1.310
copper,55,3,3439.266,0.12325,0.20053,1.62702,56.0467,34.4475,0.3854,0.01504,0.01294,-1.306
copper,55,4,6739.589,0.051987,0.076285,1.46739,132.875,90.5519,0.3185,0.00333,0.00286,-1.322
copper,55,5,11141.023,0.025541,0.034453,1.34893,270.457,200.498,0.2587,0.00218,0.00187,-1.332
copper,55,6,16642.764,0.013846,0.017515,1.26499,498.899,394.391,0.2095,0.00065,0.00056,-1.295
copper,56,1,207.652,2.5693,4.9892,1.94185,2.68857,1.38454,0.4850,0.3016,0.25937,-1.310
copper,56,2,1301.335,0.37699,0.68046,1.80498,18.3234,10.1516,0.4460,0.39597,0.34053,-1.310
copper,56,3,3643.776,0.11484,0.18535,1.61398,60.1511,37.2687,0.3804,0.01028,0.00884,-1.311
copper,56,4,7140.346,0.048057,0.069845,1.45338,143.741,98.9012,0.3119,0.00096,0.00083,-1.264
copper,56,5,11803.504,0.023444,0.031324,1.33612,294.649,220.526,0.2516,4e-05,3e-05,-2.499
copper,56,6,17632.395,0.012637,0.015846,1.25394,546.629,435.931,0.2026,0.00064,0.00055,-1.316
copper,57,1,220.000,2.4227,4.7001,1.94003,2.85126,1.4697,0.4845,0.31,0.26646,-1.315
copper,57,2,1378.717,0.35381,0.63574,1.79684,19.5239,10.8657,0.4435,0.38171,0.3281,-1.315
copper,57,3,3860.446,0.10694,0.17119,1.60080,64.5947,40.3514,0.3753,0.00502,0.00431,-1.325
copper,57,4,7564.933,0.04439,0.063895,1.43940,155.615,108.111,0.3053,0.00469,0.00403,-1.317
copper,57,5,12505.376,0.021502,0.028459,1.32355,321.261,242.727,0.2444,0.00207,0.00178,-1.311
copper,57,6,18680.871,0.011524,0.014327,1.24323,599.423,482.149,0.1957,0.00037,0.00032,-1.261
copper,58,1,233.082,2.2843,4.4274,1.93819,3.02401,1.56023,0.4840,0.31859,0.27357,-1.323
copper,58,2,1460.699,0.33196,0.59366,1.78835,20.809,11.6359,0.4408,0.36537,0.31373,-1.324
copper,58,3,4090.000,0.099524,0.15799,1.58746,69.4079,43.7227,0.3700,0.00032,0.00028,-1.160
copper,58,4,8014.767,0.04097,0.058404,1.42553,168.605,118.275,0.2985,0.00668,0.00574,-1.317
copper,58,5,13248.983,0.019704,0.025836,1.31121,350.576,267.369,0.2373,0.00224,0.00193,-1.294
copper,58,6,19791.691,0.0105,0.012946,1.23295,657.881,533.582,0.1889,0.00067,0.00058,-1.253
copper,59,1,246.942,2.1538,4.1699,1.93607,3.20724,1.65658,0.4835,0.32735,0.28064,-1.337
copper,59,2,1547.557,0.31136,0.55408,1.77955,22.1857,12.4671,0.4380,0.34687,0.29738,-1.337
copper,59,3,4333.204,0.092564,0.14569,1.57394,74.6268,47.4141,0.3646,0.00528,0.00453,-1.331
copper,59,4,8491.351,0.037784,0.053341,1.41174,182.822,129.502,0.2917,0.00623,0.00534,-1.339
copper,59,5,14036.810,0.018042,0.023438,1.29908,382.871,294.725,0.2302,0.00041,0.00035,-1.374
copper,60,1,261.626,2.0305,3.927,1.93401,3.402,1.75904,0.4829,0.33624,0.28764,-1.356
copper,60,2,1639.579,0.29195,0.51686,1.77037,23.6607,13.3648,0.4352,0.3262,0.27905,-1.356
copper,60,3,4590.869,0.086035,0.13423,1.56018,80.2901,51.4621,0.3591,0.00939,0.00803,-1.359
copper,60,4,8996.271,0.034817,0.048678,1.39811,198.402,141.907,0.2847,0.00349,0.00299,-1.343
copper,60,5,14871.480,0.016506,0.021247,1.28723,418.5,325.117,0.2231,0.00168,0.00144,-1.339
copper,61,1,277.183,1.9142,3.6977,1.93172,3.60869,1.86812,0.4823,0.34524,0.29453,-1.380
copper,61,2,1737.074,0.27365,0.48188,1.76094,25.243,14.335,0.4321,0.30334,0.25878,-1.380
copper,61,3,4863.857,0.079913,0.12358,1.54643,86.4409,55.897,0.3534,0.01221,0.01041,-1.385
copper,61,4,9531.219,0.032057,0.044386,1.38460,215.484,155.629,0.2778,0.00047,0.0004,-1.401
copper,61,5,15755.787,0.015088,0.019248,1.27572,457.831,358.882,0.2161,0.00189,0.00161,-1.393
copper,62,1,293.665,1.8044,3.4813,1.92934,3.82828,1.98425,0.4817,0.35432,0.30126,-1.409
copper,62,2,1840.366,0.2564,0.44901,1.75121,26.9413,15.3844,0.4290,0.27837,0.23669,-1.409
copper,62,3,5153.077,0.074177,0.11368,1.53255,93.1253,60.7649,0.3475,0.01342,0.01141,-1.409
copper,62,4,10097.974,0.029492,0.04044,1.37122,234.225,170.815,0.2707,0.00396,0.00337,-1.401
copper,62,5,16692.674,0.013781,0.017425,1.26442,501.252,396.428,0.2091,0,0,
copper,63,1,311.127,1.7007,3.2772,1.92697,4.06171,2.10782,0.4810,0.36342,0.3078,-1.443
copper,63,2,1949.800,0.24015,0.41814,1.74116,28.7643,16.5202,0.4257,0.25142,0.21294,-1.443
copper,63,3,5459.495,0.068805,0.10449,1.51864,100.396,66.1092,0.3415,0.01285,0.01089,-1.438
copper,63,4,10698.432,0.027109,0.036816,1.35807,254.814,187.629,0.2637,0.00537,0.00455,-1.439
copper,63,5,17685.273,0.012577,0.015764,1.25340,549.237,438.198,0.2022,0.00174,0.00147,-1.465
copper,64,1,329.628,1.6029,3.0845,1.92432,4.30954,2.23951,0.4803,0.37253,0.31415,-1.480
copper,64,2,2065.741,0.22484,0.38915,1.73079,30.723,17.7509,0.4222,0.22267,0.18778,-1.480
copper,64,3,5784.133,0.063777,0.095957,1.50457,108.311,71.988,0.3354,0.01058,0.00892,-1.482
copper,64,4,11334.593,0.024899,0.033491,1.34507,277.431,206.257,0.2566,0.00398,0.00336,-1.471
copper,64,5,18736.895,0.011468,0.014253,1.24285,602.35,484.653,0.1953,0.00115,0.00097,-1.479
copper,65,1,349.228,1.5106,2.9027,1.92155,4.57286,2.37977,0.4796,0.3816,0.32029,-1.521
copper,65,2,2188.576,0.21042,0.36195,1.72013,32.8284,19.0848,0.4187,0.19241,0.1615,-1.521
copper,65,3,6128.076,0.059073,0.08805,1.49053,116.936,78.4526,0.3291,0.00689,0.00579,-1.511
copper,65,4,12008.583,0.022849,0.030443,1.33236,302.322,226.908,0.2494,0.00053,0.00045,-1.421
copper,65,5,19851.047,0.010449,0.012878,1.23246,661.092,536.4,0.1886,0.00093,0.00078,-1.528
copper,66,1,369.994,1.4235,2.7312,1.91865,4.85266,2.5292,0.4788,0.39062,0.32622,-1.565
copper,66,2,2318.715,0.19684,0.33643,1.70915,35.0932,20.5325,0.4149,0.16099,0.13445,-1.565
copper,66,3,6492.470,0.054676,0.080727,1.47646,126.34,85.5693,0.3227,0.00237,0.00198,-1.562
copper,66,4,12722.649,0.020951,0.027652,1.31984,329.71,249.81,0.2423,0.00298,0.00249,-1.560
copper,67,1,391.995,1.3413,2.5693,1.91553,5.15004,2.68857,0.4780,0.39959,0.33199,-1.610
copper,67,2,2456.593,0.18405,0.31251,1.69796,37.5319,22.1041,0.4110,0.12884,0.10705,-1.609
copper,67,3,6878.532,0.050568,0.073952,1.46243,136.603,93.4086,0.3162,0.00225,0.00187,-1.607
copper,67,4,13479.178,0.019195,0.025098,1.30753,359.873,275.231,0.2352,0.00436,0.00362,-1.616
copper,68,1,415.305,1.2637,2.4166,1.91232,5.46629,2.85846,0.4771,0.4085,0.33763,-1.655
copper,68,2,2602.670,0.17202,0.29009,1.68637,40.1567,23.8125,0.4070,0.09648,0.07974,-1.655
copper,68,3,7287.551,0.046732,0.067689,1.44845,147.816,102.051,0.3096,0.00613,0.00506,-1.666
copper,68,4,14280.692,0.017571,0.022763,1.29549,393.134,303.464,0.2281,0.0027,0.00223,-1.661
copper,69,1,440.000,1.1904,2.2725,1.90902,5.80289,3.03972,0.4762,0.41738,0.34319,-1.700
copper,69,2,2757.433,0.1607,0.26909,1.67449,42.9854,25.6708,0.4028,0.06448,0.05302,-1.700
copper,69,3,7720.892,0.043154,0.061905,1.43451,160.072,111.586,0.3029,0.0085,0.00699,-1.699
copper,69,4,15129.866,0.016071,0.020631,1.28374,429.827,334.824,0.2210,0.00079,0.00065,-1.694
copper,70,1,466.164,1.1213,2.1366,1.90547,6.16049,3.23306,0.4752,0.42628,0.34875,-1.744
copper,70,2,2921.399,0.15004,0.24944,1.66249,46.0394,27.6931,0.3985,0.03347,0.02739,-1.741
copper,70,3,8180.000,0.039818,0.056568,1.42066,173.483,122.114,0.2961,0.00888,0.00726,-1.750
copper,70,4,16029.536,0.014687,0.018686,1.27228,470.331,369.675,0.2140,0.0034,0.00278,-1.749
copper,71,1,493.883,1.0561,2.0084,1.90171,6.54082,3.43943,0.4742,0.43523,0.35439,-1.785
copper,71,2,3095.114,0.14002,0.23105,1.65012,49.3341,29.8972,0.3940,0.00412,0.00336,-1.771
copper,71,3,8666.407,0.036711,0.05165,1.40694,188.166,133.742,0.2892,0.00716,0.00583,-1.785
copper,71,4,16982.701,0.013411,0.016913,1.26113,515.081,408.429,0.2071,0.00295,0.0024,-1.792
copper,72,1,523.251,0.99451,1.8874,1.89782,6.94589,3.65993,0.4731,0.44431,0.36016,-1.824
copper,72,2,3279.159,0.1306,0.21386,1.63752,52.8925,32.3004,0.3893,0.02289,0.01855,-1.826
copper,72,3,9181.738,0.033819,0.04712,1.39330,204.257,146.599,0.2823,0.00377,0.00305,-1.841
copper,72,4,17992.543,0.012236,0.015298,1.25025,564.544,451.546,0.2001,0.00012,9e-05,-2.499
copper,73,1,554.365,0.93642,1.7733,1.89370,7.37677,3.89542,0.4719,0.45356,0.36616,-1.859
copper,73,2,3474.148,0.12174,0.1978,1.62477,56.7419,34.9229,0.3845,0.04685,0.03783,-1.857
copper,73,3,9727.715,0.031129,0.042954,1.37987,221.907,160.818,0.2753,0.00041,0.00033,-1.885
copper,73,4,19062.438,0.011155,0.013829,1.23971,619.252,499.512,0.1933,0.00282,0.00228,-1.846
copper,74,1,587.330,0.8816,1.6657,1.88941,7.83548,4.14706,0.4707,0.46307,0.37244,-1.892
copper,74,2,3680.731,0.11342,0.18281,1.61180,60.9042,37.7865,0.3795,0.06711,0.05398,-1.891
copper,74,3,10306.153,0.02863,0.039125,1.36657,241.277,176.556,0.2682,0.00417,0.00336,-1.876
copper,75,1,622.254,0.82987,1.5642,1.88487,8.3239,4.41616,0.4694,0.47289,0.37907,-1.921
copper,75,2,3899.599,0.10561,0.16882,1.59852,65.4082,40.9179,0.3744,0.08304,0.06657,-1.920
copper,75,3,10918.990,0.026309,0.035609,1.35349,262.562,193.989,0.2612,0.00636,0.0051,-1.918
copper,76,1,659.255,0.78105,1.4684,1.88003,8.84419,4.70427,0.4681,0.48305,0.38609,-1.946
copper,76,2,4131.481,0.098276,0.15577,1.58503,70.2893,44.3459,0.3691,0.09408,0.0752,-1.946
copper,76,3,11568.267,0.024157,0.032384,1.34056,285.953,213.308,0.2540,0.00623,0.00498,-1.945
copper,77,1,698.456,0.73499,1.3782,1.87513,9.39843,5.01216,0.4667,0.4936,0.39353,-1.968
copper,77,2,4377.152,0.091393,0.14362,1.57146,75.583,48.0974,0.3637,0.09982,0.07958,-1.968
copper,77,3,12256.152,0.022162,0.029429,1.32790,311.694,234.726,0.2469,0.00382,0.00304,-1.984
copper,78,1,739.989,0.69153,1.2931,1.86991,9.98909,5.34201,0.4652,0.50453,0.4014,-1.986
copper,78,2,4637.431,0.084937,0.13232,1.55786,81.328,52.2049,0.3581,0.09998,0.07955,-1.985
copper,78,3,12984.939,0.020315,0.026723,1.31543,340.032,258.495,0.2398,5e-05,4e-05,-1.938
copper,79,1,783.991,0.65052,1.2128,1.86435,10.6188,5.69571,0.4636,0.51582,0.40968,-2.001
copper,79,2,4913.187,0.078884,0.1218,1.54404,87.5685,56.7139,0.3523,0.09453,0.07508,-2.001
copper,79,3,13757.064,0.018606,0.024249,1.30329,371.265,284.868,0.2327,0.0035,0.00278,-2.000
copper,80,1,830.609,0.61183,1.1372,1.85869,11.2903,6.07435,0.4620,0.52744,0.41836,-2.012
copper,80,2,5205.340,0.073213,0.11202,1.53006,94.3515,61.6654,0.3465,0.08371,0.0664,-2.012
copper,80,3,14575.103,0.017027,0.021988,1.29136,405.694,314.16,0.2256,0.0052,0.00413,-2.001
copper,81,1,880.000,0.57532,1.0659,1.85271,12.0068,6.48068,0.4603,0.53932,0.4274,-2.020
copper,81,2,5514.866,0.067903,0.10295,1.51613,101.73,67.0982,0.3404,0.06807,0.05394,-2.021
copper,81,3,15441.783,0.015569,0.019924,1.27972,443.686,346.705,0.2186,0.00421,0.00333,-2.037
copper,82,1,932.328,0.54088,0.99874,1.84651,12.7713,6.91647,0.4584,0.55142,0.43677,-2.025
copper,82,2,5842.797,0.062932,0.094532,1.50213,109.765,73.0732,0.3343,0.04855,0.03845,-2.026
copper,82,3,16360.001,0.014224,0.018041,1.26835,485.641,382.892,0.2116,0.00101,0.0008,-2.025
copper,83,1,987.767,0.50839,0.93544,1.84000,13.5875,7.3845,0.4565,0.56369,0.44643,-2.026
copper,83,2,6190.228,0.058283,0.08673,1.48808,118.521,79.6467,0.3280,0.02646,0.02095,-2.028
copper,83,3,17332.814,0.012985,0.016325,1.25722,531.98,423.14,0.2046,0.00258,0.00204,-2.040
copper,84,1,1046.502,0.47774,0.87581,1.83324,14.4592,7.88728,0.4545,0.57609,0.45636,-2.024
copper,84,2,6558.317,0.053938,0.079505,1.47401,128.068,86.8845,0.3216,0.00345,0.00274,-2.001
copper,84,3,18363.477,0.011844,0.014763,1.24645,583.228,467.91,0.1977,0.00434,0.00344,-2.019
copper,85,1,1108.731,0.44884,0.81964,1.82613,15.3902,8.42779,0.4524,0.58862,0.46655,-2.019
copper,85,2,6948.296,0.049878,0.072822,1.46000,138.493,94.8581,0.3151,0.01856,0.01471,-2.019
copper,85,3,19455.430,0.010795,0.013342,1.23594,639.903,517.745,0.1909,0.00308,0.00244,-2.023
copper,86,1,1174.659,0.42157,0.76675,1.81880,16.3858,9.00914,0.4502,0.60129,0.47702,-2.011
copper,86,2,7361.463,0.046089,0.066645,1.44601,149.879,103.65,0.3084,0.03755,0.02979,-2.011
copper,87,1,1244.508,0.39586,0.71695,1.81112,17.45,9.63492,0.4479,0.61415,0.48777,-2.001
copper,87,2,7799.199,0.042554,0.060941,1.43209,162.329,113.352,0.3017,0.05159,0.04098,-2.000
copper,88,1,1318.510,0.37161,0.67007,1.80315,18.5887,10.309,0.4454,0.62721,0.49881,-1.990
copper,88,2,8262.963,0.039259,0.05568,1.41827,175.953,124.062,0.2949,0.05905,0.04696,-1.990
copper,89,1,1396.913,0.34874,0.62596,1.79492,19.8078,11.0355,0.4429,0.64048,0.51014,-1.976
copper,89,2,8754.305,0.036191,0.050831,1.40452,190.869,135.897,0.2880,0.05888,0.04689,-1.978
copper,90,1,1479.978,0.32718,0.58446,1.78636,21.113,11.819,0.4402,0.65395,0.52172,-1.962
copper,90,2,9274.861,0.033335,0.046367,1.39094,207.222,148.98,0.2811,0.05086,0.04058,-1.961
copper,91,1,1567.982,0.30686,0.54543,1.77746,22.5111,12.6648,0.4374,0.66756,0.53353,-1.947
copper,91,2,9826.374,0.030679,0.042261,1.37752,225.162,163.455,0.2741,0.03584,0.02864,-1.948
copper,92,1,1661.219,0.2877,0.50873,1.76827,24.0103,13.5784,0.4345,0.68124,0.54551,-1.930
copper,92,2,10410.681,0.028212,0.038488,1.36424,244.852,179.478,0.2670,0.0158,0.01266,-1.924
copper,93,1,1760.000,0.26964,0.47424,1.75879,25.6184,14.5659,0.4314,0.69494,0.55762,-1.912
copper,93,2,11029.732,0.025921,0.035025,1.35122,266.493,197.224,0.2599,0.00618,0.00496,-1.910
copper,94,1,1864.655,0.25262,0.44183,1.74899,27.3445,15.6344,0.4282,0.70862,0.56983,-1.893
copper,94,2,11685.593,0.023797,0.031849,1.33836,290.278,216.891,0.2528,0.02633,0.02117,-1.895
copper,95,1,1975.533,0.23659,0.4114,1.73887,29.1972,16.7908,0.4249,0.72228,0.58214,-1.874
copper,95,2,12380.457,0.021829,0.028939,1.32571,316.449,238.701,0.2457,0.04068,0.03279,-1.873
copper,96,1,2093.004,0.22149,0.38283,1.72843,31.1877,18.0439,0.4214,0.73438,0.59452,-1.835
copper,96,2,13116.635,0.020007,0.026275,1.31329,345.267,262.902,0.2386,0.04588,0.03714,-1.836
copper,97,1,2217.461,0.20726,0.35601,1.71770,33.3289,19.4033,0.4178,0.7093,0.60695,-1.354
copper,97,2,13896.591,0.018321,0.023839,1.30118,377.04,289.767,0.2315,0.03834,0.03281,-1.353
copper,98,1,2349.318,0.19387,0.33087,1.70666,35.6309,20.8776,0.4141,0.68284,0.61937,-0.847
copper,98,2,14722.928,0.016764,0.021614,1.28931,412.059,319.596,0.2244,0.02234,0.02026,-0.849
copper,99,1,2489.016,0.18126,0.30729,1.69530,38.1096,22.4796,0.4101,0.65499,0.63169,-0.315
copper,99,2,15598.397,0.015326,0.019582,1.27770,450.721,352.76,0.2173,0.00233,0.00225,-0.303
copper,100,1,2637.020,0.16939,0.2852,1.68369,40.7802,24.2207,0.4061,0.62575,0.62575,+0.000
copper,100,2,16525.924,0.014,0.01773,1.26643,493.411,389.608,0.2103,0.016,0.016,+0.000
copper,101,1,2793.826,0.15822,0.26451,1.67179,43.6592,26.1153,0.4019,0.59514,0.59514,+0.000
copper,101,2,17508.609,0.012779,0.016042,1.25534,540.555,430.604,0.2034,0.02731,0.02731,+0.000
copper,102,1,2959.955,0.14771,0.24515,1.65967,46.7657,28.1777,0.3975,0.56317,0.56317,+0.000
copper,102,2,18549.723,0.011654,0.014505,1.24464,592.737,476.233,0.1965,0.02829,0.02829,+0.000
copper,103,1,3135.963,0.13783,0.22704,1.64725,50.1179,30.4253,0.3929,0.5299,0.5299,+0.000
copper,103,2,19652.746,0.01062,0.013108,1.23427,650.448,526.988,0.1897,0.01911,0.01911,+0.000
copper,104,1,3322.438,0.12854,0.21012,1.63467,53.7401,32.8753,0.3882,0.4954,0.4954,+0.000
copper,105,1,3520.000,0.11981,0.1943,1.62173,57.6559,35.552,0.3834,0.45977,0.45977,+0.000
copper,106,1,3729.310,0.11161,0.17954,1.60864,61.8919,38.4747,0.3784,0.42312,0.42312,+0.000
copper,107,1,3951.067,0.10391,0.16577,1.59532,66.4783,41.6707,0.3732,0.38562,0.38562,+0.000
copper,108,1,4186.009,0.096675,0.15294,1.58200,71.4534,45.1664,0.3679,0.34745,0.34745,+0.000
bronze,21,1,27.500,38.905,75.739,1.94677,0.177554,0.0912047,0.4863,0.12804,0.12096,-0.494
bronze,21,2,172.340,6.0855,11.629,1.91094,1.13512,0.594011,0.4767,0.32243,0.30461,-0.494
bronze,21,3,482.556,2.0852,3.8427,1.84284,3.31275,1.79763,0.4574,0.11541,0.10904,-0.493
bronze,21,4,945.617,1.0033,1.7641,1.75830,6.88503,3.91574,0.4312,0.05477,0.05174,-0.494
bronze,21,5,1563.172,0.56398,0.94111,1.66869,12.2482,7.34001,0.4007,0.01765,0.01667,-0.496
bronze,21,6,2335.109,0.34685,0.54896,1.58270,19.9157,12.5833,0.3682,0.00473,0.00447,-0.491
bronze,21,7,3261.433,0.22627,0.34048,1.50475,30.5288,20.2883,0.3354,0.00504,0.00476,-0.496
bronze,21,8,4342.144,0.15399,0.22123,1.43665,44.8585,31.2243,0.3039,0.00031,0.00029,-0.579
bronze,21,9,5577.243,0.10826,0.14922,1.37835,63.8071,46.2924,0.2745,0.00138,0.0013,-0.519
bronze,21,10,6966.729,0.078148,0.10385,1.32889,88.3932,66.5167,0.2475,3e-05,3e-05,+0.000
bronze,21,11,8510.604,0.05767,0.07423,1.28715,119.781,93.0588,0.2231,0.00036,0.00034,-0.496
bronze,21,12,10208.862,0.043376,0.054307,1.25201,159.253,127.198,0.2013,0.0001,9e-05,-0.915
bronze,22,1,29.135,36.714,71.456,1.94629,0.18815,0.0966714,0.4862,0.12945,0.12206,-0.511
bronze,22,2,182.587,5.7359,10.947,1.90851,1.2043,0.631018,0.4760,0.32491,0.30636,-0.511
bronze,22,3,511.250,1.9608,3.6021,1.83706,3.52293,1.9177,0.4557,0.11337,0.10689,-0.511
bronze,22,4,1001.846,0.94048,1.645,1.74911,7.34492,4.19924,0.4283,0.04614,0.0435,-0.512
bronze,22,5,1656.123,0.52672,0.87277,1.65699,13.1147,7.91475,0.3965,0.01723,0.01624,-0.514
bronze,22,6,2473.962,0.32267,0.50643,1.56950,21.4081,13.6401,0.3629,0.00501,0.00473,-0.500
bronze,22,7,3455.368,0.20967,0.31262,1.49101,32.9458,22.0963,0.3293,0.00442,0.00416,-0.527
bronze,22,8,4600.341,0.14216,0.20229,1.42297,48.5914,34.1478,0.2973,2e-05,2e-05,+0.000
bronze,22,9,5908.883,0.099595,0.13597,1.36523,69.3585,50.8035,0.2675,0.00169,0.00159,-0.530
bronze,22,10,7380.993,0.071661,0.094343,1.31652,96.3949,73.2196,0.2404,0.00019,0.00018,-0.470
bronze,22,11,9016.670,0.05273,0.067268,1.27571,131.002,102.69,0.2161,0.00047,0.00044,-0.573
bronze,22,12,10815.912,0.039559,0.049111,1.24146,174.619,140.656,0.1945,0.00027,0.00025,-0.668
bronze,23,1,30.868,34.645,67.414,1.94585,0.199387,0.102468,0.4861,0.13092,0.12318,-0.529
bronze,23,2,193.445,5.406,10.304,1.90603,1.27779,0.670395,0.4753,0.32742,0.30807,-0.529
bronze,23,3,541.651,1.8434,3.3754,1.83107,3.74729,2.0465,0.4539,0.11109,0.10452,-0.530
bronze,23,4,1061.419,0.88126,1.5331,1.73967,7.8385,4.50574,0.4252,0.03754,0.03532,-0.529
bronze,23,5,1754.601,0.49166,0.80882,1.64508,14.0499,8.54053,0.3921,0.01585,0.01492,-0.525
bronze,23,6,2621.071,0.29998,0.46682,1.55617,23.0274,14.7975,0.3574,0.00463,0.00436,-0.522
bronze,23,7,3660.835,0.19414,0.2868,1.47728,35.5813,24.0856,0.3231,0.00278,0.00262,-0.515
bronze,23,8,4873.892,0.13113,0.18482,1.40944,52.6787,37.3756,0.2905,0.00025,0.00023,-0.724
bronze,23,9,6260.245,0.091545,0.12379,1.35223,75.4575,55.8022,0.2605,0.00083,0.00078,-0.540
bronze,23,10,7819.890,0.065657,0.085645,1.30443,105.21,80.6557,0.2334,0.0002,0.00019,-0.446
bronze,23,11,9552.831,0.048174,0.060917,1.26452,143.392,113.396,0.2092,0.00053,0.0005,-0.506
bronze,23,12,11459.062,0.036049,0.044383,1.23119,191.621,155.64,0.1878,8e-05,7e-05,-1.160
bronze,24,1,32.703,32.692,63.599,1.94540,0.211298,0.108614,0.4860,0.13243,0.12433,-0.548
bronze,24,2,204.947,5.0946,9.6968,1.90335,1.3559,0.712375,0.4746,0.32994,0.30975,-0.548
bronze,24,3,573.859,1.7327,3.1617,1.82472,3.9867,2.18482,0.4520,0.10857,0.10193,-0.548
bronze,24,4,1124.534,0.82546,1.428,1.72994,8.36837,4.83736,0.4219,0.02906,0.02728,-0.549
bronze,24,5,1858.935,0.4587,0.74901,1.63290,15.0594,9.22251,0.3876,0.01363,0.0128,-0.546
bronze,24,6,2776.928,0.2787,0.42996,1.54273,24.7856,16.066,0.3518,0.00366,0.00343,-0.564
bronze,24,7,3878.519,0.17964,0.26289,1.46343,38.4533,26.2762,0.3167,0.00058,0.00054,-0.621
bronze,24,8,5163.708,0.12086,0.16872,1.39600,57.155,40.9421,0.2837,0.00038,0.00035,-0.714
bronze,24,9,6632.497,0.084075,0.11262,1.33952,82.1618,61.3368,0.2535,0.00054,0.00051,-0.496
bronze,24,10,8284.884,0.060107,0.077693,1.29258,114.924,88.9109,0.2264,1e-05,1e-05,+0.000
bronze,24,11,10120.870,0.043976,0.055129,1.25362,157.08,125.302,0.2023,0.00023,0.00021,-0.790
bronze,24,12,12140.451,0.032825,0.040086,1.22120,210.442,172.323,0.1811,0.00025,0.00023,-0.724
bronze,25,1,34.648,30.849,59.998,1.94489,0.223922,0.115133,0.4858,0.13401,0.12551,-0.569
bronze,25,2,217.134,4.8007,9.1238,1.90051,1.43891,0.757114,0.4738,0.33248,0.31139,-0.569
bronze,25,3,607.982,1.6283,2.9605,1.81815,4.24231,2.33331,0.4500,0.1058,0.09909,-0.569
bronze,25,4,1191.402,0.7729,1.3293,1.71989,8.93745,5.19654,0.4186,0.02081,0.01949,-0.569
bronze,25,5,1969.473,0.42771,0.6931,1.62049,16.1506,9.96646,0.3829,0.01072,0.01004,-0.569
bronze,25,6,2942.053,0.25876,0.39569,1.52918,26.6956,17.4575,0.3460,0.00224,0.0021,-0.561
bronze,25,7,4109.147,0.16608,0.24077,1.44972,41.5929,28.6903,0.3102,0.00158,0.00148,-0.568
bronze,25,8,5470.758,0.1113,0.1539,1.38275,62.0643,44.8847,0.2768,0.00031,0.00029,-0.579
bronze,25,9,7026.886,0.07715,0.10238,1.32703,89.5367,67.4717,0.2464,0.00135,0.00127,-0.531
bronze,25,10,8777.528,0.05498,0.070429,1.28099,125.641,98.0811,0.2194,0.00018,0.00017,-0.496
bronze,25,11,10722.688,0.040111,0.049859,1.24303,172.216,138.546,0.1955,0.00053,0.00049,-0.682
bronze,25,12,12862.360,0.029866,0.036184,1.21154,231.292,190.906,0.1746,0,0,
bronze,26,1,36.708,29.109,56.599,1.94438,0.237307,0.122047,0.4857,0.13566,0.12674,-0.591
bronze,26,2,230.046,4.5234,8.5832,1.89751,1.52712,0.804799,0.4730,0.33504,0.313,-0.591
bronze,26,3,644.135,1.5298,2.7709,1.81128,4.51546,2.49296,0.4479,0.10277,0.09601,-0.591
bronze,26,4,1262.247,0.72338,1.2366,1.70947,9.54928,5.58609,0.4150,0.01292,0.01207,-0.591
bronze,26,5,2086.584,0.3986,0.64088,1.60783,17.33,10.7785,0.3780,0.00731,0.00683,-0.590
bronze,26,6,3116.997,0.24008,0.36384,1.51549,28.7727,18.9857,0.3402,0.0006,0.00056,-0.599
bronze,26,7,4353.491,0.15344,0.22034,1.43600,45.0193,31.3504,0.3036,0.00305,0.00285,-0.589
bronze,26,8,5796.067,0.10242,0.14027,1.36956,67.4454,49.2461,0.2698,9e-05,8e-05,-1.023
bronze,26,9,7444.727,0.070737,0.092998,1.31470,97.6541,74.2785,0.2394,0.00095,0.00088,-0.665
bronze,26,10,9299.469,0.050249,0.0638,1.26968,137.47,108.272,0.2124,0.00011,0.0001,-0.828
bronze,26,11,11360.294,0.036557,0.045063,1.23268,188.958,153.291,0.1888,0.00012,0.00011,-0.756
bronze,26,12,13627.197,0.027152,0.032642,1.20220,254.411,211.622,0.1682,0.00021,0.0002,-0.424
bronze,27,1,38.891,27.467,53.391,1.94382,0.251493,0.129381,0.4855,0.13738,0.12801,-0.614
bronze,27,2,243.725,4.2616,8.0731,1.89438,1.62093,0.855651,0.4721,0.33763,0.31459,-0.614
bronze,27,3,682.437,1.4369,2.5923,1.80409,4.8074,2.66472,0.4457,0.09947,0.09268,-0.614
bronze,27,4,1337.304,0.67675,1.1497,1.69885,10.2072,6.00831,0.4114,0.00552,0.00514,-0.620
bronze,27,5,2210.659,0.37125,0.59214,1.59499,18.6067,11.6657,0.3730,0.00366,0.00341,-0.615
bronze,27,6,3302.343,0.22259,0.33429,1.50182,31.0335,20.664,0.3341,0.00099,0.00093,-0.543
bronze,27,7,4612.362,0.14164,0.20147,1.42241,48.7698,34.2868,0.2970,0.00338,0.00315,-0.612
bronze,27,8,6140.719,0.094165,0.12774,1.35655,73.358,54.0767,0.2628,0.00016,0.00015,-0.561
bronze,27,9,7887.413,0.064803,0.084415,1.30264,106.596,81.8309,0.2323,0.00027,0.00025,-0.668
bronze,27,10,9852.443,0.045887,0.057756,1.25866,150.538,119.602,0.2055,0.0001,0.0001,+0.000
bronze,27,11,12035.811,0.033291,0.040704,1.22267,207.496,169.707,0.1821,0.00047,0.00043,-0.773
bronze,27,12,14437.512,0.024667,0.029431,1.19313,280.04,234.71,0.1619,0.00011,0.00011,+0.000
bronze,28,1,41.203,25.917,50.363,1.94324,0.266534,0.137159,0.4854,0.13919,0.12934,-0.638
bronze,28,2,258.218,4.0146,7.5918,1.89105,1.72066,0.909897,0.4712,0.34025,0.31616,-0.638
bronze,28,3,723.017,1.3493,2.4242,1.79664,5.11951,2.8495,0.4434,0.09588,0.0891,-0.637
bronze,28,4,1416.824,0.63285,1.0682,1.68792,10.9153,6.46672,0.4076,0.00127,0.00118,-0.638
bronze,28,5,2342.112,0.34556,0.54668,1.58201,19.99,12.6358,0.3679,5e-05,4e-05,-1.938
bronze,28,6,3498.710,0.20623,0.30688,1.48805,33.4954,22.5096,0.3280,0.00225,0.00209,-0.641
bronze,28,7,4886.627,0.13065,0.18406,1.40880,52.8722,37.5299,0.2902,0.00248,0.00231,-0.617
bronze,28,8,6505.865,0.086505,0.11624,1.34374,79.8538,59.4267,0.2558,0.00029,0.00027,-0.621
bronze,28,9,8356.423,0.059317,0.076569,1.29084,116.455,90.2161,0.2253,0.0011,0.00102,-0.656
bronze,28,10,10438.299,0.04187,0.05225,1.24791,164.981,132.206,0.1987,0.00015,0.00014,-0.599
bronze,28,11,12751.497,0.030293,0.036745,1.21299,228.031,187.992,0.1756,0.00014,0.00013,-0.644
bronze,28,12,15296.010,0.022393,0.026522,1.18439,308.478,260.454,0.1557,0.0001,0.0001,+0.000
bronze,29,1,43.654,24.454,47.505,1.94263,0.28248,0.145411,0.4852,0.14109,0.13073,-0.662
bronze,29,2,273.572,3.7814,7.1378,1.88761,1.82677,0.967771,0.4702,0.34292,0.31774,-0.662
bronze,29,3,766.010,1.2666,2.2659,1.78896,5.45378,3.04857,0.4410,0.09202,0.08526,-0.663
bronze,29,4,1501.073,0.59152,0.99182,1.67673,11.678,6.96473,0.4036,0.0073,0.00676,-0.668
bronze,29,5,2481.381,0.32146,0.5043,1.56878,21.4887,13.6977,0.3626,0.00323,0.00299,-0.671
bronze,29,6,3706.754,0.19093,0.28148,1.47426,36.1795,24.5408,0.3217,0.00294,0.00273,-0.644
bronze,29,7,5177.202,0.12041,0.16802,1.39540,57.3686,41.1127,0.2834,0.00072,0.00067,-0.625
bronze,29,8,6892.724,0.079403,0.1057,1.33118,86.9961,65.3525,0.2488,0.00021,0.0002,-0.424
bronze,29,9,8853.321,0.054251,0.069403,1.27929,127.33,99.5311,0.2183,0.0007,0.00065,-0.644
bronze,29,10,11058.993,0.038174,0.047238,1.23744,180.954,146.233,0.1919,4e-05,4e-05,+0.000
bronze,29,11,13509.741,0.027544,0.033151,1.20357,250.79,208.372,0.1691,0.00038,0.00035,-0.714
bronze,29,12,16205.559,0.020313,0.023887,1.17595,340.066,289.185,0.1496,0.00018,0.00017,-0.496
bronze,30,1,46.249,23.073,44.807,1.94197,0.299387,0.154167,0.4851,0.1431,0.1322,-0.688
bronze,30,2,289.839,3.5614,6.7095,1.88395,1.93962,1.02955,0.4692,0.34563,0.31932,-0.688
bronze,30,3,811.559,1.1887,2.117,1.78094,5.81118,3.26299,0.4385,0.08786,0.08117,-0.688
bronze,30,4,1590.331,0.55263,0.92026,1.66524,12.4998,7.50631,0.3995,0.01244,0.0115,-0.682
bronze,30,5,2628.931,0.29884,0.46484,1.55548,23.1152,14.8605,0.3571,0.00588,0.00543,-0.692
bronze,30,6,3927.169,0.17663,0.25797,1.46051,39.1086,26.7774,0.3153,0.00294,0.00271,-0.708
bronze,30,7,5485.054,0.11089,0.15326,1.38209,62.2938,45.0721,0.2765,0.00118,0.00109,-0.689
bronze,30,8,7302.586,0.072823,0.096037,1.31877,94.8568,71.9281,0.2417,1e-05,1e-05,+0.000
bronze,30,9,9379.768,0.049577,0.062864,1.26801,139.334,109.884,0.2114,0.00044,0.0004,-0.828
bronze,30,10,11716.595,0.034776,0.042681,1.22731,198.636,161.846,0.1852,0.00014,0.00013,-0.644
bronze,30,11,14313.072,0.025026,0.029893,1.19448,276.023,231.083,0.1628,0.00025,0.00023,-0.724
bronze,30,12,17169.191,0.018414,0.021504,1.16781,375.136,321.231,0.1437,8e-05,7e-05,-1.160
bronze,31,1,48.999,21.77,42.261,1.94125,0.317306,0.163455,0.4849,0.14522,0.13376,-0.714
bronze,31,2,307.074,3.3538,6.3054,1.88008,2.05968,1.09553,0.4681,0.34838,0.3209,-0.714
bronze,31,3,859.817,1.1152,1.9769,1.77269,6.19418,3.49424,0.4359,0.08341,0.07683,-0.714
bronze,31,4,1684.897,0.51604,0.85325,1.65346,13.3861,8.09582,0.3952,0.01658,0.01527,-0.715
bronze,31,5,2785.256,0.27764,0.42812,1.54200,24.8803,16.1351,0.3515,0.00767,0.00706,-0.720
bronze,31,6,4160.690,0.16328,0.23623,1.44678,42.3062,29.2417,0.3088,0.00225,0.00207,-0.724
bronze,31,7,5811.212,0.10203,0.13968,1.36901,67.7032,49.4541,0.2695,0.00238,0.00219,-0.723
bronze,31,8,7736.820,0.066732,0.087195,1.30664,103.515,79.2219,0.2347,0.0002,0.00019,-0.446
bronze,31,9,9937.517,0.045268,0.056903,1.25702,152.597,121.395,0.2045,0.00094,0.00086,-0.773
bronze,31,10,12413.300,0.031656,0.03854,1.21746,218.213,179.236,0.1786,1e-05,1e-05,+0.000
bronze,31,11,15164.171,0.022721,0.02694,1.18569,304.025,256.413,0.1566,0.00021,0.0002,-0.424
bronze,31,12,18190.123,0.01668,0.019349,1.16001,414.134,357.008,0.1379,7e-05,6e-05,-1.339
bronze,32,1,51.913,20.54,39.858,1.94051,0.336307,0.173309,0.4847,0.14746,0.13542,-0.740
bronze,32,2,325.334,3.1578,5.9243,1.87608,2.18752,1.166,0.4670,0.35118,0.3225,-0.740
bronze,32,3,910.944,1.046,1.8451,1.76396,6.60397,3.74384,0.4331,0.07866,0.07223,-0.741
bronze,32,4,1785.087,0.48162,0.79056,1.64146,14.3427,8.7378,0.3908,0.01961,0.01801,-0.739
bronze,32,5,2950.876,0.25776,0.39398,1.52848,26.7992,17.5333,0.3457,0.00842,0.00773,-0.743
bronze,32,6,4408.099,0.15082,0.21614,1.43310,45.8013,31.9596,0.3022,0.00105,0.00096,-0.778
bronze,32,7,6156.766,0.093806,0.1272,1.35599,73.6387,54.3062,0.2625,0.00233,0.00214,-0.739
bronze,32,8,8196.877,0.0611,0.079109,1.29475,113.057,87.3195,0.2277,0.00021,0.00019,-0.869
bronze,32,9,10528.435,0.0413,0.051473,1.24632,167.258,134.202,0.1976,0.00019,0.00017,-0.966
bronze,32,10,13151.436,0.028794,0.03478,1.20789,239.903,198.613,0.1721,0.00012,0.00011,-0.756
bronze,32,11,16065.882,0.020613,0.024266,1.17722,335.116,284.668,0.1505,0.00034,0.00031,-0.802
bronze,32,12,19271.768,0.0151,0.017402,1.15245,457.467,396.952,0.1323,0.00014,0.00013,-0.644
bronze,33,1,55.000,19.379,37.589,1.93968,0.356456,0.183771,0.4845,0.14984,0.13718,-0.767
bronze,33,2,344.679,2.9729,5.5648,1.87184,2.32357,1.24133,0.4658,0.35401,0.32411,-0.766
bronze,33,3,965.112,0.98069,1.7212,1.75509,7.04377,4.01334,0.4302,0.07361,0.06739,-0.767
bronze,33,4,1891.233,0.44926,0.73194,1.62921,15.3759,9.4376,0.3862,0.02144,0.01963,-0.766
bronze,33,5,3126.344,0.23915,0.36226,1.51478,28.8846,19.0685,0.3398,0.00806,0.00737,-0.777
bronze,33,6,4670.218,0.1392,0.19759,1.41947,49.6247,34.96,0.2955,0.00032,0.0003,-0.561
bronze,33,7,6522.865,0.086173,0.11575,1.34323,80.1615,59.6782,0.2555,0.00108,0.00099,-0.756
bronze,33,8,8684.288,0.055897,0.071722,1.28311,123.58,96.3129,0.2206,4e-05,3e-05,-2.499
bronze,33,9,11154.486,0.03765,0.046532,1.23591,183.473,148.452,0.1909,0.00074,0.00068,-0.734
bronze,33,10,13933.458,0.02617,0.031369,1.19866,263.957,220.21,0.1657,2e-05,2e-05,+0.000
bronze,33,11,17021.207,0.018687,0.021846,1.16905,369.656,316.202,0.1446,6e-05,5e-05,-1.584
bronze,34,1,58.270,18.283,35.449,1.93890,0.377824,0.194865,0.4842,0.15236,0.13906,-0.793
bronze,34,2,365.175,2.7984,5.2258,1.86742,2.46847,1.32186,0.4645,0.35687,0.32571,-0.794
bronze,34,3,1022.500,0.91915,1.6047,1.74585,7.51537,4.3047,0.4272,0.06827,0.06231,-0.793
bronze,34,4,2003.692,0.41884,0.67715,1.61673,16.4926,10.2012,0.3815,0.02204,0.02012,-0.792
bronze,34,5,3312.246,0.22172,0.33282,1.50108,31.1553,20.7552,0.3338,0.00665,0.00607,-0.793
bronze,34,6,4947.923,0.12838,0.18049,1.40590,53.8071,38.2722,0.2887,0.00149,0.00136,-0.793
bronze,34,7,6910.735,0.079095,0.10524,1.33055,87.3349,65.6381,0.2485,0.00066,0.0006,-0.828
bronze,34,8,9200.683,0.051095,0.06498,1.27175,135.194,106.306,0.2137,0.00016,0.00014,-1.160
bronze,34,9,11817.767,0.034295,0.042039,1.22581,201.422,164.318,0.1842,0.00049,0.00045,-0.740
bronze,34,10,14761.985,0.023768,0.028277,1.18971,290.633,244.289,0.1595,0.0001,0.0001,+0.000
bronze,34,11,18033.340,0.01693,0.019658,1.16113,408.019,351.397,0.1388,0.00024,0.00022,-0.756
bronze,35,1,61.735,17.248,33.428,1.93808,0.400496,0.206646,0.4840,0.15503,0.14105,-0.821
bronze,35,2,386.889,2.6337,4.9061,1.86282,2.62283,1.40799,0.4632,0.35974,0.3273,-0.821
bronze,35,3,1083.301,0.86117,1.4952,1.73624,8.02136,4.61995,0.4240,0.06266,0.05701,-0.821
bronze,35,4,2122.838,0.39026,0.62599,1.60403,17.7004,11.0349,0.3766,0.0214,0.01947,-0.821
bronze,35,5,3509.203,0.20541,0.30551,1.48732,33.6291,22.6106,0.3277,0.0044,0.004,-0.828
bronze,35,6,5242.143,0.1183,0.16473,1.39248,58.3918,41.9338,0.2819,0.00208,0.00189,-0.832
bronze,35,7,7321.670,0.072537,0.095621,1.31824,95.2308,72.241,0.2414,0.00184,0.00168,-0.790
bronze,35,8,9747.784,0.046667,0.058831,1.26066,148.022,117.417,0.2068,0.00017,0.00016,-0.527
bronze,35,9,12520.489,0.031214,0.037957,1.21602,221.303,181.989,0.1776,0.0005,0.00045,-0.915
bronze,35,10,15639.780,0.02157,0.025477,1.18113,320.248,271.137,0.1533,5e-05,5e-05,+0.000
bronze,35,11,19105.662,0.015327,0.017681,1.15359,450.692,390.688,0.1331,0.00028,0.00025,-0.984
bronze,36,1,65.406,16.272,31.521,1.93713,0.424518,0.219148,0.4838,0.15786,0.14317,-0.848
bronze,36,2,409.895,2.4784,4.6046,1.85789,2.78718,1.50019,0.4618,0.3626,0.32887,-0.848
bronze,36,3,1147.718,0.80653,1.3924,1.72641,8.56478,4.96104,0.4208,0.05677,0.05149,-0.848
bronze,36,4,2249.068,0.36342,0.57825,1.59113,19.0076,11.946,0.3715,0.01958,0.01776,-0.847
bronze,36,5,3717.871,0.19016,0.28022,1.47360,36.326,24.6512,0.3214,0.00165,0.0015,-0.828
bronze,36,6,5553.856,0.10892,0.15023,1.37927,63.4204,45.9812,0.2750,0.00191,0.00173,-0.860
bronze,36,7,7757.038,0.066468,0.086814,1.30610,103.926,79.5696,0.2344,0.00173,0.00157,-0.843
bronze,36,8,10327.417,0.042588,0.053229,1.24986,162.2,129.774,0.1999,0,0,
bronze,36,9,13264.994,0.028388,0.034251,1.20653,243.334,201.68,0.1712,0.00055,0.0005,-0.828
bronze,36,10,16569.768,0.019562,0.022942,1.17278,353.121,301.096,0.1473,7e-05,6e-05,-1.339
bronze,37,1,69.296,15.35,29.721,1.93622,0.450017,0.23242,0.4835,0.16085,0.14543,-0.875
bronze,37,2,434.268,2.3318,4.3203,1.85277,2.96241,1.59891,0.4603,0.36542,0.3304,-0.875
bronze,37,3,1215.964,0.75507,1.2959,1.71626,9.1485,5.33047,0.4173,0.05065,0.0458,-0.874
bronze,37,4,2382.804,0.33821,0.53373,1.57810,20.4245,12.9424,0.3663,0.0167,0.0151,-0.875
bronze,37,5,3938.947,0.17592,0.2568,1.45975,39.2665,26.8994,0.3150,0.00115,0.00104,-0.873
bronze,37,6,5884.105,0.1002,0.13689,1.36617,68.9397,50.4621,0.2680,0.00105,0.00095,-0.869
bronze,37,7,8218.295,0.060856,0.078761,1.29422,113.51,87.7053,0.2273,0.00043,0.00039,-0.848
bronze,37,8,10941.517,0.038834,0.048129,1.23935,177.879,143.526,0.1931,0.00016,0.00014,-1.160
bronze,37,9,14053.771,0.025799,0.03089,1.19733,267.753,223.624,0.1648,0.00038,0.00034,-0.966
bronze,37,10,17555.057,0.017728,0.020649,1.16477,389.652,334.532,0.1415,8e-05,7e-05,-1.160
bronze,38,1,73.416,14.481,28.022,1.93509,0.477022,0.246512,0.4832,0.16401,0.14784,-0.902
bronze,38,2,460.091,2.1934,4.0523,1.84750,3.14934,1.70465,0.4587,0.36818,0.33187,-0.902
bronze,38,3,1288.269,0.70659,1.2053,1.70580,9.77619,5.73115,0.4138,0.04433,0.03996,-0.901
bronze,38,4,2524.494,0.31456,0.49224,1.56485,21.9601,14.0333,0.3610,0.01293,0.01165,-0.905
bronze,38,5,4173.169,0.16261,0.23514,1.44604,42.4805,29.3772,0.3085,0.00351,0.00317,-0.885
bronze,38,6,6233.993,0.09211,0.12464,1.35316,74.9946,55.4217,0.2610,0.00016,0.00014,-1.160
bronze,38,7,8706.981,0.055672,0.071404,1.28258,124.08,96.7418,0.2203,0.00109,0.00098,-0.924
bronze,38,8,11592.135,0.035383,0.043491,1.22915,195.228,158.832,0.1864,0.0001,9e-05,-0.915
bronze,38,9,14889.454,0.023428,0.027843,1.18845,294.85,248.097,0.1586,0.00049,0.00044,-0.935
bronze,38,10,18598.938,0.016055,0.018576,1.15702,430.256,371.865,0.1357,0,0,
bronze,39,1,77.782,13.66,26.418,1.93397,0.505692,0.261479,0.4829,0.16736,0.1504,-0.928
bronze,39,2,487.450,2.0629,3.7997,1.84192,3.34857,1.81797,0.4571,0.37084,0.33326,-0.928
bronze,39,3,1364.874,0.66094,1.1203,1.69501,10.4514,6.16599,0.4100,0.03784,0.03401,-0.927
bronze,39,4,2674.608,0.29238,0.45361,1.55144,23.6259,15.2284,0.3554,0.00852,0.00766,-0.924
bronze,39,5,4421.318,0.1502,0.21514,1.43236,45.9904,32.1082,0.3019,0.00499,0.00449,-0.917
bronze,39,6,6604.685,0.084599,0.1134,1.34044,81.6529,60.9149,0.2540,0.0012,0.00108,-0.915
bronze,39,7,9224.725,0.050887,0.06469,1.27125,135.747,106.782,0.2134,0.00159,0.00143,-0.921
bronze,39,8,12281.438,0.032213,0.039276,1.21926,214.44,175.877,0.1798,8e-05,8e-05,+0.000
bronze,39,9,15774.826,0.02126,0.025083,1.17982,324.918,275.396,0.1524,0.00039,0.00035,-0.940
bronze,39,10,19704.887,0.01453,0.016704,1.14962,475.413,413.539,0.1301,7e-05,6e-05,-1.339
bronze,40,1,82.407,12.885,24.904,1.93279,0.536108,0.277375,0.4826,0.1709,0.15313,-0.954
bronze,40,2,516.435,1.9398,3.5616,1.83607,3.56107,1.93951,0.4554,0.37337,0.33457,-0.953
bronze,40,3,1446.033,0.61796,1.0407,1.68409,11.1783,6.6376,0.4062,0.03126,0.02801,-0.954
bronze,40,4,2833.648,0.27157,0.41768,1.53802,25.4364,16.5384,0.3498,0.00381,0.00341,-0.963
bronze,40,5,4684.223,0.13862,0.19667,1.41877,49.8323,35.1236,0.2952,0.00529,0.00474,-0.954
bronze,40,6,6997.420,0.077636,0.10309,1.32786,88.9762,67.007,0.2469,0.0016,0.00143,-0.976
bronze,40,7,9773.255,0.046475,0.058567,1.26018,148.634,117.946,0.2065,0.00068,0.00061,-0.944
bronze,40,8,13011.729,0.029304,0.035448,1.20966,235.727,194.87,0.1733,0.00013,0.00012,-0.695
bronze,40,9,16712.846,0.019278,0.022586,1.17159,358.323,305.842,0.1464,0.00034,0.00031,-0.802
bronze,41,1,87.307,12.153,23.476,1.93170,0.568399,0.294248,0.4823,0.17463,0.15606,-0.977
bronze,41,2,547.144,1.8236,3.3372,1.83001,3.78798,2.06993,0.4535,0.37574,0.33576,-0.977
bronze,41,3,1532.019,0.57751,0.966,1.67270,11.9613,7.15089,0.4022,0.02463,0.02201,-0.977
bronze,41,4,3002.146,0.25208,0.38427,1.52440,27.403,17.9763,0.3440,0.00086,0.00077,-0.960
bronze,41,5,4962.762,0.12784,0.17964,1.40519,54.0344,38.4533,0.2884,0.00435,0.00389,-0.971
bronze,41,6,7413.508,0.071187,0.093653,1.31559,97.0367,73.759,0.2399,0.00117,0.00104,-1.023
bronze,41,7,10354.403,0.042411,0.052988,1.24939,162.876,130.365,0.1996,0.00079,0.00071,-0.927
bronze,41,8,13785.447,0.026638,0.031975,1.20035,259.32,216.036,0.1669,3e-05,2e-05,-3.522
bronze,41,9,17706.643,0.017469,0.020327,1.16360,395.429,339.832,0.1406,0.00046,0.00042,-0.790
bronze,42,1,92.499,11.463,22.128,1.93038,0.602613,0.312173,0.4820,0.17859,0.15918,-0.999
bronze,42,2,579.679,1.714,3.1257,1.82363,4.0302,2.20999,0.4516,0.37789,0.33683,-0.999
bronze,42,3,1623.118,0.53945,0.89608,1.66110,12.8052,7.70886,0.3980,0.01806,0.01609,-1.003
bronze,42,4,3180.663,0.23383,0.35325,1.51071,29.5418,19.5549,0.3381,0.00509,0.00454,-0.993
bronze,42,5,5257.863,0.11779,0.16395,1.39188,58.6447,42.1333,0.2815,0.0024,0.00214,-0.996
bronze,42,6,7854.338,0.065219,0.085014,1.30352,105.916,81.2543,0.2328,0.00014,0.00012,-1.339
bronze,42,7,10970.108,0.038672,0.04791,1.23888,178.624,144.182,0.1928,0.00134,0.0012,-0.958
bronze,42,8,14605.173,0.024196,0.028826,1.19135,285.492,239.636,0.1606,0.00013,0.00011,-1.451
bronze,42,9,18759.535,0.015819,0.018285,1.15589,436.675,377.783,0.1349,8e-05,7e-05,-1.160
bronze,43,1,97.999,10.811,20.855,1.92905,0.638956,0.331228,0.4816,0.18276,0.16253,-1.019
bronze,43,2,614.148,1.6107,2.9265,1.81691,4.28867,2.36042,0.4496,0.37978,0.33774,-1.019
bronze,43,3,1719.633,0.50364,0.83063,1.64925,13.7157,8.31628,0.3937,0.01162,0.01034,-1.014
bronze,43,4,3369.794,0.21674,0.32446,1.49700,31.8712,21.29,0.3320,0.00849,0.00755,-1.019
bronze,43,5,5570.511,0.10845,0.14951,1.37861,63.6953,46.2026,0.2746,5e-05,5e-05,+0.000
bronze,43,6,8321.381,0.059702,0.077116,1.29168,115.704,89.5762,0.2258,0.00089,0.00079,-1.035
bronze,43,7,11622.424,0.035234,0.043292,1.22870,196.054,159.562,0.1861,0.00041,0.00036,-1.130
bronze,43,8,15473.641,0.021962,0.025974,1.18268,314.532,265.949,0.1545,0,0,
bronze,43,9,19875.033,0.014315,0.016441,1.14852,482.554,420.154,0.1293,0.00045,0.0004,-1.023
bronze,44,1,103.826,10.196,19.654,1.92762,0.677497,0.351468,0.4812,0.18717,0.16611,-1.037
bronze,44,2,650.668,1.5132,2.7389,1.81001,4.565,2.52209,0.4475,0.38135,0.33845,-1.037
bronze,44,3,1821.888,0.46996,0.7694,1.63716,14.6986,8.97811,0.3892,0.00544,0.00483,-1.033
bronze,44,4,3570.173,0.20076,0.29777,1.48321,34.408,23.1983,0.3258,0.01072,0.00951,-1.040
bronze,44,5,5901.752,0.09977,0.13623,1.36544,69.2368,50.7066,0.2676,0.00231,0.00205,-1.037
bronze,44,6,8816.198,0.054606,0.069903,1.28013,126.502,98.8191,0.2188,0.00128,0.00114,-1.006
bronze,44,7,12313.532,0.032076,0.039095,1.21882,215.356,176.692,0.1795,0.00092,0.00081,-1.106
bronze,44,8,16393.754,0.019919,0.023392,1.17436,346.792,295.304,0.1484,0.00011,0.0001,-0.828
bronze,45,1,110.000,9.616,18.521,1.92606,0.718361,0.372969,0.4808,0.19181,0.16996,-1.050
bronze,45,2,689.358,1.4212,2.5622,1.80284,4.86051,2.69602,0.4453,0.38252,0.33894,-1.051
bronze,45,3,1930.223,0.4383,0.71216,1.62482,15.7603,9.69972,0.3845,0.00038,0.00033,-1.225
bronze,45,4,3782.467,0.18581,0.27304,1.46946,37.1764,25.2994,0.3195,0.01153,0.01022,-1.048
bronze,45,5,6252.688,0.091707,0.12404,1.35257,75.3242,55.6897,0.2606,0.00368,0.00326,-1.053
bronze,45,6,9340.436,0.049904,0.06332,1.26884,138.421,109.093,0.2119,0.00078,0.00069,-1.065
bronze,45,7,13045.730,0.029179,0.035284,1.20923,236.737,195.776,0.1730,0.001,0.00088,-1.110
bronze,45,8,17368.576,0.018054,0.021055,1.16622,382.616,328.081,0.1425,1e-05,1e-05,+0.000
bronze,46,1,116.541,9.0682,17.451,1.92442,0.761756,0.395837,0.4804,0.19671,0.17408,-1.062
bronze,46,2,730.350,1.3345,2.3959,1.79535,5.17629,2.88316,0.4430,0.38323,0.33914,-1.062
bronze,46,3,2045.000,0.40854,0.65868,1.61228,16.9084,10.4873,0.3798,0.00569,0.00504,-1.054
bronze,46,4,4007.384,0.17185,0.25016,1.45569,40.1964,27.6133,0.3130,0.01084,0.00959,-1.064
bronze,46,5,6624.493,0.084225,0.11284,1.33974,82.0155,61.2173,0.2536,0.00371,0.00328,-1.070
bronze,46,6,9895.847,0.045569,0.057318,1.25783,151.589,120.516,0.2050,0.00025,0.00022,-1.110
bronze,46,7,13821.472,0.026523,0.031826,1.19994,260.444,217.048,0.1666,0.00024,0.00022,-0.756
bronze,46,8,18401.365,0.016353,0.018944,1.15844,422.415,364.641,0.1368,0.0001,9e-05,-0.915
bronze,47,1,123.471,8.5511,16.442,1.92279,0.807821,0.420129,0.4799,0.20187,0.17849,-1.069
bronze,47,2,773.779,1.2527,2.2393,1.78758,5.51429,3.08478,0.4406,0.38339,0.33899,-1.069
bronze,47,3,2166.602,0.38058,0.60874,1.59951,18.1506,11.3476,0.3748,0.01038,0.00918,-1.067
bronze,47,4,4245.675,0.15882,0.22901,1.44195,43.4942,30.1636,0.3065,0.00871,0.0077,-1.071
bronze,47,5,7018.405,0.07729,0.10258,1.32721,89.3745,67.3402,0.2466,0.00238,0.0021,-1.087
bronze,47,6,10484.285,0.041578,0.051851,1.24708,166.14,133.223,0.1981,0.001,0.00089,-1.012
bronze,47,7,14643.339,0.024091,0.028691,1.19094,286.736,240.764,0.1603,0.00103,0.00091,-1.076
bronze,47,8,19495.568,0.014801,0.017036,1.15100,466.709,405.48,0.1312,4e-05,4e-05,+0.000
bronze,48,1,130.813,8.063,15.489,1.92100,0.856723,0.445978,0.4794,0.20728,0.18321,-1.072
bronze,48,2,819.790,1.1755,2.0919,1.77958,5.87644,3.30214,0.4380,0.38288,0.33841,-1.072
bronze,48,3,2295.435,0.35433,0.56216,1.58654,19.4953,12.2879,0.3697,0.0143,0.01264,-1.072
bronze,48,4,4498.136,0.14666,0.20947,1.42827,47.1005,32.9773,0.2999,0.00544,0.00481,-1.069
bronze,48,5,7435.741,0.070866,0.093186,1.31496,97.4763,74.1287,0.2395,0.0002,0.00018,-0.915
bronze,48,6,11107.712,0.037905,0.046876,1.23667,182.239,147.362,0.1914,0.00086,0.00076,-1.074
bronze,48,7,15514.076,0.021865,0.025852,1.18235,315.928,267.204,0.1542,0.0002,0.00017,-1.412
bronze,49,1,138.591,7.6024,14.59,1.91913,0.908628,0.473458,0.4789,0.21295,0.18823,-1.072
bronze,49,2,868.537,1.1028,1.9533,1.77122,6.26383,3.53645,0.4354,0.38159,0.33731,-1.071
bronze,49,3,2431.929,0.32968,0.51873,1.57343,20.9529,13.3167,0.3644,0.01733,0.01532,-1.071
bronze,49,4,4765.610,0.13532,0.19144,1.41472,51.0476,36.0831,0.2931,0.00152,0.00134,-1.095
bronze,49,5,7877.894,0.064922,0.084587,1.30290,106.401,81.6645,0.2325,0.00191,0.00169,-1.063
bronze,49,6,11768.212,0.034529,0.042352,1.22656,200.057,163.103,0.1847,5e-05,4e-05,-1.938
bronze,49,7,16436.592,0.019831,0.023281,1.17397,348.331,296.712,0.1482,0.00088,0.00078,-1.048
bronze,50,1,146.832,7.1676,13.741,1.91710,0.963747,0.502711,0.4784,0.21886,0.19358,-1.066
bronze,50,2,920.183,1.0343,1.8229,1.76245,6.67868,3.78943,0.4326,0.37941,0.33558,-1.066
bronze,50,3,2576.539,0.30656,0.47827,1.56012,22.5331,14.4432,0.3590,0.01935,0.01712,-1.064
bronze,50,4,5048.987,0.12477,0.17482,1.40114,55.3639,39.5135,0.2863,0.00241,0.00213,-1.073
bronze,50,5,8346.338,0.059428,0.076726,1.29107,116.237,90.0315,0.2255,0.003,0.00266,-1.045
bronze,50,6,12467.985,0.031429,0.038241,1.21674,219.789,180.637,0.1781,0.00084,0.00075,-0.984
bronze,50,7,17413.963,0.017974,0.020955,1.16585,384.319,329.647,0.1423,0.00035,0.00031,-1.054
bronze,51,1,155.563,6.7572,12.94,1.91499,1.02228,0.53383,0.4778,0.22502,0.19924,-1.057
bronze,51,2,974.900,0.96967,1.7003,1.75348,7.12382,4.06267,0.4297,0.3762,0.33309,-1.057
bronze,51,3,2729.748,0.28487,0.44062,1.54674,24.2488,15.6774,0.3535,0.02028,0.01796,-1.055
bronze,51,4,5349.215,0.11494,0.15952,1.38785,60.0988,43.3034,0.2795,0.00563,0.00499,-1.048
bronze,51,5,8842.636,0.054353,0.069546,1.27952,127.091,99.3264,0.2185,0.00254,0.00225,-1.053
bronze,51,6,13209.370,0.028586,0.034509,1.20720,241.648,200.173,0.1716,0.0007,0.00062,-1.054
bronze,51,7,18449.449,0.016279,0.018853,1.15812,424.335,366.401,0.1365,0.00077,0.00068,-1.080
bronze,52,1,164.814,6.3699,12.184,1.91275,1.08444,0.566953,0.4772,0.23141,0.2052,-1.044
bronze,52,2,1032.870,0.90877,1.585,1.74412,7.60121,4.35821,0.4267,0.37182,0.32971,-1.044
bronze,52,3,2892.067,0.26454,0.40559,1.53319,26.1123,17.0314,0.3478,0.02006,0.01779,-1.043
bronze,52,4,5667.297,0.1058,0.14543,1.37457,65.2907,47.4988,0.2725,0.00751,0.00666,-1.043
bronze,52,5,9368.447,0.04967,0.062995,1.26827,139.073,109.656,0.2115,0.00075,0.00066,-1.110
bronze,52,6,13994.841,0.02598,0.031123,1.19796,265.887,221.95,0.1653,0.00021,0.00019,-0.869
bronze,52,7,19546.512,0.014734,0.016954,1.15067,468.831,407.441,0.1309,0.00029,0.00026,-0.948
bronze,53,1,174.614,6.0044,11.471,1.91043,1.15045,0.602193,0.4766,0.238,0.21144,-1.028
bronze,53,2,1094.288,0.85139,1.4768,1.73458,8.1135,4.67752,0.4235,0.36612,0.32527,-1.028
bronze,53,3,3064.038,0.2455,0.37305,1.51955,28.1375,18.517,0.3419,0.01871,0.01662,-1.029
bronze,53,4,6004.292,0.097302,0.13249,1.36164,70.9929,52.1379,0.2656,0.00763,0.00678,-1.026
bronze,53,5,9925.523,0.045354,0.057022,1.25727,152.308,121.142,0.2046,0.00135,0.0012,-1.023
bronze,53,6,14827.017,0.023594,0.028054,1.18903,292.776,246.231,0.1590,0.0008,0.00071,-1.037
bronze,54,1,184.997,5.6594,10.798,1.90798,1.22058,0.639725,0.4759,0.24478,0.21794,-1.009
bronze,54,2,1159.358,0.79732,1.3751,1.72465,8.66372,5.02346,0.4202,0.35896,0.31961,-1.009
bronze,54,3,3246.235,0.22766,0.34283,1.50589,30.3424,20.1492,0.3359,0.01627,0.01449,-1.006
bronze,54,4,6361.325,0.089417,0.1206,1.34874,77.2533,57.2782,0.2585,0.00595,0.0053,-1.005
bronze,54,5,10515.726,0.041379,0.051582,1.24657,166.939,133.918,0.1978,0.00247,0.0022,-1.005
bronze,54,6,15708.677,0.021411,0.025275,1.18047,322.626,273.304,0.1529,0.00032,0.00028,-1.160
bronze,55,1,195.998,5.3337,10.163,1.90543,1.29512,0.679696,0.4752,0.2517,0.22465,-0.988
bronze,55,2,1228.297,0.74639,1.2796,1.71439,9.25489,5.39837,0.4167,0.3502,0.31255,-0.988
bronze,55,3,3439.267,0.21097,0.31479,1.49211,32.7428,21.944,0.3298,0.0129,0.01152,-0.983
bronze,55,4,6739.590,0.082102,0.10969,1.33602,84.1363,62.9752,0.2515,0.00286,0.00255,-0.997
bronze,55,5,11141.024,0.037723,0.046631,1.23614,183.118,148.137,0.1910,0.00187,0.00167,-0.983
bronze,55,6,16642.766,0.019416,0.022759,1.17218,355.776,303.518,0.1469,0.00056,0.0005,-0.984
bronze,56,1,207.652,5.0264,9.5638,1.90271,1.37429,0.722281,0.4744,0.25874,0.23149,-0.967
bronze,56,2,1301.335,0.69842,1.1901,1.70399,9.89055,5.80435,0.4131,0.33969,0.30392,-0.966
bronze,56,3,3643.776,0.19536,0.28881,1.47835,35.3591,23.918,0.3236,0.00882,0.00789,-0.968
bronze,56,4,7140.346,0.075322,0.099694,1.32357,91.7097,69.2896,0.2445,0.00082,0.00074,-0.892
bronze,56,5,11803.504,0.034362,0.042129,1.22603,201.029,163.967,0.1844,3e-05,3e-05,+0.000
bronze,56,6,17632.395,0.017595,0.020483,1.16414,392.598,337.243,0.1410,0.00055,0.00049,-1.003
bronze,57,1,220.000,4.7364,8.9983,1.89982,1.45844,0.767673,0.4736,0.26584,0.23842,-0.946
bronze,57,2,1378.717,0.65324,1.106,1.69310,10.5746,6.24571,0.4094,0.32734,0.29357,-0.946
bronze,57,3,3860.446,0.18077,0.26476,1.46462,38.213,26.0906,0.3172,0.0043,0.00386,-0.938
bronze,57,4,7564.933,0.069045,0.090541,1.31133,100.047,76.2942,0.2374,0.00402,0.00361,-0.934
bronze,57,5,12505.376,0.031276,0.038038,1.21620,220.864,181.601,0.1778,0.00178,0.00159,-0.980
bronze,57,6,18680.871,0.015934,0.018427,1.15646,433.523,374.871,0.1353,0.00032,0.00029,-0.855
bronze,58,1,233.082,4.4626,8.4648,1.89683,1.54792,0.816056,0.4728,0.27297,0.24533,-0.927
bronze,58,2,1460.699,0.61072,1.0273,1.68211,11.3108,6.72418,0.4055,0.31305,0.28136,-0.927
bronze,58,3,4090.000,0.16715,0.2425,1.45079,41.3267,28.4856,0.3107,0.00028,0.00025,-0.984
bronze,58,4,8014.768,0.063238,0.082168,1.29935,109.234,84.0687,0.2304,0.00572,0.00514,-0.929
bronze,58,5,13248.984,0.028445,0.034325,1.20671,242.846,201.246,0.1713,0.00192,0.00173,-0.905
bronze,58,6,19791.693,0.01442,0.016569,1.14903,479.04,416.908,0.1297,0.00058,0.00052,-0.948
bronze,59,1,246.942,4.2043,7.9614,1.89363,1.64302,0.867656,0.4719,0.28007,0.25216,-0.912
bronze,59,2,1547.557,0.57069,0.95345,1.67070,12.1042,7.24501,0.4014,0.29678,0.2672,-0.912
bronze,59,3,4333.205,0.15443,0.22193,1.43709,44.7307,31.1258,0.3042,0.00452,0.00407,-0.911
bronze,59,4,8491.351,0.057872,0.074516,1.28760,119.363,92.7016,0.2234,0.00533,0.0048,-0.910
bronze,59,5,14036.811,0.025851,0.030957,1.19752,267.214,223.14,0.1649,0.00035,0.00031,-1.054
bronze,60,1,261.626,3.9605,7.4864,1.89027,1.74416,0.922707,0.4710,0.2871,0.2588,-0.901
bronze,60,2,1639.579,0.53303,0.88433,1.65906,12.9594,7.81129,0.3972,0.27852,0.25107,-0.901
bronze,60,3,4590.870,0.14256,0.20294,1.42354,48.4551,34.0384,0.2975,0.00802,0.00723,-0.901
bronze,60,4,8996.272,0.052917,0.067529,1.27613,130.539,102.293,0.2164,0.00298,0.00269,-0.889
bronze,60,5,14871.482,0.023475,0.027903,1.18863,294.26,247.563,0.1587,0.00144,0.0013,-0.888
bronze,61,1,277.183,3.7304,7.0384,1.88677,1.85175,0.981438,0.4700,0.29401,0.26517,-0.897
bronze,61,2,1737.074,0.4976,0.81963,1.64717,13.8821,8.42789,0.3929,0.25833,0.23299,-0.897
bronze,61,3,4863.858,0.13151,0.18542,1.40993,52.5265,37.2546,0.2907,0.0104,0.00938,-0.897
bronze,61,4,9531.220,0.048346,0.061155,1.26494,142.882,112.955,0.2095,0.0004,0.00036,-0.915
bronze,61,5,15755.788,0.021303,0.025138,1.18002,324.262,274.793,0.1526,0.00161,0.00145,-0.909
bronze,62,1,293.665,3.5132,6.6157,1.88310,1.96623,1.04415,0.4690,0.30077,0.2712,-0.899
bronze,62,2,1840.366,0.46428,0.75912,1.63505,14.8784,9.09969,0.3884,0.2363,0.21307,-0.899
bronze,62,3,5153.078,0.12121,0.16927,1.39650,56.99,40.8091,0.2839,0.01139,0.01027,-0.899
bronze,62,4,10097.975,0.044134,0.055346,1.25404,156.518,124.81,0.2026,0.00336,0.00303,-0.898
bronze,62,5,16692.676,0.019318,0.022635,1.17171,357.581,305.18,0.1466,0,0,
bronze,63,1,311.127,3.3083,6.217,1.87921,2.08801,1.11111,0.4679,0.30733,0.27683,-0.908
bronze,63,2,1949.800,0.43296,0.70255,1.62267,15.9547,9.8324,0.3837,0.21262,0.19151,-0.908
bronze,63,3,5459.495,0.11163,0.1544,1.38314,61.8808,44.7393,0.2770,0.01087,0.00979,-0.909
bronze,63,4,10698.431,0.040257,0.050056,1.24341,171.591,138.001,0.1958,0.00454,0.00409,-0.907
bronze,63,5,17685.271,0.017505,0.020372,1.16378,394.616,339.081,0.1407,0.00147,0.00132,-0.935
bronze,64,1,329.628,3.1149,5.8409,1.87515,2.21765,1.18265,0.4667,0.31369,0.28202,-0.924
bronze,64,2,2065.741,0.40353,0.6497,1.61004,17.1183,10.6322,0.3789,0.1875,0.16858,-0.924
bronze,64,3,5784.134,0.10272,0.14073,1.37004,67.2484,49.0852,0.2701,0.0089,0.00801,-0.915
bronze,64,4,11334.594,0.03669,0.045243,1.23312,188.274,152.681,0.1890,0.00335,0.00301,-0.930
bronze,64,5,18736.895,0.015852,0.018326,1.15607,435.766,376.937,0.1350,0.00097,0.00087,-0.945
bronze,65,1,349.228,2.9324,5.4861,1.87086,2.35567,1.25914,0.4655,0.31982,0.28678,-0.947
bronze,65,2,2188.576,0.37588,0.60037,1.59724,18.3776,11.5058,0.3739,0.16126,0.1446,-0.947
bronze,65,3,6128.076,0.094449,0.12817,1.35703,73.1374,53.8953,0.2631,0.00578,0.00518,-0.952
bronze,65,4,12008.583,0.033414,0.040867,1.22305,206.732,169.03,0.1824,0.00045,0.0004,-1.023
bronze,65,5,19851.047,0.014345,0.016478,1.14869,481.544,419.211,0.1294,0.00078,0.0007,-0.940
bronze,66,1,369.994,2.7602,5.1516,1.86639,2.50263,1.3409,0.4642,0.32575,0.29111,-0.977
bronze,66,2,2318.716,0.34991,0.55435,1.58426,19.7415,12.461,0.3688,0.13425,0.11998,-0.976
bronze,66,3,6492.471,0.086769,0.11664,1.34426,79.6109,59.2229,0.2561,0.00198,0.00177,-0.974
bronze,66,4,12722.650,0.030406,0.036893,1.21335,227.184,187.238,0.1758,0.00248,0.00222,-0.962
bronze,67,1,391.995,2.5977,4.8361,1.86169,2.65918,1.42837,0.4629,0.33148,0.29506,-1.011
bronze,67,2,2456.594,0.32554,0.51145,1.57108,21.2194,13.5062,0.3635,0.10688,0.09514,-1.011
bronze,67,3,6878.533,0.079647,0.10606,1.33163,86.7296,65.1306,0.2490,0.00186,0.00166,-0.988
bronze,67,4,13479.179,0.027647,0.033286,1.20396,249.855,207.527,0.1694,0.00362,0.00322,-1.017
bronze,68,1,415.305,2.4443,4.5386,1.85681,2.82607,1.522,0.4614,0.33707,0.2987,-1.050
bronze,68,2,2602.670,0.30267,0.4715,1.55780,22.8227,14.6506,0.3581,0.07961,0.07055,-1.049
bronze,68,3,7287.552,0.073049,0.096367,1.31921,94.5633,71.6817,0.2420,0.00505,0.00448,-1.040
bronze,68,4,14280.692,0.02512,0.030014,1.19482,274.99,230.151,0.1631,0.00223,0.00197,-1.077
bronze,69,1,440.000,2.2997,4.2581,1.85159,3.00376,1.62226,0.4599,0.34258,0.30212,-1.092
bronze,69,2,2757.433,0.28123,0.43431,1.54432,24.5627,15.9051,0.3525,0.05293,0.04668,-1.091
bronze,69,3,7720.892,0.066941,0.087497,1.30708,103.192,78.9485,0.2349,0.00698,0.00616,-1.085
bronze,69,4,15129.866,0.022807,0.02705,1.18604,302.879,255.37,0.1568,0.00065,0.00057,-1.141
bronze,70,1,466.164,2.1631,3.9936,1.84624,3.19345,1.72971,0.4584,0.34806,0.30541,-1.135
bronze,70,2,2921.399,0.26113,0.39973,1.53077,26.4533,17.2811,0.3468,0.02733,0.02398,-1.136
bronze,70,3,8180.001,0.061294,0.079386,1.29517,112.699,87.0148,0.2279,0.00725,0.00636,-1.138
bronze,70,4,16029.536,0.020692,0.024365,1.17751,333.837,283.511,0.1508,0.00277,0.00243,-1.137
bronze,71,1,493.883,2.0343,3.7444,1.84063,3.39564,1.84482,0.4567,0.35359,0.30866,-1.180
bronze,71,2,3095.114,0.2423,0.3676,1.51713,28.5091,18.7915,0.3409,0.00335,0.00292,-1.193
bronze,71,3,8666.409,0.056076,0.071975,1.28353,123.186,95.9744,0.2209,0.00582,0.00508,-1.181
bronze,71,4,16982.701,0.01876,0.021936,1.16930,368.217,314.905,0.1448,0.0024,0.00209,-1.201
bronze,72,1,523.251,1.9128,3.5094,1.83469,3.61133,1.96836,0.4549,0.35925,0.31197,-1.226
bronze,72,2,3279.159,0.22467,0.33778,1.50345,30.7462,20.4505,0.3349,0.0185,0.01607,-1.223
bronze,72,3,9181.740,0.051259,0.06521,1.27217,134.762,105.931,0.2139,0.00305,0.00265,-1.221
bronze,72,4,17992.545,0.016996,0.01974,1.16145,406.434,349.937,0.1390,9e-05,8e-05,-1.023
bronze,73,1,554.365,1.7982,3.288,1.82850,3.84148,2.1009,0.4531,0.36512,0.31541,-1.271
bronze,73,2,3474.148,0.20817,0.31011,1.48970,33.1832,22.2752,0.3287,0.03772,0.03258,-1.272
bronze,73,3,9727.716,0.046818,0.059041,1.26107,147.545,116.999,0.2070,0.00033,0.00028,-1.427
bronze,73,4,19062.439,0.015387,0.017755,1.15390,448.934,389.06,0.1333,0.00227,0.00196,-1.275
bronze,74,1,587.330,1.69,3.0794,1.82213,4.08743,2.24321,0.4512,0.37126,0.31907,-1.316
bronze,74,2,3680.732,0.19274,0.28447,1.47593,35.8398,24.2829,0.3225,0.05381,0.04624,-1.317
bronze,74,3,10306.155,0.042727,0.05342,1.25026,161.672,129.31,0.2002,0.00334,0.00287,-1.317
bronze,75,1,622.254,1.588,2.8829,1.81543,4.34997,2.39611,0.4492,0.37774,0.32299,-1.360
bronze,75,2,3899.599,0.17832,0.26074,1.46220,38.738,26.4929,0.3161,0.06633,0.05672,-1.359
bronze,75,3,10918.990,0.038962,0.048303,1.23975,177.295,143.009,0.1934,0.00508,0.00434,-1.367
bronze,76,1,659.255,1.4918,2.6979,1.80849,4.63048,2.56042,0.4470,0.3846,0.32724,-1.403
bronze,76,2,4131.482,0.16486,0.23879,1.44844,41.9007,28.9282,0.3096,0.07491,0.06374,-1.403
bronze,76,3,11568.269,0.035501,0.043649,1.22951,194.579,158.257,0.1867,0.00496,0.00422,-1.403
bronze,77,1,698.456,1.4011,2.5236,1.80116,4.93024,2.73726,0.4448,0.39187,0.33184,-1.444
bronze,77,2,4377.152,0.15229,0.2185,1.43476,45.3592,31.6144,0.3030,0.07925,0.06711,-1.444
bronze,77,3,12256.152,0.032321,0.039419,1.21961,213.723,175.239,0.1801,0.00303,0.00257,-1.430
bronze,78,1,739.989,1.3155,2.3595,1.79361,5.25105,2.92764,0.4425,0.39955,0.33679,-1.484
bronze,78,2,4637.431,0.14058,0.19977,1.42104,49.1375,34.5785,0.2963,0.07918,0.06674,-1.485
bronze,78,3,12984.941,0.029404,0.035578,1.20997,234.926,194.158,0.1735,4e-05,3e-05,-2.499
bronze,79,1,783.991,1.2348,2.205,1.78571,5.59423,3.13277,0.4400,0.40764,0.34212,-1.522
bronze,79,2,4913.187,0.12966,0.1825,1.40753,53.2759,37.8507,0.2896,0.07471,0.0627,-1.522
bronze,79,3,13757.066,0.026729,0.032093,1.20068,258.437,215.242,0.1671,0.00277,0.00232,-1.540
bronze,80,1,830.609,1.1587,2.0597,1.77760,5.96164,3.35377,0.4375,0.41612,0.34781,-1.558
bronze,80,2,5205.341,0.11949,0.16658,1.39409,57.8103,41.4681,0.2827,0.06604,0.0552,-1.557
bronze,80,3,14575.104,0.024279,0.028933,1.19169,284.516,238.75,0.1609,0.00411,0.00343,-1.571
bronze,81,1,880.000,1.0869,1.923,1.76925,6.35547,3.59218,0.4348,0.42494,0.35385,-1.590
bronze,81,2,5514.866,0.11003,0.15193,1.38081,62.7807,45.4667,0.2758,0.05363,0.04466,-1.590
bronze,81,3,15441.784,0.022038,0.026071,1.18300,313.447,264.959,0.1547,0.00331,0.00276,-1.578
bronze,82,1,932.328,1.0193,1.7944,1.76042,6.77696,3.84962,0.4320,0.43408,0.36023,-1.620
bronze,82,2,5842.797,0.10123,0.13846,1.36778,68.2382,49.8899,0.2689,0.03822,0.03171,-1.622
bronze,82,3,16360.002,0.019989,0.023479,1.17460,345.578,294.21,0.1486,0.00079,0.00066,-1.562
bronze,83,1,987.767,0.95553,1.6735,1.75138,7.22924,4.12773,0.4290,0.44349,0.36695,-1.646
bronze,83,2,6190.229,0.093065,0.12608,1.35475,74.2251,54.7887,0.2619,0.02082,0.01722,-1.649
bronze,83,3,17332.818,0.018118,0.021135,1.16652,381.265,326.84,0.1427,0.00203,0.00168,-1.644
bronze,84,1,1046.502,0.89545,1.5599,1.74203,7.71428,4.42833,0.4259,0.45316,0.37403,-1.667
bronze,84,2,6558.318,0.085486,0.11472,1.34197,80.8057,60.214,0.2548,0.00272,0.00224,-1.686
bronze,84,3,18363.480,0.016411,0.019015,1.15867,420.922,363.279,0.1370,0.00341,0.00282,-1.650
bronze,85,1,1108.731,0.83883,1.4531,1.73229,8.23499,4.75381,0.4227,0.46308,0.38146,-1.684
bronze,85,2,6948.296,0.078458,0.1043,1.32937,88.044,66.2297,0.2478,0.0146,0.01203,-1.682
bronze,85,3,19455.432,0.014854,0.0171,1.15121,465.043,403.962,0.1314,0.00242,0.00199,-1.699
bronze,86,1,1174.659,0.78549,1.3529,1.72236,8.7942,5.10589,0.4194,0.47325,0.38927,-1.697
bronze,86,2,7361.463,0.071947,0.09476,1.31708,96.0117,72.8974,0.2407,0.02956,0.02431,-1.698
bronze,87,1,1244.508,0.73524,1.2588,1.71209,9.39524,5.48757,0.4159,0.48369,0.39748,-1.705
bronze,87,2,7799.198,0.065922,0.086027,1.30498,104.787,80.2975,0.2337,0.04063,0.03339,-1.705
bronze,88,1,1318.510,0.68792,1.1705,1.70151,10.0415,5.90154,0.4123,0.4944,0.40612,-1.708
bronze,88,2,8262.964,0.060352,0.078042,1.29311,114.458,88.5133,0.2267,0.04655,0.03824,-1.708
bronze,89,1,1396.913,0.64336,1.0877,1.69066,10.737,6.35079,0.4085,0.50538,0.41517,-1.708
bronze,89,2,8754.305,0.055206,0.070748,1.28153,125.127,97.6389,0.2197,0.04646,0.03816,-1.709
bronze,90,1,1479.978,0.60142,1.0101,1.67953,11.4857,6.83868,0.4046,0.51661,0.42463,-1.703
bronze,90,2,9274.862,0.050457,0.064091,1.27021,136.904,107.78,0.2127,0.04018,0.03302,-1.705
bronze,91,1,1567.982,0.56194,0.93736,1.66808,12.2927,7.36937,0.4005,0.52804,0.43447,-1.694
bronze,91,2,9826.375,0.046079,0.058021,1.25916,149.911,119.056,0.2058,0.02835,0.02332,-1.696
bronze,92,1,1661.219,0.5248,0.86926,1.65636,13.1626,7.94671,0.3963,0.53962,0.44463,-1.682
bronze,92,2,10410.682,0.042047,0.052491,1.24839,164.287,131.599,0.1990,0.01252,0.01032,-1.678
bronze,93,1,1760.000,0.48986,0.80554,1.64443,14.1015,8.57531,0.3919,0.55131,0.4551,-1.666
bronze,93,2,11029.732,0.038336,0.047458,1.23795,180.19,145.555,0.1922,0.00491,0.00405,-1.673
bronze,94,1,1864.655,0.457,0.74594,1.63225,15.1154,9.26047,0.3873,0.56308,0.46583,-1.647
bronze,94,2,11685.594,0.034926,0.042881,1.22777,197.783,161.091,0.1855,0.02092,0.01731,-1.645
bronze,95,1,1975.533,0.42612,0.69023,1.61980,16.2108,10.0079,0.3826,0.57492,0.4768,-1.625
bronze,95,2,12380.457,0.031793,0.038721,1.21791,217.273,178.398,0.1789,0.03238,0.02686,-1.623
bronze,96,1,2093.004,0.3971,0.6382,1.60715,17.3955,10.8238,0.3778,0.58682,0.48798,-1.602
bronze,96,2,13116.636,0.028919,0.034945,1.20838,238.866,197.675,0.1724,0.03666,0.03049,-1.601
bronze,97,1,2217.461,0.36984,0.58964,1.59431,18.6777,11.7152,0.3728,0.59874,0.49934,-1.577
bronze,97,2,13896.592,0.026285,0.031519,1.19912,262.802,219.162,0.1660,0.03236,0.02699,-1.576
bronze,98,1,2349.318,0.34424,0.54435,1.58131,20.0667,12.6899,0.3676,0.61063,0.5108,-1.551
bronze,98,2,14722.928,0.023873,0.028413,1.19017,289.354,243.12,0.1598,0.01998,0.01671,-1.552
bronze,99,1,2489.016,0.32022,0.50213,1.56808,21.5719,13.7569,0.3623,0.62239,0.52229,-1.523
bronze,99,2,15598.396,0.021667,0.025599,1.18147,318.815,269.845,0.1536,0.00222,0.00186,-1.537
bronze,100,1,2637.020,0.29768,0.46282,1.55476,23.2053,14.9254,0.3568,0.6293,0.53374,-1.431
bronze,100,2,16525.926,0.01965,0.023053,1.17318,351.54,299.647,0.1476,0.01609,0.01365,-1.428
bronze,101,1,2793.826,0.27655,0.42624,1.54128,24.9783,16.2063,0.3512,0.59851,0.54508,-0.812
bronze,101,2,17508.609,0.017808,0.020749,1.16515,387.902,332.92,0.1417,0.02746,0.02501,-0.812
bronze,102,1,2959.955,0.25674,0.39223,1.52773,26.9056,17.6115,0.3454,0.56636,0.55624,-0.157
bronze,102,2,18549.725,0.016128,0.018667,1.15743,428.308,370.052,0.1360,0.02845,0.02795,-0.154
bronze,103,1,3135.963,0.23819,0.36064,1.51409,29.001,19.1542,0.3395,0.5329,0.5329,+0.000
bronze,103,2,19652.748,0.014597,0.016785,1.14989,473.231,411.543,0.1304,0.01922,0.01922,+0.000
bronze,104,1,3322.438,0.22082,0.33131,1.50036,31.2823,20.8498,0.3335,0.49821,0.49821,+0.000
bronze,105,1,3520.000,0.20457,0.30412,1.48663,33.7672,22.7139,0.3273,0.46237,0.46237,+0.000
bronze,106,1,3729.310,0.18938,0.27892,1.47281,36.4756,24.7661,0.3210,0.42552,0.42552,+0.000
bronze,107,1,3951.067,0.17519,0.25561,1.45904,39.4301,27.0246,0.3146,0.38781,0.38781,+0.000
bronze,108,1,4186.009,0.16193,0.23404,1.44532,42.6589,29.5153,0.3081,0.34942,0.34942,+0.000
aluminum,21,1,27.500,336.36,580.38,1.72547,0.0205368,0.0119021,0.4205,0.1304,0.12948,-0.061
aluminum,21,2,172.340,48.477,78.157,1.61225,0.142496,0.0883831,0.3797,0.32837,0.32606,-0.061
aluminum,21,3,482.556,14.34,20.92,1.45886,0.481712,0.330199,0.3145,0.11754,0.11671,-0.062
aluminum,21,4,945.617,5.8246,7.7699,1.33398,1.18596,0.88904,0.2504,0.05577,0.05538,-0.061
aluminum,21,5,1563.172,2.7698,3.4485,1.24504,2.49395,2.00312,0.1968,0.01797,0.01785,-0.058
aluminum,21,6,2335.109,1.463,1.7319,1.18380,4.72164,3.98854,0.1553,0.00482,0.00479,-0.054
aluminum,21,7,3261.433,0.83586,0.95409,1.14145,8.26425,7.24015,0.1239,0.00513,0.0051,-0.051
aluminum,21,8,4342.144,0.50808,0.5647,1.11144,13.5958,12.2326,0.1003,0.00032,0.00031,-0.276
aluminum,21,9,5577.243,0.32477,0.3539,1.08969,21.2697,19.5189,0.0823,0.0014,0.00139,-0.062
aluminum,21,10,6966.729,0.21642,0.23234,1.07356,31.9183,29.7312,0.0685,3e-05,3e-05,+0.000
aluminum,21,11,8510.604,0.14935,0.15851,1.06133,46.2521,43.5793,0.0578,0.00036,0.00036,+0.000
aluminum,21,12,10208.862,0.10617,0.11167,1.05180,65.0632,61.8586,0.0493,0.0001,0.0001,+0.000
aluminum,22,1,29.135,317.1,546.67,1.72397,0.0217842,0.0126361,0.4199,0.13135,0.1304,-0.063
aluminum,22,2,182.587,45.445,72.965,1.60557,0.152003,0.0946722,0.3772,0.32969,0.3273,-0.063
aluminum,22,3,511.250,13.323,19.298,1.44847,0.518483,0.357952,0.3096,0.11503,0.1142,-0.063
aluminum,22,4,1001.846,5.3648,7.0992,1.32329,1.28761,0.973033,0.2443,0.04682,0.04648,-0.063
aluminum,22,5,1656.123,2.5328,3.1295,1.23559,2.72732,2.2073,0.1907,0.01748,0.01735,-0.065
aluminum,22,6,2473.962,1.3304,1.5645,1.17596,5.19224,4.41531,0.1496,0.00509,0.00505,-0.069
aluminum,22,7,3455.368,0.75693,0.85906,1.13493,9.12602,8.04106,0.1189,0.00448,0.00445,-0.058
aluminum,22,8,4600.341,0.45866,0.50731,1.10607,15.0607,13.6164,0.0959,2e-05,2e-05,+0.000
aluminum,22,9,5908.883,0.29248,0.31742,1.08527,23.6179,21.7622,0.0786,0.00171,0.0017,-0.051
aluminum,22,10,7380.992,0.19455,0.20814,1.06985,35.5063,33.188,0.0653,0.00019,0.00019,+0.000
aluminum,22,11,9016.671,0.13407,0.14186,1.05810,51.5235,48.6942,0.0549,0.00048,0.00047,-0.183
aluminum,22,12,10815.913,0.0952,0.099874,1.04910,72.5605,69.1647,0.0468,0.00027,0.00027,+0.000
aluminum,23,1,30.868,298.92,514.85,1.72237,0.023109,0.013417,0.4194,0.13231,0.13132,-0.065
aluminum,23,2,193.445,42.587,68.082,1.59866,0.162203,0.101462,0.3745,0.3309,0.32844,-0.065
aluminum,23,3,541.651,12.371,17.789,1.43796,0.558383,0.388316,0.3046,0.11227,0.11143,-0.065
aluminum,23,4,1061.419,4.9372,6.481,1.31269,1.39912,1.06585,0.2382,0.03794,0.03765,-0.067
aluminum,23,5,1754.602,2.3142,2.838,1.22634,2.98494,2.43402,0.1846,0.01602,0.0159,-0.065
aluminum,23,6,2621.072,1.2089,1.4123,1.16825,5.71408,4.89114,0.1440,0.00468,0.00465,-0.056
aluminum,23,7,3660.835,0.685,0.77313,1.12866,10.0843,8.93479,0.1140,0.00281,0.00279,-0.062
aluminum,23,8,4873.893,0.41381,0.45557,1.10092,16.6931,15.1629,0.0917,0.00025,0.00025,+0.000
aluminum,23,9,6260.245,0.26328,0.2846,1.08098,26.2373,24.2718,0.0749,0.00084,0.00083,-0.104
aluminum,23,10,7819.890,0.17482,0.1864,1.06624,39.5135,37.0588,0.0621,0.0002,0.0002,+0.000
aluminum,23,11,9552.832,0.1203,0.12694,1.05520,57.4211,54.4175,0.0522,0.00054,0.00053,-0.162
aluminum,23,12,11459.062,0.085336,0.089305,1.04651,80.9477,77.3501,0.0444,8e-05,8e-05,+0.000
aluminum,24,1,32.703,281.76,484.82,1.72068,0.0245165,0.0142481,0.4188,0.13326,0.13224,-0.067
aluminum,24,2,204.947,39.895,63.491,1.59145,0.173148,0.108799,0.3716,0.332,0.32945,-0.067
aluminum,24,3,573.859,11.478,16.383,1.42734,0.601826,0.421642,0.2994,0.10925,0.10841,-0.067
aluminum,24,4,1124.534,4.54,5.9119,1.30218,1.52153,1.16845,0.2321,0.02924,0.02901,-0.069
aluminum,24,5,1858.935,2.1127,2.5718,1.21730,3.26963,2.68596,0.1785,0.01372,0.01361,-0.070
aluminum,24,6,2776.928,1.0977,1.2742,1.16079,6.29294,5.42125,0.1386,0.00368,0.00365,-0.071
aluminum,24,7,3878.519,0.6195,0.69546,1.12262,11.1505,9.93264,0.1092,0.00058,0.00058,+0.000
aluminum,24,8,5163.708,0.37314,0.40895,1.09597,18.5125,16.8914,0.0876,0.00038,0.00038,+0.000
aluminum,24,9,6632.498,0.23687,0.25509,1.07692,29.1626,27.0797,0.0714,0.00055,0.00054,-0.159
aluminum,24,10,8284.884,0.15702,0.16689,1.06286,43.9928,41.3911,0.0591,1e-05,1e-05,+0.000
aluminum,24,11,10120.870,0.10792,0.11355,1.05217,64.0081,60.8345,0.0496,0.00023,0.00023,+0.000
aluminum,24,12,12140.452,0.07647,0.079839,1.04406,90.3329,86.5211,0.0422,0.00025,0.00025,+0.000
aluminum,25,1,34.648,265.56,456.48,1.71893,0.026012,0.0151327,0.4182,0.13422,0.13315,-0.070
aluminum,25,2,217.134,37.358,59.177,1.58405,0.184907,0.11673,0.3687,0.33298,0.33032,-0.070
aluminum,25,3,607.982,10.643,15.077,1.41661,0.649042,0.458165,0.2941,0.10596,0.10512,-0.069
aluminum,25,4,1191.402,4.1713,5.3885,1.29180,1.65602,1.28194,0.2259,0.02084,0.02068,-0.067
aluminum,25,5,1969.473,1.9272,2.329,1.20849,3.58435,2.96597,0.1725,0.01073,0.01065,-0.065
aluminum,25,6,2942.053,0.99597,1.149,1.15365,6.93571,6.01197,0.1332,0.00224,0.00222,-0.078
aluminum,25,7,4109.148,0.55991,0.6253,1.11679,12.3373,11.0471,0.1046,0.00158,0.00157,-0.055
aluminum,25,8,5470.759,0.33628,0.36696,1.09123,20.5417,18.8243,0.0836,0.00031,0.00031,+0.000
aluminum,25,9,7026.886,0.21302,0.22857,1.07300,32.4277,30.2216,0.0680,0.00136,0.00135,-0.064
aluminum,25,10,8777.528,0.14098,0.14938,1.05958,48.9981,46.2428,0.0562,0.00019,0.00018,-0.470
aluminum,25,11,10722.689,0.096771,0.10156,1.04949,71.3825,68.0165,0.0472,0.00053,0.00052,-0.165
aluminum,25,12,12862.361,0.068505,0.071363,1.04172,100.836,96.7974,0.0401,0,0,
aluminum,26,1,36.708,250.28,429.74,1.71704,0.0276001,0.0160743,0.4176,0.13517,0.13405,-0.072
aluminum,26,2,230.046,34.968,55.124,1.57641,0.197545,0.125313,0.3656,0.33384,0.33107,-0.072
aluminum,26,3,644.135,9.8607,13.863,1.40588,0.700534,0.498287,0.2887,0.1024,0.10155,-0.072
aluminum,26,4,1262.247,3.8293,4.9075,1.28157,1.80392,1.40759,0.2197,0.01288,0.01277,-0.074
aluminum,26,5,2086.584,1.7566,2.1077,1.19987,3.93246,3.27739,0.1666,0.00728,0.00722,-0.072
aluminum,26,6,3116.997,0.90304,1.0355,1.14668,7.64945,6.67094,0.1279,0.00059,0.00059,+0.000
aluminum,26,7,4353.491,0.50574,0.56198,1.11120,13.6587,12.2918,0.1001,0.00304,0.00301,-0.086
aluminum,26,8,5796.067,0.3029,0.32917,1.08673,22.8054,20.9854,0.0798,9e-05,9e-05,+0.000
aluminum,26,9,7444.728,0.19148,0.20475,1.06930,36.0756,33.7375,0.0648,0.00094,0.00094,+0.000
aluminum,26,10,9299.468,0.12653,0.13368,1.05651,54.5938,51.6738,0.0535,0.00011,0.00011,+0.000
aluminum,26,11,11360.294,0.086748,0.090816,1.04689,79.6301,76.0632,0.0448,0.00012,0.00012,+0.000
aluminum,26,12,13627.198,0.061352,0.063776,1.03951,112.592,108.313,0.0380,0.00021,0.00021,+0.000
aluminum,27,1,38.891,235.85,404.51,1.71512,0.0292888,0.0170768,0.4169,0.13615,0.13497,-0.076
aluminum,27,2,243.725,32.717,51.318,1.56854,0.211137,0.134607,0.3625,0.33459,0.33171,-0.075
aluminum,27,3,682.437,9.1296,12.737,1.39513,0.756633,0.542338,0.2832,0.09857,0.09772,-0.075
aluminum,27,4,1337.304,3.5124,4.4659,1.27147,1.96668,1.54678,0.2135,0.00547,0.00542,-0.080
aluminum,27,5,2210.659,1.5998,1.9062,1.19152,4.31789,3.62384,0.1608,0.00363,0.00359,-0.096
aluminum,27,6,3302.343,0.81821,0.93277,1.14001,8.44252,7.40564,0.1228,0.00098,0.00098,+0.000
aluminum,27,7,4612.363,0.45654,0.50486,1.10584,15.1307,13.6825,0.0957,0.00335,0.00332,-0.078
aluminum,27,8,6140.719,0.2727,0.29517,1.08240,25.331,23.4026,0.0761,0.00016,0.00016,+0.000
aluminum,27,9,7887.413,0.17205,0.18336,1.06574,40.1497,37.6732,0.0617,0.00027,0.00027,+0.000
aluminum,27,10,9852.442,0.11352,0.1196,1.05356,60.8506,57.7571,0.0508,0.0001,0.0001,+0.000
aluminum,27,11,12035.812,0.077739,0.081192,1.04442,88.8583,85.0793,0.0425,0.00046,0.00046,+0.000
aluminum,27,12,14437.512,0.054932,0.056986,1.03739,125.751,121.218,0.0360,0.00011,0.00011,+0.000
aluminum,28,1,41.203,222.24,380.7,1.71301,0.0310824,0.0181449,0.4162,0.13715,0.13591,-0.079
aluminum,28,2,258.218,30.598,47.745,1.56040,0.225758,0.14468,0.3591,0.33526,0.33224,-0.079
aluminum,28,3,723.017,8.4464,11.692,1.38426,0.817834,0.59081,0.2776,0.09448,0.09363,-0.078
aluminum,28,4,1416.824,3.2191,4.061,1.26153,2.14587,1.701,0.2073,0.00125,0.00124,-0.070
aluminum,28,5,2342.112,1.4558,1.7229,1.18347,4.74499,4.00938,0.1550,5e-05,5e-05,+0.000
aluminum,28,6,3498.710,0.74084,0.83978,1.13355,9.32422,8.22567,0.1178,0.00222,0.0022,-0.079
aluminum,28,7,4886.628,0.41188,0.45336,1.10071,16.7713,15.2368,0.0915,0.00245,0.00242,-0.107
aluminum,28,8,6505.865,0.24539,0.26459,1.07824,28.1501,26.1074,0.0726,0.00029,0.00028,-0.305
aluminum,28,9,8356.423,0.15453,0.16416,1.06232,44.7017,42.0794,0.0587,0.00109,0.00108,-0.080
aluminum,28,10,10438.299,0.10181,0.10698,1.05078,67.8495,64.5705,0.0483,0.00014,0.00014,+0.000
aluminum,28,11,12751.497,0.069645,0.072575,1.04207,99.1852,95.1809,0.0404,0.00014,0.00014,+0.000
aluminum,28,12,15296.011,0.04917,0.050911,1.03541,140.487,135.683,0.0342,0.0001,0.0001,+0.000
aluminum,29,1,43.654,209.39,358.23,1.71083,0.0329899,0.019283,0.4155,0.13818,0.13688,-0.082
aluminum,29,2,273.572,28.603,44.393,1.55204,0.241505,0.155605,0.3557,0.33585,0.33268,-0.082
aluminum,29,3,766.010,7.8083,10.724,1.37341,0.884668,0.64414,0.2719,0.09012,0.08927,-0.082
aluminum,29,4,1501.073,2.9478,3.69,1.25178,2.34336,1.87202,0.2011,0.00715,0.00708,-0.085
aluminum,29,5,2481.381,1.3238,1.5562,1.17556,5.21813,4.43886,0.1493,0.00316,0.00313,-0.083
aluminum,29,6,3706.755,0.67034,0.75569,1.12732,10.3049,9.14099,0.1129,0.00288,0.00286,-0.061
aluminum,29,7,5177.203,0.37139,0.40696,1.09578,18.5997,16.974,0.0874,0.0007,0.0007,+0.000
aluminum,29,8,6892.724,0.22071,0.23711,1.07431,31.2979,29.1331,0.0692,0.00021,0.00021,+0.000
aluminum,29,9,8853.322,0.13873,0.14694,1.05918,49.7928,47.0107,0.0558,0.00069,0.00068,-0.127
aluminum,29,10,11058.993,0.09128,0.095669,1.04808,75.6765,72.2047,0.0459,4e-05,4e-05,+0.000
aluminum,29,11,13509.742,0.062376,0.06486,1.03982,110.744,106.503,0.0383,0.00037,0.00037,+0.000
aluminum,29,12,16205.561,0.044003,0.045477,1.03350,156.984,151.896,0.0324,0.00018,0.00017,-0.496
aluminum,30,1,46.249,197.26,337.03,1.70856,0.0350185,0.020496,0.4147,0.13927,0.1379,-0.086
aluminum,30,2,289.839,26.726,41.25,1.54344,0.258466,0.167461,0.3521,0.33638,0.33307,-0.086
aluminum,30,3,811.559,7.2128,9.8278,1.36255,0.957708,0.702879,0.2661,0.08551,0.08467,-0.086
aluminum,30,4,1590.331,2.6971,3.3504,1.24222,2.56118,2.06177,0.1950,0.01211,0.01199,-0.086
aluminum,30,5,2628.932,1.2029,1.4048,1.16784,5.74258,4.91725,0.1437,0.00572,0.00567,-0.076
aluminum,30,6,3927.169,0.60616,0.6797,1.12132,11.3959,10.1629,0.1082,0.00286,0.00283,-0.092
aluminum,30,7,5485.055,0.3347,0.36517,1.09104,20.6386,18.9165,0.0834,0.00115,0.00113,-0.152
aluminum,30,8,7302.586,0.19843,0.21242,1.07050,34.812,32.5193,0.0659,1e-05,1e-05,+0.000
aluminum,30,9,9379.769,0.1245,0.13148,1.05606,55.484,52.5384,0.0531,0.00043,0.00042,-0.204
aluminum,30,10,11716.595,0.081812,0.085539,1.04556,84.4345,80.7556,0.0436,0.00014,0.00013,-0.644
aluminum,30,11,14313.073,0.05585,0.057956,1.03771,123.684,119.19,0.0363,0.00024,0.00024,+0.000
aluminum,30,12,17169.191,0.039369,0.040617,1.03170,175.462,170.071,0.0307,8e-05,7e-05,-1.160
aluminum,31,1,48.999,185.82,317.03,1.70611,0.0371744,0.021789,0.4139,0.14042,0.13897,-0.090
aluminum,31,2,307.074,24.959,38.303,1.53464,0.276764,0.180345,0.3484,0.33688,0.3334,-0.090
aluminum,31,3,859.816,6.6576,8.9991,1.35170,1.03757,0.767605,0.2602,0.08065,0.07982,-0.090
aluminum,31,4,1684.897,2.4657,3.0398,1.23283,2.80154,2.27244,0.1888,0.01603,0.01587,-0.087
aluminum,31,5,2785.256,1.0922,1.2674,1.16041,6.32462,5.45034,0.1383,0.00742,0.00734,-0.094
aluminum,31,6,4160.690,0.54778,0.61108,1.11556,12.6105,11.3042,0.1036,0.00217,0.00215,-0.080
aluminum,31,7,5811.212,0.30147,0.32755,1.08651,22.9136,21.0892,0.0796,0.0023,0.00227,-0.114
aluminum,31,8,7736.820,0.17831,0.19024,1.06691,38.7401,36.3107,0.0627,0.00019,0.00019,+0.000
aluminum,31,9,9937.517,0.1117,0.11763,1.05309,61.842,58.7244,0.0505,0.00091,0.0009,-0.096
aluminum,31,10,12413.298,0.073304,0.076466,1.04314,94.2344,90.3376,0.0414,1e-05,1e-05,+0.000
aluminum,31,11,15164.171,0.049995,0.051779,1.03568,138.169,133.408,0.0345,0.00021,0.0002,-0.424
aluminum,31,12,18190.123,0.035215,0.036271,1.02999,196.159,190.448,0.0291,7e-05,6e-05,-1.339
aluminum,32,1,51.913,175.02,298.15,1.70352,0.0394684,0.0231687,0.4130,0.14165,0.14012,-0.094
aluminum,32,2,325.334,23.297,35.543,1.52565,0.296508,0.194349,0.3445,0.33733,0.33369,-0.094
aluminum,32,3,910.944,6.1401,8.2334,1.34092,1.12502,0.838992,0.2542,0.07555,0.07474,-0.094
aluminum,32,4,1785.087,2.2524,2.756,1.22358,3.06684,2.50644,0.1828,0.01883,0.01863,-0.093
aluminum,32,5,2950.876,0.99094,1.1428,1.15325,6.97091,6.04459,0.1329,0.00808,0.008,-0.086
aluminum,32,6,4408.099,0.49472,0.54915,1.11002,13.963,12.579,0.0991,0.00101,0.001,-0.086
aluminum,32,7,6156.766,0.27141,0.29371,1.08216,25.4514,23.519,0.0760,0.00223,0.00221,-0.078
aluminum,32,8,8196.877,0.16017,0.17034,1.06350,43.1276,40.5527,0.0597,0.0002,0.0002,+0.000
aluminum,32,9,10528.435,0.10017,0.10522,1.05041,68.9603,65.6506,0.0479,0.00018,0.00018,+0.000
aluminum,32,10,13151.434,0.065661,0.068344,1.04086,105.203,101.073,0.0393,0.00012,0.00012,+0.000
aluminum,32,11,16065.882,0.044742,0.046253,1.03377,154.391,149.347,0.0327,0.00032,0.00032,+0.000
aluminum,32,12,19271.768,0.031493,0.032386,1.02836,219.343,213.294,0.0276,0.00014,0.00013,-0.644
aluminum,33,1,55.000,164.83,280.35,1.70084,0.0419084,0.0246398,0.4121,0.14295,0.14134,-0.098
aluminum,33,2,344.679,21.735,32.958,1.51636,0.317817,0.209593,0.3405,0.33774,0.33394,-0.098
aluminum,33,3,965.112,5.6584,7.5267,1.33018,1.2208,0.917767,0.2482,0.07023,0.06944,-0.098
aluminum,33,4,1891.233,2.0558,2.497,1.21461,3.36013,2.76642,0.1767,0.02046,0.02023,-0.098
aluminum,33,5,3126.344,0.89845,1.0299,1.14631,7.68852,6.70721,0.1277,0.00768,0.0076,-0.091
aluminum,33,6,4670.218,0.44653,0.49329,1.10472,15.4699,14.0034,0.0948,0.00031,0.00031,+0.000
aluminum,33,7,6522.866,0.24422,0.26329,1.07809,28.285,26.2363,0.0724,0.00103,0.00102,-0.085
aluminum,33,8,8684.288,0.14382,0.15248,1.06021,48.0306,45.3027,0.0568,3e-05,3e-05,+0.000
aluminum,33,9,11154.486,0.089806,0.09409,1.04770,76.9186,73.4165,0.0455,0.00071,0.0007,-0.123
aluminum,33,10,13933.458,0.058799,0.061074,1.03869,117.481,113.105,0.0372,2e-05,2e-05,+0.000
aluminum,33,11,17021.209,0.040031,0.041311,1.03198,172.56,167.213,0.0310,5e-05,5e-05,+0.000
aluminum,34,1,58.270,155.21,263.55,1.69802,0.0445059,0.0262104,0.4111,0.14435,0.14265,-0.103
aluminum,34,2,365.175,20.266,30.539,1.50691,0.340854,0.226195,0.3364,0.3381,0.33413,-0.103
aluminum,34,3,1022.500,5.2102,6.875,1.31953,1.32581,1.00476,0.2422,0.06468,0.06392,-0.103
aluminum,34,4,2003.692,1.8748,2.2608,1.20589,3.68453,3.05545,0.1708,0.02088,0.02064,-0.100
aluminum,34,5,3312.246,0.81402,0.92771,1.13966,8.48598,7.44603,0.1226,0.0063,0.00622,-0.111
aluminum,34,6,4947.923,0.40281,0.44293,1.09960,17.1489,15.5956,0.0906,0.00141,0.00139,-0.124
aluminum,34,7,6910.736,0.21966,0.23594,1.07411,31.4475,29.2776,0.0690,0.00062,0.00062,+0.000
aluminum,34,8,9200.683,0.12909,0.13645,1.05701,53.5112,50.6248,0.0540,0.00015,0.00015,+0.000
aluminum,34,9,11817.767,0.080487,0.084124,1.04519,85.8245,82.114,0.0432,0.00046,0.00046,+0.000
aluminum,34,10,14761.984,0.052641,0.054568,1.03661,131.224,126.59,0.0353,0.0001,0.0001,+0.000
aluminum,34,11,18033.342,0.035809,0.036892,1.03024,192.906,187.243,0.0294,0.00023,0.00022,-0.386
aluminum,35,1,61.735,146.13,247.7,1.69507,0.0472713,0.0278876,0.4101,0.14583,0.14404,-0.107
aluminum,35,2,386.889,18.886,28.277,1.49725,0.365761,0.244289,0.3321,0.33839,0.33424,-0.107
aluminum,35,3,1083.301,4.7935,6.2746,1.30898,1.44107,1.10091,0.2360,0.05894,0.05821,-0.108
aluminum,35,4,2122.838,1.7084,2.0456,1.19738,4.04341,3.37688,0.1648,0.02013,0.01989,-0.104
aluminum,35,5,3509.203,0.73702,0.83521,1.13323,9.37255,8.27068,0.1176,0.00414,0.00409,-0.106
aluminum,35,6,5242.143,0.36316,0.39756,1.09472,19.0212,17.3754,0.0865,0.00195,0.00193,-0.090
aluminum,35,7,7321.671,0.19747,0.21136,1.07034,34.9813,32.6824,0.0657,0.00174,0.00171,-0.151
aluminum,35,8,9747.785,0.11582,0.12209,1.05414,59.6422,56.5792,0.0513,0.00016,0.00016,+0.000
aluminum,35,9,12520.490,0.072113,0.0752,1.04281,95.7907,91.8584,0.0410,0.00047,0.00046,-0.187
aluminum,35,10,15639.780,0.047115,0.048748,1.03466,146.615,141.703,0.0335,5e-05,5e-05,+0.000
aluminum,35,11,19105.664,0.032025,0.032941,1.02860,215.699,209.701,0.0278,0.00026,0.00026,+0.000
aluminum,36,1,65.406,137.56,232.76,1.69206,0.0502163,0.0296776,0.4090,0.14741,0.14552,-0.112
aluminum,36,2,409.895,17.589,26.164,1.48752,0.392732,0.264018,0.3277,0.33859,0.33426,-0.112
aluminum,36,3,1147.717,4.4066,5.722,1.29851,1.56759,1.20723,0.2299,0.05301,0.05234,-0.110
aluminum,36,4,2249.068,1.5555,1.8497,1.18914,4.44086,3.73453,0.1590,0.01829,0.01805,-0.115
aluminum,36,5,3717.871,0.66686,0.75156,1.12701,10.3586,9.19122,0.1127,0.00154,0.00152,-0.114
aluminum,36,6,5553.856,0.32724,0.35671,1.09006,21.1091,19.3652,0.0826,0.00178,0.00176,-0.098
aluminum,36,7,7757.039,0.17745,0.1893,1.06678,38.9279,36.491,0.0626,0.00162,0.0016,-0.108
aluminum,36,8,10327.417,0.10388,0.10921,1.05131,66.4974,63.252,0.0488,0,0,
aluminum,36,9,13264.995,0.064592,0.06721,1.04053,106.944,102.779,0.0389,0.00051,0.00051,+0.000
aluminum,36,10,16569.768,0.042159,0.043542,1.03280,163.85,158.646,0.0318,6e-05,6e-05,+0.000
aluminum,37,1,69.296,129.48,218.66,1.68876,0.05335,0.0315913,0.4078,0.14908,0.14709,-0.117
aluminum,37,2,434.268,16.372,24.189,1.47746,0.421925,0.285574,0.3232,0.33868,0.33416,-0.117
aluminum,37,3,1215.964,4.0475,5.2139,1.28818,1.70667,1.32487,0.2237,0.04695,0.04632,-0.117
aluminum,37,4,2382.805,1.4153,1.6715,1.18102,4.88077,4.13267,0.1533,0.01547,0.01527,-0.113
aluminum,37,5,3938.947,0.60299,0.67597,1.12103,11.4558,10.219,0.1080,0.00107,0.00105,-0.164
aluminum,37,6,5884.106,0.29472,0.31995,1.08561,23.4384,21.5901,0.0788,0.00097,0.00096,-0.090
aluminum,37,7,8218.296,0.1594,0.16949,1.06330,43.336,40.7561,0.0595,0.0004,0.00039,-0.220
aluminum,37,8,10941.518,0.093143,0.097668,1.04858,74.1629,70.7269,0.0463,0.00015,0.00014,-0.599
aluminum,37,9,14053.772,0.05784,0.060059,1.03836,119.429,115.016,0.0369,0.00035,0.00034,-0.252
aluminum,37,10,17555.057,0.037716,0.038887,1.03105,183.152,177.637,0.0301,8e-05,8e-05,+0.000
aluminum,38,1,73.416,121.85,205.36,1.68535,0.0566906,0.0336373,0.4066,0.15085,0.14875,-0.122
aluminum,38,2,460.091,15.229,22.347,1.46740,0.453592,0.309113,0.3185,0.33864,0.33391,-0.122
aluminum,38,3,1288.269,3.7146,4.7471,1.27796,1.85962,1.45515,0.2175,0.04077,0.0402,-0.122
aluminum,38,4,2524.494,1.2866,1.5095,1.17325,5.369,4.57619,0.1476,0.01189,0.01172,-0.125
aluminum,38,5,4173.169,0.5449,0.60771,1.11527,12.6771,11.3669,0.1034,0.00323,0.00319,-0.108
aluminum,38,6,6233.993,0.2653,0.28687,1.08130,26.0375,24.0797,0.0752,0.00015,0.00014,-0.599
aluminum,38,7,8706.982,0.14312,0.15172,1.06009,48.2655,45.5296,0.0566,0.001,0.00099,-0.087
aluminum,38,8,11592.135,0.083487,0.087329,1.04602,82.7405,79.1004,0.0440,9e-05,9e-05,+0.000
aluminum,38,9,14889.455,0.05178,0.05366,1.03631,133.406,128.732,0.0350,0.00045,0.00045,+0.000
aluminum,38,10,18598.936,0.033734,0.034725,1.02938,204.771,198.927,0.0285,0,0,
aluminum,39,1,77.782,114.66,192.82,1.68167,0.0602456,0.0358249,0.4054,0.15274,0.15051,-0.128
aluminum,39,2,487.450,14.157,20.628,1.45709,0.487939,0.334873,0.3137,0.33845,0.33352,-0.127
aluminum,39,3,1364.874,3.4062,4.3188,1.26792,2.02799,1.59946,0.2113,0.03454,0.03404,-0.127
aluminum,39,4,2674.608,1.1688,1.3624,1.16564,5.91013,5.07028,0.1421,0.00778,0.00767,-0.124
aluminum,39,5,4421.318,0.4921,0.54611,1.10975,14.0373,12.649,0.0989,0.00456,0.00449,-0.134
aluminum,39,6,6604.685,0.23871,0.25713,1.07716,28.9379,26.8648,0.0717,0.00109,0.00108,-0.080
aluminum,39,7,9224.726,0.12846,0.13577,1.05690,53.7736,50.8784,0.0539,0.00145,0.00143,-0.121
aluminum,39,8,12281.438,0.074809,0.078069,1.04358,92.3386,88.4827,0.0418,8e-05,8e-05,+0.000
aluminum,39,9,15774.826,0.046343,0.047936,1.03437,149.057,144.104,0.0332,0.00035,0.00035,+0.000
aluminum,39,10,19704.885,0.030166,0.031004,1.02778,228.991,222.802,0.0270,7e-05,6e-05,-1.339
aluminum,40,1,82.407,107.86,180.99,1.67801,0.0640437,0.0381665,0.4040,0.15475,0.15239,-0.133
aluminum,40,2,516.435,13.152,19.027,1.44670,0.525225,0.36305,0.3087,0.33811,0.33295,-0.134
aluminum,40,3,1446.033,3.1208,3.9262,1.25807,2.21346,1.7594,0.2051,0.0283,0.02787,-0.133
aluminum,40,4,2833.648,1.061,1.229,1.15834,6.51061,5.62063,0.1367,0.00345,0.00339,-0.152
aluminum,40,5,4684.223,0.44416,0.49055,1.10444,15.5524,14.0817,0.0946,0.00479,0.00472,-0.128
aluminum,40,6,6997.420,0.21468,0.23041,1.07327,32.177,29.9803,0.0683,0.00145,0.00142,-0.182
aluminum,40,7,9773.256,0.11526,0.12147,1.05388,59.9319,56.868,0.0512,0.00061,0.0006,-0.144
aluminum,40,8,13011.729,0.067013,0.069779,1.04128,103.081,98.9948,0.0396,0.00012,0.00012,+0.000
aluminum,40,9,16712.846,0.041467,0.042816,1.03253,166.584,161.336,0.0315,0.00031,0.00031,+0.000
aluminum,41,1,87.307,101.46,169.84,1.67396,0.0680835,0.0406721,0.4026,0.15691,0.15441,-0.140
aluminum,41,2,547.144,12.21,17.536,1.43620,0.565746,0.393919,0.3037,0.3376,0.33221,-0.140
aluminum,41,3,1532.019,2.857,3.5665,1.24834,2.41784,1.93684,0.1990,0.02213,0.02178,-0.138
aluminum,41,4,3002.146,0.96248,1.108,1.15119,7.17704,6.23444,0.1313,0.00077,0.00076,-0.114
aluminum,41,5,4962.762,0.40065,0.44046,1.09936,17.2414,15.683,0.0904,0.00391,0.00385,-0.134
aluminum,41,6,7413.509,0.19298,0.2064,1.06954,35.7952,33.4678,0.0650,0.00105,0.00103,-0.167
aluminum,41,7,10354.405,0.10337,0.10866,1.05118,66.8255,63.5722,0.0487,0.00071,0.0007,-0.123
aluminum,41,8,13785.448,0.060013,0.062358,1.03907,115.104,110.776,0.0376,2e-05,2e-05,+0.000
aluminum,41,9,17706.645,0.037096,0.038237,1.03076,186.213,180.656,0.0299,0.00042,0.00041,-0.209
aluminum,42,1,92.499,95.411,159.33,1.66993,0.0724,0.043355,0.4012,0.15922,0.15657,-0.146
aluminum,42,2,579.679,11.328,16.148,1.42549,0.609795,0.427778,0.2985,0.33691,0.3313,-0.146
aluminum,42,3,1623.118,2.6133,3.2374,1.23882,2.64331,2.13374,0.1928,0.0161,0.01583,-0.147
aluminum,42,4,3180.663,0.87246,0.99839,1.14434,7.91756,6.91889,0.1261,0.00454,0.00446,-0.154
aluminum,42,5,5257.863,0.36121,0.39534,1.09449,19.1239,17.4729,0.0863,0.00214,0.0021,-0.164
aluminum,42,6,7854.339,0.1734,0.18484,1.06597,39.8371,37.3715,0.0619,0.00012,0.00012,+0.000
aluminum,42,7,10970.109,0.092684,0.097176,1.04847,74.5302,71.085,0.0462,0.0012,0.00118,-0.146
aluminum,42,8,14605.173,0.05373,0.055717,1.03698,128.564,123.979,0.0357,0.00011,0.00011,+0.000
aluminum,42,9,18759.537,0.033178,0.034144,1.02912,208.203,202.312,0.0283,7e-05,7e-05,+0.000
aluminum,43,1,97.999,89.708,149.41,1.66551,0.0770027,0.0462336,0.3996,0.16171,0.1589,-0.152
aluminum,43,2,614.148,10.502,14.858,1.41478,0.657756,0.464918,0.2932,0.33605,0.33019,-0.153
aluminum,43,3,1719.633,2.3884,2.9366,1.22953,2.89221,2.3523,0.1867,0.01028,0.01011,-0.145
aluminum,43,4,3369.794,0.79031,0.89915,1.13772,8.74056,7.68254,0.1211,0.00751,0.00738,-0.152
aluminum,43,5,5570.511,0.32548,0.35471,1.08981,21.2233,19.4744,0.0824,5e-05,5e-05,+0.000
aluminum,43,6,8321.381,0.15574,0.16549,1.06260,44.3544,41.7412,0.0589,0.00079,0.00077,-0.223
aluminum,43,7,11622.425,0.083075,0.086888,1.04590,83.1508,79.5018,0.0439,0.00036,0.00035,-0.245
aluminum,43,8,15473.640,0.048092,0.049776,1.03502,143.636,138.777,0.0338,0,0,
aluminum,43,9,19875.033,0.029668,0.030485,1.02754,232.835,226.595,0.0268,0.0004,0.00039,-0.220
aluminum,44,1,103.826,84.328,140.07,1.66101,0.0819153,0.0493164,0.3980,0.16442,0.16143,-0.159
aluminum,44,2,650.668,9.7294,13.66,1.40399,0.709988,0.505692,0.2878,0.335,0.3289,-0.160
aluminum,44,3,1821.888,2.181,2.6618,1.22045,3.16724,2.59514,0.1806,0.00478,0.00469,-0.165
aluminum,44,4,3570.174,0.71541,0.80937,1.13134,9.65566,8.53473,0.1161,0.00941,0.00924,-0.158
aluminum,44,5,5901.752,0.29313,0.31814,1.08532,23.5655,21.7129,0.0786,0.00203,0.00199,-0.173
aluminum,44,6,8816.198,0.13983,0.14813,1.05936,49.4011,46.6331,0.0560,0.00112,0.0011,-0.157
aluminum,44,7,12313.532,0.074438,0.077674,1.04347,92.7988,88.9327,0.0417,0.0008,0.00079,-0.109
aluminum,44,8,16393.754,0.043035,0.044461,1.03314,160.515,155.367,0.0321,0.0001,0.0001,+0.000
aluminum,45,1,110.000,79.252,131.27,1.65636,0.0871619,0.0526225,0.3963,0.16736,0.16418,-0.167
aluminum,45,2,689.358,9.0069,12.548,1.39315,0.76694,0.550506,0.2822,0.33375,0.32742,-0.166
aluminum,45,3,1930.223,1.9901,2.4111,1.21155,3.47106,2.86498,0.1746,0.00033,0.00032,-0.267
aluminum,45,4,3782.467,0.64718,0.72821,1.12520,10.6736,9.48594,0.1113,0.01006,0.00987,-0.166
aluminum,45,5,6252.688,0.26386,0.28525,1.08107,26.1796,24.2165,0.0750,0.00321,0.00315,-0.164
aluminum,45,6,9340.436,0.12549,0.13255,1.05626,55.0463,52.1143,0.0533,0.00068,0.00067,-0.129
aluminum,45,7,13045.732,0.06668,0.069425,1.04117,103.596,99.4995,0.0395,0.00087,0.00085,-0.202
aluminum,45,8,17368.576,0.038502,0.039709,1.03135,179.413,173.959,0.0304,1e-05,1e-05,+0.000
aluminum,46,1,116.541,74.464,122.97,1.65140,0.0927664,0.0561743,0.3945,0.17056,0.16719,-0.173
aluminum,46,2,730.350,8.3317,11.517,1.38231,0.829093,0.599788,0.2766,0.33228,0.32572,-0.173
aluminum,46,3,2045.000,1.8144,2.1825,1.20288,3.80718,3.16507,0.1687,0.00494,0.00484,-0.178
aluminum,46,4,4007.384,0.58509,0.65488,1.11928,11.8063,10.5481,0.1066,0.0094,0.00921,-0.177
aluminum,46,5,6624.493,0.2374,0.25568,1.07700,29.0975,27.0172,0.0715,0.00321,0.00315,-0.164
aluminum,46,6,9895.848,0.11258,0.11859,1.05338,61.3586,58.2491,0.0506,0.00022,0.00021,-0.404
aluminum,46,7,13821.473,0.059714,0.062042,1.03899,115.681,111.34,0.0375,0.00021,0.00021,+0.000
aluminum,46,8,18401.367,0.034438,0.035459,1.02965,200.585,194.81,0.0288,9e-05,8e-05,-1.023
aluminum,47,1,123.471,69.948,115.15,1.64622,0.0987556,0.0599892,0.3926,0.17405,0.17048,-0.180
aluminum,47,2,773.779,7.7013,10.562,1.37146,0.89696,0.65402,0.2709,0.33056,0.32378,-0.180
aluminum,47,3,2166.602,1.6529,1.9743,1.19445,4.17917,3.49884,0.1628,0.00895,0.00877,-0.176
aluminum,47,4,4245.676,0.52862,0.58867,1.11360,13.0675,11.7345,0.1020,0.00751,0.00735,-0.187
aluminum,47,5,7018.406,0.21349,0.2291,1.07312,32.3563,30.1517,0.0681,0.00205,0.00201,-0.171
aluminum,47,6,10484.285,0.10097,0.10607,1.05051,68.4139,65.1245,0.0481,0.00087,0.00085,-0.202
aluminum,47,7,14643.340,0.053461,0.055434,1.03691,129.211,124.612,0.0356,0.00089,0.00087,-0.197
aluminum,47,8,19495.568,0.030797,0.031661,1.02805,224.3,218.179,0.0273,4e-05,3e-05,-2.499
aluminum,48,1,130.813,65.689,107.79,1.64091,0.105158,0.0640853,0.3906,0.17787,0.17409,-0.187
aluminum,48,2,819.790,7.113,9.6783,1.36065,0.971145,0.713736,0.2651,0.32856,0.32156,-0.187
aluminum,48,3,2295.435,1.5046,1.7848,1.18623,4.59109,3.87032,0.1570,0.01227,0.01201,-0.186
aluminum,48,4,4498.136,0.47732,0.52894,1.10815,14.472,13.0596,0.0976,0.00467,0.00457,-0.188
aluminum,48,5,7435.741,0.19191,0.20522,1.06936,35.9948,33.6602,0.0649,0.00017,0.00017,+0.000
aluminum,48,6,11107.712,0.090523,0.094859,1.04790,76.3094,72.8213,0.0457,0.00074,0.00072,-0.238
aluminum,48,7,15514.077,0.047851,0.049523,1.03494,144.36,139.486,0.0337,0.00017,0.00016,-0.527
aluminum,49,1,138.591,61.672,100.86,1.63543,0.112008,0.0684885,0.3885,0.18204,0.17803,-0.193
aluminum,49,2,868.537,6.5645,8.8609,1.34982,1.05229,0.779577,0.2592,0.32621,0.31903,-0.193
aluminum,49,3,2431.929,1.3685,1.6125,1.17830,5.04768,4.28388,0.1513,0.01482,0.01449,-0.196
aluminum,49,4,4765.610,0.43074,0.47506,1.10289,16.0369,14.5408,0.0933,0.0013,0.00127,-0.203
aluminum,49,5,7877.895,0.17244,0.18378,1.06576,40.0589,37.5871,0.0617,0.00163,0.0016,-0.161
aluminum,49,6,11768.213,0.081132,0.084813,1.04537,85.1422,81.4469,0.0434,4e-05,4e-05,+0.000
aluminum,49,7,16436.594,0.04282,0.044235,1.03305,161.321,156.16,0.0320,0.00075,0.00074,-0.117
aluminum,50,1,146.832,57.885,94.327,1.62956,0.119336,0.073232,0.3863,0.18659,0.18236,-0.199
aluminum,50,2,920.183,6.0535,8.1058,1.33903,1.14112,0.852199,0.2532,0.32347,0.31613,-0.199
aluminum,50,3,2576.539,1.2438,1.4559,1.17053,5.55375,4.74466,0.1457,0.0165,0.01613,-0.197
aluminum,50,4,5048.987,0.38848,0.42651,1.09789,17.7815,16.196,0.0892,0.00205,0.00201,-0.171
aluminum,50,5,8346.338,0.15487,0.16454,1.06244,44.6036,41.9822,0.0588,0.00256,0.0025,-0.206
aluminum,50,6,12467.985,0.072693,0.075816,1.04296,95.0264,91.1121,0.0412,0.00072,0.0007,-0.245
aluminum,50,7,17413.963,0.038308,0.039506,1.03127,180.321,174.853,0.0303,0.0003,0.00029,-0.294
aluminum,51,1,155.563,54.314,88.179,1.62350,0.127182,0.0783379,0.3841,0.19155,0.18709,-0.205
aluminum,51,2,974.900,5.5777,7.409,1.32833,1.23846,0.932346,0.2472,0.32025,0.31279,-0.205
aluminum,51,3,2729.748,1.1297,1.3138,1.16296,6.11468,5.25784,0.1402,0.01726,0.01686,-0.204
aluminum,51,4,5349.216,0.35018,0.38277,1.09307,19.7263,18.0468,0.0851,0.00479,0.00468,-0.202
aluminum,51,5,8842.637,0.13905,0.14728,1.05919,49.6782,46.9022,0.0559,0.00216,0.00211,-0.203
aluminum,51,6,13209.370,0.065113,0.067762,1.04068,106.089,101.941,0.0391,0.0006,0.00058,-0.294
aluminum,51,7,18449.451,0.034265,0.035278,1.02956,201.598,195.809,0.0287,0.00065,0.00064,-0.135
aluminum,52,1,164.814,50.947,82.394,1.61725,0.135587,0.0838381,0.3817,0.19695,0.19227,-0.209
aluminum,52,2,1032.870,5.1352,6.7665,1.31767,1.34518,1.02088,0.2411,0.31646,0.30893,-0.209
aluminum,52,3,2892.067,1.0252,1.1849,1.15577,6.73796,5.82982,0.1348,0.01708,0.01667,-0.211
aluminum,52,4,5667.297,0.31549,0.3434,1.08847,21.8953,20.1158,0.0813,0.00639,0.00624,-0.206
aluminum,52,5,9368.447,0.12479,0.13179,1.05609,55.355,52.4149,0.0531,0.00064,0.00062,-0.276
aluminum,52,6,13994.841,0.058307,0.060553,1.03852,118.472,114.078,0.0371,0.00018,0.00018,+0.000
aluminum,52,7,19546.514,0.030642,0.031499,1.02797,225.434,219.301,0.0272,0.00025,0.00024,-0.355
aluminum,53,1,174.614,47.773,76.95,1.61074,0.144595,0.0897694,0.3792,0.2028,0.1979,-0.212
aluminum,53,2,1094.288,4.7238,6.1747,1.30715,1.46233,1.11872,0.2350,0.31198,0.30444,-0.213
aluminum,53,3,3064.038,0.92973,1.068,1.14872,7.42985,6.46794,0.1295,0.01594,0.01556,-0.210
aluminum,53,4,6004.292,0.28409,0.30797,1.08406,24.3154,22.43,0.0775,0.0065,0.00635,-0.203
aluminum,53,5,9925.524,0.11195,0.11791,1.05324,61.7039,58.585,0.0505,0.00115,0.00113,-0.152
aluminum,53,6,14827.019,0.052199,0.054102,1.03646,132.335,127.68,0.0352,0.00068,0.00067,-0.129
aluminum,54,1,184.997,44.781,71.83,1.60403,0.154256,0.0961681,0.3766,0.20912,0.20401,-0.215
aluminum,54,2,1159.358,4.3419,5.6301,1.29669,1.59095,1.22693,0.2288,0.30667,0.29918,-0.215
aluminum,54,3,3246.235,0.84257,0.96219,1.14197,8.19843,7.1792,0.1243,0.0139,0.01356,-0.215
aluminum,54,4,6361.326,0.25569,0.2761,1.07982,27.0161,25.019,0.0739,0.00508,0.00496,-0.208
aluminum,54,5,10515.727,0.1004,0.10546,1.05040,68.8023,65.5012,0.0480,0.00211,0.00206,-0.208
aluminum,54,6,15708.678,0.046719,0.048331,1.03450,147.858,142.926,0.0334,0.00027,0.00027,+0.000
aluminum,55,1,195.998,41.962,67.014,1.59702,0.164619,0.103079,0.3738,0.2159,0.2106,-0.216
aluminum,55,2,1228.297,3.9875,5.1294,1.28637,1.73235,1.3467,0.2226,0.30038,0.29302,-0.215
aluminum,55,3,3439.267,0.76305,0.8664,1.13544,9.05282,7.97294,0.1193,0.01107,0.0108,-0.214
aluminum,55,4,6739.590,0.23001,0.24745,1.07582,30.0324,27.9158,0.0705,0.00245,0.00239,-0.215
aluminum,55,5,11141.025,0.090011,0.09431,1.04776,76.7435,73.2452,0.0456,0.0016,0.00156,-0.220
aluminum,55,6,16642.766,0.041804,0.043169,1.03265,165.241,160.017,0.0316,0.00048,0.00047,-0.183
aluminum,56,1,207.652,39.305,62.488,1.58982,0.175747,0.110545,0.3710,0.22311,0.21766,-0.215
aluminum,56,2,1301.335,3.659,4.6696,1.27620,1.88788,1.4793,0.2164,0.29292,0.28577,-0.215
aluminum,56,3,3643.776,0.69057,0.77976,1.12915,10.003,8.85882,0.1144,0.0076,0.00742,-0.208
aluminum,56,4,7140.347,0.20683,0.22171,1.07194,33.3982,31.1567,0.0671,0.00071,0.00069,-0.248
aluminum,56,5,11803.504,0.080672,0.084321,1.04523,85.6277,81.9221,0.0433,3e-05,3e-05,+0.000
aluminum,56,6,17632.395,0.037398,0.038553,1.03088,184.709,179.176,0.0300,0.00047,0.00046,-0.187
aluminum,57,1,220.000,36.803,58.234,1.58232,0.187695,0.118621,0.3680,0.23072,0.22516,-0.212
aluminum,57,2,1378.717,3.3547,4.2478,1.26622,2.05913,1.6262,0.2102,0.28409,0.27724,-0.212
aluminum,57,3,3860.446,0.62457,0.70145,1.12309,11.06,9.84782,0.1096,0.00373,0.00364,-0.212
aluminum,57,4,7564.934,0.18589,0.19859,1.06832,37.1604,34.784,0.0639,0.00349,0.00341,-0.201
aluminum,57,5,12505.377,0.072279,0.075376,1.04285,95.5707,91.644,0.0411,0.00154,0.0015,-0.229
aluminum,57,6,18680.871,0.033449,0.034427,1.02924,206.516,200.649,0.0284,0.00028,0.00027,-0.316
aluminum,58,1,233.082,34.445,54.239,1.57466,0.200544,0.127358,0.3649,0.23864,0.23302,-0.207
aluminum,58,2,1460.699,3.0732,3.861,1.25635,2.24774,1.78911,0.2040,0.27368,0.26723,-0.207
aluminum,58,3,4090.000,0.56452,0.63071,1.11725,12.2365,10.9523,0.1049,0.00024,0.00024,+0.000
aluminum,58,4,8014.768,0.16701,0.17783,1.06479,41.3613,38.8447,0.0608,0.005,0.00489,-0.193
aluminum,58,5,13248.985,0.064742,0.067368,1.04056,106.697,102.538,0.0390,0.00168,0.00164,-0.209
aluminum,58,6,19791.693,0.029911,0.030738,1.02765,230.944,224.73,0.0269,0.00051,0.00049,-0.347
aluminum,59,1,246.942,32.225,50.487,1.56670,0.21436,0.136822,0.3617,0.24677,0.24115,-0.200
aluminum,59,2,1547.557,2.813,3.5069,1.24668,2.45565,1.96976,0.1979,0.26149,0.25553,-0.200
aluminum,59,3,4333.205,0.50993,0.56686,1.11164,13.5465,12.186,0.1004,0.00398,0.00389,-0.199
aluminum,59,4,8491.352,0.14998,0.1592,1.06147,46.0578,43.3904,0.0579,0.0047,0.00459,-0.206
aluminum,59,5,14036.812,0.057974,0.060201,1.03841,119.153,114.745,0.0370,0.00031,0.0003,-0.285
aluminum,60,1,261.626,30.135,46.965,1.55849,0.229227,0.147083,0.3584,0.25497,0.24941,-0.192
aluminum,60,2,1639.579,2.5727,3.1829,1.23718,2.68502,2.17027,0.1917,0.24735,0.24196,-0.191
aluminum,60,3,4590.870,0.46034,0.50926,1.10627,15.0058,13.5643,0.0961,0.00712,0.00696,-0.197
aluminum,60,4,8996.272,0.13464,0.14248,1.05823,51.3054,48.4823,0.0551,0.00265,0.00259,-0.199
aluminum,60,5,14871.482,0.0519,0.053787,1.03636,133.097,128.428,0.0351,0.00128,0.00125,-0.206
aluminum,61,1,277.183,28.167,43.662,1.55011,0.245243,0.15821,0.3549,0.26305,0.25761,-0.182
aluminum,61,2,1737.074,2.3509,2.8868,1.22796,2.93834,2.39288,0.1856,0.23112,0.22635,-0.181
aluminum,61,3,4863.857,0.41533,0.45733,1.10112,16.632,15.1045,0.0918,0.0093,0.00911,-0.179
aluminum,61,4,9531.220,0.12082,0.12749,1.05521,57.1739,54.1827,0.0523,0.00036,0.00035,-0.245
aluminum,61,5,15755.789,0.046451,0.048049,1.03440,148.711,143.765,0.0333,0.00144,0.00141,-0.183
aluminum,62,1,293.665,26.315,40.564,1.54148,0.262503,0.170293,0.3513,0.2708,0.26554,-0.170
aluminum,62,2,1840.366,2.1465,2.6163,1.21887,3.21815,2.64028,0.1796,0.21276,0.20863,-0.170
aluminum,62,3,5153.077,0.37452,0.41053,1.09615,18.4443,16.8264,0.0877,0.01025,0.01006,-0.163
aluminum,62,4,10097.975,0.10838,0.11405,1.05232,63.7364,60.5678,0.0497,0.00303,0.00297,-0.174
aluminum,62,5,16692.676,0.041564,0.042917,1.03255,166.196,160.956,0.0315,0,0,
aluminum,63,1,311.127,24.573,37.66,1.53258,0.281112,0.183424,0.3475,0.27801,0.27296,-0.159
aluminum,63,2,1949.800,1.9583,2.3696,1.21003,3.52742,2.91516,0.1736,0.19233,0.18884,-0.159
aluminum,63,3,5459.495,0.33753,0.36839,1.09143,20.4656,18.7512,0.0838,0.00983,0.00965,-0.161
aluminum,63,4,10698.432,0.097186,0.10201,1.04964,71.0777,67.7164,0.0473,0.00411,0.00403,-0.171
aluminum,63,5,17685.273,0.037182,0.038328,1.03082,185.782,180.227,0.0299,0.00133,0.0013,-0.198
aluminum,64,1,329.628,22.934,34.941,1.52355,0.301201,0.197698,0.3436,0.28448,0.27964,-0.149
aluminum,64,2,2065.741,1.7852,2.1447,1.20138,3.86946,3.22085,0.1676,0.17005,0.16715,-0.149
aluminum,64,3,5784.134,0.30404,0.33045,1.08686,22.7199,20.9041,0.0799,0.00808,0.00794,-0.152
aluminum,64,4,11334.594,0.087121,0.091215,1.04699,79.2892,75.7305,0.0449,0.00304,0.00299,-0.144
aluminum,64,5,18736.895,0.033256,0.034225,1.02914,207.715,201.834,0.0283,0.00088,0.00086,-0.200
aluminum,65,1,349.228,21.393,32.395,1.51428,0.322898,0.213235,0.3396,0.29006,0.28539,-0.141
aluminum,65,2,2188.576,1.6261,1.9399,1.19298,4.24805,3.56088,0.1618,0.14626,0.1439,-0.141
aluminum,65,3,6128.076,0.27373,0.29632,1.08253,25.2357,23.3118,0.0762,0.00524,0.00516,-0.134
aluminum,65,4,12008.584,0.078074,0.08155,1.04452,88.477,84.7058,0.0426,0.0004,0.0004,+0.000
aluminum,65,5,19851.049,0.029738,0.030557,1.02754,232.287,226.061,0.0268,0.00071,0.0007,-0.123
aluminum,66,1,369.994,19.945,30.012,1.50474,0.34634,0.230166,0.3354,0.29467,0.29011,-0.135
aluminum,66,2,2318.716,1.48,1.7535,1.18480,4.6674,3.93941,0.1560,0.12145,0.11956,-0.136
aluminum,66,3,6492.471,0.24632,0.26563,1.07839,28.0438,26.0052,0.0727,0.00179,0.00176,-0.147
aluminum,66,4,12722.651,0.069946,0.072895,1.04216,98.7584,94.7631,0.0405,0.00225,0.00221,-0.156
aluminum,67,1,391.995,18.584,27.785,1.49510,0.371704,0.248615,0.3311,0.29832,0.29378,-0.133
aluminum,67,2,2456.594,1.346,1.584,1.17682,5.13206,4.36096,0.1503,0.09619,0.09473,-0.133
aluminum,67,3,6878.533,0.22155,0.23804,1.07443,31.1792,29.0193,0.0693,0.00168,0.00165,-0.157
aluminum,67,4,13479.180,0.062646,0.065147,1.03992,110.266,106.033,0.0384,0.00326,0.00321,-0.134
aluminum,68,1,415.305,17.306,25.703,1.48521,0.399154,0.268753,0.3267,0.30109,0.29648,-0.134
aluminum,68,2,2602.670,1.2232,1.4301,1.16915,5.64728,4.83026,0.1447,0.07111,0.07002,-0.134
aluminum,68,3,7287.552,0.19918,0.21325,1.07064,34.681,32.3928,0.0660,0.00451,0.00445,-0.116
aluminum,68,4,14280.693,0.056093,0.058213,1.03779,123.148,118.663,0.0364,0.00199,0.00196,-0.132
aluminum,69,1,440.000,16.106,23.76,1.47523,0.428893,0.29073,0.3221,0.30312,0.29836,-0.137
aluminum,69,2,2757.433,1.1107,1.2904,1.16179,6.21928,5.35319,0.1392,0.04683,0.04609,-0.138
aluminum,69,3,7720.892,0.179,0.191,1.06704,38.5908,36.1663,0.0628,0.00618,0.00608,-0.142
aluminum,69,4,15129.867,0.050212,0.052008,1.03577,137.572,132.821,0.0345,0.00058,0.00057,-0.151
aluminum,70,1,466.164,14.98,21.946,1.46502,0.461132,0.314761,0.3174,0.30461,0.29961,-0.144
aluminum,70,2,2921.399,1.0079,1.1636,1.15448,6.85361,5.93654,0.1338,0.02392,0.02353,-0.143
aluminum,70,3,8180.001,0.16079,0.17101,1.06356,42.9613,40.3939,0.0598,0.00635,0.00624,-0.152
aluminum,70,4,16029.537,0.044937,0.046458,1.03385,153.721,148.688,0.0327,0.00243,0.00239,-0.144
aluminum,71,1,493.883,13.924,20.255,1.45468,0.496104,0.341039,0.3126,0.30572,0.30045,-0.151
aluminum,71,2,3095.114,0.91393,1.0488,1.14757,7.5583,6.58634,0.1286,0.00289,0.00284,-0.152
aluminum,71,3,8666.409,0.14438,0.15308,1.06026,47.8443,45.1251,0.0569,0.00503,0.00494,-0.157
aluminum,71,4,16982.703,0.040207,0.041494,1.03201,171.805,166.476,0.0310,0.00207,0.00204,-0.127
aluminum,72,1,523.251,12.933,18.679,1.44429,0.534119,0.369814,0.3076,0.30665,0.30106,-0.160
aluminum,72,2,3279.159,0.82814,0.94476,1.14082,8.34129,7.31165,0.1234,0.0158,0.01551,-0.161
aluminum,72,3,9181.739,0.12959,0.137,1.05718,53.3047,50.4216,0.0541,0.0026,0.00255,-0.169
aluminum,72,4,17992.545,0.035966,0.037056,1.03031,192.063,186.414,0.0294,8e-05,8e-05,+0.000
aluminum,73,1,554.365,12.005,17.212,1.43374,0.575406,0.401334,0.3025,0.30753,0.30161,-0.169
aluminum,73,2,3474.148,0.74989,0.85063,1.13434,9.21169,8.12075,0.1184,0.03177,0.03116,-0.168
aluminum,73,3,9727.715,0.11627,0.12257,1.05418,59.4113,56.3576,0.0514,0.00028,0.00027,-0.316
aluminum,73,4,19062.439,0.032166,0.033088,1.02866,214.753,208.769,0.0279,0.00191,0.00188,-0.138
aluminum,74,1,587.330,11.136,15.847,1.42304,0.620308,0.435903,0.2973,0.30848,0.30221,-0.178
aluminum,74,2,3680.731,0.67859,0.7655,1.12807,10.1796,9.02385,0.1135,0.04471,0.0438,-0.179
aluminum,74,3,10306.154,0.10429,0.10964,1.05130,66.236,63.004,0.0489,0.00278,0.00272,-0.190
aluminum,75,1,622.254,10.322,14.579,1.41242,0.669226,0.473815,0.2920,0.30959,0.30294,-0.189
aluminum,75,2,3899.599,0.61367,0.68856,1.12204,11.2565,10.0322,0.1088,0.05436,0.0532,-0.187
aluminum,75,3,10918.990,0.093507,0.098058,1.04867,73.8742,70.4456,0.0464,0.00416,0.00407,-0.190
aluminum,76,1,659.255,9.5611,13.4,1.40151,0.722485,0.515504,0.2865,0.31089,0.30386,-0.199
aluminum,76,2,4131.481,0.5546,0.61908,1.11626,12.4554,11.1581,0.1042,0.06055,0.05918,-0.199
aluminum,76,3,11568.268,0.083814,0.087678,1.04610,82.4177,78.7855,0.0441,0.00401,0.00392,-0.197
aluminum,77,1,698.456,8.8495,12.307,1.39070,0.780581,0.561287,0.2810,0.3124,0.30498,-0.209
aluminum,77,2,4377.152,0.50092,0.55637,1.11070,13.7901,12.4158,0.0997,0.06318,0.06168,-0.209
aluminum,77,3,12256.152,0.075103,0.078382,1.04366,91.9771,88.1294,0.0418,0.00241,0.00236,-0.182
aluminum,78,1,739.989,8.1848,11.294,1.37987,0.843974,0.611631,0.2753,0.31414,0.30629,-0.220
aluminum,78,2,4637.431,0.45216,0.4998,1.10536,15.2772,13.821,0.0953,0.06225,0.0607,-0.219
aluminum,78,3,12984.941,0.067277,0.070059,1.04135,102.676,98.5991,0.0397,3e-05,3e-05,+0.000
aluminum,79,1,783.991,7.5641,10.355,1.36897,0.913229,0.667094,0.2696,0.31608,0.30779,-0.231
aluminum,79,2,4913.187,0.40791,0.4488,1.10024,16.9345,15.3916,0.0911,0.05793,0.05641,-0.231
aluminum,79,3,13757.065,0.06025,0.062609,1.03915,114.652,110.332,0.0377,0.00214,0.00209,-0.205
aluminum,80,1,830.609,6.9851,9.487,1.35818,0.988927,0.728128,0.2637,0.3182,0.30944,-0.242
aluminum,80,2,5205.340,0.36779,0.40285,1.09533,18.7818,17.1472,0.0870,0.0505,0.04911,-0.242
aluminum,80,3,14575.104,0.053942,0.055941,1.03706,128.059,123.483,0.0357,0.00314,0.00305,-0.253
aluminum,81,1,880.000,6.4453,8.6842,1.34737,1.07175,0.795439,0.2578,0.3205,0.31123,-0.255
aluminum,81,2,5514.866,0.33144,0.36147,1.09060,20.8416,19.1102,0.0831,0.04045,0.03928,-0.255
aluminum,81,3,15441.784,0.048283,0.049976,1.03506,143.068,138.221,0.0339,0.0025,0.00243,-0.247
aluminum,82,1,932.328,5.9425,7.9427,1.33659,1.16243,0.869699,0.2518,0.32296,0.31316,-0.268
aluminum,82,2,5842.797,0.29852,0.32422,1.08609,23.14,21.3058,0.0793,0.02843,0.02757,-0.267
aluminum,82,3,16360.002,0.043207,0.044641,1.03319,159.876,154.74,0.0321,0.00059,0.00057,-0.300
aluminum,83,1,987.767,5.4744,7.2585,1.32590,1.26183,0.951678,0.2458,0.32559,0.31524,-0.281
aluminum,83,2,6190.228,0.26874,0.29072,1.08179,25.7042,23.7609,0.0756,0.01528,0.0148,-0.277
aluminum,83,3,17332.818,0.038655,0.039869,1.03141,178.703,173.261,0.0305,0.00149,0.00144,-0.296
aluminum,84,1,1046.502,5.0391,6.6278,1.31527,1.37083,1.04224,0.2397,0.32841,0.31748,-0.294
aluminum,84,2,6558.318,0.24181,0.26059,1.07766,28.5669,26.5081,0.0721,0.00197,0.0019,-0.314
aluminum,84,3,18363.479,0.034575,0.035603,1.02973,199.79,194.022,0.0289,0.00247,0.00239,-0.286
aluminum,85,1,1108.731,4.6346,6.047,1.30475,1.49047,1.14234,0.2336,0.33146,0.31992,-0.308
aluminum,85,2,6948.296,0.21748,0.23352,1.07375,31.7627,29.581,0.0687,0.01045,0.01009,-0.305
aluminum,85,3,19455.430,0.03092,0.031789,1.02810,223.407,217.3,0.0273,0.00173,0.00167,-0.307
aluminum,86,1,1174.659,4.2591,5.5127,1.29433,1.62188,1.25306,0.2274,0.33477,0.3226,-0.322
aluminum,86,2,7361.463,0.19551,0.20919,1.06997,35.332,33.0214,0.0654,0.02091,0.02015,-0.322
aluminum,87,1,1244.508,3.9107,5.0216,1.28407,1.76637,1.37561,0.2212,0.33839,0.32556,-0.336
aluminum,87,2,7799.198,0.17568,0.18735,1.06643,39.3201,36.8709,0.0623,0.02843,0.02735,-0.336
aluminum,88,1,1318.510,3.5878,4.5706,1.27393,1.92535,1.51135,0.2150,0.34236,0.32885,-0.350
aluminum,88,2,8262.963,0.1578,0.16774,1.06299,43.7754,41.1813,0.0593,0.03223,0.03096,-0.349
aluminum,89,1,1396.913,3.2889,4.157,1.26395,2.10032,1.66172,0.2088,0.34671,0.3325,-0.363
aluminum,89,2,8754.305,0.14168,0.15014,1.05971,48.756,46.0088,0.0564,0.03187,0.03056,-0.365
aluminum,90,1,1479.978,3.0123,3.7779,1.25416,2.29318,1.82846,0.2026,0.35147,0.33653,-0.377
aluminum,90,2,9274.862,0.12716,0.13436,1.05662,54.3233,51.4123,0.0536,0.02733,0.02617,-0.377
aluminum,91,1,1567.982,2.7567,3.4308,1.24453,2.50581,2.01345,0.1965,0.35665,0.34097,-0.391
aluminum,91,2,9826.375,0.11409,0.12021,1.05364,60.5465,57.4641,0.0510,0.01915,0.01831,-0.390
aluminum,92,1,1661.219,2.5207,3.1133,1.23509,2.74041,2.21879,0.1903,0.36227,0.34583,-0.403
aluminum,92,2,10410.681,0.10232,0.10753,1.05092,67.5113,64.2403,0.0484,0.0084,0.00802,-0.402
aluminum,93,1,1760.000,2.303,2.8232,1.22588,2.99946,2.44678,0.1842,0.36834,0.35115,-0.415
aluminum,93,2,11029.732,0.091738,0.096161,1.04821,75.2987,71.8353,0.0460,0.00328,0.00312,-0.434
aluminum,94,1,1864.655,2.1024,2.5583,1.21685,3.28565,2.70013,0.1782,0.3749,0.35696,-0.426
aluminum,94,2,11685.594,0.082224,0.085979,1.04567,84.0114,80.3424,0.0437,0.01393,0.01326,-0.428
aluminum,95,1,1975.533,1.9177,2.3167,1.20806,3.6021,2.98172,0.1722,0.38196,0.36329,-0.435
aluminum,95,2,12380.458,0.073674,0.076861,1.04326,93.7611,89.8733,0.0415,0.02152,0.02046,-0.439
aluminum,96,1,2093.004,1.7479,2.0965,1.19944,3.95203,3.2949,0.1663,0.38954,0.37017,-0.443
aluminum,96,2,13116.636,0.065994,0.068697,1.04096,104.672,100.554,0.0393,0.02434,0.02313,-0.443
aluminum,97,1,2217.461,1.5918,1.896,1.19110,4.33959,3.64333,0.1604,0.39765,0.37762,-0.449
aluminum,97,2,13896.592,0.059098,0.06139,1.03878,116.886,112.522,0.0373,0.02149,0.02041,-0.448
aluminum,98,1,2349.318,1.4485,1.7136,1.18302,4.7689,4.03114,0.1547,0.40627,0.38563,-0.453
aluminum,98,2,14722.927,0.052909,0.054851,1.03670,130.559,125.937,0.0354,0.01329,0.01262,-0.449
aluminum,99,1,2489.016,1.3171,1.5478,1.17516,5.24467,4.46295,0.1490,0.41535,0.39419,-0.454
aluminum,99,2,15598.396,0.047356,0.049001,1.03474,145.869,140.972,0.0336,0.00148,0.0014,-0.483
aluminum,100,1,2637.020,1.1968,1.3972,1.16745,5.77185,4.944,0.1434,0.42485,0.40325,-0.453
aluminum,100,2,16525.924,0.042375,0.043768,1.03287,163.015,157.827,0.0318,0.01086,0.01031,-0.451
aluminum,101,1,2793.826,1.0866,1.2605,1.16004,6.35722,5.48017,0.1380,0.43469,0.41276,-0.450
aluminum,101,2,17508.609,0.03791,0.039089,1.03110,182.215,176.719,0.0302,0.01994,0.01894,-0.447
aluminum,102,1,2959.955,0.98581,1.1366,1.15296,7.00719,6.07756,0.1326,0.44479,0.42265,-0.443
aluminum,102,2,18549.725,0.033908,0.034905,1.02940,203.721,197.902,0.0286,0.02235,0.02123,-0.447
aluminum,103,1,3135.963,0.89376,1.0242,1.14595,7.72887,6.74454,0.1274,0.45504,0.43282,-0.435
aluminum,103,2,19652.746,0.030322,0.031166,1.02783,227.813,221.644,0.0271,0.01641,0.01561,-0.434
aluminum,104,1,3322.438,0.80974,0.92256,1.13933,8.53083,7.48759,0.1223,0.46528,0.44311,-0.424
aluminum,105,1,3520.000,0.73312,0.83054,1.13288,9.42241,8.31719,0.1173,0.47533,0.45334,-0.411
aluminum,106,1,3729.310,0.66331,0.74734,1.12668,10.4141,9.24312,0.1124,0.485,0.46331,-0.397
aluminum,107,1,3951.067,0.59976,0.67216,1.12071,11.5175,10.277,0.1077,0.49405,0.47278,-0.382
aluminum,108,1,4186.009,0.54196,0.60427,1.11497,12.7459,11.4316,0.1031,0.50221,0.48145,-0.367
brass,21,1,27.500,26.152,51.313,1.96211,0.264139,0.13462,0.4903,0.13526,0.12509,-0.679
brass,21,2,172.340,4.113,7.9601,1.93535,1.67949,0.867798,0.4833,0.3406,0.315,-0.679
brass,21,3,482.556,1.4251,2.683,1.88267,4.84721,2.57464,0.4689,0.12192,0.11275,-0.679
brass,21,4,945.617,0.69618,1.2631,1.81433,9.92237,5.46889,0.4489,0.05785,0.0535,-0.679
brass,21,5,1563.172,0.39846,0.6926,1.73819,17.3361,9.97366,0.4247,0.01864,0.01724,-0.678
brass,21,6,2335.109,0.24992,0.41507,1.66081,27.6399,16.6424,0.3979,0.005,0.00462,-0.687
brass,21,7,3261.433,0.16635,0.264,1.58702,41.5254,26.1657,0.3699,0.00532,0.00492,-0.679
brass,21,8,4342.144,0.11547,0.17544,1.51936,59.8229,39.3739,0.3418,0.00033,0.0003,-0.828
brass,21,9,5577.243,0.082724,0.12069,1.45895,83.5036,57.2355,0.3146,0.00145,0.00134,-0.685
brass,21,10,6966.729,0.060771,0.085432,1.40580,113.669,80.8568,0.2887,3e-05,3e-05,+0.000
brass,21,11,8510.604,0.045576,0.061963,1.35955,151.566,111.482,0.2645,0.00038,0.00035,-0.714
brass,21,12,10208.862,0.034786,0.0459,1.31950,198.579,150.496,0.2421,0.0001,0.0001,+0.000
brass,22,1,29.135,24.68,48.417,1.96179,0.279893,0.142672,0.4903,0.13699,0.12635,-0.702
brass,22,2,182.587,3.8782,7.4986,1.93353,1.78118,0.921206,0.4828,0.34383,0.31713,-0.702
brass,22,3,511.250,1.3414,2.5193,1.87811,5.14966,2.74193,0.4676,0.11997,0.11065,-0.702
brass,22,4,1001.846,0.65372,1.1811,1.80674,10.5668,5.84858,0.4465,0.04883,0.04503,-0.704
brass,22,5,1656.123,0.37308,0.64464,1.72789,18.5155,10.7157,0.4213,0.01823,0.01681,-0.704
brass,22,6,2473.961,0.23324,0.38453,1.64865,29.6165,17.9642,0.3934,0.00531,0.00489,-0.716
brass,22,7,3455.367,0.15473,0.24349,1.57364,44.6439,28.3698,0.3645,0.00467,0.00431,-0.697
brass,22,8,4600.340,0.10705,0.16115,1.50537,64.5283,42.8654,0.3358,2e-05,2e-05,+0.000
brass,22,9,5908.883,0.076444,0.11046,1.44498,90.3636,62.5363,0.3080,0.00179,0.00165,-0.707
brass,22,10,7380.992,0.055985,0.077946,1.39227,123.386,88.6223,0.2817,0.0002,0.00019,-0.446
brass,22,11,9016.670,0.041867,0.056379,1.34662,164.993,122.524,0.2574,0.0005,0.00046,-0.724
brass,22,12,10815.912,0.031872,0.041665,1.30726,216.734,165.793,0.2350,0.00028,0.00026,-0.644
brass,23,1,30.868,23.291,45.684,1.96144,0.296585,0.151207,0.4902,0.13879,0.12765,-0.727
brass,23,2,193.445,3.6566,7.063,1.93158,1.88912,0.97802,0.4823,0.34712,0.31926,-0.727
brass,23,3,541.651,1.2624,2.365,1.87342,5.47192,2.92083,0.4662,0.11777,0.10832,-0.727
brass,23,4,1061.419,0.61367,1.104,1.79901,11.2565,6.25702,0.4441,0.0398,0.0366,-0.728
brass,23,5,1754.602,0.34916,0.59963,1.71735,19.7839,11.52,0.4177,0.01681,0.01546,-0.727
brass,23,6,2621.071,0.21757,0.35598,1.63616,31.7496,19.4049,0.3888,0.00491,0.00452,-0.719
brass,23,7,3660.835,0.14383,0.22439,1.56011,48.0272,30.7846,0.3590,0.00295,0.00271,-0.737
brass,23,8,4873.892,0.099167,0.14791,1.49152,69.6578,46.7024,0.3295,0.00026,0.00024,-0.695
brass,23,9,6260.245,0.070585,0.10102,1.43118,97.8643,68.3801,0.3013,0.00088,0.00081,-0.720
brass,23,10,7819.891,0.051535,0.07106,1.37887,134.04,97.2102,0.2748,0.00021,0.00019,-0.869
brass,23,11,9552.831,0.038429,0.051259,1.33386,179.754,134.762,0.2503,0.00056,0.00052,-0.644
brass,23,12,11459.062,0.029178,0.037793,1.29526,236.745,182.779,0.2280,8e-05,7e-05,-1.160
brass,24,1,32.703,21.979,43.104,1.96114,0.314289,0.160258,0.4901,0.14067,0.129,-0.752
brass,24,2,204.947,3.4475,6.652,1.92951,2.0037,1.03845,0.4817,0.35046,0.32138,-0.752
brass,24,3,573.859,1.1879,2.2194,1.86834,5.8151,3.11244,0.4648,0.11532,0.10575,-0.752
brass,24,4,1124.534,0.57592,1.0313,1.79070,11.9943,6.6981,0.4416,0.03086,0.0283,-0.752
brass,24,5,1858.935,0.32664,0.55741,1.70650,21.1479,12.3926,0.4140,0.01448,0.01328,-0.751
brass,24,6,2776.928,0.20283,0.32929,1.62348,34.0569,20.9777,0.3840,0.00389,0.00356,-0.770
brass,24,7,3878.519,0.13362,0.20663,1.54640,51.697,33.4306,0.3533,0.00062,0.00056,-0.884
brass,24,8,5163.708,0.091801,0.13564,1.47754,75.2471,50.9271,0.3232,0.0004,0.00037,-0.677
brass,24,9,6632.497,0.065123,0.092308,1.41744,106.072,74.8338,0.2945,0.00058,0.00053,-0.783
brass,24,10,8284.884,0.047399,0.06473,1.36564,145.736,106.716,0.2677,1e-05,1e-05,+0.000
brass,24,11,10120.869,0.035243,0.046568,1.32134,196.004,148.337,0.2432,0.00024,0.00022,-0.756
brass,24,12,12140.451,0.026689,0.034257,1.28356,258.824,201.645,0.2209,0.00026,0.00024,-0.695
brass,25,1,34.648,20.742,40.669,1.96071,0.333032,0.169853,0.4900,0.14263,0.13039,-0.779
brass,25,2,217.134,3.2501,6.2641,1.92736,2.1254,1.10275,0.4812,0.35386,0.32349,-0.779
brass,25,3,607.982,1.1176,2.0822,1.86310,6.18088,3.31753,0.4633,0.11261,0.10294,-0.780
brass,25,4,1191.402,0.54032,0.96298,1.78224,12.7846,7.17331,0.4389,0.02215,0.02025,-0.779
brass,25,5,1969.473,0.30544,0.51782,1.69532,22.6158,13.3401,0.4102,0.0114,0.01043,-0.772
brass,25,6,2942.052,0.18899,0.30438,1.61056,36.5509,22.6945,0.3791,0.00238,0.00218,-0.762
brass,25,7,4109.147,0.12404,0.19011,1.53265,55.6897,36.3356,0.3475,0.00168,0.00153,-0.812
brass,25,8,5470.758,0.084918,0.12429,1.46365,81.3462,55.5777,0.3168,0.00033,0.0003,-0.828
brass,25,9,7026.886,0.060036,0.084278,1.40379,115.06,81.9639,0.2876,0.00144,0.00132,-0.756
brass,25,10,8777.528,0.043559,0.058918,1.35260,158.584,117.244,0.2607,0.0002,0.00018,-0.915
brass,25,11,10722.688,0.032294,0.042276,1.30910,213.902,163.397,0.2361,0.00056,0.00051,-0.812
brass,25,12,12862.360,0.024392,0.03103,1.27214,283.198,222.615,0.2139,0,0,
brass,26,1,36.708,19.574,38.371,1.96030,0.352905,0.180025,0.4899,0.14468,0.13184,-0.807
brass,26,2,230.046,3.0637,5.898,1.92512,2.25471,1.1712,0.4805,0.35732,0.3256,-0.807
brass,26,3,644.135,1.0512,1.9528,1.85769,6.5713,3.53736,0.4617,0.1096,0.09987,-0.808
brass,26,4,1262.247,0.50676,0.89871,1.77344,13.6312,7.6863,0.4361,0.01378,0.01256,-0.805
brass,26,5,2086.584,0.28548,0.48072,1.68390,24.197,14.3696,0.4061,0.00779,0.0071,-0.806
brass,26,6,3116.997,0.17598,0.28113,1.59751,39.2531,24.5714,0.3740,0.00064,0.00058,-0.855
brass,26,7,4353.491,0.11507,0.17477,1.51881,60.0309,39.5248,0.3416,0.00325,0.00296,-0.812
brass,26,8,5796.067,0.078491,0.11379,1.44972,88.007,60.7062,0.3102,9e-05,9e-05,+0.000
brass,26,9,7444.727,0.055302,0.076884,1.39026,124.91,89.8465,0.2807,0.00101,0.00092,-0.811
brass,26,10,9299.469,0.039996,0.053586,1.33978,172.711,128.91,0.2536,0.00012,0.00011,-0.756
brass,26,11,11360.294,0.029568,0.038351,1.29704,233.623,180.119,0.2290,0.00013,0.00012,-0.695
brass,26,12,13627.198,0.022275,0.028088,1.26097,310.112,245.933,0.2070,0.00022,0.0002,-0.828
brass,27,1,38.891,18.471,36.202,1.95994,0.373978,0.190811,0.4898,0.14683,0.13335,-0.836
brass,27,2,243.725,2.8879,5.5525,1.92268,2.39196,1.24408,0.4799,0.36084,0.32772,-0.836
brass,27,3,682.437,0.98864,1.8308,1.85184,6.98713,3.77308,0.4600,0.1063,0.09655,-0.836
brass,27,4,1337.304,0.47512,0.83827,1.76433,14.539,8.24049,0.4332,0.0059,0.00536,-0.834
brass,27,5,2210.659,0.2667,0.44597,1.67218,25.9008,15.4893,0.4020,0.00391,0.00355,-0.839
brass,27,6,3302.343,0.16378,0.25945,1.58414,42.177,26.6246,0.3688,0.00106,0.00096,-0.861
brass,27,7,4612.363,0.10668,0.16053,1.50478,64.7521,43.0309,0.3355,0.00361,0.00328,-0.833
brass,27,8,6140.719,0.072495,0.10409,1.43582,95.286,66.3633,0.3035,0.00017,0.00016,-0.527
brass,27,9,7887.413,0.0509,0.070083,1.37688,135.712,98.5653,0.2737,0.00029,0.00026,-0.948
brass,27,10,9852.443,0.036695,0.0487,1.32716,188.248,141.843,0.2465,0.00011,0.0001,-0.828
brass,27,11,12035.812,0.027049,0.034766,1.28530,255.379,198.693,0.2220,0.0005,0.00045,-0.915
brass,27,12,14437.513,0.020325,0.025408,1.25009,339.865,271.873,0.2001,0.00012,0.00011,-0.756
brass,28,1,41.203,17.43,34.155,1.95955,0.396314,0.202247,0.4897,0.14908,0.13494,-0.866
brass,28,2,258.218,2.7219,5.2265,1.92017,2.53784,1.32168,0.4792,0.36442,0.32986,-0.865
brass,28,3,723.017,0.92959,1.7159,1.84587,7.43097,4.02573,0.4583,0.1027,0.09296,-0.865
brass,28,4,1416.824,0.4453,0.78147,1.75493,15.5126,8.83944,0.4302,0.00136,0.00123,-0.873
brass,28,5,2342.112,0.24903,0.41344,1.66020,27.7386,16.708,0.3977,5e-05,5e-05,+0.000
brass,28,6,3498.710,0.15232,0.23925,1.57071,45.3503,28.8725,0.3634,0.00241,0.00218,-0.871
brass,28,7,4886.628,0.098823,0.14733,1.49085,69.9003,46.8863,0.3293,0.00266,0.00241,-0.857
brass,28,8,6505.864,0.066903,0.095137,1.42201,103.25,72.6085,0.2968,0.00031,0.00028,-0.884
brass,28,9,8356.422,0.046809,0.063833,1.36369,147.573,108.216,0.2667,0.00118,0.00107,-0.850
brass,28,10,10438.299,0.033638,0.044226,1.31476,205.356,156.192,0.2394,0.00016,0.00014,-1.160
brass,28,11,12751.497,0.024724,0.031494,1.27382,279.395,219.336,0.2150,0.00015,0.00014,-0.599
brass,28,12,15296.011,0.01853,0.022969,1.23956,372.788,300.743,0.1933,0.00011,0.0001,-0.828
brass,29,1,43.654,16.448,32.222,1.95902,0.419975,0.21438,0.4895,0.15144,0.13661,-0.895
brass,29,2,273.572,2.5653,4.9189,1.91748,2.69277,1.40433,0.4785,0.36807,0.33202,-0.895
brass,29,3,766.010,0.87388,1.6076,1.83961,7.9047,4.29694,0.4564,0.09877,0.08909,-0.896
brass,29,4,1501.073,0.41721,0.7281,1.74516,16.557,9.48737,0.4270,0.00783,0.00706,-0.899
brass,29,5,2481.381,0.23241,0.383,1.64795,29.7223,18.0359,0.3932,0.00346,0.00312,-0.898
brass,29,6,3706.754,0.14157,0.22045,1.55718,48.7939,31.3348,0.3578,0.00316,0.00285,-0.897
brass,29,7,5177.202,0.09148,0.13511,1.47693,75.5111,51.1269,0.3229,0.00077,0.0007,-0.828
brass,29,8,6892.724,0.061694,0.086885,1.40832,111.968,79.5046,0.2899,0.00023,0.00021,-0.790
brass,29,9,8853.321,0.043011,0.058094,1.35068,160.604,118.907,0.2596,0.00075,0.00068,-0.851
brass,29,10,11058.993,0.03081,0.040134,1.30263,224.205,172.117,0.2323,4e-05,4e-05,+0.000
brass,29,11,13509.741,0.022581,0.028511,1.26261,305.91,242.284,0.2080,0.0004,0.00036,-0.915
brass,29,12,16205.560,0.016881,0.020752,1.22931,409.203,332.872,0.1865,0.00019,0.00017,-0.966
brass,30,1,46.249,15.521,30.398,1.95851,0.445059,0.227244,0.4894,0.15393,0.13837,-0.926
brass,30,2,289.839,2.4174,4.6287,1.91474,2.85751,1.49237,0.4777,0.37179,0.33421,-0.926
brass,30,3,811.559,0.82132,1.5055,1.83302,8.41055,4.58835,0.4545,0.09451,0.08496,-0.925
brass,30,4,1590.331,0.39073,0.67798,1.73516,17.6791,10.1887,0.4237,0.01338,0.01203,-0.924
brass,30,5,2628.931,0.21678,0.35455,1.63553,31.8653,19.4832,0.3886,0.00633,0.00569,-0.926
brass,30,6,3927.169,0.1315,0.20296,1.54342,52.5305,34.0351,0.3521,0.00316,0.00284,-0.927
brass,30,7,5485.054,0.084618,0.12379,1.46293,81.6346,55.8022,0.3165,0.00127,0.00114,-0.938
brass,30,8,7302.586,0.056844,0.079284,1.39476,121.521,87.1267,0.2830,1e-05,1e-05,+0.000
brass,30,9,9379.768,0.039489,0.052831,1.33787,174.929,130.752,0.2525,0.00047,0.00042,-0.977
brass,30,10,11716.596,0.028196,0.036394,1.29075,244.991,189.805,0.2252,0.00015,0.00013,-1.243
brass,30,11,14313.072,0.020607,0.025794,1.25171,335.214,267.805,0.2011,0.00027,0.00024,-1.023
brass,30,12,17169.191,0.015366,0.018737,1.21938,449.548,368.669,0.1799,8e-05,7e-05,-1.160
brass,31,1,48.999,14.645,28.676,1.95807,0.47168,0.24089,0.4893,0.15655,0.14023,-0.956
brass,31,2,307.074,2.2779,4.3548,1.91176,3.03251,1.58624,0.4769,0.37556,0.33642,-0.956
brass,31,3,859.817,0.77175,1.4094,1.82624,8.95077,4.9012,0.4524,0.08991,0.08054,-0.956
brass,31,4,1684.897,0.36579,0.63092,1.72481,18.8845,10.9487,0.4202,0.01787,0.01601,-0.955
brass,31,5,2785.256,0.20209,0.32796,1.62284,34.1816,21.0628,0.3838,0.00827,0.00741,-0.954
brass,31,6,4160.690,0.12206,0.1867,1.52958,56.5931,36.9992,0.3463,0.00242,0.00217,-0.947
brass,31,7,5811.212,0.078211,0.11333,1.44903,88.322,60.9526,0.3099,0.00256,0.00229,-0.968
brass,31,8,7736.820,0.052333,0.07229,1.38135,131.996,95.5562,0.2761,0.00022,0.00019,-1.273
brass,31,9,9937.517,0.036225,0.048008,1.32527,190.69,143.888,0.2454,0.00101,0.00091,-0.906
brass,31,10,12413.299,0.025783,0.03298,1.27914,267.919,209.453,0.2182,1e-05,1e-05,+0.000
brass,31,11,15164.170,0.01879,0.02332,1.24109,367.629,296.216,0.1943,0.00023,0.00021,-0.790
brass,31,12,18190.123,0.013977,0.016908,1.20970,494.223,408.55,0.1733,7e-05,7e-05,+0.000
brass,32,1,51.913,13.819,27.051,1.95752,0.499874,0.25536,0.4891,0.15931,0.14221,-0.986
brass,32,2,325.334,2.1462,4.0964,1.90868,3.2186,1.6863,0.4761,0.37939,0.33867,-0.986
brass,32,3,910.944,0.72499,1.3189,1.81920,9.52807,5.23751,0.4503,0.08497,0.07585,-0.986
brass,32,4,1785.087,0.3423,0.58676,1.71417,20.1804,11.7727,0.4166,0.02118,0.01891,-0.985
brass,32,5,2950.876,0.18829,0.30313,1.60991,36.6868,22.7881,0.3788,0.00909,0.00812,-0.980
brass,32,6,4408.099,0.11321,0.17161,1.51586,61.0172,40.2526,0.3403,0.00113,0.00101,-0.975
brass,32,7,6156.766,0.072233,0.10367,1.43522,95.6316,66.6322,0.3032,0.00251,0.00224,-0.989
brass,32,8,8196.876,0.048141,0.06586,1.36806,143.49,104.885,0.2690,0.00023,0.0002,-1.214
brass,32,9,10528.434,0.033203,0.043593,1.31292,208.046,158.46,0.2383,0.0002,0.00018,-0.915
brass,32,10,13151.434,0.023557,0.029865,1.26778,293.236,231.299,0.2112,0.00013,0.00012,-0.695
brass,32,11,16065.881,0.017119,0.021071,1.23085,403.514,327.832,0.1875,0.00036,0.00032,-1.023
brass,32,12,19271.768,0.012703,0.015249,1.20043,543.789,452.997,0.1669,0.00015,0.00014,-0.599
brass,33,1,55.000,13.04,25.518,1.95690,0.529736,0.270701,0.4890,0.16222,0.14431,-1.016
brass,33,2,344.679,2.0219,3.8525,1.90539,3.41647,1.79306,0.4752,0.38326,0.34095,-1.016
brass,33,3,965.112,0.68089,1.2336,1.81175,10.1452,5.59967,0.4480,0.07969,0.07089,-1.016
brass,33,4,1891.233,0.32018,0.54534,1.70323,21.5746,12.6669,0.4129,0.02321,0.02065,-1.015
brass,33,5,3126.344,0.17533,0.27997,1.59682,39.3986,24.6732,0.3737,0.00872,0.00776,-1.013
brass,33,6,4670.218,0.10494,0.1576,1.50181,65.8258,43.8309,0.3341,0.00035,0.00031,-1.054
brass,33,7,6522.866,0.06666,0.09475,1.42139,103.627,72.9051,0.2965,0.00117,0.00104,-1.023
brass,33,8,8684.287,0.044247,0.059955,1.35501,156.118,115.216,0.2620,4e-05,3e-05,-2.499
brass,33,9,11154.486,0.030408,0.039555,1.30081,227.169,174.637,0.2313,0.0008,0.00071,-1.037
brass,33,10,13933.459,0.021505,0.027027,1.25678,321.216,255.587,0.2043,2e-05,2e-05,+0.000
brass,33,11,17021.207,0.015585,0.019027,1.22085,443.231,363.05,0.1809,6e-05,5e-05,-1.584
brass,34,1,58.270,12.304,24.07,1.95627,0.561424,0.286986,0.4888,0.16529,0.14654,-1.046
brass,34,2,365.175,1.9046,3.6225,1.90197,3.62688,1.9069,0.4742,0.38716,0.34325,-1.046
brass,34,3,1022.500,0.6393,1.1533,1.80400,10.8052,5.98956,0.4457,0.07407,0.06567,-1.046
brass,34,4,2003.692,0.29936,0.50651,1.69198,23.0751,13.6379,0.4090,0.02391,0.0212,-1.045
brass,34,5,3312.246,0.16316,0.25837,1.58354,42.3373,26.7359,0.3685,0.00721,0.00639,-1.049
brass,34,6,4947.923,0.097196,0.14462,1.48792,71.0704,47.7649,0.3279,0.00161,0.00143,-1.030
brass,34,7,6910.735,0.061467,0.086528,1.40771,112.382,79.8326,0.2896,0.00071,0.00063,-1.038
brass,34,8,9200.681,0.040635,0.054537,1.34212,169.995,126.662,0.2549,0.00017,0.00015,-1.087
brass,34,9,11817.766,0.027825,0.035866,1.28898,248.257,192.599,0.2242,0.00053,0.00047,-1.044
brass,34,10,14761.984,0.019616,0.024442,1.24602,352.149,282.618,0.1974,0.00011,0.0001,-0.828
brass,34,11,18033.340,0.014178,0.017171,1.21110,487.216,402.292,0.1743,0.00026,0.00023,-1.065
brass,35,1,61.735,11.609,22.704,1.95572,0.595034,0.304253,0.4887,0.16852,0.14891,-1.075
brass,35,2,386.889,1.7939,3.4055,1.89838,3.85069,2.02841,0.4732,0.39104,0.34555,-1.074
brass,35,3,1083.301,0.60008,1.0778,1.79609,11.5114,6.40913,0.4432,0.06811,0.06018,-1.075
brass,35,4,2122.838,0.27976,0.47012,1.68044,24.6917,14.6936,0.4049,0.02327,0.02056,-1.075
brass,35,5,3509.203,0.15174,0.23824,1.57005,45.5236,28.9949,0.3631,0.00478,0.00422,-1.082
brass,35,6,5242.143,0.089959,0.13259,1.47389,76.7878,52.0986,0.3215,0.00226,0.00199,-1.105
brass,35,7,7321.670,0.056633,0.078955,1.39415,121.974,87.4898,0.2827,0.00201,0.00177,-1.104
brass,35,8,9747.784,0.037287,0.049571,1.32944,185.259,139.351,0.2478,0.00019,0.00017,-0.966
brass,35,9,12520.489,0.02544,0.032498,1.27744,271.531,212.559,0.2172,0.00054,0.00048,-1.023
brass,35,10,15639.781,0.017879,0.022091,1.23558,386.361,312.695,0.1907,5e-05,5e-05,+0.000
brass,35,11,19105.662,0.012887,0.015487,1.20175,536.025,446.036,0.1679,0.0003,0.00027,-0.915
brass,36,1,65.406,10.954,21.414,1.95490,0.630615,0.322581,0.4885,0.17192,0.15143,-1.102
brass,36,2,409.895,1.6895,3.2008,1.89453,4.08864,2.15813,0.4722,0.3949,0.34783,-1.102
brass,36,3,1147.717,0.5631,1.0067,1.78778,12.2674,6.86178,0.4406,0.06183,0.05446,-1.102
brass,36,4,2249.068,0.26131,0.43604,1.66867,26.4351,15.842,0.4007,0.02133,0.01879,-1.101
brass,36,5,3717.870,0.14103,0.21951,1.55648,48.9807,31.469,0.3575,0.0018,0.00158,-1.132
brass,36,6,5553.855,0.083198,0.12147,1.46001,83.0279,56.868,0.3150,0.00208,0.00183,-1.112
brass,36,7,7757.038,0.052137,0.071987,1.38073,132.492,95.9584,0.2757,0.00189,0.00166,-1.127
brass,36,8,10327.415,0.034186,0.045023,1.31700,202.064,153.427,0.2407,0,0,
brass,36,9,13264.993,0.023241,0.029426,1.26612,297.223,234.75,0.2102,0.0006,0.00053,-1.078
brass,36,10,16569.768,0.016283,0.019953,1.22539,424.231,346.201,0.1840,8e-05,7e-05,-1.160
brass,37,1,69.296,10.335,20.197,1.95423,0.668385,0.342019,0.4883,0.17549,0.1541,-1.129
brass,37,2,434.268,1.5909,3.0077,1.89057,4.34204,2.29669,0.4711,0.39868,0.35009,-1.129
brass,37,3,1215.964,0.52823,0.93982,1.77919,13.0772,7.35008,0.4379,0.05526,0.04853,-1.128
brass,37,4,2382.804,0.24396,0.40415,1.65662,28.3151,17.0921,0.3964,0.01822,0.016,-1.129
brass,37,5,3938.947,0.13099,0.20209,1.54279,52.735,34.1816,0.3518,0.00125,0.0011,-1.110
brass,37,6,5884.105,0.076886,0.11118,1.44604,89.8441,62.1313,0.3085,0.00114,0.001,-1.138
brass,37,7,8218.295,0.047958,0.065582,1.36749,144.038,105.33,0.2687,0.00047,0.00041,-1.186
brass,37,8,10941.516,0.031316,0.040863,1.30486,220.582,169.047,0.2336,0.00017,0.00015,-1.087
brass,37,9,14053.771,0.021214,0.026627,1.25516,325.622,259.427,0.2033,0.00041,0.00036,-1.130
brass,37,10,17555.057,0.014818,0.018012,1.21555,466.173,383.508,0.1774,9e-05,8e-05,-1.023
brass,38,1,73.416,9.7508,19.048,1.95348,0.70843,0.36265,0.4881,0.17924,0.15694,-1.154
brass,38,2,460.091,1.4979,2.8255,1.88631,4.61163,2.44479,0.4699,0.40236,0.3523,-1.154
brass,38,3,1288.269,0.49537,0.87693,1.77025,13.9446,7.8772,0.4351,0.04844,0.04242,-1.153
brass,38,4,2524.494,0.22765,0.37432,1.64428,30.3438,18.4541,0.3918,0.01413,0.01237,-1.155
brass,38,5,4173.169,0.12158,0.18589,1.52895,56.8165,37.1604,0.3459,0.00384,0.00336,-1.160
brass,38,6,6233.993,0.070997,0.10168,1.43217,97.2964,67.9362,0.3018,0.00017,0.00015,-1.087
brass,38,7,8706.981,0.044078,0.0597,1.35442,156.717,115.708,0.2617,0.00119,0.00104,-1.170
brass,38,8,11592.134,0.028664,0.03706,1.29291,240.991,186.394,0.2266,0.00011,0.0001,-0.828
brass,38,9,14889.454,0.019348,0.024078,1.24447,357.027,286.891,0.1964,0.00054,0.00047,-1.206
brass,38,10,18598.938,0.013474,0.01625,1.20603,512.673,425.093,0.1709,0,0,
brass,39,1,77.782,9.1995,17.963,1.95261,0.750884,0.384555,0.4879,0.18317,0.15995,-1.177
brass,39,2,487.450,1.4101,2.6537,1.88192,4.89877,2.60307,0.4686,0.40588,0.35443,-1.177
brass,39,3,1364.874,0.46438,0.8178,1.76106,14.8752,8.44675,0.4322,0.04142,0.03617,-1.177
brass,39,4,2674.608,0.21231,0.34643,1.63172,32.5362,19.9398,0.3872,0.00933,0.00815,-1.174
brass,39,5,4421.318,0.11277,0.17085,1.51503,61.2553,40.4317,0.3400,0.00546,0.00477,-1.173
brass,39,6,6604.686,0.065508,0.092918,1.41842,105.449,74.3425,0.2950,0.00131,0.00114,-1.207
brass,39,7,9224.726,0.040478,0.054303,1.34154,170.655,127.208,0.2546,0.00174,0.00152,-1.174
brass,39,8,12281.438,0.026215,0.033588,1.28125,263.504,205.661,0.2195,9e-05,8e-05,-1.023
brass,39,9,15774.826,0.017633,0.02176,1.23405,391.752,317.452,0.1897,0.00042,0.00037,-1.101
brass,39,10,19704.887,0.012242,0.014652,1.19686,564.267,471.455,0.1645,8e-05,7e-05,-1.160
brass,40,1,82.407,8.6791,16.94,1.95182,0.795907,0.407778,0.4876,0.18729,0.16315,-1.199
brass,40,2,516.435,1.3272,2.4917,1.87741,5.20476,2.77231,0.4673,0.4092,0.35646,-1.198
brass,40,3,1446.033,0.43519,0.76223,1.75149,15.873,9.06256,0.4291,0.03425,0.02984,-1.197
brass,40,4,2833.648,0.19789,0.32037,1.61893,34.907,21.5618,0.3823,0.00417,0.00363,-1.205
brass,40,5,4684.223,0.10452,0.1569,1.50115,66.0903,44.0265,0.3338,0.0058,0.00505,-1.203
brass,40,6,6997.419,0.060394,0.08484,1.40478,114.378,81.421,0.2881,0.00175,0.00152,-1.224
brass,40,7,9773.256,0.037141,0.049357,1.32891,185.987,139.955,0.2475,0.00074,0.00065,-1.126
brass,40,8,13011.729,0.023955,0.03042,1.26988,288.364,227.079,0.2125,0.00014,0.00013,-0.644
brass,40,9,16712.844,0.016057,0.019652,1.22389,430.202,351.504,0.1830,0.00038,0.00033,-1.225
brass,41,1,87.307,8.188,15.974,1.95090,0.843644,0.432437,0.4874,0.19161,0.16656,-1.217
brass,41,2,547.144,1.2491,2.3389,1.87247,5.53019,2.95342,0.4660,0.41225,0.35836,-1.217
brass,41,3,1532.019,0.40767,0.71003,1.74168,16.9445,9.72882,0.4258,0.02703,0.02349,-1.219
brass,41,4,3002.146,0.18434,0.29605,1.60600,37.4729,23.3331,0.3773,0.00095,0.00082,-1.278
brass,41,5,4962.762,0.096809,0.14397,1.48716,71.3545,47.9805,0.3276,0.00477,0.00415,-1.209
brass,41,6,7413.508,0.055635,0.077402,1.39125,124.162,89.2452,0.2812,0.00128,0.00111,-1.238
brass,41,7,10354.404,0.034051,0.044827,1.31647,202.865,154.098,0.2404,0.00087,0.00075,-1.289
brass,41,8,13785.447,0.021872,0.027532,1.25878,315.826,250.899,0.2056,3e-05,3e-05,+0.000
brass,41,9,17706.643,0.01461,0.017739,1.21417,472.81,389.411,0.1764,0.00051,0.00044,-1.282
brass,42,1,92.499,7.7244,15.062,1.94992,0.894277,0.458621,0.4872,0.19612,0.17017,-1.233
brass,42,2,579.679,1.1753,2.1948,1.86744,5.87744,3.14733,0.4645,0.415,0.36009,-1.233
brass,42,3,1623.118,0.38175,0.66101,1.73153,18.095,10.4503,0.4225,0.01983,0.01721,-1.231
brass,42,4,3180.663,0.17162,0.27336,1.59282,40.2503,25.2698,0.3722,0.00559,0.00485,-1.233
brass,42,5,5257.863,0.089597,0.13199,1.47315,77.0981,52.3354,0.3212,0.00263,0.00229,-1.202
brass,42,6,7854.338,0.051209,0.070559,1.37786,134.893,97.9004,0.2742,0.00015,0.00013,-1.243
brass,42,7,10970.108,0.031192,0.040683,1.30428,221.459,169.795,0.2333,0.00147,0.00128,-1.202
brass,42,8,14605.172,0.019954,0.024902,1.24797,346.184,277.398,0.1987,0.00014,0.00012,-1.339
brass,42,9,18759.535,0.013283,0.016002,1.20470,520.045,431.681,0.1699,8e-05,7e-05,-1.160
brass,43,1,97.999,7.2869,14.201,1.94884,0.947969,0.486427,0.4869,0.20084,0.17402,-1.245
brass,43,2,614.148,1.1057,2.059,1.86217,6.2474,3.35491,0.4630,0.41736,0.36162,-1.245
brass,43,3,1719.633,0.35733,0.615,1.72110,19.3316,11.2321,0.4190,0.01277,0.01107,-1.241
brass,43,4,3369.794,0.15968,0.25222,1.57953,43.26,27.3878,0.3669,0.00933,0.00808,-1.249
brass,43,5,5570.511,0.08286,0.12091,1.45921,83.3666,57.1314,0.3147,6e-05,5e-05,-1.584
brass,43,6,8321.381,0.047096,0.06427,1.36466,146.674,107.48,0.2672,0.00098,0.00084,-1.339
brass,43,7,11622.424,0.028549,0.036896,1.29237,241.961,187.222,0.2262,0.00045,0.00039,-1.243
brass,43,8,15473.640,0.018189,0.022509,1.23751,379.777,306.889,0.1919,0,0,
brass,43,9,19875.033,0.012068,0.014428,1.19556,572.403,478.774,0.1635,0.0005,0.00043,-1.310
brass,44,1,103.826,6.8739,13.389,1.94780,1.00493,0.515928,0.4866,0.20578,0.17811,-1.254
brass,44,2,650.668,1.04,1.931,1.85673,6.64207,3.57729,0.4614,0.41928,0.3629,-1.254
brass,44,3,1821.888,0.33434,0.57182,1.71029,20.6609,12.0803,0.4153,0.00598,0.00518,-1.247
brass,44,4,3570.173,0.14848,0.23252,1.56600,46.5231,29.7082,0.3614,0.01178,0.0102,-1.251
brass,44,5,5901.752,0.07657,0.11067,1.44534,90.2149,62.4176,0.3081,0.00254,0.0022,-1.248
brass,44,6,8816.197,0.043278,0.058495,1.35161,159.614,118.091,0.2601,0.00141,0.00122,-1.257
brass,44,7,12313.531,0.026109,0.033438,1.28071,264.574,206.584,0.2192,0.00101,0.00087,-1.296
brass,44,8,16393.752,0.016568,0.020333,1.22725,416.934,339.731,0.1852,0.00012,0.00011,-0.756
brass,45,1,110.000,6.4841,12.622,1.94661,1.06534,0.547279,0.4863,0.21094,0.18246,-1.260
brass,45,2,689.358,0.97807,1.8103,1.85089,7.06264,3.81581,0.4597,0.42066,0.36386,-1.260
brass,45,3,1930.223,0.31268,0.53133,1.69928,22.0921,13.0009,0.4115,0.00041,0.00036,-1.130
brass,45,4,3782.467,0.13797,0.21418,1.55237,50.0671,32.2521,0.3558,0.01268,0.01097,-1.258
brass,45,5,6252.688,0.070703,0.10121,1.43148,97.701,68.2517,0.3014,0.00405,0.0035,-1.268
brass,45,6,9340.436,0.039736,0.053199,1.33881,173.841,129.847,0.2531,0.00086,0.00074,-1.305
brass,45,7,13045.731,0.023857,0.030283,1.26935,289.548,228.107,0.2122,0.00109,0.00095,-1.194
brass,45,8,17368.574,0.015079,0.018357,1.21739,458.104,376.301,0.1786,1e-05,1e-05,+0.000
brass,46,1,116.541,6.1162,11.899,1.94549,1.12942,0.580532,0.4860,0.21632,0.18707,-1.262
brass,46,2,730.350,0.91962,1.6965,1.84478,7.51153,4.07177,0.4579,0.42144,0.36445,-1.262
brass,46,3,2045.000,0.2923,0.49338,1.68792,23.6324,14.0009,0.4076,0.00626,0.00542,-1.252
brass,46,4,4007.384,0.12812,0.19713,1.53864,53.9163,35.0416,0.3501,0.01192,0.01031,-1.260
brass,46,5,6624.493,0.065234,0.092483,1.41771,105.892,74.6922,0.2946,0.00408,0.00353,-1.258
brass,46,6,9895.847,0.036454,0.048345,1.32619,189.492,142.885,0.2460,0.00027,0.00024,-1.023
brass,46,7,13821.472,0.021782,0.027408,1.25829,317.131,252.034,0.2053,0.00027,0.00023,-1.393
brass,46,8,18401.365,0.013713,0.016563,1.20783,503.738,417.059,0.1721,0.00011,9e-05,-1.743
brass,47,1,123.471,5.7689,11.216,1.94422,1.19741,0.615884,0.4857,0.22194,0.19196,-1.260
brass,47,2,773.779,0.86447,1.5893,1.83847,7.99074,4.34641,0.4561,0.4215,0.36457,-1.260
brass,47,3,2166.602,0.27311,0.45782,1.67632,25.2929,15.0884,0.4035,0.01141,0.00987,-1.259
brass,47,4,4245.675,0.11889,0.18129,1.52485,58.1021,38.1033,0.3442,0.00957,0.00828,-1.258
brass,47,5,7018.405,0.060139,0.084439,1.40406,114.863,81.8076,0.2878,0.00261,0.00226,-1.251
brass,47,6,10484.284,0.033415,0.043901,1.31381,206.726,157.348,0.2389,0.0011,0.00096,-1.182
brass,47,7,14643.339,0.019871,0.024789,1.24750,347.63,278.662,0.1984,0.00113,0.00098,-1.237
brass,47,8,19495.566,0.012462,0.014936,1.19852,554.305,462.49,0.1657,4e-05,4e-05,+0.000
brass,48,1,130.813,5.4411,10.571,1.94281,1.26955,0.653463,0.4853,0.22779,0.19713,-1.256
brass,48,2,819.790,0.81245,1.4883,1.83187,8.50238,4.64137,0.4541,0.42076,0.36413,-1.256
brass,48,3,2295.435,0.25506,0.42453,1.66443,27.0829,16.2715,0.3992,0.01572,0.0136,-1.258
brass,48,4,4498.136,0.11025,0.16658,1.51093,62.6554,41.4681,0.3381,0.00598,0.00517,-1.264
brass,48,5,7435.741,0.055398,0.077033,1.39054,124.693,89.6727,0.2809,0.00022,0.00019,-1.273
brass,48,6,11107.711,0.030604,0.039837,1.30169,225.714,173.4,0.2318,0.00095,0.00082,-1.278
brass,48,7,15514.075,0.018113,0.022406,1.23701,381.37,308.299,0.1916,0.00022,0.00019,-1.273
brass,49,1,138.591,5.1318,9.9631,1.94144,1.34607,0.693334,0.4849,0.23387,0.20258,-1.248
brass,49,2,868.537,0.76339,1.3932,1.82502,9.04879,4.95819,0.4521,0.41908,0.36302,-1.247
brass,49,3,2431.929,0.23808,0.39338,1.65230,29.0144,17.56,0.3948,0.01904,0.01649,-1.249
brass,49,4,4765.609,0.10217,0.15294,1.49692,67.6104,45.1664,0.3320,0.00167,0.00144,-1.287
brass,49,5,7877.894,0.050988,0.07022,1.37719,135.478,98.373,0.2739,0.0021,0.00182,-1.243
brass,49,6,11768.212,0.028006,0.036123,1.28983,246.653,191.229,0.2247,5e-05,5e-05,+0.000
brass,49,7,16436.594,0.016498,0.02024,1.22682,418.703,341.292,0.1849,0.00097,0.00084,-1.250
brass,50,1,146.832,4.8398,9.3889,1.93994,1.42728,0.735736,0.4845,0.24018,0.20831,-1.237
brass,50,2,920.183,0.7171,1.3036,1.81788,9.6329,5.29898,0.4499,0.41637,0.36112,-1.237
brass,50,3,2576.539,0.22212,0.36425,1.63988,31.0992,18.9643,0.3902,0.02124,0.01842,-1.237
brass,50,4,5048.987,0.094607,0.1403,1.48298,73.0153,49.2356,0.3257,0.00264,0.00229,-1.235
brass,50,5,8346.337,0.046891,0.063958,1.36397,147.315,108.005,0.2668,0.0033,0.00286,-1.243
brass,50,6,12467.984,0.025607,0.032732,1.27824,269.76,211.04,0.2177,0.00093,0.0008,-1.308
brass,50,7,17413.961,0.015015,0.018272,1.21692,460.057,378.051,0.1783,0.00038,0.00033,-1.225
brass,51,1,155.563,4.5642,8.8471,1.93837,1.51346,0.780793,0.4841,0.24673,0.21431,-1.224
brass,51,2,974.900,0.67345,1.2192,1.81038,10.2573,5.66581,0.4476,0.41249,0.3583,-1.223
brass,51,3,2729.748,0.20711,0.33702,1.62725,33.3531,20.4966,0.3855,0.02224,0.01932,-1.223
brass,51,4,5349.216,0.08754,0.1286,1.46904,78.9097,53.715,0.3193,0.00617,0.00536,-1.222
brass,51,5,8842.637,0.043088,0.058209,1.35093,160.317,118.672,0.2598,0.00278,0.00242,-1.205
brass,51,6,13209.371,0.023395,0.02964,1.26694,295.266,233.055,0.2107,0.00077,0.00067,-1.208
brass,51,7,18449.451,0.013654,0.016486,1.20741,505.914,419.007,0.1718,0.00084,0.00073,-1.219
brass,52,1,164.814,4.304,8.3357,1.93673,1.60496,0.828695,0.4837,0.2535,0.22057,-1.209
brass,52,2,1032.870,0.63228,1.1398,1.80268,10.9252,6.0605,0.4453,0.40732,0.3544,-1.209
brass,52,3,2892.067,0.19301,0.31159,1.61437,35.7896,22.1694,0.3806,0.02198,0.01912,-1.211
brass,52,4,5667.297,0.080939,0.11777,1.45505,85.3452,58.6546,0.3128,0.00823,0.00716,-1.210
brass,52,5,9368.447,0.03956,0.052937,1.33814,174.615,130.49,0.2527,0.00082,0.00071,-1.251
brass,52,6,13994.841,0.021356,0.026821,1.25590,323.457,257.55,0.2038,0.00023,0.0002,-1.214
brass,52,7,19546.514,0.012408,0.014866,1.19810,556.718,464.668,0.1654,0.00032,0.00028,-1.160
brass,53,1,174.614,4.0585,7.853,1.93495,1.70205,0.879633,0.4832,0.26049,0.22705,-1.193
brass,53,2,1094.288,0.59346,1.0651,1.79473,11.6398,6.48555,0.4428,0.40072,0.34927,-1.194
brass,53,3,3064.038,0.17976,0.28786,1.60136,38.4277,23.9969,0.3755,0.02047,0.01785,-1.190
brass,53,4,6004.292,0.074778,0.10777,1.44120,92.3768,64.0972,0.3061,0.00836,0.00728,-1.201
brass,53,5,9925.523,0.036291,0.048105,1.32554,190.343,143.597,0.2456,0.00148,0.00129,-1.193
brass,53,6,14827.017,0.019479,0.024255,1.24519,354.626,284.797,0.1969,0.00088,0.00076,-1.273
brass,54,1,184.997,3.8268,7.3975,1.93308,1.8051,0.933796,0.4827,0.26769,0.23372,-1.179
brass,54,2,1159.358,0.55686,0.99472,1.78630,12.4048,6.94442,0.4402,0.39256,0.34275,-1.179
brass,54,3,3246.235,0.16732,0.26572,1.58809,41.2847,25.9964,0.3703,0.0178,0.01554,-1.179
brass,54,4,6361.325,0.069031,0.098533,1.42737,100.067,70.106,0.2994,0.00651,0.00568,-1.185
brass,54,5,10515.726,0.033264,0.043682,1.31319,207.665,158.137,0.2385,0.0027,0.00236,-1.169
brass,54,6,15708.677,0.017753,0.021921,1.23478,389.104,315.12,0.1901,0.00035,0.0003,-1.339
brass,55,1,195.998,3.6081,6.9676,1.93110,1.91451,0.991411,0.4822,0.27507,0.24055,-1.165
brass,55,2,1228.297,0.52235,0.92855,1.77764,13.2244,7.43929,0.4375,0.38271,0.33469,-1.165
brass,55,3,3439.267,0.15564,0.24509,1.57472,44.3829,28.1846,0.3650,0.0141,0.01233,-1.165
brass,55,4,6739.590,0.063676,0.090015,1.41364,108.483,76.74,0.2926,0.00312,0.00273,-1.160
brass,55,5,11141.024,0.030464,0.039636,1.30108,226.751,174.28,0.2314,0.00204,0.00179,-1.136
brass,55,6,16642.764,0.016167,0.019799,1.22466,427.275,348.894,0.1835,0.00061,0.00054,-1.059
brass,56,1,207.652,3.4016,6.5619,1.92906,2.03074,1.05271,0.4816,0.28262,0.24749,-1.153
brass,56,2,1301.335,0.48982,0.86633,1.76867,14.1026,7.97358,0.4346,0.37104,0.32492,-1.153
brass,56,3,3643.776,0.14469,0.22589,1.56120,47.7418,30.5802,0.3595,0.00963,0.00843,-1.156
brass,56,4,7140.346,0.058689,0.082166,1.40002,117.701,84.0707,0.2857,0.0009,0.00079,-1.132
brass,56,5,11803.504,0.027877,0.03594,1.28923,247.794,192.202,0.2243,4e-05,3e-05,-2.499
brass,56,6,17632.395,0.014711,0.017872,1.21487,469.564,386.513,0.1769,0.0006,0.00052,-1.243
brass,57,1,220.000,3.2068,6.1791,1.92687,2.1541,1.11792,0.4810,0.29031,0.25446,-1.145
brass,57,2,1378.717,0.45916,0.80784,1.75939,15.0443,8.55089,0.4316,0.35746,0.31333,-1.145
brass,57,3,3860.446,0.13442,0.20802,1.54754,51.3893,33.2072,0.3538,0.0047,0.00412,-1.144
brass,57,4,7564.933,0.054049,0.074941,1.38654,127.805,92.1759,0.2788,0.00439,0.00385,-1.140
brass,57,5,12505.376,0.025488,0.032565,1.27766,271.02,212.122,0.2173,0.00194,0.0017,-1.147
brass,57,6,18680.871,0.013376,0.016123,1.20537,516.429,428.441,0.1704,0.00035,0.0003,-1.339
brass,58,1,233.082,3.0229,5.8178,1.92458,2.28514,1.18735,0.4804,0.2981,0.26143,-1.140
brass,58,2,1460.699,0.43026,0.75288,1.74983,16.0548,9.17511,0.4285,0.34187,0.29981,-1.140
brass,58,3,4090.000,0.12479,0.1914,1.53378,55.355,36.0907,0.3480,0.0003,0.00027,-0.915
brass,58,4,8014.767,0.049735,0.068296,1.37320,138.891,101.144,0.2718,0.00625,0.00548,-1.142
brass,58,5,13248.983,0.023285,0.029487,1.26635,296.661,234.264,0.2103,0.0021,0.00184,-1.148
brass,58,6,19791.691,0.012153,0.014537,1.19617,568.399,475.184,0.1640,0.00063,0.00055,-1.180
brass,59,1,246.942,2.8494,5.4769,1.92212,2.42428,1.26125,0.4797,0.30598,0.26831,-1.141
brass,59,2,1547.557,0.40303,0.70124,1.73992,17.1396,9.85077,0.4253,0.32423,0.28432,-1.141
brass,59,3,4333.204,0.11578,0.17597,1.51987,59.6628,39.2553,0.3421,0.00494,0.00433,-1.145
brass,59,4,8491.351,0.045727,0.062192,1.36007,151.065,111.071,0.2647,0.00583,0.00511,-1.145
brass,59,5,14036.811,0.021255,0.026682,1.25533,324.994,258.892,0.2034,0.00038,0.00033,-1.225
brass,60,1,261.626,2.6856,5.1551,1.91953,2.57215,1.33998,0.4791,0.3139,0.27506,-1.147
brass,60,2,1639.579,0.37738,0.65276,1.72972,18.3045,10.5824,0.4219,0.30452,0.26684,-1.147
brass,60,3,4590.870,0.10734,0.16165,1.50596,64.354,42.7328,0.3360,0.00876,0.00768,-1.143
brass,60,4,8996.271,0.042008,0.056589,1.34710,164.439,122.069,0.2577,0.00326,0.00286,-1.137
brass,60,5,14871.481,0.019386,0.024129,1.24466,356.327,286.284,0.1966,0.00157,0.00138,-1.120
brass,61,1,277.183,2.531,4.8516,1.91687,2.72926,1.42381,0.4783,0.32184,0.28161,-1.160
brass,61,2,1737.074,0.35322,0.60725,1.71918,19.5565,11.3755,0.4183,0.28278,0.24744,-1.160
brass,61,3,4863.857,0.099439,0.14837,1.49207,69.4673,46.5576,0.3298,0.01138,0.00996,-1.158
brass,61,4,9531.219,0.038559,0.051451,1.33434,179.148,134.259,0.2506,0.00044,0.00038,-1.273
brass,61,5,15755.788,0.017667,0.021806,1.23428,390.998,316.782,0.1898,0.00176,0.00154,-1.160
brass,62,1,293.665,2.385,4.5651,1.91409,2.89633,1.51317,0.4775,0.32975,0.28792,-1.178
brass,62,2,1840.366,0.33046,0.56456,1.70841,20.9035,12.2356,0.4147,0.25907,0.22621,-1.178
brass,62,3,5153.077,0.092055,0.13606,1.47803,75.0394,50.7699,0.3234,0.01249,0.0109,-1.183
brass,62,4,10097.974,0.035363,0.046744,1.32183,195.338,147.778,0.2435,0.00369,0.00322,-1.183
brass,62,5,16692.674,0.016088,0.019694,1.22414,429.373,350.754,0.1831,0,0,
brass,63,1,311.127,2.2473,4.2948,1.91109,3.0738,1.6084,0.4767,0.33761,0.29395,-1.203
brass,63,2,1949.800,0.30903,0.52452,1.69731,22.353,13.1697,0.4108,0.23356,0.20336,-1.203
brass,63,3,5459.496,0.085156,0.12468,1.46414,81.1188,55.4039,0.3170,0.01194,0.0104,-1.199
brass,63,4,10698.432,0.032406,0.042437,1.30954,213.163,162.777,0.2364,0.00499,0.00434,-1.212
brass,63,5,17685.273,0.014639,0.017777,1.21436,471.873,388.578,0.1765,0.00161,0.0014,-1.214
brass,64,1,329.628,2.1174,4.0398,1.90791,3.26238,1.70992,0.4759,0.34539,0.29967,-1.233
brass,64,2,2065.741,0.28886,0.487,1.68594,23.9139,14.1843,0.4069,0.20646,0.17912,-1.234
brass,64,3,5784.134,0.078713,0.11415,1.45021,87.7588,60.5147,0.3104,0.0098,0.00851,-1.226
brass,64,4,11334.594,0.029671,0.038498,1.29750,232.812,179.432,0.2293,0.00369,0.0032,-1.238
brass,64,5,18736.895,0.01331,0.016037,1.20488,518.99,430.739,0.1700,0.00107,0.00092,-1.312
brass,65,1,349.228,1.9947,3.7991,1.90460,3.46305,1.81826,0.4750,0.35308,0.30508,-1.269
brass,65,2,2188.576,0.26988,0.45185,1.67426,25.5957,15.2877,0.4027,0.17803,0.15383,-1.269
brass,65,3,6128.076,0.072701,0.10442,1.43629,95.016,66.1536,0.3038,0.00638,0.00551,-1.273
brass,65,4,12008.583,0.027144,0.034901,1.28577,254.486,197.924,0.2222,0.00049,0.00042,-1.339
brass,65,5,19851.047,0.012093,0.014459,1.19565,571.219,477.748,0.1637,0.00086,0.00075,-1.189
brass,66,1,369.994,1.8789,3.5721,1.90117,3.67649,1.93381,0.4740,0.36067,0.3102,-1.309
brass,66,2,2318.716,0.25202,0.41894,1.66233,27.4096,16.4886,0.3984,0.14864,0.12785,-1.309
brass,66,3,6492.471,0.067096,0.095444,1.42250,102.953,72.375,0.2970,0.00219,0.00188,-1.326
brass,66,4,12722.650,0.024812,0.031617,1.27426,278.404,218.482,0.2152,0.00275,0.00236,-1.328
brass,67,1,391.995,1.7697,3.358,1.89750,3.90335,2.0571,0.4730,0.36816,0.31507,-1.353
brass,67,2,2456.594,0.23522,0.38815,1.65016,29.3672,17.7966,0.3940,0.11871,0.10159,-1.353
brass,67,3,6878.533,0.061873,0.087168,1.40882,111.644,79.2465,0.2902,0.00207,0.00177,-1.360
brass,67,4,13479.178,0.022662,0.028623,1.26304,304.817,241.336,0.2083,0.00402,0.00344,-1.353
brass,68,1,415.305,1.6666,3.156,1.89368,4.14482,2.18877,0.4719,0.37558,0.31973,-1.398
brass,68,2,2602.670,0.21943,0.35936,1.63770,31.4804,19.2224,0.3894,0.08871,0.07552,-1.398
brass,68,3,7287.552,0.057011,0.079545,1.39526,121.165,86.8408,0.2833,0.00563,0.00479,-1.403
brass,68,4,14280.692,0.020681,0.025896,1.25216,334.015,266.75,0.2014,0.00248,0.00211,-1.403
brass,69,1,440.000,1.5693,2.9654,1.88963,4.40181,2.32945,0.4708,0.38297,0.32427,-1.445
brass,69,2,2757.433,0.20458,0.33245,1.62504,33.7655,20.7783,0.3846,0.05917,0.0501,-1.445
brass,69,3,7720.892,0.052489,0.072529,1.38179,131.604,95.2413,0.2763,0.0078,0.00661,-1.438
brass,69,4,15129.866,0.018858,0.023413,1.24154,366.304,295.039,0.1945,0.00073,0.00062,-1.419
brass,70,1,466.164,1.4775,2.7856,1.88535,4.6753,2.47981,0.4696,0.39037,0.32874,-1.492
brass,70,2,2921.399,0.19063,0.30732,1.61213,36.2365,22.4774,0.3797,0.03065,0.02581,-1.493
brass,70,3,8180.001,0.048285,0.06608,1.36854,143.062,104.536,0.2693,0.00813,0.00685,-1.488
brass,70,4,16029.536,0.017182,0.021155,1.23123,402.034,326.531,0.1878,0.00311,0.00262,-1.489
brass,71,1,493.883,1.3908,2.6161,1.88100,4.96675,2.64048,0.4684,0.39786,0.33325,-1.539
brass,71,2,3095.114,0.17753,0.28388,1.59905,38.9104,24.3334,0.3746,0.00377,0.00315,-1.561
brass,71,3,8666.408,0.044381,0.060157,1.35547,155.647,114.829,0.2622,0.00655,0.00548,-1.549
brass,71,4,16982.701,0.015643,0.019103,1.22119,441.588,361.606,0.1811,0.0027,0.00226,-1.545
brass,72,1,523.251,1.3091,2.4562,1.87625,5.27672,2.81237,0.4670,0.40549,0.33787,-1.585
brass,72,2,3279.159,0.16522,0.26201,1.58582,41.8094,26.3645,0.3694,0.02089,0.0174,-1.588
brass,72,3,9181.739,0.040759,0.054722,1.34257,169.478,126.234,0.2552,0.00344,0.00286,-1.604
brass,72,4,17992.543,0.014231,0.01724,1.21144,485.402,400.682,0.1746,0.0001,9e-05,-0.915
brass,73,1,554.365,1.2319,2.3055,1.87150,5.6074,2.99621,0.4656,0.41334,0.34268,-1.628
brass,73,2,3474.148,0.15368,0.24164,1.57236,44.949,28.587,0.3640,0.0427,0.0354,-1.628
brass,73,3,9727.715,0.037402,0.049741,1.32990,184.689,138.874,0.2481,0.00037,0.00031,-1.537
brass,73,4,19062.438,0.012936,0.01555,1.20207,533.995,444.229,0.1681,0.00257,0.00213,-1.631
brass,74,1,587.330,1.1591,2.1633,1.86636,5.95959,3.19316,0.4642,0.42147,0.34775,-1.670
brass,74,2,3680.731,0.14285,0.22267,1.55877,48.3567,31.0224,0.3585,0.06108,0.0504,-1.669
brass,74,3,10306.154,0.034292,0.045179,1.31748,201.439,152.897,0.2410,0.0038,0.00313,-1.685
brass,75,1,622.254,1.0905,2.0293,1.86089,6.33448,3.40401,0.4626,0.42993,0.35314,-1.709
brass,75,2,3899.599,0.13269,0.20502,1.54511,52.0593,33.6931,0.3528,0.0755,0.06201,-1.710
brass,75,3,10918.991,0.031415,0.041005,1.30527,219.887,168.461,0.2339,0.00578,0.00475,-1.705
brass,76,1,659.255,1.0256,1.9029,1.85540,6.73533,3.63012,0.4610,0.43877,0.3589,-1.745
brass,76,2,4131.481,0.12317,0.18862,1.53138,56.0831,36.6226,0.3470,0.08546,0.0699,-1.746
brass,76,3,11568.268,0.028755,0.03719,1.29334,240.228,185.742,0.2268,0.00566,0.00463,-1.745
brass,77,1,698.456,0.9645,1.7839,1.84956,7.16201,3.87228,0.4593,0.44801,0.36506,-1.778
brass,77,2,4377.152,0.11426,0.17339,1.51750,60.4565,39.8394,0.3410,0.0906,0.07383,-1.778
brass,77,3,12256.152,0.026299,0.033706,1.28165,262.662,204.941,0.2198,0.00346,0.00282,-1.777
brass,78,1,739.989,0.90682,1.6716,1.84336,7.61756,4.13242,0.4575,0.45766,0.37163,-1.809
brass,78,2,4637.431,0.10592,0.15925,1.50349,65.2167,43.3768,0.3349,0.0907,0.07365,-1.809
brass,78,3,12984.941,0.024032,0.030528,1.27031,287.44,226.276,0.2128,4e-05,3e-05,-2.499
brass,79,1,783.991,0.8524,1.5659,1.83705,8.10389,4.41136,0.4556,0.4677,0.37861,-1.836
brass,79,2,4913.187,0.098113,0.14615,1.48961,70.4061,47.2648,0.3287,0.08572,0.06939,-1.836
brass,79,3,13757.065,0.021943,0.02763,1.25917,314.804,250.009,0.2058,0.00317,0.00257,-1.823
brass,80,1,830.609,0.80106,1.4662,1.83032,8.62327,4.71133,0.4537,0.47809,0.38599,-1.859
brass,80,2,5205.340,0.090816,0.13401,1.47562,76.0632,51.5466,0.3223,0.07588,0.06126,-1.859
brass,80,3,14575.104,0.02002,0.024992,1.24835,345.043,276.399,0.1989,0.00472,0.00381,-1.860
brass,81,1,880.000,0.75264,1.3724,1.82345,9.17803,5.03334,0.4516,0.48879,0.39374,-1.878
brass,81,2,5514.866,0.083998,0.12278,1.46170,82.2371,56.2612,0.3158,0.06169,0.04969,-1.879
brass,81,3,15441.784,0.01825,0.02259,1.23781,378.507,305.788,0.1921,0.00381,0.00307,-1.876
brass,82,1,932.328,0.70697,1.284,1.81620,9.77093,5.37987,0.4494,0.49973,0.40184,-1.894
brass,82,2,5842.797,0.077633,0.11239,1.44771,88.9796,61.4624,0.3093,0.044,0.03538,-1.894
brass,82,3,16360.002,0.016623,0.020407,1.22764,415.554,338.499,0.1854,0.00091,0.00073,-1.914
brass,83,1,987.767,0.66389,1.2008,1.80873,10.405,5.75263,0.4471,0.51088,0.41028,-1.905
brass,83,2,6190.228,0.071694,0.1028,1.43387,96.3505,67.1961,0.3026,0.02398,0.01926,-1.904
brass,83,3,17332.816,0.01513,0.018424,1.21771,456.56,374.932,0.1788,0.00234,0.00188,-1.901
brass,84,1,1046.502,0.62327,1.1224,1.80082,11.0831,6.15445,0.4447,0.5222,0.41904,-1.912
brass,84,2,6558.317,0.066157,0.093949,1.42009,104.415,73.5266,0.2958,0.00313,0.00251,-1.917
brass,84,3,18363.479,0.01376,0.016624,1.20814,502.017,415.529,0.1723,0.00393,0.00316,-1.894
brass,85,1,1108.731,0.58496,1.0487,1.79277,11.8089,6.58697,0.4422,0.53369,0.42812,-1.914
brass,85,2,6948.296,0.060999,0.08579,1.40642,113.244,80.5193,0.2890,0.01683,0.0135,-1.915
brass,85,3,19455.430,0.012505,0.014992,1.19888,552.399,460.763,0.1659,0.00279,0.00224,-1.907
brass,86,1,1174.659,0.54885,0.97934,1.78435,12.5859,7.05348,0.4396,0.54536,0.43753,-1.914
brass,86,2,7361.463,0.056197,0.078276,1.39289,122.92,88.2487,0.2821,0.03406,0.02733,-1.912
brass,87,1,1244.508,0.5148,0.91409,1.77562,13.4183,7.55697,0.4368,0.55722,0.44728,-1.909
brass,87,2,7799.199,0.051732,0.071363,1.37947,133.53,96.7974,0.2751,0.04681,0.03758,-1.908
brass,88,1,1318.510,0.4827,0.85274,1.76660,14.3107,8.10066,0.4339,0.56931,0.45738,-1.901
brass,88,2,8262.963,0.047582,0.065008,1.36623,145.176,106.26,0.2681,0.0536,0.04306,-1.902
brass,89,1,1396.913,0.45245,0.79506,1.75723,15.2674,8.68834,0.4309,0.58161,0.46783,-1.891
brass,89,2,8754.305,0.043729,0.059173,1.35318,157.967,116.738,0.2610,0.05347,0.04301,-1.891
brass,90,1,1479.978,0.42394,0.74087,1.74758,16.2942,9.32384,0.4278,0.59412,0.4786,-1.878
brass,90,2,9274.862,0.040154,0.05382,1.34034,172.032,128.349,0.2539,0.04621,0.03722,-1.879
brass,91,1,1567.982,0.39707,0.68997,1.73765,17.3968,10.0117,0.4245,0.60679,0.48964,-1.863
brass,91,2,9826.375,0.036841,0.048914,1.32771,187.502,141.222,0.2468,0.03258,0.02629,-1.863
brass,92,1,1661.219,0.37177,0.64218,1.72736,18.5807,10.7567,0.4211,0.61955,0.50092,-1.846
brass,92,2,10410.681,0.033773,0.044422,1.31531,204.535,155.503,0.2397,0.01437,0.01162,-1.845
brass,93,1,1760.000,0.34793,0.59732,1.71678,19.8539,11.5646,0.4175,0.63236,0.51238,-1.827
brass,93,2,11029.732,0.030935,0.040313,1.30315,223.299,171.353,0.2326,0.00563,0.00456,-1.831
brass,94,1,1864.655,0.32548,0.55524,1.70591,21.2233,12.441,0.4138,0.6452,0.524,-1.807
brass,94,2,11685.593,0.028312,0.036558,1.29125,243.987,188.953,0.2256,0.02397,0.01947,-1.806
brass,95,1,1975.534,0.30435,0.51579,1.69473,22.6967,13.3926,0.4099,0.65804,0.53576,-1.786
brass,95,2,12380.458,0.025889,0.03313,1.27969,266.822,208.505,0.2185,0.03707,0.03018,-1.786
brass,96,1,2093.004,0.28445,0.47882,1.68332,24.2846,14.4266,0.4059,0.6709,0.54764,-1.763
brass,96,2,13116.635,0.023655,0.030002,1.26832,292.021,230.243,0.2115,0.04192,0.03422,-1.763
brass,97,1,2217.461,0.26573,0.44419,1.67158,25.9954,15.5514,0.4018,0.68373,0.55962,-1.740
brass,97,2,13896.591,0.021596,0.027151,1.25722,319.863,254.42,0.2046,0.03696,0.03025,-1.740
brass,98,1,2349.318,0.24812,0.41177,1.65956,27.8404,16.7758,0.3974,0.69645,0.57162,-1.716
brass,98,2,14722.927,0.0197,0.024556,1.24650,350.647,281.306,0.1978,0.02278,0.0187,-1.714
brass,99,1,2489.016,0.23155,0.38144,1.64733,29.8327,18.1097,0.3930,0.67023,0.58357,-1.203
brass,99,2,15598.397,0.017956,0.022194,1.23602,384.705,311.244,0.1910,0.00239,0.00208,-1.207
brass,100,1,2637.020,0.21598,0.35309,1.63483,31.9833,19.5637,0.3883,0.64031,0.59539,-0.632
brass,100,2,16525.924,0.016353,0.020047,1.22589,422.415,344.578,0.1843,0.01637,0.01522,-0.633
brass,101,1,2793.826,0.20134,0.32659,1.62208,34.3089,21.1512,0.3835,0.60898,0.60702,-0.028
brass,101,2,17508.609,0.014882,0.018097,1.21603,464.168,381.707,0.1777,0.02794,0.02785,-0.028
brass,102,1,2959.955,0.18758,0.30186,1.60923,36.8256,22.884,0.3786,0.57627,0.57627,+0.000
brass,102,2,18549.725,0.013533,0.016327,1.20646,510.438,423.088,0.1712,0.02895,0.02895,+0.000
brass,103,1,3135.963,0.17467,0.27878,1.59604,39.5475,24.7785,0.3735,0.54223,0.54223,+0.000
brass,103,2,19652.746,0.012297,0.014722,1.19720,561.743,469.213,0.1648,0.01956,0.01956,+0.000
brass,104,1,3322.438,0.16254,0.25726,1.58275,42.4988,26.8513,0.3682,0.50692,0.50692,+0.000
brass,105,1,3520.000,0.15116,0.23721,1.56926,45.6983,29.1208,0.3628,0.47046,0.47046,+0.000
brass,106,1,3729.310,0.14048,0.21855,1.55574,49.1725,31.6072,0.3572,0.43296,0.43296,+0.000
brass,107,1,3951.067,0.13048,0.20119,1.54192,52.9411,34.3345,0.3515,0.39459,0.39459,+0.000
brass,108,1,4186.009,0.1211,0.18506,1.52816,57.0417,37.3271,0.3456,0.35554,0.35554,+0.000
wood_spruce,21,1,27.500,5.6625,11.223,1.98199,1.21991,0.6155,0.4955,0.30383,0.30383,+0.000
wood_spruce,21,2,172.340,0.89748,1.7672,1.96907,7.69683,3.90887,0.4921,0.76512,0.76512,+0.000
wood_spruce,21,3,482.556,0.31598,0.61373,1.94231,21.8614,11.2554,0.4852,0.27388,0.27388,+0.000
wood_spruce,21,4,945.617,0.1579,0.30081,1.90507,43.7477,22.9638,0.4751,0.12996,0.12996,+0.000
wood_spruce,21,5,1563.172,0.092948,0.17286,1.85975,74.3185,39.9616,0.4623,0.04188,0.04188,+0.000
wood_spruce,21,6,2335.109,0.060196,0.1089,1.80909,114.754,63.4321,0.4473,0.01123,0.01123,+0.000
wood_spruce,21,7,3261.433,0.041479,0.072826,1.75573,166.536,94.8529,0.4304,0.01196,0.01196,+0.000
wood_spruce,21,8,4342.144,0.029846,0.050789,1.70170,231.447,136.009,0.4124,0.00074,0.00074,+0.000
wood_spruce,21,9,5577.243,0.022172,0.036555,1.64870,311.553,188.969,0.3935,0.00327,0.00327,+0.000
wood_spruce,21,10,6966.729,0.01688,0.026972,1.59787,409.227,256.108,0.3742,8e-05,8e-05,+0.000
wood_spruce,21,11,8510.604,0.013104,0.020311,1.54998,527.149,340.099,0.3548,0.00085,0.00085,+0.000
wood_spruce,21,12,10208.862,0.010337,0.015562,1.50547,668.255,443.886,0.3358,0.00023,0.00023,+0.000
wood_spruce,22,1,29.135,5.3442,10.592,1.98196,1.29257,0.652167,0.4954,0.3038,0.3038,+0.000
wood_spruce,22,2,182.587,0.8467,1.6664,1.96811,8.15844,4.14532,0.4919,0.76253,0.76253,+0.000
wood_spruce,22,3,511.250,0.29785,0.57781,1.93994,23.1921,11.9551,0.4845,0.26605,0.26605,+0.000
wood_spruce,22,4,1001.846,0.14866,0.28257,1.90078,46.4668,24.4462,0.4739,0.10828,0.10828,+0.000
wood_spruce,22,5,1656.123,0.087378,0.16194,1.85333,79.056,42.6563,0.4604,0.04043,0.04043,+0.000
wood_spruce,22,6,2473.961,0.056487,0.10171,1.80059,122.289,67.9162,0.4446,0.01177,0.01177,+0.000
wood_spruce,22,7,3455.367,0.038845,0.067801,1.74542,177.829,101.883,0.4271,0.01036,0.01036,+0.000
wood_spruce,22,8,4600.340,0.027891,0.047133,1.68990,247.67,146.559,0.4083,5e-05,5e-05,+0.000
wood_spruce,22,9,5908.882,0.020673,0.033817,1.63581,334.144,204.269,0.3887,0.00397,0.00397,+0.000
wood_spruce,22,10,7380.991,0.015703,0.024877,1.58422,439.9,277.676,0.3688,0.00045,0.00045,+0.000
wood_spruce,22,11,9016.669,0.012163,0.018681,1.53589,567.932,369.774,0.3489,0.0011,0.0011,+0.000
wood_spruce,22,12,10815.911,0.0095726,0.014275,1.49124,721.617,483.906,0.3294,0.00063,0.00063,+0.000
wood_spruce,23,1,30.868,5.0439,9.9955,1.98170,1.36953,0.691086,0.4954,0.30378,0.30378,+0.000
wood_spruce,23,2,193.445,0.79878,1.5713,1.96712,8.64788,4.3962,0.4917,0.75974,0.75974,+0.000
wood_spruce,23,3,541.651,0.28074,0.54391,1.93742,24.6055,12.7002,0.4838,0.25777,0.25777,+0.000
wood_spruce,23,4,1061.419,0.13995,0.26537,1.89618,49.3587,26.0307,0.4726,0.0871,0.0871,+0.000
wood_spruce,23,5,1754.601,0.082122,0.15165,1.84664,84.1158,45.5506,0.4585,0.03679,0.03679,+0.000
wood_spruce,23,6,2621.071,0.05299,0.09495,1.79185,130.36,72.7515,0.4419,0.01075,0.01075,+0.000
wood_spruce,23,7,3660.835,0.036364,0.063085,1.73482,189.961,109.499,0.4236,0.00646,0.00646,+0.000
wood_spruce,23,8,4873.892,0.026051,0.04371,1.67786,265.163,158.036,0.4040,0.00057,0.00057,+0.000
wood_spruce,23,9,6260.244,0.019265,0.031261,1.62268,358.565,220.97,0.3837,0.00193,0.00193,+0.000
wood_spruce,23,10,7819.889,0.014599,0.022926,1.57038,473.166,301.307,0.3632,0.00046,0.00046,+0.000
wood_spruce,23,11,9552.830,0.011281,0.017167,1.52176,612.335,402.386,0.3429,0.00123,0.00123,+0.000
wood_spruce,23,12,11459.061,0.0088584,0.013084,1.47702,779.797,527.954,0.3230,0.00018,0.00018,+0.000
wood_spruce,24,1,32.703,4.7604,9.4329,1.98154,1.45109,0.732304,0.4953,0.30375,0.30375,+0.000
wood_spruce,24,2,204.947,0.75355,1.4816,1.96616,9.16695,4.66236,0.4914,0.75673,0.75673,+0.000
wood_spruce,24,3,573.859,0.2646,0.51193,1.93473,26.1064,13.4936,0.4831,0.24901,0.24901,+0.000
wood_spruce,24,4,1124.534,0.13172,0.24915,1.89151,52.4427,27.7253,0.4713,0.06665,0.06665,+0.000
wood_spruce,24,5,1858.935,0.077165,0.14196,1.83969,89.5193,48.6599,0.4564,0.03127,0.03127,+0.000
wood_spruce,24,6,2776.928,0.049693,0.08859,1.78275,139.009,77.9744,0.4391,0.00839,0.00839,+0.000
wood_spruce,24,7,3878.519,0.034027,0.058659,1.72390,203.008,117.761,0.4199,0.00133,0.00133,+0.000
wood_spruce,24,8,5163.708,0.024321,0.040507,1.66552,284.024,170.532,0.3996,0.00086,0.00086,+0.000
wood_spruce,24,9,6632.497,0.017942,0.028875,1.60935,385.005,239.23,0.3786,0.00125,0.00125,+0.000
wood_spruce,24,10,8284.883,0.013563,0.021112,1.55659,509.309,327.196,0.3575,3e-05,3e-05,+0.000
wood_spruce,24,11,10120.869,0.010456,0.015763,1.50756,660.65,438.226,0.3367,0.00052,0.00052,+0.000
wood_spruce,24,12,12140.450,0.0081912,0.011983,1.46291,843.314,576.463,0.3164,0.00056,0.00056,+0.000
wood_spruce,25,1,34.648,4.4928,8.9019,1.98137,1.53752,0.775987,0.4953,0.30371,0.30371,+0.000
wood_spruce,25,2,217.134,0.71085,1.3969,1.96511,9.7176,4.94506,0.4911,0.75349,0.75349,+0.000
wood_spruce,25,3,607.982,0.24936,0.48175,1.93195,27.7019,14.3389,0.4824,0.23978,0.23978,+0.000
wood_spruce,25,4,1191.402,0.12396,0.23385,1.88650,55.7257,29.5393,0.4699,0.04717,0.04717,+0.000
wood_spruce,25,5,1969.473,0.072489,0.13283,1.83242,95.2938,52.0045,0.4543,0.02428,0.02428,+0.000
wood_spruce,25,6,2942.052,0.046585,0.082611,1.77334,148.283,83.6179,0.4361,0.00507,0.00507,+0.000
wood_spruce,25,7,4109.147,0.031827,0.054509,1.71267,217.041,126.727,0.4161,0.00357,0.00357,+0.000
wood_spruce,25,8,5470.758,0.022693,0.03751,1.65293,304.4,184.158,0.3950,0.0007,0.0007,+0.000
wood_spruce,25,9,7026.885,0.0167,0.02665,1.59581,413.638,259.203,0.3734,0.00307,0.00307,+0.000
wood_spruce,25,10,8777.527,0.012593,0.019425,1.54252,548.539,355.612,0.3517,0.00042,0.00042,+0.000
wood_spruce,25,11,10722.688,0.0096839,0.014462,1.49341,713.324,477.649,0.3304,0.00119,0.00119,+0.000
wood_spruce,25,12,12862.359,0.0075685,0.010965,1.44877,912.698,629.982,0.3097,1e-05,1e-05,+0.000
wood_spruce,26,1,36.708,4.2402,8.4007,1.98120,1.62911,0.822283,0.4953,0.30368,0.30368,+0.000
wood_spruce,26,2,230.046,0.67055,1.3169,1.96391,10.3016,5.24547,0.4908,0.74999,0.74999,+0.000
wood_spruce,26,3,644.135,0.23498,0.45327,1.92897,29.3972,15.2398,0.4816,0.23005,0.23005,+0.000
wood_spruce,26,4,1262.247,0.11664,0.21943,1.88126,59.2229,31.4804,0.4684,0.02893,0.02893,+0.000
wood_spruce,26,5,2086.584,0.068079,0.12423,1.82479,101.467,55.6046,0.4520,0.01636,0.01636,+0.000
wood_spruce,26,6,3116.997,0.043657,0.076993,1.76359,158.228,89.7193,0.4330,0.00134,0.00134,+0.000
wood_spruce,26,7,4353.491,0.029755,0.050619,1.70119,232.154,136.466,0.4122,0.00683,0.00683,+0.000
wood_spruce,26,8,5796.067,0.021163,0.03471,1.64013,326.407,199.013,0.3903,0.0002,0.0002,+0.000
wood_spruce,26,9,7444.727,0.015534,0.024578,1.58221,444.686,281.054,0.3680,0.00212,0.00212,+0.000
wood_spruce,26,10,9299.468,0.011684,0.017858,1.52841,591.215,386.816,0.3457,0.00025,0.00025,+0.000
wood_spruce,26,11,11360.294,0.0089624,0.013257,1.47918,770.748,521.065,0.3240,0.00027,0.00027,+0.000
wood_spruce,26,12,13627.197,0.0069876,0.010025,1.43468,988.573,689.053,0.3030,0.00047,0.00047,+0.000
wood_spruce,27,1,38.891,4.0018,7.9276,1.98101,1.72616,0.871355,0.4952,0.30364,0.30364,+0.000
wood_spruce,27,2,243.725,0.63252,1.2415,1.96278,10.921,5.56404,0.4905,0.74622,0.74622,+0.000
wood_spruce,27,3,682.437,0.2214,0.4264,1.92593,31.2003,16.2002,0.4808,0.21984,0.21984,+0.000
wood_spruce,27,4,1337.304,0.10973,0.20583,1.87579,62.9523,33.5605,0.4669,0.0122,0.0122,+0.000
wood_spruce,27,5,2210.659,0.06392,0.11614,1.81696,108.069,59.4778,0.4496,0.00809,0.00809,+0.000
wood_spruce,27,6,3302.343,0.040897,0.071714,1.75353,168.906,96.3237,0.4297,0.00219,0.00219,+0.000
wood_spruce,27,7,4612.362,0.027805,0.046974,1.68941,248.436,147.055,0.4081,0.00747,0.00747,+0.000
wood_spruce,27,8,6140.718,0.019725,0.032094,1.62707,350.203,215.235,0.3854,0.00036,0.00036,+0.000
wood_spruce,27,9,7887.413,0.01444,0.022648,1.56842,478.376,305.005,0.3624,0.0006,0.0006,+0.000
wood_spruce,27,10,9852.442,0.010833,0.016404,1.51426,637.659,421.102,0.3396,0.00023,0.00023,+0.000
wood_spruce,27,11,12035.812,0.0082883,0.012142,1.46496,833.434,568.914,0.3174,0.00103,0.00103,+0.000
wood_spruce,27,12,14437.512,0.0064462,0.0091582,1.42071,1071.6,754.27,0.2961,0.00025,0.00025,+0.000
wood_spruce,28,1,41.203,3.7768,7.481,1.98078,1.829,0.923373,0.4951,0.30457,0.3036,-0.028
wood_spruce,28,2,258.218,0.59662,1.1703,1.96155,11.5781,5.90255,0.4902,0.74452,0.74216,-0.028
wood_spruce,28,3,723.017,0.20859,0.40105,1.92267,33.1164,17.2242,0.4799,0.20981,0.20914,-0.028
wood_spruce,28,4,1416.824,0.10321,0.19301,1.87007,66.9291,35.7896,0.4653,0.00277,0.00276,-0.031
wood_spruce,28,5,2342.111,0.059998,0.10852,1.80873,115.133,63.6542,0.4471,0.00011,0.00011,+0.000
wood_spruce,28,6,3498.710,0.038297,0.066758,1.74317,180.373,103.475,0.4263,0.00493,0.00491,-0.035
wood_spruce,28,7,4886.627,0.025971,0.043561,1.67729,265.98,158.577,0.4038,0.00543,0.00541,-0.032
wood_spruce,28,8,6505.864,0.018374,0.029653,1.61386,375.953,232.953,0.3804,0.00064,0.00063,-0.137
wood_spruce,28,9,8356.422,0.013415,0.020853,1.55445,514.928,331.26,0.3567,0.00241,0.0024,-0.036
wood_spruce,28,10,10438.298,0.010037,0.015055,1.49995,688.229,458.835,0.3333,0.00032,0.00032,+0.000
wood_spruce,28,11,12751.496,0.0076591,0.011112,1.45082,901.902,621.648,0.3108,0.00032,0.00031,-0.276
wood_spruce,28,12,15296.009,0.005942,0.0083595,1.40685,1162.53,826.336,0.2892,0.00023,0.00023,+0.000
wood_spruce,29,1,43.654,3.5644,7.0596,1.98059,1.93799,0.978491,0.4951,0.31096,0.30355,-0.209
wood_spruce,29,2,273.572,0.56273,1.103,1.96009,12.2754,6.2627,0.4898,0.75578,0.73778,-0.209
wood_spruce,29,3,766.009,0.1965,0.37713,1.91924,35.154,18.3166,0.4789,0.2028,0.19797,-0.209
wood_spruce,29,4,1501.073,0.097056,0.18092,1.86408,71.1729,38.1813,0.4636,0.01608,0.0157,-0.208
wood_spruce,29,5,2481.381,0.0563,0.10135,1.80018,122.695,68.1574,0.4445,0.00711,0.00694,-0.210
wood_spruce,29,6,3706.754,0.035848,0.062106,1.73248,192.696,111.225,0.4228,0.00649,0.00633,-0.217
wood_spruce,29,7,5177.202,0.024245,0.040367,1.66496,284.915,171.124,0.3994,0.00158,0.00155,-0.167
wood_spruce,29,8,6892.723,0.017106,0.027376,1.60037,403.821,252.329,0.3752,0.00047,0.00046,-0.187
wood_spruce,29,9,8853.321,0.012454,0.019184,1.54039,554.662,360.079,0.3508,0.00155,0.00151,-0.227
wood_spruce,29,10,11058.992,0.0092921,0.013806,1.48578,743.401,500.344,0.3270,8e-05,8e-05,+0.000
wood_spruce,29,11,13509.741,0.0070721,0.010161,1.43677,976.761,679.83,0.3040,0.00083,0.00081,-0.212
wood_spruce,29,12,16205.559,0.0054728,0.0076243,1.39313,1262.2,906.018,0.2822,0.00039,0.00038,-0.226
wood_spruce,30,1,46.249,3.364,6.6617,1.98029,2.05343,1.03694,0.4950,0.31757,0.30351,-0.393
wood_spruce,30,2,289.839,0.53075,1.0396,1.95874,13.0151,6.64463,0.4895,0.76703,0.73306,-0.393
wood_spruce,30,3,811.559,0.1851,0.35456,1.91551,37.319,19.4826,0.4780,0.19498,0.18635,-0.393
wood_spruce,30,4,1590.331,0.091253,0.16954,1.85791,75.6989,40.7441,0.4618,0.02761,0.02639,-0.393
wood_spruce,30,5,2628.931,0.052814,0.094611,1.79140,130.794,73.0122,0.4418,0.01305,0.01247,-0.395
wood_spruce,30,6,3927.169,0.033541,0.057741,1.72151,205.95,119.633,0.4191,0.00652,0.00623,-0.395
wood_spruce,30,7,5485.054,0.022622,0.03738,1.65237,305.356,184.798,0.3948,0.00261,0.0025,-0.374
wood_spruce,30,8,7302.585,0.015915,0.025253,1.58674,434.041,273.542,0.3698,1e-05,1e-05,+0.000
wood_spruce,30,9,9379.767,0.011554,0.017634,1.52622,597.867,391.729,0.3448,0.00097,0.00093,-0.366
wood_spruce,30,10,11716.594,0.0085963,0.01265,1.47156,803.573,546.068,0.3205,0.00031,0.00029,-0.579
wood_spruce,30,11,14313.071,0.0065249,0.0092836,1.42280,1058.68,744.081,0.2972,0.00055,0.00053,-0.322
wood_spruce,30,12,17169.189,0.0050365,0.0069482,1.37957,1371.54,994.179,0.2751,0.00017,0.00016,-0.527
wood_spruce,31,1,48.999,3.1748,6.2862,1.98003,2.17581,1.09888,0.4950,0.3244,0.30345,-0.580
wood_spruce,31,2,307.074,0.50056,0.97972,1.95725,13.8001,7.05074,0.4891,0.77823,0.72799,-0.580
wood_spruce,31,3,859.816,0.17433,0.33327,1.91172,39.6246,20.7272,0.4769,0.18632,0.17429,-0.580
wood_spruce,31,4,1684.897,0.085778,0.15881,1.85141,80.5306,43.497,0.4599,0.03704,0.03465,-0.579
wood_spruce,31,5,2785.255,0.049527,0.088271,1.78228,139.475,78.2562,0.4389,0.01713,0.01603,-0.576
wood_spruce,31,6,4160.690,0.031369,0.053648,1.71022,220.21,128.761,0.4153,0.00502,0.00469,-0.591
wood_spruce,31,7,5811.212,0.021096,0.034588,1.63955,327.444,199.715,0.3901,0.00531,0.00496,-0.592
wood_spruce,31,8,7736.819,0.014798,0.023277,1.57298,466.803,296.763,0.3643,0.00045,0.00042,-0.599
wood_spruce,31,9,9937.516,0.010711,0.016196,1.51209,644.922,426.51,0.3387,0.0021,0.00196,-0.599
wood_spruce,31,10,12413.298,0.0079465,0.011582,1.45750,869.283,596.422,0.3139,3e-05,2e-05,-3.522
wood_spruce,31,11,15164.169,0.0060153,0.008475,1.40891,1148.36,815.074,0.2902,0.00048,0.00045,-0.561
wood_spruce,31,12,18190.121,0.0046312,0.0063271,1.36619,1491.57,1091.77,0.2680,0.00015,0.00014,-0.599
wood_spruce,32,1,51.913,2.9962,5.9318,1.97977,2.30551,1.16453,0.4949,0.33147,0.3034,-0.769
wood_spruce,32,2,325.334,0.47207,0.92321,1.95566,14.6329,7.48232,0.4887,0.78938,0.72253,-0.769
wood_spruce,32,3,910.944,0.16417,0.31319,1.90772,42.0768,22.0561,0.4758,0.1768,0.16183,-0.768
wood_spruce,32,4,1785.087,0.080614,0.1487,1.84459,85.6893,46.4543,0.4579,0.04407,0.04034,-0.768
wood_spruce,32,5,2950.876,0.046429,0.082311,1.77284,148.781,83.9226,0.4359,0.01892,0.01732,-0.767
wood_spruce,32,6,4408.098,0.029324,0.049812,1.69868,235.567,138.677,0.4113,0.00236,0.00216,-0.769
wood_spruce,32,7,6156.765,0.019662,0.03198,1.62649,351.325,216.002,0.3852,0.00523,0.00478,-0.781
wood_spruce,32,8,8196.875,0.01375,0.021437,1.55905,502.382,322.235,0.3586,0.00048,0.00044,-0.756
wood_spruce,32,9,10528.433,0.0099226,0.014863,1.49789,696.164,464.762,0.3324,0.00042,0.00039,-0.644
wood_spruce,32,10,13151.433,0.0073402,0.010594,1.44328,941.085,652.044,0.3072,0.00028,0.00025,-0.984
wood_spruce,32,11,16065.880,0.0055409,0.0077306,1.39519,1246.68,893.56,0.2832,0.00076,0.00069,-0.839
wood_spruce,32,12,19271.766,0.0042549,0.0057569,1.35300,1623.48,1199.91,0.2609,0.00032,0.00029,-0.855
wood_spruce,33,1,55.000,2.8276,5.5973,1.97952,2.44297,1.23412,0.4948,0.3388,0.30333,-0.961
wood_spruce,33,2,344.679,0.44518,0.86988,1.95400,15.5168,7.94104,0.4882,0.80045,0.71665,-0.961
wood_spruce,33,3,965.111,0.15458,0.29425,1.90355,44.6872,23.4758,0.4747,0.16644,0.14901,-0.961
wood_spruce,33,4,1891.233,0.075742,0.13918,1.83755,91.2011,49.6318,0.4558,0.04848,0.04341,-0.959
wood_spruce,33,5,3126.344,0.04351,0.076711,1.76307,158.762,90.0491,0.4328,0.01821,0.01631,-0.957
wood_spruce,33,6,4670.217,0.0274,0.046218,1.68679,252.108,149.46,0.4072,0.00073,0.00066,-0.876
wood_spruce,33,7,6522.866,0.018315,0.029546,1.61321,377.164,233.797,0.3801,0.00244,0.00218,-0.979
wood_spruce,33,8,8684.287,0.012768,0.019727,1.54503,541.021,350.168,0.3528,8e-05,7e-05,-1.160
wood_spruce,33,9,11154.486,0.0091855,0.013628,1.48364,752.028,506.88,0.3260,0.00167,0.0015,-0.933
wood_spruce,33,10,13933.457,0.0067748,0.0096831,1.42928,1019.62,713.383,0.3004,4e-05,4e-05,+0.000
wood_spruce,33,11,17021.207,0.0050998,0.0070459,1.38160,1354.51,980.394,0.2762,0.00013,0.00012,-0.695
wood_spruce,34,1,58.270,2.6685,5.2816,1.97924,2.58863,1.30789,0.4948,0.34641,0.30327,-1.155
wood_spruce,34,2,365.175,0.4198,0.81955,1.95224,16.4549,8.42872,0.4878,0.81139,0.71034,-1.155
wood_spruce,34,3,1022.500,0.14553,0.27638,1.89913,47.4662,24.9937,0.4735,0.15523,0.13589,-1.156
wood_spruce,34,4,2003.692,0.071147,0.13021,1.83015,97.0913,53.0509,0.4536,0.05011,0.04387,-1.155
wood_spruce,34,5,3312.246,0.040758,0.07145,1.75303,169.482,96.6796,0.4296,0.01511,0.01323,-1.154
wood_spruce,34,6,4947.922,0.025589,0.042853,1.67466,269.95,161.197,0.4029,0.00338,0.00296,-1.152
wood_spruce,34,7,6910.734,0.01705,0.027276,1.59977,405.147,253.254,0.3749,0.0015,0.00131,-1.176
wood_spruce,34,8,9200.681,0.011848,0.018139,1.53098,583.031,380.823,0.3468,0.00036,0.00031,-1.299
wood_spruce,34,9,11817.765,0.0084967,0.012486,1.46951,812.993,553.24,0.3195,0.00111,0.00098,-1.082
wood_spruce,34,10,14761.982,0.0062479,0.0088431,1.41537,1105.61,781.146,0.2935,0.00024,0.00021,-1.160
wood_spruce,34,11,18033.338,0.00469,0.0064168,1.36819,1472.87,1076.51,0.2691,0.00054,0.00047,-1.206
wood_spruce,35,1,61.735,2.5183,4.9835,1.97891,2.74302,1.38613,0.4947,0.35432,0.3032,-1.353
wood_spruce,35,2,386.889,0.39584,0.77205,1.95041,17.4509,8.94729,0.4873,0.82218,0.70355,-1.353
wood_spruce,35,3,1083.301,0.13699,0.25953,1.89452,50.4253,26.6164,0.4722,0.1432,0.12254,-1.353
wood_spruce,35,4,2122.838,0.066813,0.12176,1.82240,103.389,56.7325,0.4513,0.04892,0.04186,-1.354
wood_spruce,35,5,3509.203,0.038166,0.066509,1.74262,180.992,103.862,0.4262,0.01005,0.0086,-1.353
wood_spruce,35,6,5242.142,0.023886,0.039705,1.66227,289.197,173.977,0.3984,0.00474,0.00406,-1.345
wood_spruce,35,7,7321.669,0.015863,0.025161,1.58614,435.463,274.542,0.3695,0.00422,0.00361,-1.356
wood_spruce,35,8,9747.783,0.010986,0.016664,1.51684,628.778,414.532,0.3407,0.00039,0.00034,-1.192
wood_spruce,35,9,12520.488,0.0078536,0.01143,1.45538,879.565,604.353,0.3129,0.00113,0.00097,-1.326
wood_spruce,35,10,15639.778,0.0057574,0.0080693,1.40155,1199.8,856.054,0.2865,0.00011,0.0001,-0.828
wood_spruce,35,11,19105.660,0.0043095,0.0058393,1.35498,1602.91,1182.98,0.2620,0.00063,0.00054,-1.339
wood_spruce,36,1,65.406,2.3766,4.7022,1.97854,2.90657,1.46905,0.4946,0.36254,0.30312,-1.555
wood_spruce,36,2,409.895,0.37323,0.72721,1.94842,18.508,9.49898,0.4868,0.83275,0.69626,-1.555
wood_spruce,36,3,1147.717,0.12893,0.24364,1.88971,53.5776,28.3523,0.4708,0.13039,0.10902,-1.555
wood_spruce,36,4,2249.068,0.062727,0.11382,1.81453,110.124,60.6902,0.4489,0.04498,0.0376,-1.557
wood_spruce,36,5,3717.870,0.035725,0.061873,1.73192,193.359,111.644,0.4226,0.00379,0.00317,-1.552
wood_spruce,36,6,5553.855,0.022285,0.036761,1.64958,309.973,187.91,0.3938,0.00438,0.00366,-1.560
wood_spruce,36,7,7757.037,0.014749,0.023191,1.57238,468.354,297.864,0.3640,0.00398,0.00333,-1.549
wood_spruce,36,8,10327.415,0.01018,0.015297,1.50265,678.561,451.576,0.3345,0,0,
wood_spruce,36,9,13264.993,0.0072535,0.010454,1.44124,952.334,660.776,0.3061,0.00127,0.00106,-1.570
wood_spruce,36,10,16569.766,0.0053011,0.0073574,1.38790,1303.08,938.885,0.2795,0.00016,0.00013,-1.804
wood_spruce,37,1,69.296,2.2428,4.4367,1.97820,3.07997,1.55696,0.4945,0.37109,0.30317,-1.756
wood_spruce,37,2,434.268,0.35189,0.68491,1.94638,19.6304,10.0856,0.4862,0.84305,0.68874,-1.756
wood_spruce,37,3,1215.964,0.12133,0.22866,1.88461,56.9336,30.2097,0.4694,0.11686,0.09547,-1.756
wood_spruce,37,4,2382.805,0.058873,0.10634,1.80626,117.333,64.9591,0.4464,0.03852,0.03147,-1.756
wood_spruce,37,5,3938.946,0.033425,0.057522,1.72093,206.664,120.089,0.4189,0.00265,0.00217,-1.736
wood_spruce,37,6,5884.105,0.020779,0.03401,1.63675,332.439,203.11,0.3890,0.00241,0.00197,-1.751
wood_spruce,37,7,8218.295,0.013704,0.021357,1.55845,504.069,323.442,0.3583,0.00098,0.0008,-1.763
wood_spruce,37,8,10941.516,0.009426,0.01403,1.48844,732.841,492.356,0.3282,0.00036,0.0003,-1.584
wood_spruce,37,9,14053.771,0.006694,0.0095537,1.42720,1031.93,723.045,0.2993,0.00087,0.00071,-1.765
wood_spruce,37,10,17555.055,0.004877,0.0067029,1.37439,1416.39,1030.56,0.2724,0.00019,0.00015,-2.053
wood_spruce,38,1,73.416,2.1165,4.1861,1.97784,3.26376,1.65016,0.4944,0.38,0.31008,-1.766
wood_spruce,38,2,460.091,0.33174,0.64498,1.94423,20.8228,10.71,0.4857,0.85302,0.69608,-1.766
wood_spruce,38,3,1288.269,0.11415,0.21453,1.87937,60.5147,32.1995,0.4679,0.1027,0.08381,-1.765
wood_spruce,38,4,2524.494,0.055239,0.099299,1.79762,125.052,69.5652,0.4437,0.02995,0.02444,-1.766
wood_spruce,38,5,4173.169,0.03126,0.053443,1.70963,220.977,129.255,0.4151,0.00814,0.00664,-1.769
wood_spruce,38,6,6233.993,0.019364,0.031441,1.62368,356.732,219.705,0.3841,0.00037,0.0003,-1.822
wood_spruce,38,7,8706.981,0.012725,0.019653,1.54444,542.849,351.486,0.3525,0.00252,0.00205,-1.793
wood_spruce,38,8,11592.134,0.0087214,0.012857,1.47419,792.047,537.276,0.3217,0.00023,0.00019,-1.659
wood_spruce,38,9,14889.454,0.0061727,0.0087238,1.41329,1119.08,791.829,0.2924,0.00114,0.00093,-1.768
wood_spruce,38,10,18598.936,0.004483,0.0061019,1.36112,1540.88,1132.07,0.2653,0,0,
wood_spruce,39,1,77.782,1.9973,3.9496,1.97747,3.45855,1.74898,0.4943,0.38928,0.31725,-1.777
wood_spruce,39,2,487.450,0.31273,0.6073,1.94193,22.0886,11.3745,0.4850,0.86258,0.70297,-1.777
wood_spruce,39,3,1364.874,0.10738,0.20121,1.87381,64.33,34.3311,0.4663,0.08803,0.07174,-1.777
wood_spruce,39,4,2674.608,0.051813,0.092679,1.78872,133.321,74.5342,0.4409,0.01983,0.01616,-1.778
wood_spruce,39,5,4421.318,0.029222,0.04962,1.69804,236.389,139.213,0.4111,0.01161,0.00946,-1.779
wood_spruce,39,6,6604.685,0.018035,0.029043,1.61037,383.019,237.846,0.3790,0.00279,0.00227,-1.792
wood_spruce,39,7,9224.725,0.011807,0.01807,1.53045,585.056,382.278,0.3466,0.0037,0.00302,-1.764
wood_spruce,39,8,12281.437,0.0080633,0.011773,1.46007,856.691,586.746,0.3151,0.0002,0.00016,-1.938
wood_spruce,39,9,15774.825,0.0056874,0.0079596,1.39951,1214.57,867.852,0.2855,0.0009,0.00073,-1.818
wood_spruce,39,10,19704.885,0.0041175,0.0055504,1.34800,1677.66,1244.55,0.2582,0.00017,0.00014,-1.686
wood_spruce,40,1,82.407,1.8848,3.7263,1.97703,3.66498,1.85378,0.4942,0.39897,0.32468,-1.790
wood_spruce,40,2,516.435,0.29479,0.57174,1.93948,23.4328,12.082,0.4844,0.87166,0.70936,-1.790
wood_spruce,40,3,1446.033,0.10099,0.18866,1.86811,68.4004,36.6148,0.4647,0.07297,0.05938,-1.790
wood_spruce,40,4,2833.648,0.048584,0.086455,1.77950,142.182,79.9,0.4380,0.00889,0.00723,-1.795
wood_spruce,40,5,4684.223,0.027303,0.046038,1.68619,253.004,150.045,0.4069,0.01236,0.01006,-1.788
wood_spruce,40,6,6997.419,0.016788,0.026807,1.59680,411.47,257.685,0.3738,0.00373,0.00303,-1.805
wood_spruce,40,7,9773.255,0.010948,0.0166,1.51626,630.96,416.13,0.3405,0.00158,0.00128,-1.829
wood_spruce,40,8,13011.728,0.0074491,0.010771,1.44595,927.327,641.329,0.3084,0.00031,0.00025,-1.868
wood_spruce,40,9,16712.844,0.005236,0.0072564,1.38587,1319.28,951.953,0.2784,0.00081,0.00066,-1.779
wood_spruce,41,1,87.307,1.7786,3.5156,1.97661,3.88382,1.96489,0.4941,0.40908,0.33238,-1.803
wood_spruce,41,2,547.144,0.27786,0.53819,1.93691,24.8606,12.8352,0.4837,0.88017,0.71515,-1.803
wood_spruce,41,3,1532.019,0.094967,0.17682,1.86191,72.7385,39.0666,0.4629,0.0577,0.04688,-1.804
wood_spruce,41,4,3002.146,0.04554,0.080605,1.76998,151.685,85.6988,0.4350,0.00202,0.00164,-1.810
wood_spruce,41,5,4962.762,0.025498,0.042685,1.67405,270.914,161.831,0.4026,0.01019,0.00828,-1.803
wood_spruce,41,6,7413.508,0.015616,0.024724,1.58325,442.351,279.395,0.3684,0.00273,0.00222,-1.796
wood_spruce,41,7,10354.403,0.010145,0.015237,1.50192,680.902,453.354,0.3342,0.00185,0.0015,-1.822
wood_spruce,41,8,13785.446,0.0068763,0.009846,1.43187,1004.57,701.58,0.3016,6e-05,5e-05,-1.584
wood_spruce,41,9,17706.643,0.0048165,0.0066102,1.37241,1434.19,1045.01,0.2714,0.00109,0.00088,-1.859
wood_spruce,42,1,92.499,1.6784,3.3167,1.97611,4.11568,2.08272,0.4940,0.41966,0.34039,-1.818
wood_spruce,42,2,579.679,0.26187,0.50653,1.93428,26.3786,13.6374,0.4830,0.88801,0.72027,-1.818
wood_spruce,42,3,1623.117,0.089282,0.16567,1.85558,77.3701,41.6959,0.4611,0.04243,0.03442,-1.817
wood_spruce,42,4,3180.663,0.042672,0.075107,1.76010,161.88,91.9722,0.4319,0.01196,0.0097,-1.819
wood_spruce,42,5,5257.863,0.023801,0.039548,1.66161,290.23,174.668,0.3982,0.00564,0.00457,-1.827
wood_spruce,42,6,7854.338,0.014518,0.022784,1.56936,475.806,303.184,0.3628,0.00033,0.00027,-1.743
wood_spruce,42,7,10970.108,0.0093931,0.013975,1.48779,735.407,494.294,0.3279,0.00315,0.00256,-1.801
wood_spruce,42,8,14605.171,0.0063425,0.0089932,1.41793,1089.12,768.109,0.2947,0.0003,0.00024,-1.938
wood_spruce,42,9,18759.533,0.0044269,0.0060167,1.35912,1560.4,1148.1,0.2642,0.00018,0.00015,-1.584
wood_spruce,43,1,97.999,1.5838,3.129,1.97563,4.36151,2.20766,0.4938,0.43073,0.34871,-1.835
wood_spruce,43,2,614.148,0.24679,0.47665,1.93140,27.9904,14.4923,0.4822,0.89506,0.72464,-1.835
wood_spruce,43,3,1719.633,0.083919,0.15517,1.84904,82.3146,44.5173,0.4592,0.02739,0.02218,-1.833
wood_spruce,43,4,3369.794,0.039969,0.069944,1.74996,172.828,98.7612,0.4286,0.02,0.01619,-1.836
wood_spruce,43,5,5570.511,0.022204,0.036614,1.64898,311.104,188.664,0.3936,0.00013,0.0001,-2.279
wood_spruce,43,6,8321.381,0.013487,0.020979,1.55550,512.179,329.27,0.3571,0.00209,0.00169,-1.845
wood_spruce,43,7,11622.424,0.0086906,0.012806,1.47355,794.854,539.416,0.3214,0.00096,0.00078,-1.804
wood_spruce,43,8,15473.638,0.0058455,0.0082076,1.40409,1181.72,841.629,0.2878,1e-05,1e-05,+0.000
wood_spruce,43,9,19875.031,0.0040654,0.0054723,1.34607,1699.16,1262.31,0.2571,0.00107,0.00086,-1.898
wood_spruce,44,1,103.826,1.4945,2.9518,1.97511,4.62212,2.34018,0.4937,0.44232,0.35738,-1.852
wood_spruce,44,2,650.668,0.23255,0.44846,1.92845,29.7044,15.4033,0.4814,0.90122,0.72816,-1.852
wood_spruce,44,3,1821.888,0.07886,0.14527,1.84213,87.5952,47.5511,0.4571,0.01285,0.01039,-1.846
wood_spruce,44,4,3570.173,0.037423,0.065096,1.73947,184.586,106.116,0.4251,0.02533,0.02046,-1.855
wood_spruce,44,5,5901.751,0.020704,0.033872,1.63601,333.643,203.937,0.3888,0.00546,0.00441,-1.855
wood_spruce,44,6,8816.196,0.012522,0.019301,1.54137,551.649,357.896,0.3513,0.00302,0.00244,-1.852
wood_spruce,44,7,12313.530,0.0080346,0.011726,1.45944,859.751,589.097,0.3148,0.00216,0.00175,-1.828
wood_spruce,44,8,16393.750,0.005383,0.0074846,1.39041,1283.25,922.929,0.2808,0.00027,0.00022,-1.779
wood_spruce,45,1,110.000,1.4102,2.7845,1.97454,4.89842,2.48079,0.4936,0.45448,0.36643,-1.870
wood_spruce,45,2,689.358,0.21911,0.42186,1.92533,31.5264,16.3745,0.4806,0.90634,0.73074,-1.871
wood_spruce,45,3,1930.223,0.074088,0.13595,1.83498,93.2372,50.811,0.4550,0.00089,0.00072,-1.841
wood_spruce,45,4,3782.467,0.035024,0.060546,1.72870,197.229,114.091,0.4215,0.02733,0.02203,-1.873
wood_spruce,45,5,6252.688,0.019293,0.031312,1.62297,358.045,220.61,0.3838,0.00872,0.00703,-1.871
wood_spruce,45,6,9340.435,0.011617,0.017743,1.52733,594.625,389.323,0.3453,0.00185,0.00149,-1.880
wood_spruce,45,7,13045.731,0.0074224,0.010727,1.44522,930.663,643.96,0.3081,0.00236,0.0019,-1.883
wood_spruce,45,8,17368.574,0.004953,0.0068198,1.37690,1394.66,1012.9,0.2737,3e-05,2e-05,-3.522
wood_spruce,46,1,116.541,1.3306,2.6266,1.97400,5.19146,2.62992,0.4934,0.46724,0.37587,-1.890
wood_spruce,46,2,730.350,0.20643,0.39677,1.92206,33.4629,17.41,0.4797,0.91026,0.73226,-1.890
wood_spruce,46,3,2045.000,0.069587,0.12717,1.82750,99.2679,54.3191,0.4528,0.01353,0.01088,-1.893
wood_spruce,46,4,4007.384,0.032766,0.056278,1.71757,210.821,122.743,0.4178,0.02574,0.02071,-1.889
wood_spruce,46,5,6624.492,0.017969,0.028923,1.60961,384.426,238.833,0.3787,0.00881,0.00708,-1.899
wood_spruce,46,6,9895.846,0.01077,0.016297,1.51318,641.389,423.867,0.3391,0.00059,0.00047,-1.975
wood_spruce,46,7,13821.471,0.0068514,0.009806,1.43124,1008.23,704.442,0.3013,0.00058,0.00047,-1.827
wood_spruce,46,8,18401.363,0.0045537,0.0062091,1.36353,1516.95,1112.52,0.2666,0.00024,0.00019,-2.029
wood_spruce,47,1,123.471,1.2555,2.4776,1.97340,5.502,2.78808,0.4933,0.48063,0.38573,-1.911
wood_spruce,47,2,773.778,0.19446,0.37309,1.91860,35.5228,18.515,0.4788,0.9128,0.73258,-1.910
wood_spruce,47,3,2166.602,0.065342,0.1189,1.81966,105.717,58.0972,0.4505,0.02472,0.01984,-1.910
wood_spruce,47,4,4245.675,0.030639,0.052277,1.70622,225.456,132.138,0.4139,0.02073,0.01664,-1.909
wood_spruce,47,5,7018.404,0.016725,0.026695,1.59611,413.02,258.766,0.3735,0.00566,0.00454,-1.915
wood_spruce,47,6,10484.283,0.0099782,0.014957,1.49897,692.285,461.841,0.3329,0.00239,0.00192,-1.902
wood_spruce,47,7,14643.338,0.0063193,0.0089563,1.41729,1093.12,771.273,0.2944,0.00246,0.00197,-1.929
wood_spruce,47,8,19495.564,0.004183,0.0056488,1.35042,1651.39,1222.87,0.2595,0.0001,8e-05,-1.938
wood_spruce,48,1,130.813,1.1847,2.337,1.97265,5.83081,2.95582,0.4931,0.49468,0.39605,-1.931
wood_spruce,48,2,819.790,0.18317,0.35075,1.91489,37.7123,19.6942,0.4778,0.91376,0.73157,-1.932
wood_spruce,48,3,2295.435,0.061339,0.11112,1.81157,112.616,62.1648,0.4480,0.03414,0.02733,-1.932
wood_spruce,48,4,4498.136,0.028637,0.048527,1.69456,241.218,142.349,0.4099,0.01298,0.01039,-1.933
wood_spruce,48,5,7435.740,0.015558,0.02462,1.58247,444,280.575,0.3681,0.00048,0.00039,-1.804
wood_spruce,48,6,11107.711,0.0092374,0.013715,1.48473,747.803,503.664,0.3265,0.00205,0.00164,-1.938
wood_spruce,48,7,15514.074,0.0058239,0.0081736,1.40346,1186.1,845.13,0.2875,0.00047,0.00037,-2.078
wood_spruce,49,1,138.591,1.1178,2.2043,1.97200,6.17978,3.13376,0.4929,0.50943,0.40685,-1.953
wood_spruce,49,2,868.537,0.17251,0.32968,1.91108,40.0426,20.9529,0.4767,0.91289,0.72907,-1.953
wood_spruce,49,3,2431.928,0.057565,0.1038,1.80318,119.999,66.5487,0.4454,0.04146,0.03312,-1.951
wood_spruce,49,4,4765.609,0.026754,0.045015,1.68255,258.195,153.455,0.4057,0.00363,0.0029,-1.950
wood_spruce,49,5,7877.894,0.014463,0.022687,1.56862,477.616,304.481,0.3625,0.00457,0.00365,-1.952
wood_spruce,49,6,11768.211,0.0085452,0.012566,1.47053,808.378,549.718,0.3200,0.00012,9e-05,-2.499
wood_spruce,49,7,16436.592,0.0053629,0.0074533,1.38979,1288.06,926.805,0.2805,0.0021,0.00168,-1.938
wood_spruce,50,1,146.832,1.0546,2.079,1.97136,6.55012,3.32263,0.4927,0.52491,0.41815,-1.975
wood_spruce,50,2,920.183,0.16245,0.3098,1.90705,42.5223,22.2975,0.4756,0.90997,0.72489,-1.975
wood_spruce,50,3,2576.538,0.054006,0.096914,1.79450,127.907,71.2772,0.4427,0.04642,0.03698,-1.975
wood_spruce,50,4,5048.987,0.024981,0.041727,1.67035,276.52,165.546,0.4013,0.00578,0.0046,-1.983
wood_spruce,50,5,8346.337,0.013436,0.020889,1.55470,514.123,330.689,0.3568,0.00721,0.00574,-1.980
wood_spruce,50,6,12467.985,0.0078989,0.011504,1.45641,874.521,600.465,0.3134,0.00202,0.00161,-1.971
wood_spruce,50,7,17413.961,0.0049344,0.0067911,1.37628,1399.92,1017.18,0.2734,0.00084,0.00067,-1.964
wood_spruce,51,1,155.563,0.99504,1.9607,1.97047,6.94219,3.52311,0.4925,0.54114,0.42998,-1.997
wood_spruce,51,2,974.900,0.15296,0.29105,1.90279,45.1605,23.7339,0.4745,0.9047,0.71885,-1.997
wood_spruce,51,3,2729.747,0.050651,0.090436,1.78547,136.379,76.3828,0.4399,0.04877,0.03875,-1.998
wood_spruce,51,4,5349.216,0.023314,0.038652,1.65789,296.292,178.717,0.3968,0.01354,0.01076,-1.996
wood_spruce,51,5,8842.636,0.012473,0.019218,1.54077,553.817,359.442,0.3509,0.0061,0.00485,-1.992
wood_spruce,51,6,13209.370,0.0072957,0.010522,1.44222,946.826,656.506,0.3066,0.00168,0.00134,-1.964
wood_spruce,51,7,18449.449,0.0045363,0.0061828,1.36296,1522.77,1117.25,0.2663,0.00185,0.00147,-1.997
wood_spruce,52,1,164.814,0.93879,1.8491,1.96966,7.35815,3.73574,0.4923,0.55814,0.44234,-2.020
wood_spruce,52,2,1032.870,0.144,0.27337,1.89840,47.9705,25.2689,0.4732,0.8968,0.71075,-2.020
wood_spruce,52,3,2892.067,0.047488,0.084347,1.77618,145.463,81.8969,0.4370,0.04839,0.03835,-2.020
wood_spruce,52,4,5667.296,0.021747,0.035777,1.64515,317.642,193.078,0.3921,0.01812,0.01436,-2.020
wood_spruce,52,5,9368.446,0.011572,0.017666,1.52662,596.937,391.02,0.3449,0.0018,0.00143,-1.999
wood_spruce,52,6,13994.840,0.0067333,0.0096167,1.42823,1025.91,718.308,0.2998,0.00051,0.00041,-1.896
wood_spruce,52,7,19546.512,0.0041669,0.0056246,1.34983,1657.77,1228.13,0.2592,0.0007,0.00056,-1.938
wood_spruce,53,1,174.614,0.88569,1.7438,1.96886,7.79929,3.96132,0.4921,0.57591,0.45527,-2.042
wood_spruce,53,2,1094.288,0.13555,0.25669,1.89369,50.9609,26.9109,0.4719,0.88594,0.70035,-2.042
wood_spruce,53,3,3064.038,0.044508,0.078623,1.76649,155.203,87.8592,0.4339,0.04527,0.03578,-2.043
wood_spruce,53,4,6004.292,0.020274,0.03309,1.63214,340.72,208.757,0.3873,0.01847,0.0146,-2.042
wood_spruce,53,5,9925.523,0.010728,0.016225,1.51240,643.9,425.748,0.3388,0.00327,0.00259,-2.025
wood_spruce,53,6,14827.017,0.0062094,0.0087819,1.41429,1112.47,786.59,0.2929,0.00194,0.00153,-2.062
wood_spruce,54,1,184.997,0.83558,1.6443,1.96785,8.26702,4.20103,0.4918,0.59447,0.46876,-2.064
wood_spruce,54,2,1159.358,0.12757,0.24096,1.88885,54.1487,28.6676,0.4706,0.87178,0.68743,-2.064
wood_spruce,54,3,3246.235,0.041699,0.073246,1.75654,165.658,94.309,0.4307,0.03952,0.03117,-2.062
wood_spruce,54,4,6361.325,0.01889,0.030582,1.61895,365.683,225.876,0.3823,0.01445,0.01139,-2.067
wood_spruce,54,5,10515.726,0.0099386,0.01489,1.49820,695.043,463.919,0.3325,0.00601,0.00474,-2.062
wood_spruce,54,6,15708.676,0.0057215,0.0080131,1.40052,1207.33,862.058,0.2860,0.00077,0.00061,-2.023
wood_spruce,55,1,195.998,0.78828,1.5505,1.96694,8.76307,4.45518,0.4916,0.61379,0.48281,-2.085
wood_spruce,55,2,1228.297,0.12004,0.22613,1.88379,57.5454,30.5477,0.4691,0.85398,0.67173,-2.085
wood_spruce,55,3,3439.266,0.039052,0.068196,1.74629,176.886,101.293,0.4274,0.03147,0.02475,-2.086
wood_spruce,55,4,6739.590,0.01759,0.028242,1.60557,392.709,244.592,0.3772,0.00696,0.00548,-2.077
wood_spruce,55,5,11141.023,0.0092004,0.013653,1.48396,750.81,505.951,0.3261,0.00456,0.00358,-2.102
wood_spruce,55,6,16642.764,0.0052677,0.0073056,1.38687,1311.34,945.542,0.2789,0.00137,0.00108,-2.066
wood_spruce,56,1,207.652,0.74364,1.4619,1.96587,9.28911,4.72519,0.4913,0.63385,0.4974,-2.106
wood_spruce,56,2,1301.335,0.11294,0.21215,1.87843,61.1631,32.5607,0.4676,0.83217,0.65303,-2.106
wood_spruce,56,3,3643.775,0.036559,0.063455,1.73569,188.948,108.861,0.4239,0.0216,0.01695,-2.106
wood_spruce,56,4,7140.346,0.016369,0.026061,1.59209,422.002,265.061,0.3719,0.00202,0.00159,-2.079
wood_spruce,56,5,11803.502,0.0085106,0.012509,1.46981,811.665,552.223,0.3196,8e-05,7e-05,-1.160
wood_spruce,56,6,17632.393,0.0048459,0.0066553,1.37339,1425.48,1037.93,0.2719,0.00134,0.00105,-2.118
wood_spruce,57,1,220.000,0.7015,1.3783,1.96479,9.84712,5.01179,0.4910,0.65461,0.51252,-2.125
wood_spruce,57,2,1378.716,0.10624,0.19896,1.87274,65.0203,34.7193,0.4660,0.80604,0.63108,-2.125
wood_spruce,57,3,3860.446,0.034211,0.059007,1.72480,201.916,117.067,0.4202,0.01059,0.00829,-2.127
wood_spruce,57,4,7564.933,0.015224,0.024029,1.57836,453.741,287.476,0.3664,0.00991,0.00776,-2.124
wood_spruce,57,5,12505.376,0.0078666,0.011451,1.45565,878.112,603.245,0.3130,0.00437,0.00342,-2.129
wood_spruce,57,6,18680.869,0.0044542,0.0060582,1.36011,1550.84,1140.23,0.2648,0.00078,0.00061,-2.135
wood_spruce,58,1,233.082,0.66173,1.2994,1.96364,10.4389,5.31611,0.4908,0.67602,0.52814,-2.144
wood_spruce,58,2,1460.699,0.099915,0.18654,1.86699,69.1363,37.031,0.4644,0.77528,0.60569,-2.144
wood_spruce,58,3,4089.999,0.032,0.054835,1.71359,215.867,125.973,0.4164,0.00069,0.00054,-2.129
wood_spruce,58,4,8014.767,0.014149,0.022137,1.56456,488.215,312.046,0.3608,0.01417,0.01107,-2.144
wood_spruce,58,5,13248.982,0.0072656,0.010474,1.44159,950.748,659.515,0.3063,0.00476,0.00372,-2.141
wood_spruce,58,6,19791.689,0.0040908,0.0055104,1.34702,1688.61,1253.59,0.2576,0.00143,0.00112,-2.122
wood_spruce,59,1,246.942,0.62419,1.2249,1.96238,11.0668,5.63944,0.4904,0.69799,0.54421,-2.162
wood_spruce,59,2,1547.557,0.09395,0.17483,1.86088,73.5259,39.5113,0.4626,0.73963,0.57668,-2.162
wood_spruce,59,3,4333.204,0.029918,0.050924,1.70212,230.89,135.648,0.4125,0.01126,0.00878,-2.161
wood_spruce,59,4,8491.351,0.013142,0.020378,1.55060,525.624,338.981,0.3551,0.01329,0.01036,-2.163
wood_spruce,59,5,14036.809,0.0067053,0.0095718,1.42750,1030.19,721.678,0.2995,0.00086,0.00067,-2.168
wood_spruce,60,1,261.626,0.58875,1.1547,1.96127,11.7329,5.98229,0.4901,0.72045,0.56068,-2.178
wood_spruce,60,2,1639.579,0.088323,0.16379,1.85444,78.2101,42.1745,0.4608,0.69893,0.54393,-2.178
wood_spruce,60,3,4590.869,0.027959,0.04726,1.69033,247.067,146.165,0.4084,0.02011,0.01565,-2.178
wood_spruce,60,4,8996.271,0.012198,0.018743,1.53656,566.302,368.551,0.3492,0.00748,0.00582,-2.180
wood_spruce,60,5,14871.480,0.0061832,0.0087405,1.41359,1117.18,790.316,0.2926,0.00361,0.00281,-2.176
wood_spruce,61,1,277.183,0.55531,1.0883,1.95981,12.4395,6.34729,0.4898,0.74329,0.57748,-2.192
wood_spruce,61,2,1737.074,0.083014,0.15339,1.84776,83.2119,45.0339,0.4588,0.65308,0.50739,-2.192
wood_spruce,61,3,4863.857,0.026115,0.043828,1.67827,264.513,157.611,0.4042,0.02628,0.02042,-2.191
wood_spruce,61,4,9531.219,0.011314,0.017225,1.52245,610.549,401.031,0.3431,0.00101,0.00079,-2.134
wood_spruce,61,5,15755.787,0.0056972,0.0079749,1.39979,1212.48,866.187,0.2856,0.00407,0.00316,-2.198
wood_spruce,62,1,293.665,0.52374,1.0257,1.95841,13.1893,6.73467,0.4894,0.76639,0.59453,-2.206
wood_spruce,62,2,1840.366,0.078006,0.1436,1.84088,88.5541,48.1041,0.4568,0.60213,0.4671,-2.206
wood_spruce,62,3,5153.077,0.024381,0.040617,1.66593,283.325,170.071,0.3997,0.02902,0.02251,-2.206
wood_spruce,62,4,10097.975,0.010487,0.015816,1.50815,658.697,436.757,0.3369,0.00857,0.00665,-2.203
wood_spruce,62,5,16692.674,0.0052451,0.0072705,1.38615,1316.99,950.107,0.2786,1e-05,1e-05,+0.000
wood_spruce,63,1,311.127,0.49395,0.96661,1.95690,13.9847,7.14637,0.4890,0.78963,0.61176,-2.217
wood_spruce,63,2,1949.800,0.073283,0.13437,1.83358,94.2614,51.4085,0.4546,0.54628,0.42322,-2.217
wood_spruce,63,3,5459.495,0.022749,0.037614,1.65344,303.651,183.649,0.3952,0.02793,0.02164,-2.216
wood_spruce,63,4,10698.432,0.0097132,0.014511,1.49395,711.172,476.036,0.3306,0.01167,0.00904,-2.218
wood_spruce,63,5,17685.271,0.0048249,0.0066231,1.37269,1431.69,1042.98,0.2715,0.00377,0.00292,-2.219
wood_spruce,64,1,329.628,0.46583,0.91084,1.95531,14.8289,7.58394,0.4886,0.81288,0.62908,-2.226
wood_spruce,64,2,2065.741,0.068827,0.12569,1.82617,100.364,54.9587,0.4524,0.48589,0.37603,-2.226
wood_spruce,64,3,5784.133,0.021216,0.034807,1.64060,325.592,198.459,0.3905,0.02308,0.01786,-2.227
wood_spruce,64,4,11334.593,0.0089897,0.013303,1.47980,768.408,519.263,0.3242,0.00868,0.00672,-2.223
wood_spruce,64,5,18736.893,0.0044347,0.0060286,1.35942,1557.66,1145.83,0.2644,0.00251,0.00194,-2.237
wood_spruce,65,1,349.228,0.43929,0.8582,1.95361,15.7248,8.04912,0.4881,0.836,0.64641,-2.234
wood_spruce,65,2,2188.576,0.064626,0.11751,1.81831,106.888,58.7844,0.4500,0.42154,0.32593,-2.234
wood_spruce,65,3,6128.076,0.019775,0.032185,1.62756,349.318,214.627,0.3856,0.0151,0.01168,-2.231
wood_spruce,65,4,12008.583,0.0083139,0.012185,1.46562,830.868,566.906,0.3177,0.00116,0.0009,-2.204
wood_spruce,65,5,19851.047,0.0040727,0.0054832,1.34633,1696.11,1259.8,0.2572,0.00205,0.00158,-2.262
wood_spruce,66,1,369.994,0.41424,0.80852,1.95182,16.6757,8.5437,0.4877,0.85891,0.66367,-2.240
wood_spruce,66,2,2318.715,0.060664,0.10981,1.81013,113.869,62.9064,0.4476,0.35399,0.27352,-2.240
wood_spruce,66,3,6492.470,0.018421,0.029737,1.61430,374.993,232.295,0.3805,0.00521,0.00403,-2.231
wood_spruce,66,4,12722.650,0.007683,0.011151,1.45139,899.096,619.474,0.3110,0.00655,0.00506,-2.242
wood_spruce,67,1,391.995,0.39059,0.76164,1.94997,17.6854,9.06958,0.4872,0.88152,0.68082,-2.244
wood_spruce,67,2,2456.593,0.056928,0.10257,1.80175,121.342,67.3467,0.4450,0.28424,0.21953,-2.244
wood_spruce,67,3,6878.532,0.01715,0.027454,1.60082,402.785,251.612,0.3753,0.00496,0.00383,-2.246
wood_spruce,67,4,13479.178,0.0070944,0.010197,1.43733,973.691,677.43,0.3043,0.00962,0.00743,-2.244
wood_spruce,68,1,415.305,0.36828,0.71739,1.94795,18.7568,9.62901,0.4866,0.9038,0.69785,-2.246
wood_spruce,68,2,2602.670,0.053405,0.095753,1.79296,129.347,72.1414,0.4423,0.21347,0.16482,-2.247
wood_spruce,68,3,7287.551,0.015956,0.025326,1.58724,432.925,272.753,0.3700,0.01355,0.01046,-2.248
wood_spruce,68,4,14280.692,0.0065457,0.0093167,1.42333,1055.31,741.438,0.2974,0.00597,0.00461,-2.245
wood_spruce,69,1,440.000,0.34721,0.67564,1.94591,19.895,10.224,0.4861,0.92575,0.71475,-2.247
wood_spruce,69,2,2757.433,0.050085,0.089345,1.78387,137.921,77.3155,0.4394,0.14302,0.11042,-2.247
wood_spruce,69,3,7720.892,0.014836,0.023345,1.57354,465.608,295.899,0.3645,0.01886,0.01456,-2.248
wood_spruce,69,4,15129.866,0.0060346,0.0085055,1.40946,1144.69,812.152,0.2905,0.00176,0.00136,-2.239
wood_spruce,70,1,466.164,0.32733,0.63623,1.94370,21.1033,10.8573,0.4855,0.94745,0.73157,-2.246
wood_spruce,70,2,2921.398,0.046955,0.083321,1.77449,147.114,82.9053,0.4365,0.0744,0.05745,-2.246
wood_spruce,70,3,8180.000,0.013786,0.021501,1.55963,501.07,321.276,0.3588,0.01974,0.01524,-2.247
wood_spruce,70,4,16029.535,0.0055589,0.0077587,1.39573,1242.65,890.324,0.2835,0.00755,0.00583,-2.246
wood_spruce,71,1,493.883,0.30857,0.59905,1.94137,22.3863,11.5312,0.4849,0.96898,0.74838,-2.244
wood_spruce,71,2,3095.114,0.044005,0.077659,1.76478,156.977,88.9498,0.4334,0.00917,0.00709,-2.234
wood_spruce,71,3,8666.407,0.012802,0.019786,1.54554,539.584,349.123,0.3530,0.01594,0.01231,-2.245
wood_spruce,71,4,16982.701,0.0051165,0.0070717,1.38214,1350.09,976.817,0.2765,0.00657,0.00507,-2.251
wood_spruce,72,1,523.251,0.29086,0.56396,1.93894,23.7494,12.2487,0.4842,0.99048,0.76527,-2.241
wood_spruce,72,2,3279.158,0.041225,0.072341,1.75478,167.562,95.4888,0.4301,0.05102,0.03942,-2.240
wood_spruce,72,3,9181.738,0.011879,0.018193,1.53153,581.51,379.693,0.3471,0.0084,0.00649,-2.241
wood_spruce,72,4,17992.543,0.0047055,0.0064405,1.36872,1468.02,1072.55,0.2694,0.00026,0.0002,-2.279
wood_spruce,73,1,554.365,0.27415,0.53084,1.93631,25.197,13.0129,0.4836,1.0121,0.78234,-2.237
wood_spruce,73,2,3474.148,0.038606,0.067346,1.74444,178.93,102.571,0.4268,0.10455,0.08082,-2.236
wood_spruce,73,3,9727.714,0.011016,0.016715,1.51734,627.066,413.267,0.3410,0.00091,0.0007,-2.279
wood_spruce,73,4,19062.438,0.0043239,0.005861,1.35549,1597.58,1178.6,0.2623,0.0063,0.00487,-2.236
wood_spruce,74,1,587.330,0.25837,0.49959,1.93362,26.7359,13.8268,0.4828,1.03402,0.79972,-2.232
wood_spruce,74,2,3680.731,0.036139,0.062657,1.73378,191.144,110.247,0.4232,0.14986,0.1159,-2.232
wood_spruce,74,3,10306.153,0.010208,0.015344,1.50313,676.7,450.193,0.3347,0.00931,0.0072,-2.232
wood_spruce,75,1,622.254,0.24348,0.47011,1.93080,28.3709,14.6939,0.4821,1.05638,0.8175,-2.227
wood_spruce,75,2,3899.599,0.033815,0.058259,1.72287,204.281,118.57,0.4196,0.1855,0.14355,-2.227
wood_spruce,75,3,10918.989,0.009452,0.014074,1.48900,730.825,490.817,0.3284,0.0142,0.01099,-2.226
wood_spruce,76,1,659.255,0.22943,0.44229,1.92778,30.1083,15.6182,0.4813,1.07932,0.83578,-2.221
wood_spruce,76,2,4131.481,0.031627,0.054133,1.71161,218.413,127.607,0.4158,0.21022,0.16278,-2.221
wood_spruce,76,3,11568.267,0.0087457,0.012898,1.47478,789.846,535.568,0.3219,0.01392,0.01078,-2.220
wood_spruce,77,1,698.456,0.21617,0.41604,1.92460,31.9552,16.6036,0.4804,1.10293,0.85462,-2.215
wood_spruce,77,2,4377.152,0.029567,0.050266,1.70007,233.631,137.424,0.4118,0.22304,0.17283,-2.215
wood_spruce,77,3,12256.151,0.008086,0.01181,1.46055,854.286,584.907,0.3153,0.00853,0.00661,-2.215
wood_spruce,78,1,739.989,0.20365,0.39127,1.92129,33.9197,17.6547,0.4795,1.12724,0.87404,-2.210
wood_spruce,78,2,4637.431,0.027628,0.046644,1.68829,250.027,148.095,0.4077,0.22339,0.17321,-2.210
wood_spruce,78,3,12984.939,0.0074703,0.010805,1.44639,924.696,639.311,0.3086,0.0001,8e-05,-1.938
wood_spruce,79,1,783.991,0.19184,0.3679,1.91774,36.0079,18.7762,0.4786,1.15222,0.89402,-2.204
wood_spruce,79,2,4913.187,0.025804,0.043252,1.67617,267.701,159.709,0.4034,0.21117,0.16385,-2.204
wood_spruce,79,3,13757.063,0.0068961,0.0098778,1.43237,1001.69,699.321,0.3019,0.00782,0.00607,-2.200
wood_spruce,80,1,830.609,0.18069,0.34586,1.91411,38.2299,19.9727,0.4775,1.17781,0.91451,-2.198
wood_spruce,80,2,5205.340,0.024088,0.040078,1.66382,286.772,172.358,0.3990,0.18692,0.14514,-2.197
wood_spruce,80,3,14575.102,0.0063609,0.0090225,1.41843,1085.97,765.614,0.2950,0.01162,0.00902,-2.200
wood_spruce,81,1,880.000,0.17017,0.32506,1.91021,40.5933,21.2507,0.4765,1.20387,0.93543,-2.191
wood_spruce,81,2,5514.866,0.022475,0.03711,1.65117,307.353,186.143,0.3944,0.15194,0.11806,-2.191
wood_spruce,81,3,15441.783,0.0058626,0.0082345,1.40458,1178.27,838.88,0.2880,0.00939,0.00729,-2.199
wood_spruce,82,1,932.328,0.16025,0.30545,1.90608,43.1061,22.615,0.4754,1.23029,0.9567,-2.185
wood_spruce,82,2,5842.797,0.020958,0.034336,1.63832,329.6,201.181,0.3896,0.10831,0.08423,-2.184
wood_spruce,82,3,16359.999,0.0053989,0.0075093,1.39089,1279.47,919.893,0.2810,0.00225,0.00175,-2.183
wood_spruce,83,1,987.767,0.15088,0.28695,1.90184,45.7831,24.073,0.4742,1.25695,0.97825,-2.177
wood_spruce,83,2,6190.228,0.019532,0.031745,1.62528,353.663,217.601,0.3847,0.059,0.04592,-2.177
wood_spruce,83,3,17332.814,0.0049679,0.0068425,1.37734,1390.48,1009.54,0.2740,0.00576,0.00448,-2.183
wood_spruce,84,1,1046.502,0.14204,0.26949,1.89728,48.6325,25.6327,0.4730,1.28378,1.00003,-2.170
wood_spruce,84,2,6558.317,0.018193,0.029327,1.61199,379.693,235.543,0.3796,0.0077,0.006,-2.167
wood_spruce,84,3,18363.477,0.0045674,0.00623,1.36401,1512.4,1108.79,0.2669,0.00967,0.00753,-2.173
wood_spruce,85,1,1108.731,0.13369,0.25304,1.89274,51.6699,27.2991,0.4716,1.31076,1.02204,-2.161
wood_spruce,85,2,6948.296,0.016936,0.027071,1.59843,407.874,255.172,0.3744,0.04132,0.03222,-2.161
wood_spruce,85,3,19455.428,0.0041958,0.005668,1.35087,1646.35,1218.73,0.2597,0.00685,0.00534,-2.163
wood_spruce,86,1,1174.659,0.12582,0.23752,1.88778,54.9019,29.0828,0.4703,1.33795,1.04433,-2.152
wood_spruce,86,2,7361.463,0.015755,0.02497,1.58489,438.448,276.642,0.3690,0.08356,0.06522,-2.152
wood_spruce,87,1,1244.508,0.11839,0.22288,1.88259,58.3475,30.9932,0.4688,1.36543,1.06694,-2.143
wood_spruce,87,2,7799.198,0.014648,0.023013,1.57107,471.583,300.168,0.3635,0.11471,0.08963,-2.143
wood_spruce,88,1,1318.510,0.11138,0.20909,1.87727,62.0197,33.0372,0.4673,1.39327,1.08993,-2.133
wood_spruce,88,2,8262.963,0.013609,0.021192,1.55720,507.587,325.961,0.3578,0.13118,0.10262,-2.133
wood_spruce,89,1,1396.913,0.10477,0.19608,1.87153,65.9326,35.2293,0.4657,1.42149,1.11332,-2.122
wood_spruce,89,2,8754.304,0.012636,0.019499,1.54313,546.673,354.262,0.3520,0.13067,0.10234,-2.123
wood_spruce,90,1,1479.978,0.098531,0.18382,1.86561,70.1074,37.5789,0.4640,1.45004,1.13706,-2.112
wood_spruce,90,2,9274.861,0.011724,0.017927,1.52909,589.198,385.327,0.3460,0.11277,0.08843,-2.112
wood_spruce,91,1,1567.982,0.092644,0.17227,1.85948,74.5624,40.0984,0.4622,1.47879,1.16107,-2.101
wood_spruce,91,2,9826.374,0.010871,0.016468,1.51486,635.43,419.465,0.3399,0.07939,0.06233,-2.101
wood_spruce,92,1,1661.219,0.08709,0.16138,1.85303,79.3174,42.8043,0.4603,1.50756,1.18524,-2.089
wood_spruce,92,2,10410.680,0.010072,0.015115,1.50069,685.837,457.013,0.3336,0.03498,0.0275,-2.090
wood_spruce,93,1,1760.000,0.081851,0.15112,1.84628,84.3943,45.7104,0.4584,1.53621,1.20947,-2.077
wood_spruce,93,2,11029.731,0.0093251,0.013861,1.48642,740.77,498.359,0.3273,0.01367,0.01076,-2.079
wood_spruce,94,1,1864.655,0.076909,0.14146,1.83932,89.8173,48.8319,0.4563,1.56467,1.23372,-2.064
wood_spruce,94,2,11685.593,0.0086272,0.012701,1.47220,800.695,543.875,0.3208,0.05813,0.04584,-2.063
wood_spruce,95,1,1975.533,0.072248,0.13236,1.83202,95.6117,52.1891,0.4541,1.59292,1.25797,-2.050
wood_spruce,95,2,12380.456,0.0079753,0.011629,1.45813,866.144,594.011,0.3142,0.08973,0.07086,-2.051
wood_spruce,96,1,2093.004,0.067852,0.12379,1.82441,101.806,55.8022,0.4519,1.62098,1.28221,-2.036
wood_spruce,96,2,13116.634,0.0073671,0.010638,1.44399,937.649,649.347,0.3075,0.10127,0.08011,-2.036
wood_spruce,97,1,2217.461,0.063706,0.11572,1.81647,108.432,59.6937,0.4495,1.64875,1.30637,-2.022
wood_spruce,97,2,13896.591,0.0067998,0.0097233,1.42994,1015.88,710.433,0.3007,0.08912,0.07061,-2.022
wood_spruce,98,1,2349.318,0.059796,0.10813,1.80831,115.522,63.8838,0.4470,1.67604,1.33032,-2.007
wood_spruce,98,2,14722.927,0.0062713,0.0088801,1.41599,1101.49,777.892,0.2938,0.05483,0.04352,-2.007
wood_spruce,99,1,2489.016,0.05611,0.10098,1.79968,123.111,68.4072,0.4444,1.70256,1.35385,-1.991
wood_spruce,99,2,15598.396,0.0057792,0.0081035,1.40218,1195.28,852.441,0.2868,0.00606,0.00482,-1.989
wood_spruce,100,1,2637.020,0.052634,0.094264,1.79093,131.241,73.2809,0.4416,1.72806,1.37677,-1.974
wood_spruce,100,2,16525.924,0.0053213,0.0073888,1.38853,1298.13,934.895,0.2798,0.04419,0.03521,-1.973
wood_spruce,101,1,2793.826,0.049358,0.087945,1.78178,139.952,78.5463,0.4388,1.75238,1.39895,-1.957
wood_spruce,101,2,17508.607,0.0048957,0.0067317,1.37502,1410.98,1026.15,0.2727,0.0804,0.06419,-1.956
wood_spruce,102,1,2959.955,0.04627,0.082005,1.77231,149.292,84.2358,0.4358,1.77537,1.42026,-1.938
wood_spruce,102,2,18549.723,0.0045005,0.0061283,1.36169,1534.89,1127.19,0.2656,0.08919,0.07135,-1.938
wood_spruce,103,1,3135.963,0.043359,0.076423,1.76256,159.315,90.3884,0.4326,1.79678,1.44048,-1.920
wood_spruce,103,2,19652.744,0.0041337,0.0055747,1.34860,1671.08,1239.13,0.2585,0.06481,0.05196,-1.919
wood_spruce,104,1,3322.438,0.040617,0.071179,1.75244,170.071,97.0477,0.4294,1.81615,1.45925,-1.900
wood_spruce,105,1,3520.000,0.038033,0.066255,1.74204,181.625,104.26,0.4260,1.83296,1.47618,-1.880
wood_spruce,106,1,3729.310,0.035599,0.061634,1.73134,194.044,112.077,0.4224,1.84679,1.4909,-1.859
wood_spruce,107,1,3951.067,0.033307,0.057299,1.72033,207.396,120.556,0.4187,1.71495,1.50292,-1.146
wood_spruce,108,1,4186.009,0.031148,0.053233,1.70903,221.772,129.765,0.4149,1.5452,1.51162,-0.191
wood_maple,21,1,27.500,3.3176,6.6039,1.99057,2.08215,1.04601,0.4976,0.29819,0.2528,-1.434
wood_maple,21,2,172.340,0.52764,1.0469,1.98412,13.0918,6.59829,0.4960,0.75091,0.63662,-1.434
wood_maple,21,3,482.556,0.18712,0.36872,1.97050,36.9162,18.7344,0.4925,0.26879,0.22788,-1.434
wood_maple,21,4,945.617,0.094501,0.18437,1.95098,73.0972,37.4668,0.4874,0.12754,0.10813,-1.434
wood_maple,21,5,1563.172,0.056389,0.10861,1.92608,122.502,63.6015,0.4808,0.0411,0.03485,-1.433
wood_maple,21,6,2335.109,0.037117,0.070397,1.89662,186.108,98.1257,0.4728,0.01102,0.00935,-1.427
wood_maple,21,7,3261.433,0.026052,0.048554,1.86373,265.153,142.27,0.4634,0.01173,0.00995,-1.429
wood_maple,21,8,4342.144,0.019129,0.034973,1.82827,361.114,197.517,0.4530,0.00072,0.00061,-1.440
wood_maple,21,9,5577.243,0.01452,0.026009,1.79125,475.741,265.591,0.4417,0.00321,0.00272,-1.439
wood_maple,21,10,6966.729,0.011306,0.019823,1.75332,610.981,348.472,0.4296,8e-05,6e-05,-2.499
wood_maple,21,11,8510.603,0.008982,0.015405,1.71510,769.066,448.41,0.4170,0.00083,0.00071,-1.356
wood_maple,21,12,10208.861,0.0072525,0.012166,1.67749,952.465,567.792,0.4039,0.00023,0.00019,-1.659
wood_maple,22,1,29.135,3.1312,6.2328,1.99055,2.2061,1.10829,0.4976,0.30434,0.25278,-1.612
wood_maple,22,2,182.587,0.49791,0.98767,1.98363,13.8735,6.99399,0.4959,0.76387,0.63446,-1.612
wood_maple,22,3,511.250,0.1765,0.34759,1.96935,39.1374,19.8733,0.4922,0.26652,0.22137,-1.612
wood_maple,22,4,1001.846,0.089085,0.17359,1.94859,77.5412,39.7935,0.4868,0.10847,0.0901,-1.612
wood_maple,22,5,1656.123,0.053115,0.10211,1.92243,130.053,67.6501,0.4798,0.0405,0.03364,-1.612
wood_maple,22,6,2473.961,0.034928,0.066069,1.89158,197.771,104.554,0.4713,0.01179,0.00979,-1.615
wood_maple,22,7,3455.367,0.024489,0.04548,1.85716,282.076,151.886,0.4615,0.01038,0.00862,-1.614
wood_maple,22,8,4600.340,0.017959,0.03269,1.82026,384.64,211.311,0.4506,5e-05,4e-05,-1.938
wood_maple,22,9,5908.883,0.013614,0.024257,1.78177,507.401,284.774,0.4388,0.00397,0.0033,-1.606
wood_maple,22,10,7380.991,0.010585,0.018446,1.74265,652.598,374.485,0.4262,0.00045,0.00037,-1.700
wood_maple,22,11,9016.669,0.0083967,0.014304,1.70353,822.675,482.925,0.4130,0.00111,0.00092,-1.631
wood_maple,22,12,10815.911,0.0067694,0.01127,1.66484,1020.44,612.933,0.3994,0.00063,0.00053,-1.501
wood_maple,23,1,30.868,2.9554,5.8825,1.99042,2.33733,1.17429,0.4976,0.31066,0.25276,-1.792
wood_maple,23,2,193.445,0.46984,0.93178,1.98319,14.7024,7.4135,0.4958,0.77697,0.63214,-1.792
wood_maple,23,3,541.651,0.16648,0.32763,1.96798,41.493,21.084,0.4919,0.26361,0.21448,-1.792
wood_maple,23,4,1061.419,0.083973,0.16343,1.94622,82.2616,42.2674,0.4862,0.08908,0.07247,-1.792
wood_maple,23,5,1754.601,0.050026,0.095977,1.91854,138.083,71.973,0.4788,0.03762,0.03061,-1.791
wood_maple,23,6,2621.071,0.032863,0.061988,1.88626,210.199,111.437,0.4698,0.011,0.00895,-1.791
wood_maple,23,7,3660.835,0.023014,0.042583,1.85031,300.154,162.219,0.4596,0.0066,0.00537,-1.791
wood_maple,23,8,4873.892,0.016856,0.030541,1.81188,409.81,226.18,0.4481,0.00058,0.00047,-1.827
wood_maple,23,9,6260.244,0.01276,0.022611,1.77202,541.36,305.504,0.4357,0.00197,0.00161,-1.753
wood_maple,23,10,7819.889,0.0099061,0.017155,1.73176,697.323,402.667,0.4225,0.00047,0.00038,-1.846
wood_maple,23,11,9552.830,0.0078458,0.013271,1.69148,880.44,520.515,0.4088,0.00126,0.00103,-1.751
wood_maple,23,12,11459.061,0.0063151,0.010433,1.65207,1093.85,662.106,0.3947,0.00018,0.00015,-1.584
wood_maple,24,1,32.703,2.7894,5.5519,1.99036,2.47643,1.24421,0.4976,0.31718,0.25777,-1.801
wood_maple,24,2,204.947,0.44336,0.87903,1.98266,15.5805,7.85838,0.4956,0.7902,0.6422,-1.801
wood_maple,24,3,573.859,0.15702,0.3088,1.96663,43.9928,22.3697,0.4915,0.26003,0.21132,-1.802
wood_maple,24,4,1124.534,0.079149,0.15383,1.94355,87.2753,44.9051,0.4855,0.06959,0.05656,-1.801
wood_maple,24,5,1858.935,0.04711,0.090194,1.91454,146.63,76.5877,0.4777,0.03265,0.02653,-1.803
wood_maple,24,6,2776.928,0.030915,0.058141,1.88067,223.443,118.81,0.4683,0.00876,0.00712,-1.800
wood_maple,24,7,3878.519,0.021623,0.039855,1.84318,319.463,173.322,0.4575,0.00139,0.00113,-1.799
wood_maple,24,8,5163.708,0.015815,0.028519,1.80329,436.785,242.216,0.4455,0.0009,0.00073,-1.818
wood_maple,24,9,6632.497,0.011955,0.021065,1.76202,577.813,327.926,0.4325,0.0013,0.00106,-1.773
wood_maple,24,10,8284.883,0.0092667,0.015943,1.72046,745.439,433.278,0.4188,3e-05,2e-05,-3.522
wood_maple,24,11,10120.869,0.0073275,0.012305,1.67929,942.716,561.378,0.4045,0.00054,0.00044,-1.779
wood_maple,24,12,12140.450,0.0058881,0.0096512,1.63910,1173.17,715.741,0.3899,0.00059,0.00048,-1.792
wood_maple,25,1,34.648,2.6327,5.2398,1.99028,2.62383,1.31832,0.4976,0.3239,0.26294,-1.811
wood_maple,25,2,217.134,0.41836,0.82924,1.98212,16.5115,8.33022,0.4955,0.80357,0.65232,-1.811
wood_maple,25,3,607.982,0.1481,0.29103,1.96509,46.6425,23.7355,0.4911,0.25571,0.20758,-1.811
wood_maple,25,4,1191.402,0.074596,0.14478,1.94085,92.6022,47.7121,0.4848,0.0503,0.04083,-1.812
wood_maple,25,5,1969.473,0.044359,0.084739,1.91030,155.724,81.518,0.4765,0.0259,0.02102,-1.813
wood_maple,25,6,2942.052,0.029077,0.054514,1.87482,237.568,126.715,0.4666,0.00541,0.00439,-1.815
wood_maple,25,7,4109.147,0.020311,0.037286,1.83575,340.099,185.264,0.4553,0.00381,0.00309,-1.819
wood_maple,25,8,5470.758,0.014835,0.026618,1.79427,465.639,259.514,0.4427,0.00075,0.00061,-1.795
wood_maple,25,9,7026.886,0.011196,0.019612,1.75170,616.984,352.221,0.4291,0.00327,0.00266,-1.793
wood_maple,25,10,8777.527,0.0086647,0.014807,1.70889,797.23,466.52,0.4148,0.00045,0.00036,-1.938
wood_maple,25,11,10722.688,0.0068399,0.011401,1.66684,1009.92,605.89,0.4000,0.00127,0.00103,-1.819
wood_maple,25,12,12862.359,0.0054868,0.0089208,1.62587,1258.98,774.343,0.3849,1e-05,1e-05,+0.000
wood_maple,26,1,36.708,2.4848,4.9452,1.99018,2.78,1.39686,0.4975,0.33084,0.26825,-1.822
wood_maple,26,2,230.046,0.39476,0.78224,1.98156,17.4986,8.83074,0.4953,0.81706,0.66249,-1.821
wood_maple,26,3,644.135,0.13967,0.27426,1.96363,49.4577,25.1869,0.4907,0.25062,0.20321,-1.821
wood_maple,26,4,1262.247,0.070298,0.13624,1.93804,98.2639,50.7028,0.4840,0.03152,0.02555,-1.824
wood_maple,26,5,2086.584,0.041762,0.079594,1.90590,165.408,86.7874,0.4753,0.01782,0.01445,-1.821
wood_maple,26,6,3116.996,0.027343,0.051096,1.86870,252.633,135.192,0.4649,0.00146,0.00118,-1.849
wood_maple,26,7,4353.491,0.019074,0.034867,1.82799,362.156,198.117,0.4529,0.00744,0.00603,-1.825
wood_maple,26,8,5796.066,0.01391,0.02483,1.78505,496.604,278.202,0.4398,0.00021,0.00017,-1.835
wood_maple,26,9,7444.727,0.010481,0.018249,1.74115,659.074,378.528,0.4256,0.00231,0.00187,-1.835
wood_maple,26,10,9299.468,0.008098,0.013743,1.69709,853.02,502.638,0.4108,0.00027,0.00022,-1.779
wood_maple,26,11,11360.293,0.0063814,0.010555,1.65403,1082.48,654.453,0.3954,0.0003,0.00024,-1.938
wood_maple,26,12,13627.196,0.0051099,0.0082394,1.61244,1351.84,838.381,0.3798,0.00051,0.00042,-1.686
wood_maple,27,1,38.891,2.3453,4.6672,1.99002,2.94536,1.48006,0.4975,0.338,0.27372,-1.832
wood_maple,27,2,243.725,0.37249,0.73788,1.98094,18.5448,9.36162,0.4952,0.83067,0.67269,-1.832
wood_maple,27,3,682.437,0.13172,0.25843,1.96196,52.4427,26.7297,0.4903,0.24472,0.19818,-1.832
wood_maple,27,4,1337.304,0.066243,0.12818,1.93500,104.279,53.8911,0.4832,0.01358,0.011,-1.830
wood_maple,27,5,2210.659,0.039312,0.074742,1.90125,175.716,92.4213,0.4740,0.009,0.00729,-1.830
wood_maple,27,6,3302.342,0.025707,0.047875,1.86233,268.711,144.287,0.4630,0.00244,0.00198,-1.814
wood_maple,27,7,4612.363,0.017907,0.03259,1.81996,385.757,211.959,0.4505,0.00832,0.00673,-1.842
wood_maple,27,8,6140.718,0.013039,0.023149,1.77537,529.776,298.404,0.4367,0.0004,0.00033,-1.671
wood_maple,27,9,7887.413,0.0098085,0.016969,1.73003,704.262,407.081,0.4220,0.00067,0.00054,-1.874
wood_maple,27,10,9852.442,0.0075647,0.012747,1.68506,913.157,541.912,0.4065,0.00025,0.00021,-1.514
wood_maple,27,11,12035.811,0.0059504,0.009765,1.64107,1160.89,707.399,0.3906,0.00115,0.00093,-1.844
wood_maple,27,12,14437.511,0.004756,0.007604,1.59882,1452.43,908.437,0.3745,0.00028,0.00023,-1.709
wood_maple,28,1,41.203,2.2135,4.4048,1.98997,3.12074,1.56823,0.4975,0.34542,0.27935,-1.844
wood_maple,28,2,258.218,0.35147,0.69602,1.98031,19.6539,9.92465,0.4950,0.8444,0.68289,-1.844
wood_maple,28,3,723.017,0.12421,0.24349,1.96031,55.6135,28.3698,0.4899,0.23795,0.19244,-1.844
wood_maple,28,4,1416.824,0.062415,0.12057,1.93175,110.675,57.2925,0.4823,0.00314,0.00254,-1.842
wood_maple,28,5,2342.112,0.037,0.070166,1.89638,186.696,98.4488,0.4727,0.00012,0.0001,-1.584
wood_maple,28,6,3498.709,0.024163,0.04484,1.85573,285.882,154.053,0.4611,0.00559,0.00452,-1.845
wood_maple,28,7,4886.627,0.016807,0.030447,1.81157,411.005,226.878,0.4480,0.00616,0.00498,-1.847
wood_maple,28,8,6505.864,0.012218,0.02157,1.76543,565.375,320.248,0.4336,0.00072,0.00058,-1.878
wood_maple,28,9,8356.422,0.0091748,0.015769,1.71873,752.905,438.059,0.4182,0.00274,0.00221,-1.867
wood_maple,28,10,10438.298,0.0070631,0.011814,1.67264,978.006,584.709,0.4021,0.00036,0.00029,-1.878
wood_maple,28,11,12751.496,0.0055454,0.0090271,1.62785,1245.67,765.224,0.3857,0.00036,0.00029,-1.878
wood_maple,28,12,15296.009,0.0044239,0.007012,1.58503,1561.46,985.133,0.3691,0.00026,0.00021,-1.855
wood_maple,29,1,43.654,2.0892,4.1571,1.98980,3.30641,1.66168,0.4975,0.35311,0.28516,-1.856
wood_maple,29,2,273.572,0.33163,0.6565,1.97962,20.8297,10.5221,0.4949,0.85822,0.69307,-1.856
wood_maple,29,3,766.010,0.11713,0.22939,1.95842,58.9751,30.1136,0.4894,0.23029,0.18598,-1.856
wood_maple,29,4,1501.073,0.058802,0.1134,1.92851,117.475,60.9149,0.4815,0.01826,0.01475,-1.854
wood_maple,29,5,2481.381,0.034818,0.065851,1.89129,198.396,104.9,0.4713,0.00808,0.00652,-1.863
wood_maple,29,6,3706.754,0.022707,0.041981,1.84881,304.213,164.545,0.4591,0.00737,0.00595,-1.859
wood_maple,29,7,5177.202,0.01577,0.028431,1.80285,438.031,242.966,0.4453,0.0018,0.00145,-1.878
wood_maple,29,8,6892.724,0.011444,0.020087,1.75524,603.614,343.892,0.4303,0.00054,0.00043,-1.979
wood_maple,29,9,8853.322,0.0085781,0.014645,1.70725,805.278,471.68,0.4142,0.00176,0.00142,-1.864
wood_maple,29,10,11058.993,0.0065912,0.010942,1.66009,1048.03,631.306,0.3976,0.0001,8e-05,-1.938
wood_maple,29,11,13509.741,0.0051649,0.0083385,1.61446,1337.44,828.417,0.3806,0.00094,0.00076,-1.846
wood_maple,29,12,16205.559,0.0041123,0.0064609,1.57112,1679.78,1069.16,0.3635,0.00045,0.00036,-1.938
wood_maple,30,1,46.249,1.9718,3.9233,1.98970,3.50327,1.7607,0.4974,0.36109,0.29115,-1.870
wood_maple,30,2,289.839,0.3129,0.6192,1.97891,22.0766,11.1559,0.4947,0.87215,0.70322,-1.870
wood_maple,30,3,811.559,0.11044,0.21608,1.95654,62.5476,31.9685,0.4889,0.2217,0.17876,-1.870
wood_maple,30,4,1590.331,0.055393,0.10663,1.92497,124.704,64.7825,0.4805,0.0314,0.02532,-1.869
wood_maple,30,5,2628.931,0.03276,0.061783,1.88593,210.859,111.807,0.4698,0.01484,0.01197,-1.867
wood_maple,30,6,3927.169,0.021334,0.039288,1.84157,323.791,175.824,0.4570,0.00741,0.00597,-1.877
wood_maple,30,7,5485.054,0.014792,0.026535,1.79388,466.993,260.326,0.4425,0.00297,0.0024,-1.851
wood_maple,30,8,7302.585,0.010715,0.018694,1.74466,644.681,369.517,0.4268,2e-05,1e-05,-6.021
wood_maple,30,9,9379.768,0.0080166,0.013591,1.69536,861.681,508.26,0.4101,0.0011,0.00089,-1.840
wood_maple,30,10,11716.594,0.0061476,0.010126,1.64715,1123.65,682.18,0.3929,0.00035,0.00028,-1.938
wood_maple,30,11,14313.071,0.0048076,0.0076964,1.60088,1436.84,897.531,0.3753,0.00062,0.0005,-1.868
wood_maple,30,12,17169.189,0.0038202,0.0059482,1.55704,1808.22,1161.32,0.3578,0.00019,0.00016,-1.493
wood_maple,31,1,48.999,1.861,3.7027,1.98963,3.71185,1.8656,0.4974,0.36938,0.29734,-1.884
wood_maple,31,2,307.074,0.29522,0.584,1.97819,23.3987,11.8283,0.4945,0.88615,0.71332,-1.884
wood_maple,31,3,859.816,0.10413,0.20352,1.95448,66.3378,33.9414,0.4884,0.21215,0.17078,-1.884
wood_maple,31,4,1684.897,0.052175,0.10024,1.92123,132.396,68.9122,0.4795,0.04217,0.03395,-1.883
wood_maple,31,5,2785.255,0.030817,0.057947,1.88036,224.154,119.208,0.4682,0.01951,0.0157,-1.887
wood_maple,31,6,4160.690,0.020038,0.036752,1.83412,344.733,187.956,0.4548,0.00571,0.0046,-1.878
wood_maple,31,7,5811.212,0.01387,0.024752,1.78457,498.036,279.079,0.4396,0.00604,0.00486,-1.888
wood_maple,31,8,7736.819,0.010029,0.017387,1.73367,688.778,397.294,0.4232,0.00051,0.00041,-1.896
wood_maple,31,9,9937.517,0.0074881,0.012604,1.68320,922.498,548.061,0.4059,0.00239,0.00192,-1.902
wood_maple,31,10,12413.298,0.0057307,0.0093642,1.63404,1205.39,737.677,0.3880,3e-05,2e-05,-3.522
wood_maple,31,11,15164.169,0.0044723,0.007098,1.58710,1544.56,973.197,0.3699,0.00054,0.00044,-1.779
wood_maple,31,12,18190.121,0.0035464,0.0054717,1.54289,1947.82,1262.45,0.3519,0.00017,0.00014,-1.686
wood_maple,32,1,51.913,1.7564,3.4944,1.98952,3.93291,1.97681,0.4974,0.378,0.30374,-1.900
wood_maple,32,2,325.334,0.27854,0.55077,1.97735,24.7999,12.542,0.4943,0.9002,0.72334,-1.900
wood_maple,32,3,910.944,0.098174,0.19167,1.95235,70.3624,36.0398,0.4878,0.20162,0.16201,-1.900
wood_maple,32,4,1785.087,0.049139,0.094217,1.91736,140.576,73.3175,0.4785,0.05026,0.04039,-1.899
wood_maple,32,5,2950.876,0.028985,0.054332,1.87449,238.322,127.14,0.4665,0.02158,0.01734,-1.900
wood_maple,32,6,4408.098,0.018817,0.034364,1.82622,367.102,201.017,0.4524,0.00269,0.00216,-1.906
wood_maple,32,7,6156.766,0.013001,0.023076,1.77494,531.325,299.348,0.4366,0.00596,0.00479,-1.898
wood_maple,32,8,8196.875,0.0093821,0.016161,1.72254,736.27,427.434,0.4195,0.00054,0.00044,-1.779
wood_maple,32,9,10528.433,0.006991,0.01168,1.67072,988.093,591.417,0.4015,0.00048,0.00039,-1.804
wood_maple,32,10,13151.433,0.005339,0.008653,1.62072,1293.83,798.308,0.3830,0.00032,0.00025,-2.144
wood_maple,32,11,16065.879,0.0041577,0.0065409,1.57320,1661.44,1056.09,0.3644,0.00086,0.00069,-1.913
wood_maple,32,12,19271.766,0.00329,0.0050293,1.52866,2099.62,1373.5,0.3458,0.00036,0.00029,-1.878
wood_maple,33,1,55.000,1.6577,3.2978,1.98938,4.16707,2.09466,0.4973,0.38698,0.31036,-1.916
wood_maple,33,2,344.679,0.26279,0.51941,1.97652,26.2862,13.2992,0.4941,0.91428,0.73326,-1.916
wood_maple,33,3,965.111,0.092552,0.18049,1.95015,74.6365,38.2722,0.4872,0.1901,0.15247,-1.916
wood_maple,33,4,1891.233,0.046273,0.088534,1.91330,149.283,78.0238,0.4773,0.05538,0.04441,-1.917
wood_maple,33,5,3126.344,0.027256,0.050924,1.86836,253.44,135.648,0.4648,0.0208,0.01668,-1.917
wood_maple,33,6,4670.217,0.017665,0.032116,1.81806,391.042,215.088,0.4500,0.00084,0.00067,-1.964
wood_maple,33,7,6522.866,0.012182,0.021501,1.76498,567.046,321.276,0.4334,0.00278,0.00223,-1.915
wood_maple,33,8,8684.287,0.0087733,0.015012,1.71110,787.361,460.149,0.4156,9e-05,7e-05,-2.183
wood_maple,33,9,11154.486,0.0065235,0.010817,1.65816,1058.9,638.602,0.3969,0.00191,0.00153,-1.927
wood_maple,33,10,13933.457,0.0049711,0.0079896,1.60721,1389.58,864.593,0.3778,5e-05,4e-05,-1.938
wood_maple,33,11,17021.205,0.0038628,0.0060227,1.55915,1788.28,1146.95,0.3586,0.00015,0.00012,-1.938
wood_maple,34,1,58.270,1.5646,3.1123,1.98920,4.41503,2.2195,0.4973,0.39634,0.31723,-1.934
wood_maple,34,2,365.175,0.24792,0.4898,1.97564,27.8628,14.1032,0.4938,0.92833,0.74304,-1.934
wood_maple,34,3,1022.500,0.087245,0.16993,1.94773,79.1765,40.6506,0.4866,0.1776,0.14215,-1.934
wood_maple,34,4,2003.692,0.043569,0.083173,1.90899,158.547,83.0529,0.4762,0.05734,0.04589,-1.935
wood_maple,34,5,3312.246,0.025624,0.047713,1.86204,269.581,144.777,0.4629,0.01729,0.01384,-1.933
wood_maple,34,6,4947.922,0.016578,0.030001,1.80969,416.682,230.251,0.4474,0.00386,0.00309,-1.933
wood_maple,34,7,6910.735,0.01141,0.020022,1.75478,605.412,345.008,0.4301,0.00171,0.00137,-1.926
wood_maple,34,8,9200.681,0.0082002,0.013935,1.69935,842.389,495.713,0.4115,0.00041,0.00033,-1.885
wood_maple,34,9,11817.766,0.0060839,0.010009,1.64516,1135.42,690.154,0.3922,0.00127,0.00102,-1.904
wood_maple,34,10,14761.982,0.0046257,0.0073712,1.59353,1493.34,937.128,0.3725,0.00027,0.00022,-1.779
wood_maple,34,11,18033.338,0.0035863,0.0055409,1.54502,1926.15,1246.68,0.3528,0.00062,0.00049,-2.044
wood_maple,35,1,61.735,1.4767,2.9371,1.98896,4.67783,2.3519,0.4972,0.40609,0.32435,-1.952
wood_maple,35,2,386.889,0.23389,0.46186,1.97469,29.5342,14.9564,0.4936,0.94231,0.75264,-1.952
wood_maple,35,3,1083.301,0.082237,0.15997,1.94523,83.9981,43.1816,0.4859,0.16412,0.13109,-1.952
wood_maple,35,4,2122.838,0.041017,0.078117,1.90450,168.412,88.4283,0.4749,0.05607,0.04478,-1.953
wood_maple,35,5,3509.203,0.024086,0.044687,1.85531,286.795,154.581,0.4610,0.01152,0.0092,-1.953
wood_maple,35,6,5242.142,0.015554,0.028012,1.80095,444.114,246.6,0.4447,0.00544,0.00434,-1.962
wood_maple,35,7,7321.670,0.010683,0.018633,1.74417,646.612,370.727,0.4267,0.00483,0.00386,-1.947
wood_maple,35,8,9747.783,0.0076609,0.012926,1.68727,901.69,534.408,0.4073,0.00045,0.00036,-1.938
wood_maple,35,9,12520.488,0.0056708,0.0092552,1.63208,1218.13,746.365,0.3873,0.0013,0.00104,-1.938
wood_maple,35,10,15639.778,0.0043016,0.0067952,1.57969,1605.86,1016.56,0.3670,0.00013,0.0001,-2.279
wood_maple,35,11,19105.660,0.0033273,0.0050935,1.53082,2076.08,1356.19,0.3467,0.00073,0.00058,-1.998
wood_maple,36,1,65.406,1.3937,2.7718,1.98881,4.95641,2.49215,0.4972,0.41625,0.33174,-1.971
wood_maple,36,2,409.895,0.22065,0.43549,1.97367,31.3064,15.862,0.4933,0.95614,0.76201,-1.971
wood_maple,36,3,1147.717,0.07751,0.15057,1.94259,89.1208,45.8774,0.4852,0.14971,0.11931,-1.971
wood_maple,36,4,2249.068,0.038608,0.073349,1.89984,178.92,94.1765,0.4736,0.05164,0.04116,-1.970
wood_maple,36,5,3717.870,0.022634,0.041837,1.84841,305.194,165.111,0.4590,0.00435,0.00347,-1.963
wood_maple,36,6,5553.855,0.014588,0.02614,1.79188,473.523,264.26,0.4419,0.00502,0.004,-1.973
wood_maple,36,7,7757.038,0.0099986,0.01733,1.73324,690.872,398.601,0.4231,0.00457,0.00364,-1.976
wood_maple,36,8,10327.415,0.0071535,0.011982,1.67498,965.647,576.511,0.4030,0,0,
wood_maple,36,9,13264.993,0.0052827,0.0085513,1.61874,1307.62,807.802,0.3822,0.00145,0.00116,-1.938
wood_maple,36,10,16569.766,0.0039977,0.0062592,1.56570,1727.93,1103.62,0.3613,0.00018,0.00014,-2.183
wood_maple,37,1,69.296,1.3153,2.6158,1.98875,5.25185,2.64078,0.4972,0.42685,0.33942,-1.991
wood_maple,37,2,434.268,0.20815,0.41061,1.97266,33.1864,16.8232,0.4931,0.96974,0.77111,-1.991
wood_maple,37,3,1215.964,0.073049,0.14171,1.93993,94.5633,48.7457,0.4845,0.13442,0.10689,-1.991
wood_maple,37,4,2382.804,0.036336,0.068853,1.89490,190.108,100.326,0.4723,0.04431,0.03523,-1.992
wood_maple,37,5,3938.946,0.021265,0.039152,1.84115,324.842,176.434,0.4569,0.00305,0.00243,-1.974
wood_maple,37,6,5884.104,0.013678,0.024381,1.78250,505.027,283.325,0.4390,0.00278,0.00221,-1.993
wood_maple,37,7,8218.295,0.0093537,0.016108,1.72210,738.505,428.84,0.4193,0.00113,0.0009,-1.977
wood_maple,37,8,10941.516,0.0066763,0.011098,1.66230,1034.67,622.432,0.3984,0.00042,0.00033,-2.095
wood_maple,37,9,14053.771,0.0049183,0.0078947,1.60517,1404.5,874.986,0.3770,0.001,0.00079,-2.047
wood_maple,37,10,17555.055,0.0037127,0.0057607,1.55162,1860.57,1199.12,0.3555,0.00022,0.00017,-2.239
wood_maple,38,1,73.416,1.2414,2.4685,1.98848,5.56449,2.79836,0.4971,0.43791,0.34741,-2.011
wood_maple,38,2,460.091,0.19636,0.38711,1.97143,35.179,17.8444,0.4928,0.98302,0.77986,-2.011
wood_maple,38,3,1288.269,0.068839,0.13334,1.93698,100.347,51.8056,0.4837,0.11836,0.0939,-2.011
wood_maple,38,4,2524.494,0.034192,0.064613,1.88971,202.028,106.91,0.4708,0.03451,0.02738,-2.010
wood_maple,38,5,4173.169,0.019973,0.036624,1.83368,345.855,188.613,0.4546,0.00938,0.00744,-2.013
wood_maple,38,6,6233.993,0.01282,0.022727,1.77278,538.826,303.945,0.4359,0.00043,0.00034,-2.040
wood_maple,38,7,8706.981,0.0087466,0.014962,1.71061,789.765,461.687,0.4154,0.0029,0.0023,-2.013
wood_maple,38,8,11592.133,0.0062276,0.010273,1.64959,1109.22,672.418,0.3938,0.00027,0.00021,-2.183
wood_maple,38,9,14889.454,0.0045761,0.0072828,1.59149,1509.53,948.503,0.3717,0.00132,0.00104,-2.071
wood_maple,38,10,18598.936,0.0034457,0.0052976,1.53745,2004.75,1303.94,0.3496,0,0,
wood_maple,39,1,77.782,1.1716,2.3295,1.98831,5.896,2.96534,0.4971,0.44944,0.35571,-2.032
wood_maple,39,2,487.450,0.18522,0.36494,1.97031,37.2949,18.9285,0.4925,0.99589,0.78821,-2.031
wood_maple,39,3,1364.874,0.064865,0.12544,1.93386,106.494,55.0682,0.4829,0.10163,0.08044,-2.031
wood_maple,39,4,2674.608,0.032169,0.060615,1.88427,214.733,113.961,0.4693,0.02289,0.01812,-2.030
wood_maple,39,5,4421.318,0.018755,0.034244,1.82586,368.315,201.722,0.4523,0.01341,0.01061,-2.034
wood_maple,39,6,6604.685,0.012011,0.021174,1.76288,575.119,326.238,0.4327,0.00322,0.00255,-2.026
wood_maple,39,7,9224.726,0.0081751,0.013888,1.69882,844.975,497.39,0.4113,0.00428,0.00338,-2.051
wood_maple,39,8,12281.437,0.0058058,0.0095011,1.63648,1189.8,727.048,0.3889,0.00023,0.00018,-2.129
wood_maple,39,9,15774.826,0.0042551,0.006713,1.57764,1623.41,1029.01,0.3661,0.00104,0.00082,-2.064
wood_maple,39,10,19704.885,0.0031957,0.0048676,1.52317,2161.58,1419.13,0.3435,0.00019,0.00015,-2.053
wood_maple,40,1,82.407,1.1057,2.1983,1.98815,6.2474,3.14232,0.4970,0.46147,0.36437,-2.052
wood_maple,40,2,516.435,0.17471,0.34402,1.96909,39.5384,20.0795,0.4921,1.00822,0.79608,-2.052
wood_maple,40,3,1446.033,0.061114,0.11799,1.93065,113.031,58.5453,0.4820,0.0844,0.06664,-2.052
wood_maple,40,4,2833.648,0.03026,0.056847,1.87862,228.28,121.515,0.4677,0.01028,0.00811,-2.059
wood_maple,40,5,4684.223,0.017607,0.032003,1.81763,392.33,215.847,0.4499,0.01429,0.01129,-2.047
wood_maple,40,6,6997.419,0.01125,0.019715,1.75244,614.023,350.381,0.4294,0.00431,0.00341,-2.034
wood_maple,40,7,9773.255,0.0076373,0.012882,1.68672,904.476,536.233,0.4071,0.00183,0.00144,-2.082
wood_maple,40,8,13011.728,0.0054096,0.0087808,1.62319,1276.94,786.689,0.3839,0.00036,0.00028,-2.183
wood_maple,40,9,16712.844,0.0039541,0.0061827,1.56362,1746.99,1117.27,0.3605,0.00093,0.00074,-1.985
wood_maple,41,1,87.307,1.0435,2.0745,1.98802,6.61979,3.32984,0.4970,0.47402,0.3734,-2.072
wood_maple,41,2,547.144,0.16479,0.32427,1.96778,41.9185,21.3025,0.4918,1.0199,0.8034,-2.073
wood_maple,41,3,1532.019,0.057575,0.11096,1.92723,119.978,62.2545,0.4811,0.06686,0.05267,-2.072
wood_maple,41,4,3002.146,0.028458,0.053295,1.87276,242.735,129.614,0.4660,0.00234,0.00184,-2.088
wood_maple,41,5,4962.762,0.016524,0.029895,1.80919,418.044,231.067,0.4473,0.01181,0.0093,-2.075
wood_maple,41,6,7413.508,0.010532,0.018345,1.74183,655.883,376.547,0.4259,0.00316,0.00249,-2.070
wood_maple,41,7,10354.404,0.0071313,0.011941,1.67445,968.653,578.49,0.4028,0.00215,0.00169,-2.091
wood_maple,41,8,13785.447,0.0050374,0.0081088,1.60972,1371.29,851.884,0.3788,7e-05,6e-05,-1.339
wood_maple,41,9,17706.645,0.0036719,0.0056896,1.54950,1881.25,1214.1,0.3546,0.00126,0.00099,-2.095
wood_maple,42,1,92.499,0.98486,1.9576,1.98769,7.01395,3.52869,0.4969,0.48713,0.38283,-2.093
wood_maple,42,2,579.679,0.15543,0.30563,1.96635,44.4429,22.6017,0.4914,1.03079,0.81008,-2.093
wood_maple,42,3,1623.117,0.054235,0.10433,1.92367,127.367,66.2106,0.4802,0.04925,0.03871,-2.092
wood_maple,42,4,3180.663,0.026759,0.049947,1.86655,258.147,138.302,0.4642,0.01388,0.01091,-2.091
wood_maple,42,5,5257.863,0.015502,0.027912,1.80054,445.604,247.483,0.4446,0.00654,0.00514,-2.092
wood_maple,42,6,7854.338,0.0098561,0.01706,1.73091,700.861,404.909,0.4223,0.00038,0.0003,-2.053
wood_maple,42,7,10970.108,0.0066554,0.01106,1.66181,1037.92,624.571,0.3982,0.00366,0.00287,-2.112
wood_maple,42,8,14605.171,0.0046879,0.0074823,1.59609,1473.53,923.213,0.3735,0.00034,0.00027,-2.002
wood_maple,42,9,18759.535,0.0034075,0.0052315,1.53529,2027.22,1320.42,0.3487,0.00021,0.00016,-2.362
wood_maple,43,1,97.999,0.92946,1.8472,1.98739,7.43201,3.73958,0.4968,0.50083,0.39269,-2.113
wood_maple,43,2,614.148,0.14659,0.28803,1.96487,47.123,23.9828,0.4911,1.04073,0.81603,-2.113
wood_maple,43,3,1719.633,0.051082,0.098073,1.91991,135.229,70.4348,0.4791,0.03185,0.02497,-2.114
wood_maple,43,4,3369.794,0.025156,0.046792,1.86007,274.597,147.627,0.4624,0.02326,0.01824,-2.112
wood_maple,43,5,5570.511,0.01454,0.026046,1.79133,475.086,265.214,0.4418,0.00015,0.00011,-2.694
wood_maple,43,6,8321.380,0.0092196,0.015854,1.71960,749.247,435.711,0.4185,0.00243,0.00191,-2.091
wood_maple,43,7,11622.424,0.006208,0.010237,1.64900,1112.72,674.783,0.3936,0.00111,0.00087,-2.116
wood_maple,43,8,15473.639,0.00436,0.0068986,1.58225,1584.35,1001.33,0.3680,1e-05,1e-05,+0.000
wood_maple,43,9,19875.033,0.0031599,0.0048064,1.52106,2186.07,1437.2,0.3426,0.00124,0.00097,-2.133
wood_maple,44,1,103.826,0.87718,1.7431,1.98716,7.87496,3.96291,0.4968,0.51514,0.40302,-2.132
wood_maple,44,2,650.668,0.13825,0.27143,1.96333,49.9657,25.4495,0.4907,1.04958,0.82115,-2.132
wood_maple,44,3,1821.888,0.048107,0.092171,1.91596,143.591,74.945,0.4781,0.01497,0.01171,-2.133
wood_maple,44,4,3570.173,0.023644,0.04382,1.85332,292.157,157.639,0.4604,0.0295,0.02308,-2.132
wood_maple,44,5,5901.751,0.013632,0.024293,1.78206,506.731,284.352,0.4388,0.00636,0.00497,-2.142
wood_maple,44,6,8816.196,0.0086203,0.014724,1.70806,801.336,469.149,0.4145,0.00352,0.00276,-2.113
wood_maple,44,7,12313.531,0.0057874,0.0094675,1.63588,1193.59,729.628,0.3887,0.00252,0.00197,-2.139
wood_maple,44,8,16393.750,0.0040524,0.0063554,1.56831,1704.61,1086.91,0.3624,0.00031,0.00024,-2.223
wood_maple,45,1,110.000,0.82783,1.6448,1.98688,8.34441,4.19975,0.4967,0.5301,0.41384,-2.151
wood_maple,45,2,689.358,0.13038,0.25576,1.96165,52.9817,27.0087,0.4902,1.05714,0.82531,-2.150
wood_maple,45,3,1930.223,0.0453,0.086604,1.91179,152.489,79.7625,0.4769,0.00104,0.00081,-2.171
wood_maple,45,4,3782.467,0.022217,0.04102,1.84633,310.922,168.4,0.4584,0.03188,0.02489,-2.150
wood_maple,45,5,6252.688,0.012777,0.022644,1.77225,540.64,305.059,0.4358,0.01017,0.00794,-2.150
wood_maple,45,6,9340.435,0.0080563,0.013665,1.69619,857.435,505.507,0.4104,0.00215,0.00168,-2.143
wood_maple,45,7,13045.731,0.0053922,0.0087494,1.62260,1281.06,789.512,0.3837,0.00275,0.00215,-2.138
wood_maple,45,8,17368.574,0.003764,0.0058501,1.55422,1835.22,1180.79,0.3566,3e-05,2e-05,-3.522
wood_maple,46,1,116.541,0.78125,1.552,1.98656,8.84193,4.45087,0.4966,0.54574,0.4252,-2.168
wood_maple,46,2,730.350,0.12295,0.24097,1.95990,56.1834,28.6665,0.4898,1.06321,0.82837,-2.168
wood_maple,46,3,2045.000,0.04265,0.081353,1.90746,161.964,84.9109,0.4757,0.0158,0.01231,-2.168
wood_maple,46,4,4007.384,0.020872,0.038382,1.83892,330.958,179.974,0.4562,0.03007,0.02343,-2.167
wood_maple,46,5,6624.492,0.011971,0.021096,1.76226,577.041,327.444,0.4325,0.01029,0.00801,-2.176
wood_maple,46,6,9895.846,0.0075255,0.012674,1.68414,917.913,545.034,0.4062,0.00069,0.00054,-2.129
wood_maple,46,7,13821.472,0.0050211,0.0080795,1.60911,1375.75,854.973,0.3785,0.00068,0.00053,-2.165
wood_maple,46,8,18401.363,0.0034938,0.0053806,1.54004,1977.15,1283.83,0.3507,0.00027,0.00021,-2.183
wood_maple,47,1,123.471,0.73729,1.4645,1.98633,9.36912,4.7168,0.4965,0.56211,0.43712,-2.184
wood_maple,47,2,773.778,0.11593,0.22701,1.95816,59.5856,30.4293,0.4893,1.06756,0.83018,-2.184
wood_maple,47,3,2166.602,0.04015,0.076401,1.90289,172.049,90.4145,0.4745,0.02891,0.02248,-2.185
wood_maple,47,4,4245.675,0.019602,0.035899,1.83139,352.401,192.422,0.4540,0.02425,0.01886,-2.183
wood_maple,47,5,7018.405,0.011211,0.019642,1.75203,616.159,351.683,0.4292,0.00662,0.00515,-2.181
wood_maple,47,6,10484.283,0.0070261,0.011746,1.67177,983.156,588.094,0.4018,0.0028,0.00218,-2.174
wood_maple,47,7,14643.339,0.0046727,0.007455,1.59544,1478.32,926.594,0.3732,0.00287,0.00223,-2.192
wood_maple,47,8,19495.564,0.0032407,0.0049447,1.52581,2131.56,1397,0.3446,0.00011,9e-05,-1.743
wood_maple,48,1,130.813,0.69579,1.3818,1.98594,9.92793,4.9991,0.4965,0.57923,0.44964,-2.200
wood_maple,48,2,819.790,0.10931,0.21384,1.95627,63.1942,32.3034,0.4888,1.06994,0.83055,-2.200
wood_maple,48,3,2295.435,0.037791,0.07173,1.89807,182.788,96.3022,0.4732,0.03997,0.03103,-2.199
wood_maple,48,4,4498.136,0.018406,0.033562,1.82343,375.299,205.821,0.4516,0.0152,0.0118,-2.199
wood_maple,48,5,7435.741,0.010496,0.018276,1.74123,658.132,377.969,0.4257,0.00056,0.00044,-2.095
wood_maple,48,6,11107.711,0.0065565,0.010878,1.65912,1053.57,635.021,0.3972,0.00241,0.00187,-2.204
wood_maple,48,7,15514.076,0.0043457,0.0068732,1.58161,1589.56,1005.03,0.3677,0.00055,0.00042,-2.342
wood_maple,49,1,138.591,0.65662,1.3038,1.98562,10.5202,5.29817,0.4964,0.59714,0.46278,-2.214
wood_maple,49,2,868.537,0.10306,0.2014,1.95420,67.0265,34.2987,0.4883,1.07006,0.82929,-2.214
wood_maple,49,3,2431.929,0.035564,0.067326,1.89309,194.234,102.602,0.4718,0.0486,0.03767,-2.213
wood_maple,49,4,4765.610,0.017277,0.031361,1.81519,399.824,220.266,0.4491,0.00426,0.0033,-2.218
wood_maple,49,5,7877.894,0.0098222,0.016995,1.73026,703.28,406.458,0.4221,0.00536,0.00415,-2.222
wood_maple,49,6,11768.211,0.006115,0.010066,1.64612,1129.64,686.246,0.3925,0.00014,0.00011,-2.095
wood_maple,49,7,16436.594,0.004039,0.0063318,1.56767,1710.26,1090.96,0.3621,0.00247,0.00191,-2.233
wood_maple,50,1,146.832,0.61965,1.2302,1.98531,11.1478,5.61515,0.4963,0.61586,0.47658,-2.227
wood_maple,50,2,920.183,0.097168,0.18967,1.95198,71.0908,36.4199,0.4877,1.06763,0.82617,-2.227
wood_maple,50,3,2576.538,0.033464,0.063173,1.88779,206.423,109.347,0.4703,0.05446,0.04214,-2.228
wood_maple,50,4,5048.987,0.016213,0.029291,1.80664,426.063,235.832,0.4465,0.00678,0.00525,-2.221
wood_maple,50,5,8346.337,0.0091876,0.015794,1.71906,751.856,437.366,0.4183,0.00846,0.00654,-2.236
wood_maple,50,6,12467.984,0.0057,0.0093083,1.63304,1211.89,742.107,0.3876,0.00237,0.00184,-2.199
wood_maple,50,7,17413.963,0.0037514,0.0058282,1.55361,1841.38,1185.23,0.3563,0.00098,0.00076,-2.208
wood_maple,51,1,155.563,0.58476,1.1607,1.98492,11.813,5.95137,0.4962,0.63541,0.49105,-2.239
wood_maple,51,2,974.900,0.091602,0.1786,1.94974,75.4105,38.6772,0.4871,1.06232,0.82096,-2.239
wood_maple,51,3,2729.748,0.031481,0.059258,1.88234,219.426,116.571,0.4687,0.05727,0.04426,-2.238
wood_maple,51,4,5349.216,0.015209,0.027343,1.79782,454.189,252.633,0.4438,0.0159,0.01229,-2.237
wood_maple,51,5,8842.636,0.0085902,0.014667,1.70741,804.144,470.973,0.4143,0.00716,0.00554,-2.228
wood_maple,51,6,13209.369,0.0053102,0.0086009,1.61969,1300.85,803.143,0.3826,0.00198,0.00153,-2.239
wood_maple,51,7,18449.451,0.003482,0.0053602,1.53940,1983.85,1288.71,0.3504,0.00217,0.00168,-2.223
wood_maple,52,1,164.814,0.55182,1.0951,1.98452,12.5181,6.30788,0.4961,0.65584,0.50622,-2.249
wood_maple,52,2,1032.870,0.086349,0.16815,1.94733,79.9981,41.0809,0.4865,1.05378,0.81339,-2.249
wood_maple,52,3,2892.067,0.029611,0.055568,1.87660,233.283,124.312,0.4671,0.05686,0.04389,-2.249
wood_maple,52,4,5667.296,0.014263,0.025512,1.78868,484.313,270.765,0.4409,0.02129,0.01643,-2.251
wood_maple,52,5,9368.446,0.008028,0.013612,1.69557,860.458,507.475,0.4102,0.00212,0.00163,-2.283
wood_maple,52,6,13994.839,0.004944,0.007941,1.60619,1397.2,869.885,0.3774,0.0006,0.00047,-2.121
wood_maple,52,7,19546.512,0.0032297,0.0049258,1.52516,2138.82,1402.36,0.3443,0.00083,0.00064,-2.258
wood_maple,53,1,174.614,0.52074,1.0331,1.98391,13.2653,6.68643,0.4960,0.67713,0.52211,-2.258
wood_maple,53,2,1094.288,0.081391,0.15829,1.94481,84.8712,43.6399,0.4858,1.04165,0.80317,-2.258
wood_maple,53,3,3064.038,0.027847,0.052089,1.87054,248.061,132.614,0.4654,0.05322,0.04104,-2.257
wood_maple,53,4,6004.292,0.013372,0.02379,1.77909,516.584,290.364,0.4379,0.02172,0.01675,-2.257
wood_maple,53,5,9925.523,0.0074988,0.012624,1.68347,921.181,547.192,0.4060,0.00385,0.00297,-2.254
wood_maple,53,6,14827.017,0.0046003,0.0073259,1.59248,1501.59,942.922,0.3720,0.00228,0.00176,-2.248
wood_maple,54,1,184.997,0.49139,0.9747,1.98356,14.0576,7.08706,0.4959,0.69931,0.53871,-2.266
wood_maple,54,2,1159.358,0.076712,0.14899,1.94220,90.0479,46.3639,0.4851,1.02553,0.79001,-2.266
wood_maple,54,3,3246.235,0.026182,0.048811,1.86430,263.836,141.52,0.4636,0.04649,0.03582,-2.265
wood_maple,54,4,6361.325,0.012531,0.022172,1.76937,551.253,311.553,0.4348,0.01699,0.01309,-2.265
wood_maple,54,5,10515.726,0.0070011,0.011699,1.67102,986.667,590.457,0.4016,0.00707,0.00544,-2.276
wood_maple,54,6,15708.676,0.0042778,0.0067531,1.57864,1614.79,1022.9,0.3665,0.00091,0.0007,-2.279
wood_maple,55,1,195.998,0.4637,0.91954,1.98305,14.897,7.51219,0.4957,0.72235,0.55601,-2.273
wood_maple,55,2,1228.297,0.072296,0.14021,1.93939,95.5482,49.2672,0.4844,1.00501,0.77359,-2.273
wood_maple,55,3,3439.267,0.024612,0.045722,1.85771,280.666,151.082,0.4617,0.03703,0.02851,-2.271
wood_maple,55,4,6739.590,0.01174,0.020653,1.75920,588.395,334.467,0.4316,0.0082,0.00631,-2.276
wood_maple,55,5,11141.024,0.0065329,0.010834,1.65838,1057.38,637.6,0.3970,0.00536,0.00413,-2.264
wood_maple,55,6,16642.764,0.0039753,0.0062199,1.56464,1737.67,1110.59,0.3609,0.00161,0.00124,-2.268
wood_maple,56,1,207.652,0.43756,0.86747,1.98252,15.787,7.96311,0.4956,0.74622,0.574,-2.279
wood_maple,56,2,1301.335,0.068128,0.13192,1.93636,101.394,52.3632,0.4836,0.9797,0.75359,-2.279
wood_maple,56,3,3643.776,0.02313,0.042811,1.85089,298.649,161.355,0.4597,0.02542,0.01956,-2.276
wood_maple,56,4,7140.346,0.010994,0.019225,1.74868,628.32,359.311,0.4282,0.00238,0.00183,-2.283
wood_maple,56,5,11803.503,0.0060928,0.010026,1.64555,1133.76,688.984,0.3923,0.0001,8e-05,-1.938
wood_maple,56,6,17632.393,0.0036918,0.0057242,1.55052,1871.11,1206.76,0.3551,0.00158,0.00121,-2.317
wood_maple,57,1,220.000,0.41288,0.81833,1.98200,16.7307,8.44128,0.4955,0.77088,0.59262,-2.284
wood_maple,57,2,1378.716,0.064194,0.12411,1.93336,107.607,55.6583,0.4828,0.9492,0.72971,-2.284
wood_maple,57,3,3860.446,0.021733,0.04007,1.84374,317.846,172.392,0.4576,0.01247,0.00959,-2.281
wood_maple,57,4,7564.933,0.010291,0.017886,1.73802,671.242,386.21,0.4246,0.01167,0.00897,-2.286
wood_maple,57,5,12505.376,0.0056792,0.0092704,1.63234,1216.33,745.141,0.3874,0.00515,0.00396,-2.282
wood_maple,57,6,18680.869,0.0034261,0.0052637,1.53635,2016.22,1312.34,0.3491,0.00092,0.00071,-2.251
wood_maple,58,1,233.082,0.38959,0.77195,1.98144,17.7308,8.94845,0.4953,0.79627,0.61185,-2.288
wood_maple,58,2,1460.699,0.060481,0.11673,1.93003,114.214,59.1772,0.4819,0.91319,0.70169,-2.288
wood_maple,58,3,4090.000,0.020415,0.037488,1.83630,338.367,184.266,0.4554,0.00081,0.00062,-2.322
wood_maple,58,4,8014.767,0.0096289,0.016629,1.72699,717.398,415.404,0.4209,0.01669,0.01283,-2.285
wood_maple,58,5,13248.983,0.0052906,0.0085655,1.61900,1305.67,806.463,0.3823,0.0056,0.00431,-2.274
wood_maple,58,6,19791.689,0.0031773,0.0048362,1.52211,2174.1,1428.34,0.3430,0.00169,0.0013,-2.279
wood_maple,59,1,246.942,0.36761,0.72817,1.98082,18.791,9.48646,0.4952,0.82232,0.63161,-2.292
wood_maple,59,2,1547.557,0.056977,0.10977,1.92657,121.238,62.9294,0.4810,0.87137,0.66929,-2.292
wood_maple,59,3,4333.204,0.019172,0.035057,1.82855,360.304,197.044,0.4531,0.01327,0.01019,-2.294
wood_maple,59,4,8491.351,0.0090057,0.01545,1.71558,767.043,447.104,0.4171,0.01566,0.01203,-2.291
wood_maple,59,5,14036.810,0.0049257,0.007908,1.60546,1402.39,873.515,0.3771,0.00102,0.00078,-2.330
wood_maple,60,1,261.626,0.34686,0.68684,1.98016,19.9151,10.0573,0.4950,0.84891,0.65182,-2.295
wood_maple,60,2,1639.579,0.053671,0.10321,1.92301,128.706,66.9291,0.4800,0.82355,0.63235,-2.295
wood_maple,60,3,4590.869,0.017999,0.032769,1.82060,383.785,210.802,0.4507,0.0237,0.0182,-2.294
wood_maple,60,4,8996.271,0.008419,0.014345,1.70388,820.496,481.544,0.4131,0.00882,0.00677,-2.298
wood_maple,60,5,14871.481,0.0045831,0.0072952,1.59176,1507.22,946.89,0.3718,0.00425,0.00326,-2.303
wood_maple,61,1,277.183,0.32728,0.64784,1.97947,21.1066,10.6627,0.4948,0.87594,0.67239,-2.297
wood_maple,61,2,1737.074,0.05055,0.097017,1.91923,136.652,71.2015,0.4790,0.76963,0.59078,-2.297
wood_maple,61,3,4863.857,0.016894,0.030615,1.81218,408.888,225.633,0.4482,0.03097,0.02378,-2.295
wood_maple,61,4,9531.220,0.0078668,0.013311,1.69205,878.09,518.951,0.4090,0.00119,0.00091,-2.330
wood_maple,61,5,15755.788,0.0042616,0.0067245,1.57793,1620.93,1027.25,0.3662,0.00479,0.00368,-2.290
wood_maple,62,1,293.665,0.3088,0.61103,1.97872,22.3697,11.3051,0.4946,0.90326,0.69322,-2.299
wood_maple,62,2,1840.366,0.047605,0.091175,1.91524,145.106,75.7637,0.4779,0.70966,0.54464,-2.299
wood_maple,62,3,5153.077,0.015851,0.028589,1.80361,435.793,241.623,0.4455,0.0342,0.02625,-2.298
wood_maple,62,4,10097.975,0.0073472,0.012342,1.67982,940.189,559.695,0.4047,0.0101,0.00775,-2.300
wood_maple,62,5,16692.674,0.0039602,0.0061934,1.56391,1744.29,1115.34,0.3606,1e-05,1e-05,+0.000
wood_maple,63,1,311.127,0.29135,0.57628,1.97796,23.7095,11.9868,0.4944,0.93072,0.71418,-2.300
wood_maple,63,2,1949.800,0.044826,0.085665,1.91106,154.102,80.6368,0.4767,0.64388,0.49408,-2.300
wood_maple,63,3,5459.495,0.014869,0.026684,1.79461,464.574,258.873,0.4428,0.03292,0.02526,-2.301
wood_maple,63,4,10698.432,0.0068584,0.011435,1.66730,1007.2,604.089,0.4002,0.01375,0.01055,-2.301
wood_maple,63,5,17685.271,0.0036776,0.0056995,1.54979,1878.33,1211.99,0.3548,0.00445,0.00341,-2.312
wood_maple,64,1,329.628,0.27488,0.54349,1.97719,25.1301,12.71,0.4942,0.95817,0.73516,-2.301
wood_maple,64,2,2065.741,0.042203,0.080467,1.90667,163.679,85.8458,0.4755,0.57274,0.43943,-2.301
wood_maple,64,3,5784.133,0.013942,0.024892,1.78540,495.464,277.509,0.4399,0.0272,0.02087,-2.301
wood_maple,64,4,11334.593,0.0063988,0.010587,1.65453,1079.54,652.475,0.3956,0.01023,0.00785,-2.300
wood_maple,64,5,18736.893,0.0034128,0.0052408,1.53563,2024.07,1318.07,0.3488,0.00296,0.00227,-2.305
wood_maple,65,1,349.228,0.25934,0.51253,1.97629,26.6359,13.4778,0.4940,0.98546,0.75604,-2.302
wood_maple,65,2,2188.576,0.039728,0.075565,1.90206,173.876,91.4147,0.4743,0.4969,0.38122,-2.302
wood_maple,65,3,6128.076,0.013069,0.023207,1.77573,528.56,297.658,0.4368,0.0178,0.01366,-2.299
wood_maple,65,4,12008.584,0.0059668,0.009795,1.64158,1157.7,705.233,0.3908,0.00137,0.00105,-2.311
wood_maple,65,5,19851.047,0.0031649,0.0048149,1.52134,2182.61,1434.66,0.3427,0.00241,0.00185,-2.297
wood_maple,66,1,369.994,0.24467,0.48332,1.97540,28.2329,14.2923,0.4938,1.01246,0.77673,-2.302
wood_maple,66,2,2318.715,0.037392,0.070942,1.89725,184.739,97.3719,0.4729,0.41727,0.32012,-2.302
wood_maple,66,3,6492.470,0.012246,0.021625,1.76588,564.083,319.434,0.4337,0.00614,0.00471,-2.303
wood_maple,66,4,12722.650,0.0055608,0.0090551,1.62838,1242.22,762.858,0.3859,0.00772,0.00592,-2.306
wood_maple,67,1,391.995,0.23082,0.45574,1.97444,29.927,15.1572,0.4935,1.03906,0.79716,-2.302
wood_maple,67,2,2456.594,0.035188,0.066583,1.89221,196.31,103.747,0.4715,0.33504,0.25704,-2.302
wood_maple,67,3,6878.532,0.011471,0.020138,1.75556,602.193,343.021,0.4304,0.00584,0.00448,-2.303
wood_maple,67,4,13479.179,0.0051794,0.0083646,1.61497,1333.7,825.832,0.3808,0.01134,0.0087,-2.302
wood_maple,68,1,415.305,0.21775,0.42972,1.97346,31.7233,16.075,0.4933,1.06522,0.81729,-2.301
wood_maple,68,2,2602.670,0.033109,0.062473,1.88689,208.637,110.572,0.4700,0.25159,0.19303,-2.301
wood_maple,68,3,7287.551,0.01074,0.018742,1.74507,643.18,368.571,0.4269,0.01597,0.01225,-2.303
wood_maple,68,4,14280.692,0.0048212,0.0077207,1.60141,1432.79,894.706,0.3755,0.00704,0.0054,-2.304
wood_maple,69,1,440.000,0.20541,0.40515,1.97240,33.6291,17.0499,0.4930,1.09095,0.83713,-2.300
wood_maple,69,2,2757.433,0.031147,0.058598,1.88134,221.779,117.884,0.4685,0.16854,0.12933,-2.300
wood_maple,69,3,7720.892,0.010052,0.017432,1.73418,687.202,396.269,0.4233,0.02223,0.01706,-2.299
wood_maple,69,4,15129.866,0.0044851,0.0071207,1.58763,1540.16,970.095,0.3701,0.00207,0.00159,-2.291
wood_maple,70,1,466.164,0.19377,0.38197,1.97125,35.6492,18.0845,0.4927,1.1163,0.85673,-2.299
wood_maple,70,2,2921.398,0.029296,0.054945,1.87551,235.792,125.721,0.4668,0.08766,0.06727,-2.300
wood_maple,70,3,8180.000,0.0094045,0.016204,1.72300,734.516,426.299,0.4196,0.02325,0.01785,-2.296
wood_maple,70,4,16029.535,0.0041697,0.006562,1.57373,1656.66,1052.69,0.3646,0.00889,0.00682,-2.302
wood_maple,71,1,493.883,0.18278,0.36009,1.97007,37.7927,19.1834,0.4924,1.14141,0.87619,-2.297
wood_maple,71,2,3095.114,0.027549,0.051502,1.86947,250.744,134.126,0.4651,0.01081,0.0083,-2.295
wood_maple,71,3,8666.408,0.0087944,0.015052,1.71154,785.472,458.926,0.4157,0.01878,0.01442,-2.295
wood_maple,71,4,16982.701,0.003874,0.0060423,1.55971,1783.11,1143.23,0.3589,0.00773,0.00594,-2.288
wood_maple,72,1,523.251,0.17241,0.33943,1.96874,40.0659,20.351,0.4921,1.16642,0.89562,-2.295
wood_maple,72,2,3279.159,0.025901,0.048258,1.86317,266.698,143.142,0.4633,0.06008,0.04613,-2.295
wood_maple,72,3,9181.738,0.0082201,0.013972,1.69974,840.349,494.4,0.4117,0.00989,0.00759,-2.299
wood_maple,72,4,17992.543,0.0035968,0.0055591,1.54557,1920.53,1242.6,0.3530,0.0003,0.00023,-2.308
wood_maple,73,1,554.365,0.16262,0.31994,1.96741,42.4779,21.5908,0.4917,1.19151,0.91515,-2.292
wood_maple,73,2,3474.148,0.024347,0.0452,1.85649,283.721,152.826,0.4614,0.12309,0.09454,-2.292
wood_maple,73,3,9727.715,0.0076796,0.012961,1.68772,899.494,532.965,0.4075,0.00107,0.00082,-2.311
wood_maple,73,4,19062.439,0.0033372,0.0051104,1.53134,2069.93,1351.71,0.3470,0.00741,0.00569,-2.294
wood_maple,74,1,587.330,0.15338,0.30154,1.96597,45.0369,22.9083,0.4914,1.2169,0.93495,-2.289
wood_maple,74,2,3680.731,0.02288,0.04232,1.84965,301.912,163.227,0.4594,0.17637,0.1355,-2.290
wood_maple,74,3,10306.153,0.0071711,0.012014,1.67534,963.277,574.975,0.4031,0.01096,0.00842,-2.290
wood_maple,75,1,622.254,0.14465,0.28418,1.96460,47.755,24.3077,0.4910,1.24278,0.95515,-2.286
wood_maple,75,2,3899.599,0.021497,0.039608,1.84249,321.336,174.403,0.4573,0.21823,0.16772,-2.287
wood_maple,75,3,10918.990,0.0066928,0.011129,1.66283,1032.12,620.699,0.3986,0.01671,0.01284,-2.288
wood_maple,76,1,659.255,0.13642,0.26779,1.96298,50.6359,25.7954,0.4906,1.26931,0.97587,-2.284
wood_maple,76,2,4131.481,0.020192,0.037053,1.83503,342.104,186.429,0.4550,0.24722,0.19007,-2.283
wood_maple,76,3,11568.267,0.0062431,0.010301,1.64998,1106.46,670.591,0.3939,0.01636,0.01258,-2.282
wood_maple,77,1,698.456,0.12865,0.25232,1.96129,53.6942,27.377,0.4901,1.2966,0.9972,-2.280
wood_maple,77,2,4377.152,0.018962,0.034647,1.82718,364.295,199.375,0.4527,0.26221,0.20166,-2.281
wood_maple,77,3,12256.152,0.0058204,0.0095277,1.63695,1186.82,725.018,0.3891,0.01002,0.00771,-2.276
wood_maple,78,1,739.989,0.12132,0.23773,1.95953,56.9383,29.0571,0.4897,1.32468,1.01916,-2.277
wood_maple,78,2,4637.431,0.017801,0.032383,1.81917,388.054,213.314,0.4503,0.26252,0.20197,-2.278
wood_maple,78,3,12984.939,0.0054233,0.0088057,1.62368,1273.72,784.464,0.3841,0.00012,9e-05,-2.499
wood_maple,79,1,783.991,0.1144,0.22395,1.95760,60.3825,30.8451,0.4892,1.35354,1.04173,-2.274
wood_maple,79,2,4913.187,0.016707,0.030252,1.81074,413.465,228.34,0.4477,0.24807,0.19092,-2.274
wood_maple,79,3,13757.064,0.0050502,0.0081319,1.61021,1367.82,849.464,0.3790,0.00918,0.00707,-2.268
wood_maple,80,1,830.609,0.10786,0.21095,1.95578,64.0437,32.7459,0.4887,1.38307,1.06484,-2.271
wood_maple,80,2,5205.340,0.015676,0.028248,1.80199,440.658,244.54,0.4451,0.2195,0.16899,-2.271
wood_maple,80,3,14575.103,0.0047,0.0075039,1.59657,1469.74,920.555,0.3737,0.01365,0.01051,-2.271
wood_maple,81,1,880.000,0.1017,0.19868,1.95359,67.9229,34.7682,0.4881,1.41312,1.08838,-2.268
wood_maple,81,2,5514.866,0.014703,0.026362,1.79297,469.819,262.035,0.4423,0.17834,0.13736,-2.268
wood_maple,81,3,15441.783,0.0043713,0.0069187,1.58276,1580.25,998.418,0.3682,0.01102,0.00849,-2.265
wood_maple,82,1,932.328,0.095876,0.1871,1.95148,72.0488,36.9201,0.4876,1.44353,1.11224,-2.265
wood_maple,82,2,5842.797,0.013786,0.02459,1.78369,501.07,280.917,0.4394,0.12708,0.09792,-2.264
wood_maple,82,3,16360.000,0.004063,0.0063741,1.56882,1700.16,1083.72,0.3626,0.00264,0.00203,-2.282
wood_maple,83,1,987.767,0.090383,0.17617,1.94915,76.4276,39.2107,0.4870,1.47413,1.13631,-2.261
wood_maple,83,2,6190.228,0.012922,0.022924,1.77403,534.573,301.333,0.4363,0.06919,0.05334,-2.260
wood_maple,83,3,17332.816,0.003774,0.0058675,1.55472,1830.35,1177.29,0.3568,0.00675,0.0052,-2.266
wood_maple,84,1,1046.502,0.085199,0.16586,1.94674,81.0779,41.6481,0.4863,1.50484,1.16053,-2.257
wood_maple,84,2,6558.317,0.012108,0.021358,1.76396,570.512,323.427,0.4331,0.00902,0.00696,-2.252
wood_maple,84,3,18363.477,0.0035031,0.0053968,1.54058,1971.9,1279.97,0.3509,0.01134,0.00874,-2.262
wood_maple,85,1,1108.731,0.080305,0.15613,1.94421,86.019,44.2436,0.4857,1.53563,1.18489,-2.252
wood_maple,85,2,6948.296,0.01134,0.019888,1.75379,609.149,347.333,0.4298,0.04841,0.03735,-2.253
wood_maple,85,3,19455.430,0.0032494,0.0049597,1.52634,2125.86,1392.78,0.3448,0.00803,0.00619,-2.260
wood_maple,86,1,1174.659,0.075687,0.14695,1.94155,91.2674,47.0075,0.4849,1.56657,1.20943,-2.247
wood_maple,86,2,7361.463,0.010617,0.018507,1.74315,650.632,373.251,0.4263,0.09784,0.07554,-2.247
wood_maple,87,1,1244.508,0.071328,0.13829,1.93879,96.8449,49.9512,0.4842,1.59775,1.23423,-2.242
wood_maple,87,2,7799.198,0.0099364,0.017212,1.73222,695.197,401.334,0.4227,0.13423,0.10369,-2.242
wood_maple,88,1,1318.510,0.067215,0.13011,1.93573,102.771,53.0917,0.4834,1.62927,1.25935,-2.237
wood_maple,88,2,8262.963,0.0092952,0.015997,1.72100,743.153,431.816,0.4189,0.15339,0.11857,-2.236
wood_maple,89,1,1396.913,0.063332,0.1224,1.93267,109.072,56.4359,0.4826,1.66117,1.28482,-2.231
wood_maple,89,2,8754.305,0.0086915,0.014858,1.70949,794.771,464.918,0.4150,0.1527,0.11811,-2.231
wood_maple,90,1,1479.978,0.059668,0.11512,1.92934,115.77,60.0048,0.4817,1.69336,1.31057,-2.226
wood_maple,90,2,9274.861,0.0081233,0.013791,1.69771,850.363,500.889,0.4110,0.1317,0.10193,-2.226
wood_maple,91,1,1567.982,0.05621,0.10825,1.92581,122.892,63.813,0.4807,1.72568,1.3365,-2.220
wood_maple,91,2,9826.375,0.0075885,0.012791,1.68558,910.293,540.048,0.4067,0.09265,0.07175,-2.220
wood_maple,92,1,1661.219,0.052946,0.10177,1.92215,130.468,67.8761,0.4798,1.75791,1.36245,-2.214
wood_maple,92,2,10410.681,0.0070854,0.011855,1.67316,974.928,582.687,0.4023,0.04078,0.03161,-2.212
wood_maple,93,1,1760.000,0.049866,0.095661,1.91836,138.526,72.2108,0.4787,1.78985,1.38828,-2.207
wood_maple,93,2,11029.731,0.0066123,0.01098,1.66054,1044.68,629.122,0.3978,0.01593,0.01235,-2.211
wood_maple,94,1,1864.655,0.04696,0.089896,1.91431,147.099,76.8416,0.4776,1.82142,1.41393,-2.200
wood_maple,94,2,11685.593,0.0061674,0.010162,1.64770,1120.04,679.763,0.3931,0.06767,0.05253,-2.200
wood_maple,95,1,1975.533,0.044217,0.084458,1.91008,156.224,81.7892,0.4765,1.8526,1.4394,-2.192
wood_maple,95,2,12380.456,0.0057493,0.009398,1.63463,1201.49,735.024,0.3882,0.10435,0.08108,-2.192
wood_maple,96,1,2093.004,0.041628,0.079329,1.90566,165.94,87.0773,0.4752,1.88341,1.46467,-2.184
wood_maple,96,2,13116.635,0.0053564,0.0086845,1.62133,1289.63,795.412,0.3832,0.11767,0.09151,-2.184
wood_maple,97,1,2217.461,0.039186,0.074492,1.90099,176.281,92.7315,0.4740,1.91376,1.48969,-2.176
wood_maple,97,2,13896.591,0.0049874,0.008019,1.60785,1385.04,861.423,0.3780,0.10344,0.08052,-2.176
wood_maple,98,1,2349.318,0.036881,0.06993,1.89610,187.298,98.781,0.4726,1.94341,1.51426,-2.167
wood_maple,98,2,14722.927,0.0046411,0.0073986,1.59415,1488.39,933.657,0.3727,0.06357,0.04954,-2.166
wood_maple,99,1,2489.016,0.034706,0.065629,1.89100,199.036,105.255,0.4712,1.97199,1.53813,-2.158
wood_maple,99,2,15598.396,0.004316,0.0068207,1.58033,1600.5,1012.76,0.3672,0.00702,0.00548,-2.151
wood_maple,100,1,2637.020,0.032653,0.061573,1.88568,211.55,112.188,0.4697,1.99918,1.56108,-2.149
wood_maple,100,2,16525.924,0.0040112,0.0062829,1.56634,1722.12,1099.45,0.3616,0.05112,0.03992,-2.148
wood_maple,101,1,2793.826,0.030717,0.05775,1.88007,224.884,119.615,0.4681,2.0248,1.58294,-2.138
wood_maple,101,2,17508.609,0.0037254,0.0057828,1.55226,1854.23,1194.53,0.3558,0.0929,0.07263,-2.138
wood_maple,102,1,2959.955,0.02889,0.054146,1.87421,239.105,127.576,0.4664,2.04874,1.60361,-2.128
wood_maple,102,2,18549.723,0.0034576,0.0053181,1.53809,1997.85,1298.91,0.3498,0.10293,0.08057,-2.127
wood_maple,103,1,3135.963,0.027166,0.050749,1.86811,254.279,136.116,0.4647,1.9608,1.62284,-1.643
wood_maple,103,2,19652.746,0.0032068,0.0048867,1.52386,2154.1,1413.58,0.3438,0.07073,0.05854,-1.643
wood_maple,104,1,3322.438,0.02554,0.047548,1.86171,270.468,145.28,0.4628,1.83314,1.64021,-0.966
wood_maple,105,1,3520.000,0.024006,0.044532,1.85504,287.751,155.119,0.4609,1.70128,1.65526,-0.238
wood_maple,106,1,3729.310,0.022559,0.04169,1.84804,306.208,165.693,0.4589,1.56569,1.56569,+0.000
wood_maple,107,1,3951.067,0.021194,0.039014,1.84080,325.93,177.058,0.4568,1.42692,1.42692,+0.000
wood_maple,108,1,4186.009,0.019907,0.036494,1.83322,347.001,189.285,0.4545,1.28569,1.28569,+0.000
rubber,21,1,27.500,0.13327,0.26642,1.99910,51.8328,25.9281,0.4998,0.92926,0.70936,-2.345
rubber,21,2,172.340,0.021255,0.042467,1.99798,324.994,162.662,0.4995,2.3401,1.78634,-2.345
rubber,21,3,482.556,0.0075822,0.015132,1.99573,911.049,456.5,0.4989,0.83765,0.63942,-2.346
rubber,21,4,945.617,0.0038627,0.0076961,1.99241,1788.32,897.566,0.4981,0.39747,0.30342,-2.345
rubber,21,5,1563.172,0.0023314,0.0046348,1.98799,2962.92,1490.41,0.4970,0.12809,0.09778,-2.345
rubber,21,6,2335.109,0.0015563,0.0030854,1.98252,4438.58,2238.85,0.4956,0.03435,0.02622,-2.346
rubber,21,7,3261.433,0.0011106,0.0021944,1.97587,6219.84,3147.9,0.4939,0.03657,0.02792,-2.344
rubber,21,8,4342.144,0.0008309,0.0016356,1.96847,8313.58,4223.38,0.4920,0.00225,0.00172,-2.333
rubber,21,9,5577.244,0.00064403,0.0012623,1.96000,10725.8,5472.36,0.4898,0.00999,0.00762,-2.352
rubber,21,10,6966.729,0.00051302,0.0010008,1.95080,13464.9,6902.23,0.4874,0.00024,0.00018,-2.499
rubber,21,11,8510.604,0.00041765,0.00081049,1.94060,16539.6,8522.94,0.4847,0.0026,0.00199,-2.322
rubber,21,12,10208.862,0.00034608,0.00066784,1.92973,19960,10343.4,0.4818,0.00071,0.00054,-2.377
rubber,22,1,29.135,0.12579,0.25146,1.99905,54.915,27.4706,0.4998,0.95239,0.72702,-2.345
rubber,22,2,182.587,0.020061,0.04008,1.99791,344.338,172.349,0.4995,2.39044,1.82478,-2.345
rubber,22,3,511.250,0.0071559,0.01428,1.99556,965.323,483.736,0.4989,0.83405,0.63668,-2.345
rubber,22,4,1001.846,0.0036452,0.0072612,1.99199,1895.03,951.324,0.4980,0.33946,0.25913,-2.345
rubber,22,5,1656.123,0.0021998,0.0043717,1.98732,3140.17,1580.11,0.4968,0.12674,0.09675,-2.345
rubber,22,6,2473.961,0.0014682,0.0029093,1.98154,4704.91,2374.37,0.4953,0.03688,0.02816,-2.343
rubber,22,7,3455.368,0.0010475,0.0020684,1.97461,6594.52,3339.66,0.4936,0.03249,0.0248,-2.346
rubber,22,8,4600.341,0.00078354,0.001541,1.96672,8816.08,4482.64,0.4915,0.00017,0.00013,-2.330
rubber,22,9,5908.883,0.00060716,0.0011887,1.95780,11377.2,5811.18,0.4892,0.01243,0.00949,-2.344
rubber,22,10,7380.992,0.00048351,0.00094187,1.94798,14286.7,7334.09,0.4867,0.00141,0.00108,-2.316
rubber,22,11,9016.670,0.0003935,0.00076234,1.93733,17554.7,9061.25,0.4838,0.00346,0.00264,-2.349
rubber,22,12,10815.912,0.00032596,0.00062776,1.92588,21192,11003.8,0.4808,0.00198,0.00151,-2.354
rubber,23,1,30.868,0.11873,0.23735,1.99907,58.1804,29.1037,0.4998,0.97616,0.74517,-2.345
rubber,23,2,193.445,0.018934,0.037828,1.99789,364.833,182.61,0.4995,2.44135,1.86366,-2.345
rubber,23,3,541.651,0.0067535,0.013475,1.99526,1022.84,512.635,0.4988,0.82832,0.63231,-2.345
rubber,23,4,1061.419,0.0034398,0.0068506,1.99157,2008.19,1008.34,0.4979,0.27989,0.21366,-2.345
rubber,23,5,1754.601,0.0020756,0.0041234,1.98661,3328.08,1675.26,0.4966,0.11821,0.09024,-2.345
rubber,23,6,2621.071,0.0013851,0.0027431,1.98043,4987.19,2518.23,0.4951,0.03455,0.02637,-2.347
rubber,23,7,3660.835,0.00098797,0.0019494,1.97314,6991.87,3543.53,0.4932,0.02075,0.01584,-2.345
rubber,23,8,4873.892,0.00073883,0.0014517,1.96486,9349.59,4758.39,0.4910,0.00183,0.0014,-2.326
rubber,23,9,6260.245,0.00057236,0.0011192,1.95541,12068.9,6172.05,0.4886,0.0062,0.00473,-2.351
rubber,23,10,7819.890,0.00045566,0.0008863,1.94509,15159.9,7793.92,0.4859,0.00148,0.00113,-2.344
rubber,23,11,9552.831,0.00037071,0.00071691,1.93388,18633.9,9635.46,0.4829,0.00396,0.00302,-2.354
rubber,23,12,11459.062,0.00030697,0.00058995,1.92185,22503,11709.1,0.4797,0.00056,0.00043,-2.294
rubber,24,1,32.703,0.11207,0.22402,1.99893,61.6379,30.8354,0.4998,1.00058,0.76382,-2.345
rubber,24,2,204.947,0.017871,0.035702,1.99776,386.534,193.484,0.4994,2.49278,1.90294,-2.345
rubber,24,3,573.859,0.0063737,0.012716,1.99507,1083.79,543.233,0.4988,0.82029,0.62619,-2.345
rubber,24,4,1124.534,0.003246,0.0064632,1.99113,2128.08,1068.78,0.4978,0.21954,0.16759,-2.345
rubber,24,5,1858.935,0.0019584,0.003889,1.98580,3527.24,1776.23,0.4964,0.103,0.07863,-2.345
rubber,24,6,2776.928,0.0013066,0.0025862,1.97934,5286.82,2671.01,0.4948,0.02764,0.0211,-2.345
rubber,24,7,3878.519,0.00093179,0.0018372,1.97169,7413.42,3759.94,0.4928,0.00438,0.00334,-2.355
rubber,24,8,5163.708,0.00069664,0.0013674,1.96285,9915.82,5051.74,0.4905,0.00285,0.00217,-2.368
rubber,24,9,6632.498,0.00053952,0.0010536,1.95285,12803.5,6556.34,0.4880,0.0041,0.00313,-2.345
rubber,24,10,8284.884,0.00042937,0.00083387,1.94208,16088.1,8283.97,0.4851,8e-05,6e-05,-2.499
rubber,24,11,10120.870,0.0003492,0.00067405,1.93027,19781.7,10248.1,0.4819,0.00171,0.0013,-2.381
rubber,24,12,12140.451,0.00028905,0.00055429,1.91763,23898.1,12462.3,0.4785,0.00186,0.00142,-2.344
rubber,25,1,34.648,0.10577,0.21144,1.99905,65.3092,32.67,0.4998,1.0257,0.783,-2.345
rubber,25,2,217.134,0.016867,0.033695,1.99769,409.543,205.008,0.4994,2.54467,1.94256,-2.345
rubber,25,3,607.982,0.0060153,0.011999,1.99475,1148.36,575.694,0.4987,0.80977,0.61816,-2.345
rubber,25,4,1191.402,0.0030631,0.0060975,1.99063,2255.15,1132.88,0.4976,0.15929,0.1216,-2.345
rubber,25,5,1969.473,0.0018477,0.0036678,1.98506,3738.57,1883.35,0.4962,0.08201,0.06261,-2.344
rubber,25,6,2942.052,0.0012325,0.0024382,1.97826,5604.67,2833.14,0.4945,0.01713,0.01308,-2.343
rubber,25,7,4109.148,0.00087876,0.0017312,1.97005,7860.8,3990.15,0.4924,0.01207,0.00922,-2.340
rubber,25,8,5470.758,0.00065681,0.0012878,1.96069,10517.1,5364,0.4900,0.00238,0.00182,-2.330
rubber,25,9,7026.886,0.00050852,0.00099178,1.95033,13584,6965.01,0.4873,0.01036,0.00791,-2.344
rubber,25,10,8777.528,0.00040456,0.0007844,1.93890,17074.7,8806.42,0.4842,0.00141,0.00108,-2.316
rubber,25,11,10722.688,0.0003289,0.00063362,1.92648,21002.6,10902,0.4809,0.00402,0.00307,-2.342
rubber,25,12,12862.359,0.00027214,0.00052065,1.91317,25383.1,13267.6,0.4773,2e-05,2e-05,+0.000
rubber,26,1,36.708,0.099837,0.19957,1.99896,69.1903,34.6132,0.4997,1.05153,0.80273,-2.345
rubber,26,2,230.046,0.01592,0.031801,1.99755,433.904,217.218,0.4994,2.59695,1.98249,-2.345
rubber,26,3,644.135,0.0056769,0.011323,1.99457,1216.82,610.064,0.4986,0.79658,0.6081,-2.345
rubber,26,4,1262.247,0.0028904,0.0057523,1.99014,2389.9,1200.87,0.4975,0.10017,0.07647,-2.345
rubber,26,5,2086.584,0.0017433,0.0034591,1.98423,3962.46,1996.98,0.4960,0.05665,0.04324,-2.346
rubber,26,6,3116.997,0.0011626,0.0022985,1.97703,5941.64,3005.33,0.4942,0.00463,0.00353,-2.356
rubber,26,7,4353.491,0.0008287,0.0016312,1.96838,8335.65,4234.77,0.4920,0.02363,0.01804,-2.345
rubber,26,8,5796.067,0.00061923,0.0012128,1.95856,11155.4,5695.71,0.4894,0.00068,0.00052,-2.330
rubber,26,9,7444.728,0.00047926,0.00093339,1.94756,14413.4,7400.72,0.4865,0.00734,0.0056,-2.350
rubber,26,10,9299.469,0.00038115,0.00073772,1.93551,18123.5,9363.65,0.4833,0.00085,0.00065,-2.330
rubber,26,11,11360.294,0.00030975,0.00059548,1.92245,22301.1,11600.3,0.4798,0.00094,0.00072,-2.316
rubber,26,12,13627.197,0.00025618,0.00048892,1.90850,26964.5,14128.6,0.4760,0.00163,0.00125,-2.306
rubber,27,1,38.891,0.094233,0.18837,1.99898,73.3051,36.6712,0.4997,1.07811,0.82303,-2.345
rubber,27,2,243.725,0.015025,0.030013,1.99754,459.751,230.159,0.4994,2.64955,2.02266,-2.345
rubber,27,3,682.437,0.0053575,0.010684,1.99421,1289.36,646.551,0.4986,0.78056,0.59588,-2.345
rubber,27,4,1337.304,0.0027275,0.0054265,1.98955,2532.63,1272.97,0.4974,0.04331,0.03306,-2.346
rubber,27,5,2210.659,0.0016447,0.003262,1.98334,4200.01,2117.64,0.4958,0.02871,0.02192,-2.344
rubber,27,6,3302.343,0.0010966,0.0021666,1.97574,6299.25,3188.29,0.4938,0.00779,0.00595,-2.340
rubber,27,7,4612.363,0.00078146,0.0015368,1.96658,8839.55,4494.9,0.4915,0.02653,0.02025,-2.346
rubber,27,8,6140.718,0.00058375,0.001142,1.95632,11833.4,6048.82,0.4888,0.00128,0.00098,-2.320
rubber,27,9,7887.413,0.00045165,0.00087831,1.94467,15294.5,7864.83,0.4858,0.00213,0.00163,-2.324
rubber,27,10,9852.442,0.00035906,0.00069369,1.93196,19238.4,9957.99,0.4824,0.00081,0.00062,-2.322
rubber,27,11,12035.811,0.00029167,0.0005595,1.91826,23683.5,12346.3,0.4787,0.00365,0.00279,-2.334
rubber,27,12,14437.511,0.00024112,0.000459,1.90362,28648.6,15049.6,0.4747,0.0009,0.00069,-2.308
rubber,28,1,41.203,0.088943,0.17779,1.99892,77.665,38.8535,0.4997,1.10549,0.84394,-2.345
rubber,28,2,258.218,0.014181,0.028325,1.99739,487.113,243.875,0.4993,2.70241,2.06304,-2.345
rubber,28,3,723.017,0.0050561,0.010082,1.99403,1366.22,685.157,0.4985,0.76155,0.58137,-2.345
rubber,28,4,1416.824,0.0025736,0.005119,1.98904,2684.08,1349.43,0.4972,0.01005,0.00768,-2.336
rubber,28,5,2342.112,0.0015516,0.003076,1.98247,4452.02,2245.69,0.4956,0.00038,0.00029,-2.348
rubber,28,6,3498.710,0.0010344,0.0020421,1.97419,6678.03,3382.67,0.4935,0.01788,0.01365,-2.345
rubber,28,7,4886.627,0.00073687,0.0014478,1.96480,9374.46,4771.21,0.4910,0.01971,0.01505,-2.343
rubber,28,8,6505.864,0.00055027,0.0010751,1.95377,12553.4,6425.22,0.4882,0.00231,0.00176,-2.362
rubber,28,9,8356.423,0.00042559,0.00082632,1.94159,16231,8359.66,0.4850,0.00876,0.00669,-2.342
rubber,28,10,10438.299,0.0003382,0.00065214,1.92827,20425.1,10592.4,0.4814,0.00115,0.00088,-2.324
rubber,28,11,12751.497,0.00027461,0.00052556,1.91384,25154.8,13143.6,0.4775,0.00114,0.00087,-2.348
rubber,28,12,15296.009,0.0002269,0.00043079,1.89859,30444.1,16035.1,0.4733,0.00082,0.00063,-2.289
rubber,29,1,43.654,0.083951,0.16781,1.99890,82.2832,41.1641,0.4997,1.13371,0.86549,-2.345
rubber,29,2,273.572,0.013385,0.026733,1.99724,516.082,258.398,0.4993,2.75544,2.10355,-2.345
rubber,29,3,766.010,0.0047716,0.009513,1.99367,1447.68,726.138,0.4984,0.73939,0.56446,-2.345
rubber,29,4,1501.073,0.0024284,0.0048287,1.98843,2844.57,1430.56,0.4971,0.05863,0.04476,-2.345
rubber,29,5,2481.381,0.0014638,0.0029004,1.98142,4719.06,2381.66,0.4953,0.02593,0.0198,-2.343
rubber,29,6,3706.754,0.00097557,0.0019246,1.97280,7080.74,3589.19,0.4931,0.02365,0.01805,-2.347
rubber,29,7,5177.202,0.00069479,0.0013637,1.96275,9942.22,5065.45,0.4905,0.00578,0.00441,-2.350
rubber,29,8,6892.724,0.00051866,0.001012,1.95118,13318.5,6825.84,0.4875,0.00172,0.00131,-2.365
rubber,29,9,8853.322,0.00040099,0.00077728,1.93840,17226.8,8887.09,0.4841,0.00565,0.00431,-2.351
rubber,29,10,11058.993,0.00031852,0.00061295,1.92437,21687,11269.7,0.4803,0.00031,0.00023,-2.593
rubber,29,11,13509.741,0.00025851,0.00049356,1.90925,26721.4,13995.8,0.4762,0.00303,0.00231,-2.357
rubber,29,12,16205.559,0.0002135,0.00040419,1.89316,32354.8,17090.4,0.4718,0.00144,0.0011,-2.339
rubber,30,1,46.249,0.079238,0.15839,1.99891,87.1773,43.6123,0.4997,1.16282,0.88772,-2.345
rubber,30,2,289.839,0.012633,0.025229,1.99707,546.802,273.802,0.4993,2.80858,2.14414,-2.345
rubber,30,3,811.559,0.004503,0.0089761,1.99336,1534.03,769.572,0.4983,0.71395,0.54505,-2.345
rubber,30,4,1590.331,0.0022914,0.0045547,1.98774,3014.64,1516.62,0.4969,0.10111,0.07719,-2.345
rubber,30,5,2628.931,0.0013809,0.0027347,1.98038,5002.36,2525.96,0.4950,0.04779,0.03649,-2.343
rubber,30,6,3927.169,0.00092008,0.0018138,1.97135,7507.78,3808.44,0.4927,0.02386,0.01822,-2.342
rubber,30,7,5485.054,0.00065507,0.0012844,1.96071,10545.1,5378.2,0.4900,0.00957,0.0073,-2.352
rubber,30,8,7302.586,0.00048884,0.0009525,1.94849,14130.9,7252.24,0.4868,5e-05,4e-05,-1.938
rubber,30,9,9379.768,0.00037778,0.00073101,1.93502,18285.1,9449.6,0.4832,0.00355,0.00271,-2.345
rubber,30,10,11716.595,0.00029995,0.00057598,1.92025,23029.7,11993,0.4792,0.00113,0.00086,-2.372
rubber,30,11,14313.072,0.00024332,0.00046338,1.90441,28389.6,14907.3,0.4749,0.00201,0.00154,-2.314
rubber,30,12,17169.191,0.00020084,0.00037911,1.88762,34394.3,18221,0.4702,0.00063,0.00048,-2.362
rubber,31,1,48.999,0.07479,0.1495,1.99893,92.362,46.2057,0.4997,1.19287,0.91068,-2.345
rubber,31,2,307.074,0.011923,0.02381,1.99698,579.364,290.12,0.4993,2.86171,2.18473,-2.345
rubber,31,3,859.817,0.0042495,0.0084693,1.99301,1625.55,815.623,0.4982,0.68512,0.52305,-2.344
rubber,31,4,1684.897,0.002162,0.0042962,1.98714,3195.08,1607.88,0.4967,0.1362,0.10398,-2.345
rubber,31,5,2785.256,0.0013027,0.0025784,1.97927,5302.64,2679.09,0.4948,0.063,0.04809,-2.346
rubber,31,6,4160.690,0.00086771,0.0017091,1.96967,7960.9,4041.75,0.4923,0.01844,0.01408,-2.343
rubber,31,7,5811.212,0.00061758,0.0012095,1.95845,11185.2,5711.25,0.4894,0.01952,0.0149,-2.346
rubber,31,8,7736.820,0.00046069,0.00089634,1.94565,14994.4,7706.62,0.4860,0.00165,0.00126,-2.342
rubber,31,9,9937.518,0.00035587,0.00068735,1.93146,19410.9,10049.8,0.4823,0.0077,0.00588,-2.342
rubber,31,10,12413.299,0.00028242,0.00054111,1.91598,24459.2,12765.9,0.4781,0.0001,7e-05,-3.098
rubber,31,11,15164.170,0.00022898,0.00043491,1.89934,30167.5,15883.2,0.4735,0.00175,0.00134,-2.319
rubber,31,12,18190.123,0.00018891,0.00035547,1.88169,36566.4,19432.7,0.4686,0.00056,0.00042,-2.499
rubber,32,1,51.913,0.070592,0.1411,1.99881,97.8546,48.9564,0.4997,1.22392,0.93439,-2.344
rubber,32,2,325.334,0.011253,0.022471,1.99689,613.859,307.408,0.4992,2.91472,2.22523,-2.344
rubber,32,3,910.944,0.0040103,0.007991,1.99262,1722.5,864.442,0.4982,0.65283,0.4984,-2.344
rubber,32,4,1785.087,0.00204,0.0040521,1.98632,3386.15,1704.73,0.4966,0.16273,0.12424,-2.344
rubber,32,5,2950.876,0.0012288,0.0024308,1.97819,5621.55,2841.76,0.4945,0.06986,0.05333,-2.345
rubber,32,6,4408.099,0.00081828,0.0016104,1.96803,8441.8,4289.47,0.4919,0.00872,0.00666,-2.341
rubber,32,7,6156.766,0.00058219,0.0011388,1.95606,11865.1,6065.82,0.4888,0.0193,0.01474,-2.341
rubber,32,8,8196.876,0.00043412,0.00084334,1.94264,15912.1,8190.95,0.4852,0.00176,0.00134,-2.368
rubber,32,9,10528.435,0.0003352,0.00064616,1.92768,20607.9,10690.5,0.4812,0.00157,0.0012,-2.334
rubber,32,10,13151.434,0.00026588,0.00050822,1.91146,25980.7,13592.1,0.4768,0.00102,0.00078,-2.330
rubber,32,11,16065.881,0.00021546,0.00040808,1.89399,32060.5,16927.5,0.4720,0.0028,0.00213,-2.376
rubber,32,12,19271.766,0.00017764,0.00033319,1.87565,38886.3,20732.2,0.4668,0.00118,0.0009,-2.353
rubber,33,1,55.000,0.066629,0.13318,1.99883,103.675,51.8678,0.4997,1.25603,0.95892,-2.344
rubber,33,2,344.679,0.010621,0.021207,1.99670,650.386,325.73,0.4992,2.96747,2.26553,-2.344
rubber,33,3,965.112,0.0037844,0.0075395,1.99226,1825.32,916.209,0.4981,0.61702,0.47107,-2.344
rubber,33,4,1891.233,0.0019247,0.0038217,1.98561,3589,1807.51,0.4964,0.17974,0.13722,-2.345
rubber,33,5,3126.344,0.0011591,0.0022914,1.97688,5959.59,3014.64,0.4942,0.06752,0.05155,-2.344
rubber,33,6,4670.218,0.00077162,0.0015172,1.96625,8952.28,4552.96,0.4914,0.00272,0.00208,-2.330
rubber,33,7,6522.866,0.0005488,0.0010722,1.95372,12587,6442.6,0.4881,0.00903,0.0069,-2.337
rubber,33,8,8684.288,0.00040904,0.00079333,1.93949,16887.7,8707.29,0.4844,0.0003,0.00023,-2.308
rubber,33,9,11154.487,0.00031569,0.00060731,1.92375,21881.5,11374.3,0.4802,0.0062,0.00473,-2.351
rubber,33,10,13933.459,0.00025028,0.0004772,1.90666,27600.1,14475.6,0.4755,0.00016,0.00012,-2.499
rubber,33,11,17021.209,0.00020269,0.00038278,1.88850,34080.4,18046.3,0.4705,0.00048,0.00036,-2.499
rubber,34,1,58.270,0.062888,0.1257,1.99879,109.842,54.9543,0.4997,1.28925,0.9843,-2.344
rubber,34,2,365.175,0.010024,0.020013,1.99651,689.122,345.163,0.4991,3.01977,2.30549,-2.344
rubber,34,3,1022.500,0.0035713,0.0071134,1.99182,1934.24,971.09,0.4980,0.57771,0.44106,-2.344
rubber,34,4,2003.692,0.0018159,0.0036043,1.98486,3804.04,1916.53,0.4962,0.18651,0.14239,-2.344
rubber,34,5,3312.246,0.0010933,0.00216,1.97567,6318.26,3198.03,0.4938,0.05624,0.04294,-2.344
rubber,34,6,4947.923,0.00072758,0.0014292,1.96432,9494.15,4833.3,0.4909,0.01257,0.0096,-2.341
rubber,34,7,6910.735,0.00051728,0.0010093,1.95117,13354,6844.1,0.4875,0.00557,0.00425,-2.349
rubber,34,8,9200.682,0.00038538,0.00074615,1.93614,17924.5,9257.86,0.4835,0.00133,0.00102,-2.305
rubber,34,9,11817.767,0.00029728,0.00057066,1.91960,23236.5,12104.9,0.4791,0.00415,0.00317,-2.340
rubber,34,10,14761.983,0.00023555,0.00044795,1.90172,29326.1,15420.8,0.4742,0.00088,0.00067,-2.368
rubber,34,11,18033.340,0.00019065,0.00035893,1.88266,36232.7,19245.4,0.4688,0.00201,0.00154,-2.314
rubber,35,1,61.735,0.059358,0.11865,1.99889,116.374,58.2196,0.4997,1.32363,1.01056,-2.344
rubber,35,2,386.889,0.0094604,0.018887,1.99643,730.176,365.741,0.4991,3.07142,2.34495,-2.344
rubber,35,3,1083.301,0.0033701,0.0067112,1.99139,2049.72,1029.29,0.4978,0.53494,0.40841,-2.344
rubber,35,4,2122.838,0.0017133,0.0033991,1.98395,4031.84,2032.23,0.4960,0.18274,0.13952,-2.344
rubber,35,5,3509.203,0.0010312,0.0020359,1.97430,6698.75,3392.97,0.4935,0.03754,0.02866,-2.344
rubber,35,6,5242.143,0.00068602,0.0013462,1.96233,10069.3,5131.3,0.4904,0.01772,0.01353,-2.343
rubber,35,7,7321.670,0.00048753,0.00094989,1.94837,14168.9,7272.16,0.4868,0.01575,0.01202,-2.348
rubber,35,8,9747.784,0.00036304,0.00070164,1.93268,19027.5,9845.16,0.4826,0.00147,0.00112,-2.362
rubber,35,9,12520.490,0.0002799,0.00053609,1.91529,24679.4,12885.4,0.4779,0.00424,0.00324,-2.336
rubber,35,10,15639.780,0.00022165,0.00042037,1.89655,31165.1,16432.6,0.4727,0.00042,0.00032,-2.362
rubber,35,11,19105.662,0.00017929,0.00033644,1.87651,38528.4,20531.9,0.4671,0.00237,0.00181,-2.341
rubber,36,1,65.406,0.056026,0.11198,1.99871,123.296,61.6874,0.4997,1.35923,1.03775,-2.344
rubber,36,2,409.895,0.0089287,0.017824,1.99626,773.657,387.554,0.4991,3.12215,2.38372,-2.344
rubber,36,3,1147.717,0.0031802,0.0063316,1.99094,2172.11,1091,0.4977,0.48885,0.37323,-2.344
rubber,36,4,2249.068,0.0016164,0.0032054,1.98305,4273.54,2155.04,0.4957,0.16863,0.12874,-2.344
rubber,36,5,3717.870,0.00097261,0.0019187,1.97273,7102.29,3600.23,0.4931,0.0142,0.01084,-2.345
rubber,36,6,5553.855,0.00064679,0.0012678,1.96014,10680.1,5448.62,0.4898,0.01641,0.01253,-2.343
rubber,36,7,7757.038,0.00045945,0.00089387,1.94552,15034.8,7727.92,0.4860,0.01493,0.0114,-2.343
rubber,36,8,10327.416,0.00034197,0.00065964,1.92894,20199.9,10472,0.4816,2e-05,1e-05,-6.021
rubber,36,9,13264.995,0.0002635,0.00050349,1.91078,26215.4,13719.7,0.4766,0.00475,0.00362,-2.360
rubber,36,10,16569.768,0.00020854,0.00039436,1.89105,33124.4,17516.4,0.4712,0.00059,0.00045,-2.353
rubber,37,1,69.296,0.052881,0.1057,1.99883,130.628,65.3525,0.4997,1.3961,1.06592,-2.344
rubber,37,2,434.268,0.0084268,0.016821,1.99613,819.736,410.663,0.4990,3.1717,2.42158,-2.344
rubber,37,3,1215.964,0.003001,0.0059732,1.99040,2301.82,1156.46,0.4976,0.43965,0.33567,-2.344
rubber,37,4,2382.804,0.0015249,0.0030226,1.98216,4529.97,2285.37,0.4955,0.14492,0.11065,-2.344
rubber,37,5,3938.947,0.00091729,0.0018082,1.97124,7530.61,3820.24,0.4927,0.00998,0.00762,-2.344
rubber,37,6,5884.105,0.00060977,0.0011939,1.95795,11328.5,5785.87,0.4893,0.00908,0.00693,-2.347
rubber,37,7,8218.296,0.00043295,0.00084102,1.94253,15955.1,8213.54,0.4852,0.0037,0.00282,-2.359
rubber,37,8,10941.516,0.00032208,0.00062003,1.92508,21447.3,11141,0.4805,0.00137,0.00104,-2.394
rubber,37,9,14053.772,0.00024803,0.00047274,1.90598,27850.5,14612.2,0.4753,0.00326,0.00249,-2.340
rubber,37,10,17555.057,0.00019617,0.00036985,1.88535,35213.1,18677.2,0.4696,0.00071,0.00054,-2.377
rubber,38,1,73.416,0.049912,0.09976,1.99872,138.399,69.2437,0.4997,1.43431,1.09511,-2.344
rubber,38,2,460.091,0.0079531,0.015874,1.99595,868.561,435.162,0.4990,3.21975,2.45831,-2.344
rubber,38,3,1288.269,0.0028318,0.005635,1.98990,2439.35,1225.87,0.4975,0.38766,0.29598,-2.344
rubber,38,4,2524.494,0.0014386,0.00285,1.98109,4801.72,2423.77,0.4952,0.11304,0.0863,-2.344
rubber,38,5,4173.169,0.00086507,0.0017039,1.96967,7985.2,4054.08,0.4923,0.03071,0.02345,-2.343
rubber,38,6,6233.993,0.00057482,0.0011241,1.95557,12017.2,6145.14,0.4887,0.00139,0.00106,-2.354
rubber,38,7,8706.982,0.00040794,0.00079114,1.93935,16933.3,8731.39,0.4844,0.0095,0.00725,-2.348
rubber,38,8,11592.134,0.0003033,0.00058265,1.92104,22775.3,11855.8,0.4794,0.00089,0.00068,-2.338
rubber,38,9,14889.455,0.00023343,0.00044374,1.90096,29592.4,15567.1,0.4740,0.00431,0.00329,-2.346
rubber,38,10,18598.938,0.00018449,0.00034674,1.87945,37442.4,19922,0.4679,2e-05,1e-05,-6.021
rubber,39,1,77.782,0.04711,0.094158,1.99868,146.63,73.3634,0.4997,1.47391,1.12536,-2.344
rubber,39,2,487.450,0.007506,0.01498,1.99574,920.298,461.132,0.4989,3.26596,2.49363,-2.344
rubber,39,3,1364.874,0.0026721,0.0053158,1.98937,2585.14,1299.48,0.4973,0.33329,0.25447,-2.344
rubber,39,4,2674.608,0.0013571,0.0026872,1.98010,5090.09,2570.61,0.4950,0.07507,0.05732,-2.343
rubber,39,5,4421.318,0.00081579,0.0016054,1.96791,8467.57,4302.82,0.4918,0.04397,0.03357,-2.344
rubber,39,6,6604.685,0.00054184,0.0010583,1.95316,12748.7,6527.22,0.4880,0.01055,0.00805,-2.349
rubber,39,7,9224.726,0.00038434,0.00074408,1.93599,17973,9283.62,0.4835,0.01402,0.01071,-2.339
rubber,39,8,12281.437,0.00028559,0.0005474,1.91673,24187.7,12619.2,0.4783,0.00075,0.00057,-2.384
rubber,39,9,15774.826,0.00021965,0.0004164,1.89574,31448.9,16589.2,0.4725,0.00341,0.0026,-2.356
rubber,39,10,19704.885,0.00017348,0.00032496,1.87318,39818.7,21257.2,0.4661,0.00063,0.00048,-2.362
rubber,40,1,82.407,0.044465,0.08887,1.99865,155.353,77.7288,0.4997,1.51499,1.15675,-2.343
rubber,40,2,516.435,0.0070839,0.014136,1.99551,975.134,488.664,0.4989,3.30996,2.52727,-2.343
rubber,40,3,1446.033,0.0025214,0.0050145,1.98878,2739.65,1377.56,0.4972,0.27708,0.21156,-2.343
rubber,40,4,2833.648,0.0012802,0.0025334,1.97891,5395.84,2726.67,0.4947,0.03374,0.02576,-2.344
rubber,40,5,4684.223,0.00076927,0.0015125,1.96615,8979.62,4567.11,0.4914,0.04692,0.03583,-2.342
rubber,40,6,6997.419,0.00051071,0.00099616,1.95054,13525.8,6934.38,0.4873,0.01416,0.01081,-2.345
rubber,40,7,9773.255,0.00036207,0.00069969,1.93247,19078.5,9872.59,0.4825,0.00599,0.00458,-2.331
rubber,40,8,13011.729,0.00026887,0.00051416,1.91230,25691.8,13435,0.4771,0.00117,0.00089,-2.376
rubber,40,9,16712.846,0.00020665,0.00039062,1.89025,33427.3,17684.1,0.4710,0.00306,0.00234,-2.330
rubber,41,1,87.307,0.041969,0.08388,1.99862,164.592,82.3528,0.4997,1.55763,1.18933,-2.343
rubber,41,2,547.144,0.0066856,0.01334,1.99533,1033.23,517.823,0.4988,3.35136,2.55892,-2.343
rubber,41,3,1532.019,0.0023791,0.0047301,1.98819,2903.52,1460.38,0.4970,0.21971,0.16776,-2.343
rubber,41,4,3002.146,0.0012076,0.0023884,1.97781,5720.23,2892.21,0.4944,0.00769,0.00587,-2.346
rubber,41,5,4962.762,0.00072537,0.0014248,1.96424,9523.08,4848.23,0.4909,0.03881,0.02963,-2.344
rubber,41,6,7413.508,0.00048133,0.00093753,1.94779,14351.4,7368.04,0.4866,0.0104,0.00794,-2.344
rubber,41,7,10354.404,0.00034104,0.0006578,1.92881,20255,10501.3,0.4815,0.00705,0.00538,-2.348
rubber,41,8,13785.447,0.0002531,0.0004828,1.90755,27292.6,14307.7,0.4758,0.00024,0.00019,-2.029
rubber,41,9,17706.645,0.00019439,0.00036632,1.88446,35535.5,18857.2,0.4694,0.00414,0.00316,-2.346
rubber,42,1,92.499,0.039612,0.079169,1.99861,174.385,87.2533,0.4996,1.60193,1.22317,-2.343
rubber,42,2,579.679,0.0063096,0.012588,1.99506,1094.8,548.757,0.4988,3.38973,2.58826,-2.343
rubber,42,3,1623.118,0.0022448,0.0044617,1.98757,3077.23,1548.23,0.4969,0.16197,0.12368,-2.343
rubber,42,4,3180.663,0.0011391,0.0022514,1.97647,6064.22,3068.2,0.4941,0.04565,0.03485,-2.345
rubber,42,5,5257.863,0.00068393,0.001342,1.96219,10100.1,5147.36,0.4904,0.02151,0.01643,-2.340
rubber,42,6,7854.338,0.0004536,0.00088221,1.94491,15228.7,7830.06,0.4858,0.00126,0.00096,-2.362
rubber,42,7,10970.108,0.0003212,0.00061829,1.92494,21506.1,11172.4,0.4805,0.01203,0.00919,-2.339
rubber,42,8,14605.172,0.00023821,0.00045323,1.90265,28998.6,15241.2,0.4744,0.00113,0.00086,-2.372
rubber,42,9,18759.535,0.00018281,0.00034342,1.87856,37786.5,20114.6,0.4677,0.00068,0.00052,-2.330
rubber,43,1,97.999,0.037388,0.074722,1.99856,184.759,92.4461,0.4996,1.64799,1.25836,-2.343
rubber,43,2,614.148,0.0059547,0.011878,1.99473,1160.05,581.559,0.4987,3.42457,2.61492,-2.343
rubber,43,3,1719.633,0.0021181,0.0042083,1.98683,3261.3,1641.46,0.4967,0.10481,0.08003,-2.343
rubber,43,4,3369.794,0.0010744,0.0021222,1.97524,6429.41,3255,0.4937,0.07653,0.05843,-2.344
rubber,43,5,5570.511,0.00064482,0.0012639,1.96008,10712.7,5465.43,0.4898,0.00048,0.00037,-2.261
rubber,43,6,8321.381,0.00042743,0.00083001,1.94186,16161.1,8322.5,0.4850,0.008,0.00611,-2.341
rubber,43,7,11622.425,0.00030248,0.00058102,1.92085,22837.1,11889,0.4794,0.00367,0.0028,-2.350
rubber,43,8,15473.640,0.00022416,0.00042535,1.89753,30816.2,16240.2,0.4730,4e-05,3e-05,-2.499
rubber,43,9,19875.035,0.0001719,0.00032183,1.87219,40184.7,21464,0.4659,0.00408,0.00311,-2.358
rubber,44,1,103.826,0.035289,0.070525,1.99850,195.748,97.9476,0.4996,1.69592,1.29498,-2.343
rubber,44,2,650.668,0.0056198,0.011209,1.99455,1229.18,616.269,0.4986,3.45542,2.63852,-2.343
rubber,44,3,1821.888,0.0019985,0.0039692,1.98609,3456.47,1740.34,0.4965,0.04928,0.03763,-2.343
rubber,44,4,3570.173,0.0010134,0.0020002,1.97375,6816.42,3453.53,0.4934,0.0971,0.07415,-2.342
rubber,44,5,5901.752,0.00060791,0.0011902,1.95786,11363.1,5803.86,0.4892,0.02093,0.01598,-2.344
rubber,44,6,8816.197,0.00040273,0.00078075,1.93864,17152.3,8847.59,0.4842,0.0116,0.00885,-2.350
rubber,44,7,12313.532,0.00028481,0.00054586,1.91658,24253.9,12654.8,0.4782,0.00829,0.00633,-2.343
rubber,44,8,16393.752,0.00021091,0.00039906,1.89209,32752.1,17310.1,0.4715,0.00103,0.00078,-2.415
rubber,45,1,110.000,0.033308,0.066564,1.99844,207.39,103.776,0.4996,1.74586,1.33314,-2.343
rubber,45,2,689.358,0.0053036,0.010577,1.99431,1302.47,653.092,0.4986,3.48167,2.65861,-2.343
rubber,45,3,1930.223,0.0018856,0.0037435,1.98531,3663.43,1845.27,0.4963,0.00343,0.00262,-2.340
rubber,45,4,3782.467,0.00095578,0.0018851,1.97232,7227.35,3664.4,0.4930,0.10498,0.08016,-2.343
rubber,45,5,6252.688,0.00057307,0.0011206,1.95543,12053.9,6164.34,0.4886,0.0335,0.02558,-2.343
rubber,45,6,9340.436,0.00037942,0.00073428,1.93527,18206.1,9407.52,0.4833,0.0071,0.00542,-2.345
rubber,45,7,13045.732,0.00026814,0.0005127,1.91206,25761.7,13473.3,0.4770,0.00906,0.00692,-2.340
rubber,45,8,17368.576,0.0001984,0.00037427,1.88644,34817.3,18456.6,0.4699,0.0001,8e-05,-1.938
rubber,46,1,116.541,0.031438,0.062825,1.99838,219.726,109.952,0.4996,1.79793,1.37293,-2.342
rubber,46,2,730.350,0.0050052,0.0099801,1.99395,1380.12,692.153,0.4985,3.5027,2.67472,-2.342
rubber,46,3,2045.000,0.001779,0.0035304,1.98449,3882.94,1956.65,0.4961,0.05205,0.03975,-2.342
rubber,46,4,4007.384,0.0009014,0.0017764,1.97071,7663.36,3888.63,0.4926,0.09905,0.07564,-2.342
rubber,46,5,6624.493,0.00054018,0.001055,1.95305,12787.9,6547.64,0.4880,0.03388,0.02587,-2.343
rubber,46,6,9895.847,0.00035743,0.00069044,1.93168,19326.2,10004.9,0.4823,0.00227,0.00173,-2.360
rubber,46,7,13821.472,0.0002524,0.00048143,1.90741,27368.3,14348.4,0.4757,0.00223,0.0017,-2.357
rubber,46,8,18401.365,0.0001866,0.00035091,1.88055,37019.1,19685.3,0.4682,0.0009,0.00069,-2.308
rubber,47,1,123.471,0.029672,0.059296,1.99838,232.804,116.496,0.4996,1.85226,1.41444,-2.342
rubber,47,2,773.779,0.0047235,0.009417,1.99365,1462.42,733.541,0.4984,3.5178,2.6863,-2.342
rubber,47,3,2166.602,0.0016784,0.0033294,1.98367,4115.68,2074.77,0.4959,0.09527,0.07275,-2.342
rubber,47,4,4245.675,0.00085008,0.0016739,1.96911,8126.01,4126.74,0.4922,0.07991,0.06102,-2.343
rubber,47,5,7018.405,0.00050915,0.00099303,1.95037,13567.2,6956.24,0.4873,0.02182,0.01666,-2.344
rubber,47,6,10484.284,0.00033666,0.00064908,1.92800,20518.5,10642.4,0.4813,0.00922,0.00704,-2.343
rubber,47,7,14643.339,0.00023756,0.00045193,1.90238,29077.9,15285,0.4744,0.00946,0.00723,-2.335
rubber,47,8,19495.566,0.00017547,0.00032889,1.87434,39367.2,21003.2,0.4665,0.00037,0.00029,-2.116
rubber,48,1,130.813,0.028006,0.055965,1.99832,246.653,123.43,0.4996,1.90897,1.45777,-2.342
rubber,48,2,819.790,0.0044577,0.0088854,1.99327,1549.62,777.428,0.4983,3.52616,2.69273,-2.342
rubber,48,3,2295.435,0.0015835,0.0031396,1.98270,4362.33,2200.2,0.4956,0.13174,0.1006,-2.342
rubber,48,4,4498.136,0.00080164,0.0015771,1.96734,8617.03,4380.04,0.4917,0.05009,0.03825,-2.342
rubber,48,5,7435.741,0.00047985,0.00093458,1.94765,14395.7,7391.29,0.4866,0.00186,0.00142,-2.344
rubber,48,6,11107.711,0.00031707,0.00061006,1.92405,21786.2,11323.1,0.4803,0.00793,0.00605,-2.350
rubber,48,7,15514.076,0.00022355,0.00042413,1.89725,30900.3,16286.9,0.4729,0.0018,0.00138,-2.308
rubber,49,1,138.591,0.026434,0.052821,1.99822,261.321,130.777,0.4996,1.96817,1.503,-2.342
rubber,49,2,868.537,0.0042067,0.0083838,1.99296,1642.08,823.941,0.4982,3.52691,2.69335,-2.342
rubber,49,3,2431.929,0.0014939,0.0029605,1.98173,4623.97,2333.31,0.4954,0.1602,0.12234,-2.342
rubber,49,4,4765.610,0.00075592,0.0014858,1.96555,9138.21,4649.18,0.4912,0.01403,0.01071,-2.345
rubber,49,5,7877.894,0.00045221,0.00087942,1.94472,15275.5,7854.9,0.4858,0.01767,0.01349,-2.344
rubber,49,6,11768.212,0.00029858,0.00057326,1.91995,23135.4,12050,0.4791,0.00045,0.00035,-2.183
rubber,49,7,16436.594,0.00021033,0.00039791,1.89184,32842.5,17360.1,0.4714,0.00813,0.00621,-2.340
rubber,50,1,146.832,0.024949,0.049853,1.99820,276.875,138.562,0.4995,2.02997,1.55023,-2.342
rubber,50,2,920.183,0.0039699,0.0079103,1.99257,1740.03,873.261,0.4981,3.51909,2.68743,-2.342
rubber,50,3,2576.539,0.0014093,0.0027914,1.98070,4901.55,2474.66,0.4951,0.1795,0.13708,-2.342
rubber,50,4,5048.987,0.00071276,0.0013996,1.96363,9691.56,4935.52,0.4907,0.02234,0.01706,-2.342
rubber,50,5,8346.338,0.00042612,0.00082738,1.94166,16210.8,8348.95,0.4850,0.02787,0.02128,-2.343
rubber,50,6,12467.985,0.00028113,0.00053854,1.91563,24571.4,12826.8,0.4780,0.00782,0.00597,-2.345
rubber,50,7,17413.963,0.00019785,0.00037319,1.88623,34914.1,18510,0.4698,0.00325,0.00248,-2.349
rubber,51,1,155.563,0.023548,0.047052,1.99813,293.348,146.811,0.4995,2.09449,1.59953,-2.342
rubber,51,2,974.900,0.0037463,0.0074633,1.99218,1843.89,925.563,0.4980,3.50168,2.67417,-2.342
rubber,51,3,2729.748,0.0013294,0.0026318,1.97969,5196.14,2624.73,0.4949,0.18877,0.14416,-2.342
rubber,51,4,5349.215,0.00067203,0.0013182,1.96152,10278.9,5240.29,0.4902,0.05242,0.04003,-2.342
rubber,51,5,8842.636,0.00040149,0.00077828,1.93848,17205.3,8875.67,0.4841,0.02361,0.01803,-2.342
rubber,51,6,13209.370,0.00026466,0.00050579,1.91109,26100.5,13657.4,0.4767,0.00652,0.00498,-2.340
rubber,51,7,18449.451,0.00018608,0.00034989,1.88032,37122.5,19742.6,0.4682,0.00715,0.00546,-2.342
rubber,52,1,164.814,0.022226,0.044408,1.99802,310.796,155.552,0.4995,2.16182,1.65097,-2.342
rubber,52,2,1032.870,0.0035353,0.0070415,1.99177,1953.94,981.006,0.4979,3.47356,2.65273,-2.342
rubber,52,3,2892.067,0.0012541,0.0024812,1.97847,5508.14,2784.04,0.4946,0.18744,0.14315,-2.341
rubber,52,4,5667.297,0.00063359,0.0012415,1.95947,10902.6,5564.04,0.4896,0.07018,0.05359,-2.343
rubber,52,5,9368.447,0.00037825,0.00073195,1.93510,18262.4,9437.47,0.4832,0.00697,0.00533,-2.330
rubber,52,6,13994.841,0.00024913,0.00047491,1.90627,27727.5,14545.4,0.4754,0.00199,0.00152,-2.340
rubber,52,7,19546.514,0.00017498,0.00032793,1.87410,39477.4,21064.7,0.4664,0.00272,0.00208,-2.330
rubber,53,1,174.614,0.020978,0.041913,1.99795,329.286,164.812,0.4995,2.23201,1.70459,-2.342
rubber,53,2,1094.288,0.0033361,0.0066433,1.99134,2070.61,1039.81,0.4978,3.43354,2.6222,-2.342
rubber,53,3,3064.038,0.001183,0.0023391,1.97726,5839.18,2953.17,0.4943,0.17544,0.13398,-2.342
rubber,53,4,6004.292,0.00059731,0.001169,1.95711,11564.8,5909.11,0.4891,0.07159,0.05467,-2.342
rubber,53,5,9925.523,0.00035632,0.00068824,1.93152,19386.4,10036.8,0.4823,0.01269,0.00969,-2.343
rubber,53,6,14827.017,0.00023446,0.00044579,1.90135,29462.4,15495.5,0.4741,0.00751,0.00573,-2.350
rubber,54,1,184.997,0.019799,0.039558,1.99798,348.894,174.623,0.4995,2.30507,1.7604,-2.341
rubber,54,2,1159.358,0.0031481,0.0062675,1.99088,2194.26,1102.15,0.4977,3.38035,2.5816,-2.341
rubber,54,3,3246.235,0.0011158,0.0022049,1.97607,6190.85,3132.91,0.4939,0.15326,0.11704,-2.342
rubber,54,4,6361.325,0.00056306,0.0011006,1.95468,12268.2,6276.35,0.4884,0.05602,0.04278,-2.342
rubber,54,5,10515.726,0.00033562,0.000647,1.92778,20582.1,10676.6,0.4813,0.02329,0.01779,-2.340
rubber,54,6,15708.676,0.00022063,0.00041834,1.89612,31309.2,16512.3,0.4726,0.00299,0.00229,-2.317
rubber,55,1,195.998,0.018687,0.037334,1.99786,369.656,185.026,0.4995,2.38097,1.81838,-2.341
rubber,55,2,1228.297,0.0029707,0.0059127,1.99034,2325.3,1168.29,0.4976,3.31267,2.52994,-2.341
rubber,55,3,3439.266,0.0010525,0.0020783,1.97463,6563.19,3323.75,0.4936,0.12207,0.09323,-2.341
rubber,55,4,6739.589,0.00053074,0.0010361,1.95218,13015.3,6667.07,0.4878,0.02701,0.02063,-2.341
rubber,55,5,11141.023,0.00031609,0.0006081,1.92382,21853.8,11359.6,0.4802,0.01767,0.0135,-2.338
rubber,55,6,16642.764,0.00020757,0.00039245,1.89069,33279.2,17601.6,0.4711,0.0053,0.00405,-2.336
rubber,56,1,207.652,0.017638,0.035236,1.99773,391.64,196.043,0.4994,2.45963,1.87847,-2.341
rubber,56,2,1301.335,0.0028032,0.0055779,1.98983,2464.24,1238.41,0.4974,3.2292,2.4662,-2.341
rubber,56,3,3643.776,0.00099266,0.0019588,1.97328,6958.83,3526.52,0.4932,0.0838,0.064,-2.341
rubber,56,4,7140.346,0.00050023,0.00097525,1.94960,13809.2,7083.06,0.4871,0.00784,0.00599,-2.338
rubber,56,5,11803.503,0.00029765,0.00057141,1.91974,23207.6,12089,0.4791,0.00033,0.00025,-2.411
rubber,56,6,17632.393,0.00019526,0.00036804,1.88487,35377.2,18769,0.4695,0.0052,0.00397,-2.344
rubber,57,1,220.000,0.016647,0.033255,1.99766,414.955,207.721,0.4994,2.54091,1.94055,-2.341
rubber,57,2,1378.717,0.0026451,0.0052619,1.98930,2611.53,1312.79,0.4973,3.12868,2.38944,-2.341
rubber,57,3,3860.446,0.00093621,0.001846,1.97178,7378.42,3742.01,0.4928,0.04111,0.0314,-2.340
rubber,57,4,7564.934,0.00047144,0.0009178,1.94680,14652.5,7526.43,0.4863,0.03845,0.02937,-2.340
rubber,57,5,12505.377,0.00028025,0.00053679,1.91540,24648.5,12868.6,0.4779,0.01698,0.01297,-2.340
rubber,57,6,18680.871,0.00018363,0.00034504,1.87900,37617.8,20020.2,0.4678,0.00304,0.00232,-2.348
rubber,58,1,233.082,0.015712,0.031386,1.99758,439.648,220.09,0.4994,2.62462,2.00448,-2.341
rubber,58,2,1460.699,0.0024959,0.0049636,1.98870,2767.64,1391.68,0.4972,3.01,2.2988,-2.341
rubber,58,3,4090.000,0.00088293,0.0017395,1.97014,7823.67,3971.12,0.4924,0.00267,0.00204,-2.338
rubber,58,4,8014.767,0.00044427,0.00086359,1.94384,15548.6,7998.88,0.4856,0.05503,0.04203,-2.341
rubber,58,5,13248.983,0.00026384,0.00050415,1.91082,26181.6,13701.8,0.4767,0.01847,0.01411,-2.339
rubber,58,6,19791.691,0.00017267,0.00032336,1.87271,40005.5,21362.4,0.4660,0.00556,0.00424,-2.354
rubber,59,1,246.942,0.014829,0.029621,1.99750,465.827,233.205,0.4994,2.7105,2.07006,-2.341
rubber,59,2,1547.557,0.0023551,0.0046821,1.98807,2933.1,1475.35,0.4970,2.8722,2.19356,-2.341
rubber,59,3,4333.204,0.00083264,0.0016391,1.96856,8296.21,4214.36,0.4920,0.04374,0.03341,-2.340
rubber,59,4,8491.351,0.00041862,0.00081244,1.94076,16501.3,8502.48,0.4847,0.05161,0.03941,-2.343
rubber,59,5,14036.811,0.00024834,0.00047336,1.90610,27815.7,14593,0.4754,0.00336,0.00256,-2.362
rubber,60,1,261.626,0.013996,0.027956,1.99743,493.552,247.094,0.4993,2.79823,2.13705,-2.341
rubber,60,2,1639.579,0.0022222,0.0044164,1.98740,3108.52,1564.11,0.4968,2.71463,2.07321,-2.341
rubber,60,3,4590.870,0.00078518,0.0015443,1.96681,8797.67,4473.07,0.4915,0.07812,0.05966,-2.342
rubber,60,4,8996.272,0.00039442,0.00076418,1.93748,17513.7,9039.43,0.4839,0.02907,0.0222,-2.342
rubber,60,5,14871.481,0.00023373,0.00044433,1.90104,29554.4,15546.5,0.4740,0.01401,0.0107,-2.341
rubber,61,1,277.183,0.01321,0.026384,1.99727,522.919,261.816,0.4993,2.8874,2.20514,-2.341
rubber,61,2,1737.074,0.0020967,0.0041655,1.98669,3294.58,1658.33,0.4967,2.53696,1.93751,-2.341
rubber,61,3,4863.857,0.00074038,0.0014548,1.96494,9330.01,4748.25,0.4911,0.1021,0.07798,-2.341
rubber,61,4,9531.220,0.00037158,0.00071864,1.93401,18590.2,9612.26,0.4829,0.00393,0.003,-2.345
rubber,61,5,15755.788,0.00021993,0.00041696,1.89588,31408.9,16566.9,0.4725,0.0158,0.01207,-2.339
rubber,62,1,293.665,0.012468,0.0249,1.99711,554.039,277.42,0.4993,2.97756,2.27398,-2.341
rubber,62,2,1840.366,0.0019783,0.0039288,1.98595,3491.76,1758.24,0.4965,2.33937,1.78659,-2.341
rubber,62,3,5153.077,0.0006981,0.0013703,1.96290,9895.08,5041.05,0.4906,0.11276,0.08611,-2.342
rubber,62,4,10097.975,0.00035002,0.00067569,1.93043,19735.3,10223.3,0.4820,0.03331,0.02544,-2.341
rubber,62,5,16692.676,0.00020692,0.00039115,1.89034,33383.7,17660.1,0.4710,4e-05,3e-05,-2.499
rubber,63,1,311.127,0.011767,0.023499,1.99703,587.045,293.96,0.4992,3.02554,2.34318,-2.220
rubber,63,2,1949.800,0.0018665,0.0037054,1.98521,3700.91,1864.24,0.4963,2.09311,1.62104,-2.220
rubber,63,3,5459.495,0.0006582,0.0012906,1.96080,10494.9,5352.36,0.4900,0.10701,0.08287,-2.221
rubber,63,4,10698.431,0.00032968,0.00063516,1.92660,20952.9,10875.6,0.4810,0.0447,0.03462,-2.220
rubber,63,5,17685.271,0.00019464,0.00036682,1.88461,35489.9,18831.5,0.4694,0.01445,0.01119,-2.221
rubber,64,1,329.628,0.011106,0.022177,1.99685,621.984,311.483,0.4992,3.01851,2.41235,-1.947
rubber,64,2,2065.741,0.001761,0.0034945,1.98438,3922.63,1976.75,0.4961,1.80429,1.44196,-1.947
rubber,64,3,5784.134,0.00062053,0.0012154,1.95865,11132,5683.52,0.4894,0.08569,0.06848,-1.947
rubber,64,4,11334.594,0.00031048,0.00059693,1.92260,22248.6,11572.1,0.4799,0.03224,0.02576,-1.949
rubber,64,5,18736.895,0.00018305,0.00034388,1.87861,37737,20087.7,0.4677,0.00931,0.00744,-1.948
rubber,65,1,349.228,0.010482,0.02093,1.99676,659.011,330.041,0.4992,3.01092,2.48108,-1.681
rubber,65,2,2188.576,0.0016614,0.0032954,1.98351,4157.79,2096.18,0.4958,1.51818,1.25103,-1.681
rubber,65,3,6128.076,0.00058498,0.0011444,1.95631,11808.5,6036.14,0.4888,0.0544,0.04483,-1.681
rubber,65,4,12008.583,0.00029236,0.00056087,1.91842,23627.6,12316.1,0.4787,0.00419,0.00346,-1.663
rubber,65,5,19851.047,0.00017212,0.00032227,1.87236,40133.4,21434.7,0.4659,0.00737,0.00607,-1.686
rubber,66,1,369.994,0.009893,0.019752,1.99656,698.247,349.724,0.4991,3.00272,2.54902,-1.423
rubber,66,2,2318.716,0.0015674,0.0031076,1.98265,4407.14,2222.86,0.4956,1.23754,1.05055,-1.423
rubber,66,3,6492.470,0.00055143,0.0010774,1.95383,12527,6411.5,0.4882,0.01822,0.01546,-1.427
rubber,66,4,12722.650,0.00027526,0.00052686,1.91404,25095.4,13111.2,0.4775,0.02288,0.01943,-1.420
rubber,67,1,391.995,0.009337,0.01864,1.99636,739.826,370.588,0.4991,2.99388,2.61591,-1.172
rubber,67,2,2456.594,0.0014787,0.0029302,1.98161,4671.51,2357.43,0.4954,0.96536,0.84348,-1.172
rubber,67,3,6878.533,0.00051976,0.0010142,1.95129,13290.3,6811.04,0.4875,0.01684,0.01471,-1.175
rubber,67,4,13479.179,0.00025912,0.00049478,1.90946,26658.5,13961.3,0.4763,0.03267,0.02854,-1.174
rubber,68,1,415.305,0.0088122,0.017591,1.99621,783.885,392.687,0.4991,2.98433,2.68162,-0.929
rubber,68,2,2602.670,0.001395,0.0027629,1.98057,4951.8,2500.18,0.4951,0.70487,0.63337,-0.929
rubber,68,3,7287.551,0.00048987,0.00095457,1.94862,14101.2,7236.51,0.4868,0.04475,0.04021,-0.929
rubber,68,4,14280.691,0.0002439,0.00046453,1.90459,28322.1,14870.4,0.4750,0.01971,0.01771,-0.929
rubber,69,1,440.000,0.0083169,0.016601,1.99606,830.568,416.105,0.4990,2.97402,2.74614,-0.692
rubber,69,2,2757.433,0.001316,0.0026049,1.97941,5249.05,2651.83,0.4948,0.45947,0.42426,-0.693
rubber,69,3,7720.892,0.00046166,0.00089828,1.94576,14962.9,7689.98,0.4861,0.0606,0.05595,-0.693
rubber,69,4,15129.867,0.00022953,0.000436,1.89953,30095.2,15843.5,0.4736,0.00565,0.00522,-0.688
rubber,70,1,466.164,0.0078493,0.015666,1.99585,880.047,440.939,0.4990,2.9629,2.80964,-0.461
rubber,70,2,2921.399,0.0012414,0.0024558,1.97825,5564.49,2812.83,0.4945,0.23266,0.22062,-0.462
rubber,70,3,8180.000,0.00043504,0.00084518,1.94276,15878.4,8173.12,0.4853,0.06172,0.05853,-0.461
rubber,70,4,16029.536,0.00021597,0.0004091,1.89424,31984.8,16885.2,0.4721,0.0236,0.02238,-0.461
rubber,71,1,493.883,0.007408,0.014784,1.99568,932.472,467.245,0.4989,2.95091,2.87239,-0.234
rubber,71,2,3095.114,0.0011709,0.0023151,1.97720,5899.53,2983.78,0.4942,0.02794,0.02719,-0.236
rubber,71,3,8666.408,0.00040991,0.00079507,1.93962,16851.9,8688.23,0.4844,0.04856,0.04727,-0.234
rubber,71,4,16982.701,0.00020318,0.00038374,1.88867,33998.2,18001.1,0.4705,0.01999,0.01946,-0.233
rubber,72,1,523.251,0.0069915,0.013951,1.99542,988.022,495.144,0.4989,2.93798,2.93479,-0.009
rubber,72,2,3279.159,0.0011045,0.0021823,1.97583,6254.19,3165.36,0.4939,0.15133,0.15117,-0.009
rubber,72,3,9181.739,0.0003862,0.00074779,1.93628,17886.5,9237.56,0.4835,0.02491,0.02488,-0.010
rubber,72,4,17992.545,0.00019111,0.00035983,1.88284,36145.4,19197.3,0.4689,0.00076,0.00076,+0.000
rubber,73,1,554.365,0.0065983,0.013165,1.99521,1046.9,524.706,0.4988,2.92404,2.92404,+0.000
rubber,73,2,3474.148,0.0010418,0.0020569,1.97437,6630.6,3358.33,0.4935,0.30206,0.30206,+0.000
rubber,73,3,9727.715,0.00036382,0.00070318,1.93277,18986.7,9823.59,0.4826,0.00263,0.00263,+0.000
rubber,73,4,19062.439,0.00017972,0.0003373,1.87681,38436.2,20479.6,0.4672,0.01819,0.01819,+0.000
rubber,74,1,587.330,0.0062273,0.012423,1.99493,1109.27,556.046,0.4987,2.90901,2.90901,+0.000
rubber,74,2,3680.732,0.00098256,0.0019386,1.97301,7030.36,3563.27,0.4932,0.42161,0.42161,+0.000
rubber,74,3,10306.154,0.0003427,0.0006611,1.92909,20156.9,10448.9,0.4816,0.0262,0.0262,+0.000
rubber,75,1,622.254,0.005877,0.011723,1.99473,1175.39,589.248,0.4987,2.89281,2.89281,+0.000
rubber,75,2,3899.599,0.00092668,0.001827,1.97155,7454.3,3780.93,0.4928,0.50798,0.50798,+0.000
rubber,75,3,10918.990,0.00032277,0.0006214,1.92521,21401.5,11116.4,0.4806,0.03889,0.03889,+0.000
rubber,76,1,659.255,0.0055464,0.011062,1.99445,1245.45,624.458,0.4986,2.87537,2.87537,+0.000
rubber,76,2,4131.481,0.00087393,0.0017216,1.96995,7904.24,4012.4,0.4924,0.56003,0.56003,+0.000
rubber,76,3,11568.268,0.00030395,0.00058395,1.92120,22726.6,11829.4,0.4795,0.03707,0.03707,+0.000
rubber,77,1,698.456,0.0052343,0.010438,1.99415,1319.71,661.789,0.4985,2.85659,2.85659,+0.000
rubber,77,2,4377.152,0.00082415,0.0016221,1.96821,8381.67,4258.53,0.4919,0.57768,0.57768,+0.000
rubber,77,3,12256.152,0.0002862,0.00054863,1.91695,24136.1,12590.9,0.4783,0.02208,0.02208,+0.000
rubber,78,1,739.989,0.0049398,0.0098494,1.99389,1398.39,701.338,0.4985,2.83637,2.83637,+0.000
rubber,78,2,4637.431,0.00077717,0.0015282,1.96637,8888.34,4520.19,0.4915,0.5621,0.5621,+0.000
rubber,78,3,12984.940,0.00026945,0.00051531,1.91245,25636.5,13405,0.4771,0.00026,0.00026,+0.000
rubber,79,1,783.991,0.0046618,0.0092936,1.99356,1481.78,743.281,0.4984,2.81462,2.81462,+0.000
rubber,79,2,4913.187,0.00073282,0.0014397,1.96460,9426.26,4798.05,0.4910,0.51584,0.51584,+0.000
rubber,79,3,13757.065,0.00025364,0.00048389,1.90778,27234.5,14275.5,0.4758,0.0191,0.0191,+0.000
rubber,80,1,830.609,0.0043994,0.008769,1.99323,1570.16,787.747,0.4983,2.79122,2.79122,+0.000
rubber,80,2,5205.340,0.00069096,0.0013561,1.96263,9997.33,5093.84,0.4905,0.44298,0.44298,+0.000
rubber,80,3,14575.103,0.00023873,0.00045426,1.90282,28935.4,15206.6,0.4745,0.02754,0.02754,+0.000
rubber,81,1,880.000,0.0041517,0.0082739,1.99289,1663.84,834.885,0.4982,2.76607,2.76607,+0.000
rubber,81,2,5514.866,0.00065146,0.0012772,1.96052,10603.5,5408.51,0.4899,0.34909,0.34909,+0.000
rubber,81,3,15441.784,0.00022465,0.00042631,1.89766,30749,16203.6,0.4730,0.02157,0.02157,+0.000
rubber,82,1,932.328,0.003918,0.0078065,1.99247,1763.08,884.872,0.4981,2.73905,2.73905,+0.000
rubber,82,2,5842.797,0.00061417,0.0012027,1.95825,11247.3,5743.54,0.4893,0.24114,0.24114,+0.000
rubber,82,3,16360.001,0.00021137,0.00039997,1.89227,32680.9,17270.7,0.4715,0.005,0.005,+0.000
rubber,83,1,987.767,0.0036973,0.0073654,1.99210,1868.32,937.866,0.4980,2.71004,2.71004,+0.000
rubber,83,2,6190.228,0.00057898,0.0011324,1.95585,11930.9,6100.1,0.4887,0.1272,0.1272,+0.000
rubber,83,3,17332.816,0.00019884,0.00037513,1.88659,34740.3,18414.3,0.4700,0.01241,0.01241,+0.000
rubber,84,1,1046.502,0.0034891,0.006949,1.99163,1979.81,994.065,0.4979,2.67891,2.67891,+0.000
rubber,84,2,6558.318,0.00054576,0.0010661,1.95342,12657.1,6479.46,0.4881,0.01607,0.01607,+0.000
rubber,84,3,18363.479,0.00018701,0.00035172,1.88076,36937.9,19639.9,0.4683,0.02018,0.02018,+0.000
rubber,85,1,1108.731,0.0032925,0.0065561,1.99122,2098.03,1053.64,0.4978,2.64552,2.64552,+0.000
rubber,85,2,6948.297,0.00051441,0.0010035,1.95078,13428.5,6883.66,0.4874,0.0834,0.0834,+0.000
rubber,85,3,19455.430,0.00017586,0.00032966,1.87456,39279.9,20954.2,0.4665,0.01383,0.01383,+0.000
rubber,86,1,1174.659,0.003107,0.0061851,1.99070,2223.29,1116.84,0.4977,2.60974,2.60974,+0.000
rubber,86,2,7361.463,0.00048483,0.0009445,1.94811,14247.8,7313.66,0.4867,0.16299,0.16299,+0.000
rubber,87,1,1244.508,0.0029318,0.005835,1.99024,2356.15,1183.85,0.4975,2.57142,2.57142,+0.000
rubber,87,2,7799.198,0.0004569,0.00088878,1.94524,15118.7,7772.18,0.4859,0.21602,0.21602,+0.000
rubber,88,1,1318.510,0.0027665,0.0055046,1.98973,2496.93,1254.91,0.4974,2.53043,2.53043,+0.000
rubber,88,2,8262.963,0.00043054,0.00083621,1.94224,16044.4,8260.79,0.4851,0.23824,0.23824,+0.000
rubber,89,1,1396.913,0.0026105,0.0051927,1.98916,2646.14,1330.28,0.4973,2.48662,2.48662,+0.000
rubber,89,2,8754.305,0.00040567,0.00078661,1.93904,17028,8781.68,0.4843,0.22858,0.22858,+0.000
rubber,90,1,1479.978,0.0024632,0.0048983,1.98859,2804.38,1410.24,0.4971,2.43982,2.43982,+0.000
rubber,90,2,9274.862,0.0003822,0.00073981,1.93566,18073.7,9337.2,0.4834,0.18975,0.18975,+0.000
rubber,91,1,1567.982,0.0023242,0.0046204,1.98795,2972.1,1495.06,0.4970,2.38995,2.38995,+0.000
rubber,91,2,9826.374,0.00036004,0.00069565,1.93215,19186.1,9929.93,0.4824,0.12831,0.12831,+0.000
rubber,92,1,1661.219,0.0021931,0.0043581,1.98719,3149.77,1585.04,0.4968,2.33679,2.33679,+0.000
rubber,92,2,10410.681,0.00033913,0.000654,1.92846,20369,10562.3,0.4814,0.05421,0.05421,+0.000
rubber,93,1,1760.000,0.0020692,0.0041106,1.98656,3338.37,1680.47,0.4966,2.28023,2.28023,+0.000
rubber,93,2,11029.732,0.0003194,0.0006147,1.92455,21627.3,11237.6,0.4804,0.02029,0.02029,+0.000
rubber,94,1,1864.655,0.0019523,0.003877,1.98586,3538.27,1781.73,0.4964,2.22014,2.22014,+0.000
rubber,94,2,11685.594,0.00030078,0.00057763,1.92044,22966.1,11958.8,0.4793,0.08249,0.08249,+0.000
rubber,95,1,1975.533,0.001842,0.0036564,1.98502,3750.14,1889.22,0.4962,2.15641,2.15641,+0.000
rubber,95,2,12380.457,0.00028321,0.00054266,1.91610,24390.9,12729.4,0.4781,0.12147,0.12147,+0.000
rubber,96,1,2093.004,0.0017379,0.0034483,1.98418,3974.77,2003.23,0.4960,2.08891,2.08891,+0.000
rubber,96,2,13116.636,0.00026662,0.00050969,1.91167,25908.6,13552.9,0.4769,0.13051,0.13051,+0.000
rubber,97,1,2217.461,0.0016396,0.0032518,1.98329,4213.07,2124.29,0.4958,2.01757,2.01757,+0.000
rubber,97,2,13896.591,0.00025097,0.00047858,1.90692,27524.2,14433.9,0.4756,0.10905,0.10905,+0.000
rubber,98,1,2349.318,0.0015468,0.0030664,1.98242,4465.84,2252.72,0.4955,1.94231,1.94231,+0.000
rubber,98,2,14722.928,0.00023621,0.00044925,1.90191,29244.1,15376.2,0.4742,0.06354,0.06354,+0.000
rubber,99,1,2489.016,0.0014593,0.0028914,1.98136,4733.61,2389.07,0.4953,1.8631,1.8631,+0.000
rubber,99,2,15598.396,0.00022227,0.0004216,1.89679,31078.2,16384.6,0.4728,0.00664,0.00664,+0.000
rubber,100,1,2637.020,0.0013766,0.0027262,1.98039,5017.98,2533.84,0.4950,1.77993,1.77993,+0.000
rubber,100,2,16525.924,0.00020912,0.00039552,1.89135,33032.5,17465,0.4713,0.04551,0.04551,+0.000
rubber,101,1,2793.826,0.0012986,0.0025703,1.97929,5319.39,2687.53,0.4948,1.69284,1.69284,+0.000
rubber,101,2,17508.609,0.00019672,0.00037094,1.88562,35114.7,18622.3,0.4697,0.07767,0.07767,+0.000
rubber,102,1,2959.955,0.001225,0.0024231,1.97804,5638.98,2850.79,0.4945,1.60191,1.60191,+0.000
rubber,102,2,18549.725,0.00018502,0.00034777,1.87963,37335.2,19863,0.4680,0.08048,0.08048,+0.000
rubber,103,1,3135.963,0.0011555,0.0022843,1.97689,5978.15,3024.01,0.4941,1.50728,1.50728,+0.000
rubber,103,2,19652.746,0.00017397,0.00032593,1.87348,39706.6,21194,0.4662,0.05437,0.05437,+0.000
rubber,104,1,3322.438,0.0010899,0.0021532,1.97559,6337.97,3208.13,0.4938,1.40914,1.40914,+0.000
rubber,105,1,3520.000,0.001028,0.0020295,1.97422,6719.61,3403.67,0.4935,1.30779,1.30779,+0.000
rubber,106,1,3729.310,0.00096959,0.0019127,1.97269,7124.41,3611.52,0.4931,1.20355,1.20355,+0.000
rubber,107,1,3951.067,0.00091444,0.0018025,1.97115,7554.08,3832.32,0.4927,1.09688,1.09688,+0.000
rubber,108,1,4186.009,0.00086238,0.0016985,1.96955,8010.11,4066.97,0.4923,0.98832,0.98832,+0.000
glass,21,1,27.500,26.446,52.458,1.98359,0.261202,0.131682,0.4959,0.15422,0.14249,-0.687
glass,21,2,172.340,4.1979,8.2841,1.97339,1.64553,0.833857,0.4933,0.38835,0.35882,-0.687
glass,21,3,482.556,1.4826,2.8945,1.95231,4.65922,2.38651,0.4878,0.13901,0.12844,-0.687
glass,21,4,945.617,0.74425,1.4308,1.92247,9.2815,4.8279,0.4798,0.06596,0.06095,-0.686
glass,21,5,1563.172,0.44064,0.83084,1.88553,15.6766,8.31418,0.4696,0.02126,0.01964,-0.688
glass,21,6,2335.109,0.28734,0.52963,1.84322,24.0404,13.0426,0.4575,0.0057,0.00527,-0.681
glass,21,7,3261.433,0.19953,0.35866,1.79752,34.6201,19.2599,0.4437,0.00607,0.00561,-0.685
glass,21,8,4342.144,0.14478,0.25338,1.75010,47.7121,27.2624,0.4286,0.00037,0.00035,-0.483
glass,21,9,5577.243,0.1085,0.18472,1.70249,63.6659,37.3958,0.4126,0.00166,0.00153,-0.708
glass,21,10,6966.729,0.083358,0.138,1.65551,82.8685,50.0562,0.3960,4e-05,4e-05,+0.000
glass,21,11,8510.604,0.065308,0.10516,1.61022,105.772,65.688,0.3790,0.00043,0.0004,-0.628
glass,21,12,10208.862,0.05199,0.081475,1.56713,132.867,84.7837,0.3619,0.00012,0.00011,-0.756
glass,22,1,29.135,24.96,49.508,1.98349,0.276753,0.139528,0.4958,0.15617,0.1439,-0.711
glass,22,2,182.587,3.9608,7.8135,1.97271,1.74403,0.884079,0.4931,0.39197,0.36118,-0.711
glass,22,3,511.250,1.3979,2.7266,1.95050,4.94152,2.53347,0.4873,0.13676,0.12602,-0.710
glass,22,4,1001.846,0.70109,1.3454,1.91901,9.85288,5.13435,0.4789,0.05566,0.05129,-0.710
glass,22,5,1656.123,0.41459,0.7795,1.88017,16.6617,8.86178,0.4681,0.02078,0.01915,-0.710
glass,22,6,2473.961,0.26995,0.49565,1.83608,25.589,13.9368,0.4554,0.00605,0.00557,-0.718
glass,22,7,3455.367,0.18715,0.33473,1.78857,36.9103,20.6368,0.4409,0.00533,0.00491,-0.713
glass,22,8,4600.341,0.13555,0.23581,1.73965,50.9609,29.2937,0.4252,3e-05,3e-05,+0.000
glass,22,9,5908.883,0.1014,0.17142,1.69053,68.1238,40.2973,0.4085,0.00204,0.00188,-0.709
glass,22,10,7380.991,0.077744,0.12771,1.64270,88.8526,54.0894,0.3912,0.00023,0.00021,-0.790
glass,22,11,9016.670,0.060788,0.09706,1.59670,113.637,71.1699,0.3737,0.00057,0.00052,-0.797
glass,22,12,10815.912,0.048294,0.075008,1.55315,143.035,92.0936,0.3561,0.00032,0.0003,-0.561
glass,23,1,30.868,23.558,46.724,1.98336,0.293223,0.147842,0.4958,0.15819,0.14535,-0.735
glass,23,2,193.445,3.737,7.3692,1.97196,1.84848,0.937382,0.4929,0.39564,0.36353,-0.735
glass,23,3,541.651,1.318,2.5681,1.94848,5.24109,2.68983,0.4868,0.13424,0.12334,-0.736
glass,23,4,1061.419,0.66036,1.2648,1.91532,10.4606,5.46154,0.4779,0.04536,0.04168,-0.735
glass,23,5,1754.601,0.39,0.7311,1.87462,17.7122,9.44844,0.4666,0.01916,0.0176,-0.738
glass,23,6,2621.071,0.25356,0.46365,1.82856,27.2431,14.8986,0.4531,0.0056,0.00514,-0.744
glass,23,7,3660.835,0.17548,0.31223,1.77929,39.3649,22.1239,0.4380,0.00336,0.00309,-0.728
glass,23,8,4873.892,0.12686,0.21932,1.72883,54.4518,31.4962,0.4216,0.0003,0.00027,-0.915
glass,23,9,6260.244,0.094707,0.15897,1.67855,72.9382,43.4532,0.4042,0.001,0.00092,-0.724
glass,23,10,7819.889,0.072468,0.1181,1.62968,95.3215,58.4907,0.3864,0.00024,0.00022,-0.756
glass,23,11,9552.830,0.056545,0.089512,1.58302,122.164,77.1713,0.3683,0.00064,0.00059,-0.707
glass,23,12,11459.062,0.044831,0.068998,1.53907,154.084,100.115,0.3503,9e-05,8e-05,-1.023
glass,24,1,32.703,22.234,44.095,1.98322,0.310684,0.156656,0.4958,0.1603,0.14685,-0.761
glass,24,2,204.947,3.5258,6.9499,1.97116,1.9592,0.993936,0.4927,0.39937,0.36585,-0.761
glass,24,3,573.859,1.2426,2.4185,1.94632,5.55911,2.85621,0.4862,0.13142,0.12039,-0.761
glass,24,4,1124.534,0.62192,1.1888,1.91150,11.1071,5.8107,0.4768,0.03517,0.03222,-0.761
glass,24,5,1858.935,0.3668,0.68548,1.86881,18.8325,10.0773,0.4649,0.0165,0.01512,-0.759
glass,24,6,2776.928,0.23809,0.43352,1.82082,29.0132,15.9341,0.4508,0.00443,0.00406,-0.758
glass,24,7,3878.519,0.16448,0.29109,1.76976,41.9975,23.7307,0.4350,0.0007,0.00064,-0.778
glass,24,8,5163.708,0.11868,0.20385,1.71764,58.2049,33.8865,0.4178,0.00046,0.00042,-0.790
glass,24,9,6632.497,0.088416,0.14732,1.66621,78.1279,46.8895,0.3998,0.00066,0.0006,-0.828
glass,24,10,8284.883,0.067511,0.10913,1.61648,102.32,63.2984,0.3814,1e-05,1e-05,+0.000
glass,24,11,10120.869,0.052565,0.082485,1.56920,131.414,83.7456,0.3627,0.00027,0.00025,-0.668
glass,24,12,12140.450,0.041587,0.063418,1.52495,166.104,108.924,0.3442,0.0003,0.00027,-0.915
glass,25,1,34.648,20.985,41.615,1.98308,0.329176,0.165992,0.4957,0.1625,0.14839,-0.789
glass,25,2,217.134,3.3264,6.5542,1.97036,2.07665,1.05394,0.4925,0.40316,0.36816,-0.789
glass,25,3,607.982,1.1715,2.2774,1.94400,5.8965,3.03318,0.4856,0.12829,0.11715,-0.789
glass,25,4,1191.402,0.58564,1.1171,1.90749,11.7952,6.18365,0.4757,0.02524,0.02305,-0.788
glass,25,5,1969.473,0.34491,0.64248,1.86275,20.0277,10.7517,0.4632,0.01299,0.01187,-0.783
glass,25,6,2942.052,0.22351,0.40516,1.81272,30.9058,17.0494,0.4483,0.00271,0.00248,-0.770
glass,25,7,4109.148,0.15411,0.27122,1.75991,44.8235,25.4692,0.4318,0.00191,0.00175,-0.760
glass,25,8,5470.758,0.11097,0.18935,1.70632,62.2489,36.4814,0.4139,0.00038,0.00034,-0.966
glass,25,9,7026.886,0.0825,0.13642,1.65358,83.7304,50.6359,0.3953,0.00164,0.0015,-0.775
glass,25,10,8777.528,0.062856,0.10076,1.60303,109.898,68.5565,0.3762,0.00022,0.0002,-0.828
glass,25,11,10722.688,0.048833,0.075948,1.55526,141.457,90.9537,0.3570,0.00064,0.00058,-0.855
glass,25,12,12862.359,0.03855,0.05824,1.51077,179.189,118.608,0.3381,0,0,
glass,26,1,36.708,19.806,39.273,1.98288,0.348771,0.175891,0.4957,0.1648,0.15,-0.817
glass,26,2,230.046,3.1383,6.1806,1.96941,2.20111,1.11765,0.4922,0.407,0.37045,-0.817
glass,26,3,644.135,1.1043,2.1442,1.94168,6.25532,3.2216,0.4850,0.12484,0.11363,-0.817
glass,26,4,1262.247,0.55141,1.0494,1.90312,12.5274,6.58258,0.4746,0.0157,0.01429,-0.817
glass,26,5,2086.584,0.32426,0.60196,1.85641,21.3031,11.4754,0.4613,0.00888,0.00808,-0.820
glass,26,6,3116.997,0.20976,0.37848,1.80435,32.9317,18.2513,0.4458,0.00073,0.00066,-0.876
glass,26,7,4353.491,0.14435,0.25256,1.74964,47.8542,27.3509,0.4285,0.0037,0.00337,-0.811
glass,26,8,5796.067,0.10372,0.17576,1.69456,66.6,39.3022,0.4099,0.00011,0.0001,-0.828
glass,26,9,7444.728,0.076938,0.12624,1.64080,89.7834,54.7192,0.3905,0.00115,0.00105,-0.790
glass,26,10,9299.469,0.058486,0.092958,1.58941,118.11,74.3105,0.3708,0.00013,0.00012,-0.695
glass,26,11,11360.294,0.045336,0.069871,1.54118,152.368,98.8644,0.3512,0.00015,0.00013,-1.243
glass,26,12,13627.197,0.035709,0.05344,1.49654,193.446,129.262,0.3318,0.00026,0.00023,-1.065
glass,27,1,38.891,18.692,37.063,1.98283,0.369557,0.186379,0.4957,0.1672,0.15167,-0.847
glass,27,2,243.725,2.9607,5.8281,1.96849,2.33315,1.18525,0.4920,0.4109,0.37273,-0.847
glass,27,3,682.437,1.0409,2.0185,1.93919,6.63633,3.42222,0.4843,0.12105,0.10981,-0.846
glass,27,4,1337.304,0.51911,0.98562,1.89867,13.3069,7.00854,0.4733,0.00672,0.00609,-0.855
glass,27,5,2210.659,0.30479,0.56379,1.84977,22.664,12.2524,0.4594,0.00445,0.00404,-0.840
glass,27,6,3302.343,0.19679,0.35337,1.79567,35.1022,19.5482,0.4431,0.00121,0.0011,-0.828
glass,27,7,4612.363,0.13515,0.23504,1.73910,51.1118,29.3897,0.4250,0.00411,0.00373,-0.843
glass,27,8,6140.719,0.096894,0.16303,1.68256,71.2919,42.3711,0.4057,0.0002,0.00018,-0.915
glass,27,9,7887.413,0.07171,0.11672,1.62767,96.329,59.1823,0.3856,0.00033,0.0003,-0.828
glass,27,10,9852.442,0.054386,0.085693,1.57564,127.013,80.6105,0.3653,0.00013,0.00011,-1.451
glass,27,11,12035.812,0.042059,0.064228,1.52709,164.24,107.551,0.3451,0.00057,0.00051,-0.966
glass,27,12,14437.512,0.033054,0.048995,1.48227,208.984,140.989,0.3254,0.00014,0.00013,-0.644
glass,28,1,41.203,17.642,34.977,1.98260,0.391552,0.197494,0.4956,0.16971,0.15341,-0.877
glass,28,2,258.218,2.7931,5.4953,1.96746,2.47315,1.25703,0.4917,0.41486,0.37501,-0.877
glass,28,3,723.017,0.98107,1.8999,1.93656,7.04104,3.63585,0.4836,0.11691,0.10568,-0.877
glass,28,4,1416.824,0.48862,0.92545,1.89401,14.1373,7.46421,0.4720,0.00154,0.0014,-0.828
glass,28,5,2342.112,0.28641,0.52782,1.84288,24.1184,13.0873,0.4574,6e-05,5e-05,-1.584
glass,28,6,3498.710,0.18457,0.32976,1.78664,37.4262,20.9478,0.4403,0.00274,0.00248,-0.866
glass,28,7,4886.628,0.12648,0.2186,1.72834,54.6154,31.6,0.4214,0.00303,0.00274,-0.874
glass,28,8,6505.865,0.090473,0.15112,1.67033,76.3516,45.7104,0.4013,0.00035,0.00032,-0.778
glass,28,9,8356.423,0.066799,0.10784,1.61440,103.411,64.0556,0.3806,0.00134,0.00122,-0.815
glass,28,10,10438.299,0.05054,0.078931,1.56175,136.679,87.5164,0.3597,0.00018,0.00016,-1.023
glass,28,11,12751.497,0.038993,0.058991,1.51286,177.154,117.098,0.3390,0.00018,0.00016,-1.023
glass,28,12,15296.010,0.030572,0.044882,1.46808,225.95,153.909,0.3188,0.00013,0.00011,-1.451
glass,29,1,43.654,16.65,33.008,1.98246,0.41488,0.209275,0.4956,0.17235,0.15524,-0.908
glass,29,2,273.572,2.6348,5.1812,1.96645,2.62174,1.33323,0.4915,0.41889,0.37731,-0.908
glass,29,3,766.010,0.92459,1.788,1.93383,7.47115,3.8634,0.4829,0.1124,0.10125,-0.907
glass,29,4,1501.073,0.45986,0.86871,1.88907,15.0214,7.95174,0.4706,0.00891,0.00803,-0.903
glass,29,5,2481.381,0.26908,0.49394,1.83566,25.6718,13.985,0.4552,0.00394,0.00355,-0.905
glass,29,6,3706.754,0.17305,0.30756,1.77729,39.9177,22.4599,0.4374,0.00359,0.00324,-0.891
glass,29,7,5177.202,0.11832,0.20318,1.71721,58.382,33.9982,0.4177,0.00088,0.00079,-0.937
glass,29,8,6892.724,0.084434,0.13998,1.65786,81.8125,49.3482,0.3968,0.00026,0.00024,-0.695
glass,29,9,8853.322,0.062188,0.099562,1.60098,111.079,69.3814,0.3754,0.00086,0.00077,-0.960
glass,29,10,11058.993,0.046935,0.072643,1.54774,147.177,95.0918,0.3539,5e-05,4e-05,-1.938
glass,29,11,13509.741,0.036123,0.054136,1.49866,191.229,127.6,0.3327,0.00046,0.00041,-0.999
glass,29,12,16205.559,0.028255,0.041081,1.45394,244.479,168.15,0.3122,0.00022,0.0002,-0.828
glass,30,1,46.249,15.714,31.15,1.98231,0.439592,0.221758,0.4955,0.17513,0.15717,-0.940
glass,30,2,289.839,2.4855,4.8848,1.96532,2.77922,1.41413,0.4912,0.42298,0.37961,-0.940
glass,30,3,811.559,0.87129,1.6824,1.93093,7.92819,4.10589,0.4821,0.10752,0.0965,-0.939
glass,30,4,1590.331,0.43271,0.81521,1.88396,15.9639,8.47359,0.4692,0.01523,0.01367,-0.939
glass,30,5,2628.931,0.25273,0.46204,1.82820,27.3325,14.9506,0.4530,0.0072,0.00646,-0.942
glass,30,6,3927.169,0.16219,0.2867,1.76768,42.5905,24.094,0.4343,0.00359,0.00323,-0.918
glass,30,7,5485.054,0.11063,0.18872,1.70587,62.4402,36.6032,0.4138,0.00144,0.00129,-0.955
glass,30,8,7302.586,0.078756,0.12956,1.64508,87.7108,53.317,0.3921,1e-05,1e-05,+0.000
glass,30,9,9379.768,0.057859,0.091843,1.58736,119.389,75.2126,0.3700,0.00054,0.00048,-1.023
glass,30,10,11716.594,0.043557,0.066802,1.53367,158.591,103.406,0.3480,0.00017,0.00015,-1.087
glass,30,11,14313.071,0.03344,0.04964,1.48445,206.572,139.157,0.3263,0.0003,0.00027,-0.915
glass,30,12,17169.189,0.026094,0.03757,1.43979,264.726,183.864,0.3055,9e-05,8e-05,-1.023
glass,31,1,48.999,14.831,29.396,1.98206,0.465765,0.23499,0.4955,0.17805,0.15921,-0.971
glass,31,2,307.074,2.3445,4.605,1.96417,2.94637,1.50006,0.4909,0.42714,0.38194,-0.972
glass,31,3,859.816,0.82099,1.5828,1.92792,8.41393,4.36426,0.4813,0.10226,0.09144,-0.971
glass,31,4,1684.897,0.4071,0.76477,1.87858,16.9682,9.03246,0.4677,0.02033,0.01818,-0.971
glass,31,5,2785.256,0.23731,0.43201,1.82045,29.1086,15.9898,0.4507,0.0094,0.00841,-0.967
glass,31,6,4160.690,0.15196,0.26709,1.75763,45.4577,25.863,0.4311,0.00275,0.00246,-0.968
glass,31,7,5811.212,0.1034,0.17517,1.69410,66.8061,39.4346,0.4097,0.00291,0.0026,-0.978
glass,31,8,7736.820,0.073419,0.11983,1.63214,94.0867,57.6463,0.3873,0.00025,0.00022,-1.110
glass,31,9,9937.517,0.053797,0.084655,1.57360,128.404,81.5989,0.3645,0.00115,0.00103,-0.957
glass,31,10,12413.298,0.040394,0.061379,1.51951,171.009,112.543,0.3419,1e-05,1e-05,+0.000
glass,31,11,15164.170,0.030933,0.045478,1.47021,223.313,151.892,0.3198,0.00026,0.00023,-1.065
glass,31,12,18190.123,0.024079,0.034331,1.42577,286.879,201.21,0.2986,8e-05,7e-05,-1.160
glass,32,1,51.913,13.997,27.74,1.98185,0.493517,0.249018,0.4954,0.18112,0.16137,-1.003
glass,32,2,325.334,2.2115,4.341,1.96292,3.12356,1.59128,0.4906,0.43134,0.3843,-1.003
glass,32,3,910.944,0.77352,1.4888,1.92471,8.93029,4.63981,0.4804,0.09661,0.08607,-1.003
glass,32,4,1785.087,0.38294,0.71722,1.87293,18.0387,9.63129,0.4661,0.02408,0.02146,-1.001
glass,32,5,2950.876,0.22278,0.40374,1.81228,31.0071,17.1094,0.4482,0.01034,0.00921,-1.005
glass,32,6,4408.099,0.14231,0.24868,1.74745,48.5402,27.7777,0.4277,0.00129,0.00115,-0.998
glass,32,7,6156.766,0.096596,0.16248,1.68206,71.5118,42.5145,0.4055,0.00286,0.00254,-1.031
glass,32,8,8196.877,0.068404,0.11074,1.61891,100.985,62.3781,0.3823,0.00026,0.00023,-1.065
glass,32,9,10528.434,0.049988,0.077966,1.55969,138.188,88.5996,0.3588,0.00023,0.00021,-0.790
glass,32,10,13151.433,0.037435,0.056349,1.50525,184.527,122.589,0.3357,0.00015,0.00013,-1.243
glass,32,11,16065.881,0.028592,0.041631,1.45604,241.597,165.928,0.3132,0.00041,0.00037,-0.892
glass,32,12,19271.766,0.022201,0.031345,1.41187,311.146,220.378,0.2917,0.00017,0.00016,-0.527
glass,33,1,55.000,13.21,26.177,1.98160,0.522919,0.263886,0.4954,0.18437,0.16366,-1.035
glass,33,2,344.679,2.0859,4.0917,1.96160,3.31164,1.68824,0.4902,0.43559,0.38666,-1.035
glass,33,3,965.111,0.72871,1.4001,1.92134,9.47943,4.93376,0.4795,0.09057,0.0804,-1.035
glass,33,4,1891.233,0.36014,0.67239,1.86702,19.1807,10.2734,0.4644,0.02638,0.02342,-1.034
glass,33,5,3126.344,0.20907,0.37714,1.80389,33.0404,18.3162,0.4456,0.00991,0.0088,-1.032
glass,33,6,4670.217,0.13323,0.2314,1.73685,51.8483,29.852,0.4242,0.0004,0.00035,-1.160
glass,33,7,6522.866,0.090192,0.1506,1.66977,76.5894,45.8682,0.4011,0.00133,0.00118,-1.039
glass,33,8,8684.288,0.063695,0.10226,1.60546,108.451,67.5509,0.3771,4e-05,4e-05,+0.000
glass,33,9,11154.486,0.046418,0.071746,1.54565,148.816,96.2807,0.3530,0.00091,0.00081,-1.011
glass,33,10,13933.457,0.034666,0.051689,1.49106,199.266,133.641,0.3293,2e-05,2e-05,+0.000
glass,33,11,17021.207,0.026408,0.038078,1.44191,261.578,181.411,0.3065,7e-05,6e-05,-1.339
glass,34,1,58.270,12.467,24.702,1.98139,0.554083,0.279644,0.4953,0.18778,0.16609,-1.066
glass,34,2,365.175,1.9674,3.8565,1.96020,3.51111,1.7912,0.4898,0.43984,0.38903,-1.066
glass,34,3,1022.500,0.68643,1.3164,1.91775,10.0633,5.24746,0.4785,0.08415,0.07442,-1.067
glass,34,4,2003.692,0.33863,0.63015,1.86088,20.3991,10.9621,0.4626,0.02717,0.02403,-1.067
glass,34,5,3312.246,0.19614,0.35211,1.79520,35.2185,19.6182,0.4430,0.00819,0.00725,-1.059
glass,34,6,4947.923,0.12468,0.21519,1.72594,55.4039,32.1007,0.4206,0.00183,0.00162,-1.059
glass,34,7,6910.735,0.08417,0.13949,1.65724,82.0691,49.5215,0.3966,0.00081,0.00072,-1.023
glass,34,8,9200.682,0.059273,0.094359,1.59194,116.541,73.2072,0.3718,0.00019,0.00017,-0.966
glass,34,9,11817.766,0.043073,0.065969,1.53156,160.373,104.712,0.3471,0.0006,0.00053,-1.078
glass,34,10,14761.982,0.032079,0.047374,1.47679,215.336,145.813,0.3229,0.00013,0.00011,-1.451
glass,34,11,18033.340,0.024372,0.0348,1.42787,283.43,198.499,0.2997,0.00029,0.00026,-0.948
glass,35,1,61.735,11.766,23.31,1.98113,0.587095,0.296343,0.4952,0.19138,0.16867,-1.097
glass,35,2,386.889,1.8555,3.6345,1.95877,3.72285,1.90061,0.4895,0.44409,0.39139,-1.097
glass,35,3,1083.301,0.64652,1.2374,1.91394,10.6845,5.58248,0.4775,0.07735,0.06817,-1.097
glass,35,4,2122.838,0.31834,0.59034,1.85443,21.6993,11.7013,0.4608,0.02642,0.02329,-1.095
glass,35,5,3509.203,0.18396,0.32857,1.78609,37.5503,21.0237,0.4401,0.00543,0.00478,-1.107
glass,35,6,5242.143,0.11662,0.19998,1.71480,59.233,34.5422,0.4168,0.00256,0.00226,-1.083
glass,35,7,7321.670,0.078507,0.12911,1.64457,87.989,53.5029,0.3919,0.00228,0.00201,-1.095
glass,35,8,9747.784,0.055124,0.086997,1.57821,125.313,79.4022,0.3664,0.00021,0.00019,-0.869
glass,35,9,12520.488,0.039941,0.060606,1.51739,172.949,113.978,0.3410,0.00061,0.00054,-1.059
glass,35,10,15639.778,0.029662,0.043384,1.46261,232.882,159.224,0.3163,6e-05,5e-05,-1.584
glass,35,11,19105.660,0.022474,0.031777,1.41395,307.367,217.382,0.2928,0.00034,0.0003,-1.087
glass,36,1,65.406,11.104,21.996,1.98091,0.622096,0.314046,0.4952,0.19516,0.1714,-1.128
glass,36,2,409.895,1.7499,3.425,1.95725,3.94751,2.01686,0.4891,0.44829,0.39371,-1.128
glass,36,3,1147.717,0.60886,1.163,1.91013,11.3454,5.9396,0.4765,0.07019,0.06165,-1.127
glass,36,4,2249.068,0.29919,0.55283,1.84776,23.0882,12.4953,0.4588,0.02421,0.02126,-1.129
glass,36,5,3717.870,0.17247,0.30645,1.77683,40.0519,22.5412,0.4372,0.00204,0.00179,-1.136
glass,36,6,5553.855,0.10904,0.18572,1.70323,63.3507,37.1945,0.4129,0.00236,0.00207,-1.139
glass,36,7,7757.038,0.073185,0.1194,1.63148,94.3876,57.8539,0.3871,0.00214,0.00188,-1.125
glass,36,8,10327.416,0.051232,0.080144,1.56433,134.833,86.1918,0.3607,0,0,
glass,36,9,13264.993,0.037011,0.055633,1.50315,186.641,124.167,0.3347,0.00068,0.0006,-1.087
glass,36,10,16569.766,0.027406,0.039697,1.44848,252.053,174.012,0.3096,9e-05,7e-05,-2.183
glass,37,1,69.296,10.479,20.755,1.98063,0.6592,0.332824,0.4951,0.19914,0.1743,-1.157
glass,37,2,434.268,1.6503,3.2272,1.95552,4.18576,2.14048,0.4886,0.4524,0.39598,-1.157
glass,37,3,1215.964,0.57332,1.0927,1.90592,12.0487,6.32173,0.4753,0.06271,0.05489,-1.157
glass,37,4,2382.805,0.28114,0.5175,1.84072,24.5705,13.3483,0.4567,0.02067,0.01809,-1.158
glass,37,5,3938.947,0.16164,0.28565,1.76720,42.7354,24.1826,0.4341,0.00142,0.00125,-1.108
glass,37,6,5884.105,0.1019,0.17236,1.69146,67.7895,40.0775,0.4088,0.0013,0.00113,-1.217
glass,37,7,8218.296,0.068185,0.11034,1.61824,101.309,62.6043,0.3821,0.00053,0.00046,-1.230
glass,37,8,10941.517,0.047584,0.073771,1.55033,145.17,93.6378,0.3550,0.00019,0.00017,-0.966
glass,37,9,14053.771,0.03427,0.051025,1.48891,201.569,135.38,0.3284,0.00046,0.00041,-0.999
glass,37,10,17555.057,0.025302,0.036292,1.43435,273.012,190.338,0.3028,0.0001,9e-05,-0.915
glass,38,1,73.416,9.8896,19.585,1.98036,0.698487,0.352706,0.4950,0.20331,0.17737,-1.186
glass,38,2,460.091,1.5562,3.0406,1.95386,4.43886,2.27184,0.4882,0.45638,0.39817,-1.185
glass,38,3,1288.269,0.53978,1.0265,1.90170,12.7974,6.72943,0.4741,0.05495,0.04794,-1.185
glass,38,4,2524.494,0.2641,0.48423,1.83351,26.1558,14.2654,0.4546,0.01602,0.01398,-1.183
glass,38,5,4173.169,0.15144,0.26611,1.75720,45.6138,25.9583,0.4309,0.00435,0.0038,-1.174
glass,38,6,6233.993,0.09518,0.15985,1.67945,72.5757,43.214,0.4046,0.0002,0.00017,-1.412
glass,38,7,8706.982,0.063489,0.10189,1.60484,108.802,67.7962,0.3769,0.00135,0.00117,-1.243
glass,38,8,11592.135,0.044165,0.067849,1.53626,156.408,101.811,0.3491,0.00013,0.00011,-1.451
glass,38,9,14889.455,0.031708,0.04676,1.47471,217.855,147.728,0.3219,0.00061,0.00053,-1.221
glass,38,10,18598.938,0.02334,0.033153,1.42044,295.962,208.36,0.2960,0,0,
glass,39,1,77.782,9.333,18.48,1.98007,0.740143,0.373796,0.4950,0.20768,0.18063,-1.212
glass,39,2,487.450,1.4674,2.8645,1.95209,4.70748,2.4115,0.4877,0.46018,0.40025,-1.212
glass,39,3,1364.874,0.50813,0.96396,1.89707,13.5945,7.16602,0.4729,0.04696,0.04084,-1.213
glass,39,4,2674.608,0.24804,0.45289,1.82587,27.8494,15.2526,0.4523,0.01058,0.0092,-1.214
glass,39,5,4421.318,0.14183,0.24776,1.74688,48.7045,27.8808,0.4276,0.0062,0.00539,-1.216
glass,39,6,6604.685,0.088861,0.14814,1.66710,77.7366,46.6299,0.4002,0.00149,0.00129,-1.252
glass,39,7,9224.726,0.05908,0.094015,1.59132,116.922,73.475,0.3716,0.00198,0.00172,-1.223
glass,39,8,12281.438,0.040964,0.062351,1.52209,168.63,110.788,0.3430,0.00011,9e-05,-1.743
glass,39,9,15774.826,0.029316,0.042816,1.46050,235.631,161.336,0.3153,0.00048,0.00042,-1.160
glass,39,10,19704.885,0.021514,0.030261,1.40657,321.082,228.273,0.2890,9e-05,8e-05,-1.023
glass,40,1,82.407,8.8077,17.437,1.97974,0.784286,0.396155,0.4949,0.21226,0.18408,-1.237
glass,40,2,516.435,1.3836,2.6982,1.95013,4.9926,2.56013,0.4872,0.46375,0.40219,-1.237
glass,40,3,1446.033,0.47827,0.90502,1.89228,14.4432,7.63271,0.4715,0.03882,0.03367,-1.236
glass,40,4,2833.648,0.23289,0.4234,1.81803,29.661,16.315,0.4500,0.00473,0.0041,-1.242
glass,40,5,4684.223,0.13278,0.23054,1.73626,52.0241,29.9634,0.4241,0.00657,0.0057,-1.234
glass,40,6,6997.419,0.082918,0.13719,1.65453,83.3083,50.3517,0.3956,0.00198,0.00172,-1.223
glass,40,7,9773.256,0.054943,0.086677,1.57758,125.726,79.6954,0.3661,0.00084,0.00073,-1.219
glass,40,8,13011.729,0.037967,0.057251,1.50791,181.941,120.657,0.3368,0.00016,0.00014,-1.160
glass,40,9,16712.846,0.027083,0.039172,1.44637,255.059,176.344,0.3086,0.00043,0.00037,-1.305
glass,41,1,87.307,8.3119,16.452,1.97933,0.831068,0.419873,0.4948,0.21706,0.18775,-1.260
glass,41,2,547.144,1.3046,2.5413,1.94795,5.29492,2.7182,0.4867,0.46702,0.40396,-1.260
glass,41,3,1532.019,0.45009,0.84945,1.88729,15.3475,8.13203,0.4701,0.03062,0.02648,-1.262
glass,41,4,3002.146,0.2186,0.39563,1.80984,31.6,17.4601,0.4475,0.00107,0.00093,-1.218
glass,41,5,4962.762,0.12425,0.21437,1.72531,55.5956,32.2235,0.4204,0.00541,0.00468,-1.259
glass,41,6,7413.509,0.077331,0.12696,1.64177,89.3271,54.4089,0.3909,0.00145,0.00125,-1.289
glass,41,7,10354.404,0.051062,0.079846,1.56371,135.282,86.5135,0.3605,0.00098,0.00085,-1.236
glass,41,8,13785.448,0.035164,0.052524,1.49369,196.444,131.516,0.3305,3e-05,3e-05,+0.000
glass,41,9,17706.645,0.025001,0.035809,1.43230,276.299,192.906,0.3018,0.00058,0.0005,-1.289
glass,42,1,92.499,7.8439,15.523,1.97899,0.880653,0.445001,0.4947,0.22209,0.19164,-1.281
glass,42,2,579.679,1.2299,2.3933,1.94593,5.61652,2.88629,0.4861,0.46994,0.40552,-1.281
glass,42,3,1623.117,0.4235,0.79705,1.88205,16.3111,8.66665,0.4687,0.02246,0.01938,-1.281
glass,42,4,3180.663,0.20513,0.36951,1.80135,33.675,18.6944,0.4449,0.00633,0.00546,-1.284
glass,42,5,5257.863,0.11622,0.19921,1.71408,59.4369,34.6757,0.4166,0.00298,0.00257,-1.286
glass,42,6,7854.338,0.07208,0.11739,1.62861,95.8346,58.8445,0.3860,0.00017,0.00015,-1.087
glass,42,7,10970.108,0.047425,0.073494,1.54969,145.656,93.9907,0.3547,0.00167,0.00144,-1.287
glass,42,8,14605.173,0.032544,0.048147,1.47944,212.259,143.472,0.3241,0.00016,0.00014,-1.160
glass,42,9,18759.535,0.02306,0.032707,1.41834,299.556,211.201,0.2950,9e-05,8e-05,-1.023
glass,43,1,97.999,7.4022,14.646,1.97860,0.933203,0.471648,0.4946,0.22734,0.19578,-1.298
glass,43,2,614.148,1.1595,2.2536,1.94360,5.95753,3.06521,0.4855,0.47243,0.40684,-1.298
glass,43,3,1719.633,0.39841,0.74765,1.87658,17.3383,9.23929,0.4671,0.01446,0.01245,-1.300
glass,43,4,3369.794,0.19243,0.34494,1.79255,35.8975,20.026,0.4421,0.01056,0.00909,-1.302
glass,43,5,5570.511,0.10866,0.185,1.70256,63.5722,37.3392,0.4127,7e-05,6e-05,-1.339
glass,43,6,8321.381,0.067146,0.10847,1.61544,102.877,63.6836,0.3810,0.0011,0.00095,-1.273
glass,43,7,11622.424,0.044016,0.067592,1.53562,156.937,102.198,0.3488,0.00051,0.00044,-1.282
glass,43,8,15473.641,0.030096,0.044098,1.46524,229.524,156.646,0.3175,0,0,
glass,43,9,19875.033,0.021253,0.02985,1.40451,325.025,231.416,0.2880,0.00056,0.00048,-1.339
glass,44,1,103.826,6.9853,13.818,1.97815,0.988899,0.49991,0.4945,0.23284,0.20018,-1.313
glass,44,2,650.668,1.093,2.1217,1.94117,6.32,3.25576,0.4849,0.47442,0.40787,-1.313
glass,44,3,1821.888,0.37473,0.70108,1.87089,18.434,9.85302,0.4655,0.00677,0.00582,-1.313
glass,44,4,3570.173,0.18046,0.32183,1.78339,38.2786,21.464,0.4393,0.01333,0.01146,-1.313
glass,44,5,5901.752,0.10154,0.17169,1.69086,68.0299,40.2339,0.4086,0.00287,0.00247,-1.304
glass,44,6,8816.197,0.062514,0.10015,1.60204,110.499,68.9741,0.3758,0.00159,0.00137,-1.294
glass,44,7,12313.531,0.040824,0.062112,1.52146,169.208,111.214,0.3427,0.00114,0.00098,-1.314
glass,44,8,16393.754,0.027811,0.040356,1.45108,248.382,171.17,0.3109,0.00014,0.00012,-1.339
glass,45,1,110.000,6.5917,13.037,1.97779,1.04795,0.529858,0.4944,0.2386,0.20486,-1.324
glass,45,2,689.358,1.0302,1.9973,1.93875,6.70526,3.45855,0.4842,0.47582,0.40854,-1.324
glass,45,3,1930.223,0.3524,0.65718,1.86487,19.602,10.5112,0.4638,0.00047,0.0004,-1.401
glass,45,4,3782.467,0.16917,0.30011,1.77401,40.8332,23.0174,0.4363,0.01435,0.01232,-1.325
glass,45,5,6252.688,0.094843,0.15922,1.67877,72.8336,43.385,0.4043,0.00458,0.00393,-1.329
glass,45,6,9340.435,0.058165,0.092387,1.58836,118.761,74.7698,0.3704,0.00097,0.00083,-1.354
glass,45,7,13045.731,0.037836,0.057029,1.50727,182.571,121.127,0.3365,0.00124,0.00106,-1.362
glass,45,8,17368.576,0.02568,0.036901,1.43695,268.994,187.197,0.3041,1e-05,1e-05,+0.000
glass,46,1,116.541,6.2203,12.299,1.97724,1.11052,0.561652,0.4943,0.24461,0.20984,-1.332
glass,46,2,730.350,0.97096,1.8799,1.93613,7.11436,3.67453,0.4835,0.47655,0.4088,-1.332
glass,46,3,2045.000,0.33132,0.61581,1.85866,20.8492,11.2173,0.4620,0.00708,0.00607,-1.337
glass,46,4,4007.384,0.15854,0.27969,1.76416,43.5711,24.6979,0.4332,0.01348,0.01156,-1.335
glass,46,5,6624.493,0.088544,0.14755,1.66640,78.0149,46.8164,0.3999,0.00461,0.00395,-1.342
glass,46,6,9895.847,0.054084,0.085161,1.57461,127.723,81.1141,0.3649,0.00031,0.00026,-1.528
glass,46,7,13821.472,0.035042,0.052319,1.49304,197.128,132.031,0.3302,0.0003,0.00026,-1.243
glass,46,8,18401.365,0.023693,0.033714,1.42295,291.553,204.893,0.2973,0.00012,0.00011,-0.756
glass,47,1,123.471,5.8697,11.603,1.97676,1.17685,0.595342,0.4941,0.25089,0.21512,-1.336
glass,47,2,773.779,0.91506,1.7691,1.93332,7.54896,3.90467,0.4828,0.47649,0.40855,-1.336
glass,47,3,2166.602,0.31145,0.57683,1.85208,22.1793,11.9754,0.4601,0.0129,0.01106,-1.337
glass,47,4,4245.675,0.14852,0.26052,1.75411,46.5106,26.5153,0.4299,0.01082,0.00928,-1.334
glass,47,5,7018.405,0.08262,0.13664,1.65384,83.6088,50.5544,0.3954,0.00296,0.00253,-1.363
glass,47,6,10484.283,0.050257,0.078436,1.56070,137.449,88.0687,0.3593,0.00125,0.00107,-1.351
glass,47,7,14643.338,0.03243,0.047957,1.47879,213.005,144.041,0.3238,0.00128,0.0011,-1.316
glass,47,8,19495.566,0.021842,0.030778,1.40912,316.26,224.438,0.2903,5e-05,4e-05,-1.938
glass,48,1,130.813,5.5388,10.946,1.97624,1.24716,0.631076,0.4940,0.25744,0.22072,-1.337
glass,48,2,819.790,0.8623,1.6646,1.93042,8.01085,4.1498,0.4820,0.47554,0.40771,-1.337
glass,48,3,2295.435,0.29269,0.54011,1.84533,23.6009,12.7895,0.4581,0.01777,0.01523,-1.340
glass,48,4,4498.136,0.13907,0.24251,1.74380,49.6711,28.4844,0.4265,0.00675,0.00579,-1.333
glass,48,5,7435.741,0.07705,0.12644,1.64101,89.6529,54.6327,0.3906,0.00025,0.00022,-1.110
glass,48,6,11107.711,0.04667,0.072184,1.54669,148.013,95.6965,0.3535,0.00107,0.00092,-1.312
glass,48,7,15514.075,0.029989,0.043923,1.46464,230.343,157.27,0.3172,0.00024,0.00021,-1.160
glass,49,1,138.591,5.2264,10.326,1.97574,1.3217,0.668967,0.4939,0.26427,0.22665,-1.334
glass,49,2,868.537,0.8125,1.566,1.92738,8.50185,4.41108,0.4811,0.47356,0.40615,-1.334
glass,49,3,2431.929,0.275,0.50552,1.83825,25.1191,13.6647,0.4560,0.02151,0.01845,-1.333
glass,49,4,4765.610,0.13018,0.22561,1.73306,53.0631,30.6181,0.4230,0.00188,0.00162,-1.293
glass,49,5,7877.894,0.071816,0.11692,1.62805,96.1869,59.081,0.3857,0.00237,0.00203,-1.345
glass,49,6,11768.211,0.043309,0.066375,1.53259,159.499,104.072,0.3475,6e-05,5e-05,-1.584
glass,49,7,16436.592,0.027712,0.040194,1.45042,249.269,171.86,0.3106,0.00109,0.00094,-1.286
glass,50,1,146.832,4.9316,9.741,1.97522,1.40071,0.709142,0.4937,0.27137,0.23291,-1.327
glass,50,2,920.183,0.7655,1.4729,1.92410,9.02385,4.6899,0.4803,0.47043,0.40376,-1.327
glass,50,3,2576.539,0.25832,0.47294,1.83083,26.7411,14.606,0.4538,0.024,0.0206,-1.327
glass,50,4,5048.988,0.1218,0.20975,1.72209,56.7139,32.9333,0.4193,0.00299,0.00256,-1.349
glass,50,5,8346.338,0.066899,0.10802,1.61467,103.256,63.9489,0.3807,0.00373,0.0032,-1.331
glass,50,6,12467.985,0.040162,0.060983,1.51843,171.997,113.273,0.3414,0.00105,0.0009,-1.339
glass,50,7,17413.963,0.025587,0.036752,1.43635,269.971,187.956,0.3038,0.00043,0.00037,-1.305
glass,51,1,155.563,4.6534,9.1885,1.97458,1.48445,0.751783,0.4936,0.27874,0.23949,-1.318
glass,51,2,974.900,0.72115,1.3851,1.92068,9.5788,4.98719,0.4793,0.46601,0.4004,-1.318
glass,51,3,2729.748,0.24259,0.44227,1.82312,28.475,15.6189,0.4515,0.02512,0.02158,-1.319
glass,51,4,5349.216,0.11391,0.19488,1.71082,60.6422,35.4462,0.4155,0.00698,0.00599,-1.329
glass,51,5,8842.637,0.062281,0.09973,1.60129,110.913,69.2646,0.3755,0.00314,0.0027,-1.311
glass,51,6,13209.370,0.037217,0.055982,1.50421,185.608,123.392,0.3352,0.00087,0.00075,-1.289
glass,51,7,18449.451,0.023606,0.033576,1.42235,292.627,205.735,0.2969,0.00095,0.00082,-1.278
glass,52,1,164.814,4.3907,8.6671,1.97397,1.57327,0.797009,0.4934,0.28639,0.2464,-1.306
glass,52,2,1032.870,0.67929,1.3023,1.91715,10.1691,5.30427,0.4784,0.46016,0.39591,-1.306
glass,52,3,2892.067,0.22775,0.4134,1.81515,30.3304,16.7096,0.4491,0.02483,0.02136,-1.308
glass,52,4,5667.297,0.10649,0.18094,1.69913,64.8676,38.177,0.4115,0.0093,0.008,-1.308
glass,52,5,9368.447,0.057947,0.091999,1.58764,119.208,75.0851,0.3701,0.00092,0.00079,-1.323
glass,52,6,13994.841,0.034463,0.051349,1.48997,200.44,134.526,0.3288,0.00026,0.00023,-1.065
glass,52,7,19546.512,0.021761,0.03065,1.40848,317.437,225.375,0.2900,0.00036,0.00031,-1.299
glass,53,1,174.614,4.1428,8.1749,1.97328,1.66741,0.844996,0.4932,0.2943,0.2536,-1.293
glass,53,2,1094.288,0.63978,1.2241,1.91331,10.7971,5.64313,0.4773,0.45272,0.39012,-1.293
glass,53,3,3064.038,0.21375,0.38622,1.80688,32.317,17.8855,0.4466,0.02313,0.01993,-1.293
glass,53,4,6004.292,0.0995,0.16789,1.68734,69.4247,41.1445,0.4073,0.00944,0.00813,-1.298
glass,53,5,9925.524,0.05388,0.0848,1.57387,128.206,81.4594,0.3646,0.00167,0.00144,-1.287
glass,53,6,14827.018,0.031889,0.04706,1.47574,216.619,146.786,0.3224,0.00099,0.00085,-1.324
glass,54,1,184.997,3.9088,7.7104,1.97257,1.76723,0.895901,0.4930,0.30246,0.26108,-1.278
glass,54,2,1159.358,0.6025,1.1504,1.90938,11.4652,6.00465,0.4763,0.44355,0.38287,-1.278
glass,54,3,3246.235,0.20056,0.36066,1.79826,34.4423,19.1531,0.4439,0.02011,0.01736,-1.277
glass,54,4,6361.325,0.092924,0.15566,1.67513,74.3377,44.3772,0.4030,0.00735,0.00634,-1.284
glass,54,5,10515.726,0.050066,0.078101,1.55996,137.973,88.4464,0.3590,0.00306,0.00264,-1.282
glass,54,6,15708.676,0.029484,0.043093,1.46157,234.288,160.299,0.3158,0.00039,0.00034,-1.192
glass,55,1,195.998,3.688,7.2719,1.97177,1.87304,0.949924,0.4928,0.31084,0.2688,-1.262
glass,55,2,1228.297,0.56732,1.0809,1.90527,12.1761,6.39074,0.4751,0.43248,0.37398,-1.262
glass,55,3,3439.266,0.18812,0.33661,1.78934,36.7199,20.5215,0.4411,0.01594,0.01378,-1.265
glass,55,4,6739.590,0.086739,0.14422,1.66269,79.6384,47.8973,0.3986,0.00353,0.00305,-1.269
glass,55,5,11141.023,0.04649,0.071872,1.54597,148.586,96.1119,0.3531,0.00231,0.002,-1.252
glass,55,6,16642.764,0.02724,0.039428,1.44743,253.589,175.199,0.3091,0.00069,0.0006,-1.214
glass,56,1,207.652,3.4795,6.8581,1.97100,1.98527,1.00724,0.4926,0.31944,0.27669,-1.248
glass,56,2,1301.335,0.53412,1.0153,1.90088,12.933,6.80366,0.4739,0.41938,0.36326,-1.248
glass,56,3,3643.776,0.1764,0.314,1.78005,39.1596,21.9992,0.4382,0.01088,0.00943,-1.242
glass,56,4,7140.346,0.080923,0.13353,1.65009,85.3621,51.7319,0.3940,0.00102,0.00088,-1.282
glass,56,5,11803.503,0.043141,0.066085,1.53184,160.12,104.528,0.3472,4e-05,4e-05,+0.000
glass,56,6,17632.393,0.025147,0.036045,1.43337,274.695,191.643,0.3023,0.00068,0.00059,-1.233
glass,57,1,220.000,3.2828,6.4675,1.97012,2.10423,1.06807,0.4924,0.3282,0.2847,-1.235
glass,57,2,1378.717,0.50279,0.95341,1.89624,13.7388,7.24531,0.4726,0.40412,0.35056,-1.235
glass,57,3,3860.446,0.16534,0.29275,1.77059,41.7791,23.5961,0.4352,0.00531,0.00461,-1.228
glass,57,4,7564.934,0.075455,0.12353,1.63713,91.548,55.9197,0.3892,0.00497,0.00431,-1.238
glass,57,5,12505.376,0.040005,0.060714,1.51766,172.672,113.775,0.3411,0.00219,0.0019,-1.234
glass,57,6,18680.869,0.023197,0.032925,1.41936,297.787,209.803,0.2955,0.00039,0.00034,-1.192
glass,58,1,233.082,3.0971,6.0988,1.96920,2.23039,1.13264,0.4922,0.33711,0.29276,-1.225
glass,58,2,1460.699,0.47323,0.89508,1.89143,14.597,7.71747,0.4713,0.38661,0.33575,-1.225
glass,58,3,4090.000,0.15493,0.27278,1.76067,44.5863,25.3235,0.4320,0.00034,0.0003,-1.087
glass,58,4,8014.767,0.070318,0.1142,1.62405,98.2359,60.4882,0.3843,0.00707,0.00614,-1.225
glass,58,5,13248.983,0.03707,0.055733,1.50345,186.344,123.944,0.3349,0.00237,0.00206,-1.218
glass,58,6,19791.691,0.02138,0.03005,1.40552,323.094,229.875,0.2885,0.00071,0.00062,-1.177
glass,59,1,246.942,2.9218,5.7508,1.96824,2.36421,1.20118,0.4919,0.34612,0.3008,-1.219
glass,59,2,1547.557,0.44533,0.84007,1.88640,15.5115,8.22283,0.4699,0.36676,0.31874,-1.219
glass,59,3,4333.204,0.14512,0.25402,1.75041,47.6003,27.1937,0.4287,0.00559,0.00485,-1.233
glass,59,4,8491.351,0.065491,0.10549,1.61076,105.476,65.4826,0.3792,0.00659,0.00573,-1.215
glass,59,5,14036.810,0.034325,0.051118,1.48924,201.246,135.134,0.3285,0.00043,0.00037,-1.305
glass,60,1,261.626,2.7563,5.4224,1.96727,2.50617,1.27393,0.4917,0.35518,0.30873,-1.217
glass,60,2,1639.579,0.41901,0.78821,1.88112,16.4859,8.76385,0.4684,0.34457,0.2995,-1.218
glass,60,3,4590.869,0.13587,0.23641,1.73997,50.8409,29.2194,0.4253,0.00992,0.00862,-1.220
glass,60,4,8996.272,0.06096,0.097367,1.59723,113.316,70.9455,0.3739,0.00369,0.00321,-1.210
glass,60,5,14871.481,0.03176,0.046846,1.47500,217.499,147.457,0.3220,0.00178,0.00155,-1.202
glass,61,1,277.183,2.6002,5.1124,1.96616,2.65662,1.35118,0.4914,0.36426,0.31646,-1.222
glass,61,2,1737.074,0.39417,0.73931,1.87561,17.5248,9.34352,0.4668,0.32005,0.27805,-1.222
glass,61,3,4863.857,0.12716,0.21989,1.72924,54.3233,31.4146,0.4217,0.01288,0.01119,-1.222
glass,61,4,9531.220,0.056707,0.089798,1.58354,121.815,76.9255,0.3685,0.0005,0.00043,-1.310
glass,61,5,15755.787,0.029364,0.042896,1.46084,235.246,161.035,0.3154,0.00199,0.00173,-1.216
glass,62,1,293.665,2.4528,4.8199,1.96506,2.81627,1.43317,0.4911,0.37331,0.32393,-1.232
glass,62,2,1840.366,0.37074,0.69322,1.86983,18.6323,9.96474,0.4652,0.29329,0.2545,-1.232
glass,62,3,5153.077,0.11896,0.20439,1.71814,58.0679,33.7969,0.4180,0.01414,0.01227,-1.232
glass,62,4,10097.976,0.052716,0.082751,1.56975,131.037,83.4764,0.3630,0.00418,0.00362,-1.249
glass,62,5,16692.676,0.027128,0.039246,1.44670,254.636,176.012,0.3088,1e-05,0,
glass,63,1,311.127,2.3137,4.5437,1.96382,2.98559,1.52029,0.4908,0.38228,0.33106,-1.249
glass,63,2,1949.800,0.34863,0.64978,1.86381,19.814,10.6309,0.4635,0.26446,0.22903,-1.249
glass,63,3,5459.495,0.11124,0.18985,1.70667,62.0978,36.3853,0.4141,0.01352,0.01171,-1.248
glass,63,4,10698.432,0.048975,0.076195,1.55579,141.047,90.6589,0.3572,0.00565,0.00489,-1.255
glass,63,5,17685.273,0.025043,0.035876,1.43258,275.836,192.545,0.3020,0.00183,0.00158,-1.276
glass,64,1,329.628,2.1824,4.2831,1.96256,3.16521,1.61279,0.4905,0.39113,0.33779,-1.273
glass,64,2,2065.741,0.32777,0.60883,1.85749,21.075,11.346,0.4616,0.23379,0.20191,-1.273
glass,64,3,5784.134,0.10397,0.17623,1.69501,66.4399,39.1974,0.4100,0.0111,0.00959,-1.270
glass,64,4,11334.594,0.045468,0.070101,1.54177,151.926,98.54,0.3514,0.00418,0.00361,-1.273
glass,64,5,18736.895,0.023099,0.03277,1.41868,299.05,210.795,0.2951,0.00121,0.00104,-1.315
glass,65,1,349.228,2.0584,4.0371,1.96128,3.35589,1.71107,0.4901,0.39984,0.34411,-1.304
glass,65,2,2188.576,0.30809,0.57026,1.85095,22.4212,12.1133,0.4597,0.20161,0.17351,-1.304
glass,65,3,6128.076,0.097131,0.16347,1.68298,71.1179,42.257,0.4058,0.00722,0.00622,-1.295
glass,65,4,12008.584,0.042184,0.064441,1.52762,163.753,107.195,0.3454,0.00056,0.00048,-1.339
glass,65,5,19851.049,0.02129,0.029907,1.40474,324.46,230.975,0.2882,0.00098,0.00084,-1.339
glass,66,1,369.994,1.9414,3.805,1.95993,3.55813,1.81544,0.4898,0.40838,0.35,-1.340
glass,66,2,2318.716,0.28953,0.53392,1.84409,23.8585,12.9378,0.4577,0.16831,0.14425,-1.340
glass,66,3,6492.470,0.090696,0.15153,1.67075,76.1638,45.5867,0.4015,0.00248,0.00212,-1.362
glass,66,4,12722.650,0.039109,0.059189,1.51344,176.628,116.707,0.3393,0.00311,0.00267,-1.325
glass,67,1,391.995,1.831,3.5859,1.95844,3.77267,1.92637,0.4894,0.41675,0.35549,-1.381
glass,67,2,2456.594,0.27202,0.49969,1.83696,25.3943,13.8241,0.4556,0.13438,0.11462,-1.381
glass,67,3,6878.532,0.084643,0.14036,1.65826,81.6105,49.2146,0.3970,0.00234,0.002,-1.364
glass,67,4,13479.179,0.036232,0.05432,1.49923,190.653,127.168,0.3330,0.00455,0.00388,-1.384
glass,68,1,415.305,1.7268,3.3791,1.95686,4.00032,2.04426,0.4890,0.42498,0.36062,-1.426
glass,68,2,2602.670,0.25551,0.46745,1.82948,27.0352,14.7775,0.4534,0.10038,0.08517,-1.427
glass,68,3,7287.551,0.078952,0.12992,1.64556,87.4931,53.1693,0.3923,0.00637,0.00541,-1.419
glass,68,4,14280.692,0.033542,0.049809,1.48497,205.943,138.685,0.3266,0.00281,0.00238,-1.443
glass,69,1,440.000,1.6285,3.1839,1.95511,4.24179,2.16959,0.4885,0.4331,0.36547,-1.475
glass,69,2,2757.433,0.23993,0.4371,1.82178,28.7907,15.8036,0.4511,0.06691,0.05646,-1.475
glass,69,3,7720.892,0.073604,0.12016,1.63252,93.8503,57.488,0.3875,0.00882,0.00745,-1.466
glass,69,4,15129.867,0.031028,0.045636,1.47080,222.63,151.366,0.3201,0.00082,0.00069,-1.499
glass,70,1,466.164,1.5356,2.9997,1.95344,4.49841,2.30282,0.4881,0.44118,0.37014,-1.525
glass,70,2,2921.399,0.22524,0.40853,1.81375,30.6684,16.9088,0.4487,0.03464,0.02906,-1.526
glass,70,3,8180.000,0.068578,0.11105,1.61932,100.728,62.204,0.3825,0.00919,0.00771,-1.525
glass,70,4,16029.536,0.028681,0.041777,1.45661,240.848,165.348,0.3135,0.00351,0.00295,-1.510
glass,71,1,493.883,1.448,2.8259,1.95159,4.77055,2.44444,0.4876,0.44927,0.37472,-1.576
glass,71,2,3095.114,0.21139,0.38164,1.80538,32.6778,18.1002,0.4461,0.00425,0.00355,-1.563
glass,71,3,8666.408,0.063858,0.10255,1.60591,108.174,67.3599,0.3773,0.00739,0.00617,-1.567
glass,71,4,16982.701,0.026491,0.038212,1.44245,260.759,180.774,0.3067,0.00304,0.00254,-1.561
glass,72,1,523.251,1.3653,2.6618,1.94961,5.05951,2.59514,0.4871,0.45747,0.37933,-1.627
glass,72,2,3279.159,0.19833,0.35635,1.79675,34.8296,19.3847,0.4434,0.02356,0.01954,-1.625
glass,72,3,9181.738,0.059426,0.094631,1.59242,116.241,72.9967,0.3720,0.00388,0.00322,-1.620
glass,72,4,17992.545,0.024449,0.034923,1.42840,282.537,197.8,0.2999,0.00012,0.0001,-1.584
glass,73,1,554.365,1.2872,2.507,1.94764,5.3665,2.75539,0.4865,0.46585,0.38406,-1.677
glass,73,2,3474.148,0.18602,0.33256,1.78776,37.1345,20.7715,0.4406,0.04812,0.03967,-1.677
glass,73,3,9727.715,0.055268,0.087251,1.57869,124.987,79.1711,0.3666,0.00042,0.00035,-1.584
glass,73,4,19062.439,0.022546,0.031891,1.41449,306.385,216.605,0.2930,0.0029,0.00239,-1.680
glass,74,1,587.330,1.2136,2.3609,1.94537,5.69195,2.9259,0.4860,0.47449,0.389,-1.726
glass,74,2,3680.732,0.17442,0.31019,1.77841,39.6041,22.2694,0.4377,0.06877,0.05638,-1.725
glass,74,3,10306.154,0.051367,0.080381,1.56484,134.478,85.9377,0.3610,0.00427,0.0035,-1.727
glass,75,1,622.254,1.144,2.223,1.94318,6.03825,3.1074,0.4854,0.48348,0.39424,-1.772
glass,75,2,3899.599,0.16348,0.28917,1.76884,42.2544,23.8882,0.4347,0.0849,0.06923,-1.772
glass,75,3,10918.990,0.04771,0.073991,1.55085,144.786,93.3594,0.3552,0.0065,0.0053,-1.773
glass,76,1,659.255,1.0784,2.0929,1.94075,6.40556,3.30057,0.4847,0.49286,0.39983,-1.817
glass,76,2,4131.481,0.15317,0.26942,1.75896,45.0986,25.6394,0.4315,0.09599,0.07787,-1.817
glass,76,3,11568.268,0.044283,0.068053,1.53677,155.991,101.506,0.3493,0.00635,0.00515,-1.819
glass,77,1,698.456,1.0164,1.9701,1.93831,6.7963,3.5063,0.4841,0.50267,0.40581,-1.859
glass,77,2,4377.152,0.14346,0.25087,1.74871,48.1511,27.5352,0.4281,0.10165,0.08207,-1.858
glass,77,3,12256.152,0.041074,0.06254,1.52262,168.178,110.453,0.3432,0.00389,0.00314,-1.860
glass,78,1,739.989,0.95799,1.8542,1.93551,7.21068,3.72546,0.4833,0.51291,0.4122,-1.899
glass,78,2,4637.431,0.13431,0.23345,1.73814,51.4314,29.5899,0.4247,0.10165,0.08169,-1.899
glass,78,3,12984.939,0.038071,0.057426,1.50839,181.444,120.29,0.3371,5e-05,4e-05,-1.938
glass,79,1,783.991,0.90281,1.7449,1.93274,7.65139,3.95883,0.4826,0.52357,0.41898,-1.936
glass,79,2,4913.187,0.12569,0.21711,1.72735,54.9587,31.8168,0.4211,0.09595,0.07679,-1.935
glass,79,3,13757.064,0.035261,0.052686,1.49417,195.904,131.112,0.3307,0.00355,0.00284,-1.938
glass,80,1,830.609,0.85074,1.6417,1.92973,8.1197,4.20768,0.4818,0.53459,0.42612,-1.970
glass,80,2,5205.340,0.11758,0.20178,1.71611,58.7494,34.2341,0.4173,0.08484,0.06763,-1.969
glass,80,3,14575.103,0.032634,0.048298,1.47999,211.674,143.024,0.3243,0.00527,0.0042,-1.971
glass,81,1,880.000,0.80159,1.5444,1.92667,8.61757,4.47278,0.4810,0.54591,0.4336,-2.001
glass,81,2,5514.866,0.10994,0.18741,1.70466,62.832,36.8591,0.4134,0.0689,0.05472,-2.001
glass,81,3,15441.783,0.030181,0.044237,1.46572,228.878,156.153,0.3178,0.00426,0.00338,-2.010
glass,82,1,932.328,0.75521,1.4525,1.92331,9.1468,4.75577,0.4801,0.55745,0.44136,-2.028
glass,82,2,5842.797,0.10275,0.17394,1.69285,67.2288,39.7134,0.4093,0.04908,0.03886,-2.028
glass,82,3,16360.000,0.02789,0.040485,1.45160,247.679,170.625,0.3111,0.00102,0.00081,-2.002
glass,83,1,987.767,0.71143,1.3659,1.91994,9.70968,5.05729,0.4791,0.56915,0.44937,-2.052
glass,83,2,6190.228,0.095978,0.16133,1.68091,71.9723,42.8175,0.4051,0.02671,0.02109,-2.052
glass,83,3,17332.816,0.025753,0.03702,1.43750,268.231,186.595,0.3043,0.00261,0.00206,-2.055
glass,84,1,1046.502,0.67012,1.2841,1.91622,10.3082,5.37945,0.4781,0.58097,0.45762,-2.073
glass,84,2,6558.317,0.089611,0.14953,1.66866,77.086,46.1964,0.4007,0.00348,0.00274,-2.077
glass,84,3,18363.477,0.023761,0.033824,1.42351,290.718,204.226,0.2975,0.00438,0.00345,-2.073
glass,85,1,1108.731,0.63113,1.207,1.91244,10.9451,5.72308,0.4771,0.59289,0.4661,-2.090
glass,85,2,6948.296,0.083623,0.13849,1.65612,82.6059,49.8791,0.3962,0.01869,0.01469,-2.092
glass,85,3,19455.430,0.021906,0.030878,1.40957,315.336,223.711,0.2906,0.0031,0.00244,-2.079
glass,86,1,1174.659,0.59434,1.1342,1.90834,11.6226,6.09042,0.4760,0.60493,0.47483,-2.103
glass,86,2,7361.463,0.077994,0.12817,1.64333,88.5678,53.8953,0.3915,0.03778,0.02966,-2.102
glass,87,1,1244.508,0.55962,1.0656,1.90415,12.3437,6.4825,0.4748,0.61711,0.48383,-2.113
glass,87,2,7799.199,0.072703,0.11853,1.63033,95.0133,58.2785,0.3866,0.05184,0.04065,-2.112
glass,88,1,1318.510,0.52685,1.0009,1.89978,13.1114,6.90154,0.4736,0.62947,0.49312,-2.120
glass,88,2,8262.963,0.067732,0.10953,1.61711,101.987,63.0672,0.3816,0.05926,0.04643,-2.119
glass,89,1,1396.913,0.49593,0.93987,1.89517,13.9289,7.34969,0.4723,0.642,0.5027,-2.125
glass,89,2,8754.305,0.063063,0.10113,1.60363,109.537,68.3057,0.3764,0.05902,0.04621,-2.125
glass,90,1,1479.978,0.46675,0.88231,1.89033,14.7997,7.82917,0.4710,0.65468,0.51254,-2.126
glass,90,2,9274.862,0.05868,0.093304,1.59005,117.719,74.0349,0.3711,0.05092,0.03986,-2.127
glass,91,1,1567.982,0.43922,0.82803,1.88523,15.7273,8.3424,0.4696,0.66743,0.52258,-2.125
glass,91,2,9826.375,0.054568,0.086015,1.57629,126.59,80.3087,0.3656,0.03583,0.02806,-2.123
glass,92,1,1661.219,0.41324,0.77685,1.87990,16.7161,8.89201,0.4681,0.68019,0.53276,-2.122
glass,92,2,10410.681,0.050711,0.07923,1.56238,136.218,87.1861,0.3600,0.01578,0.01236,-2.122
glass,93,1,1760.000,0.38873,0.72861,1.87433,17.7701,9.48073,0.4665,0.69287,0.54301,-2.117
glass,93,2,11029.732,0.047095,0.072922,1.54840,146.677,94.728,0.3542,0.00617,0.00483,-2.127
glass,94,1,1864.655,0.3656,0.68313,1.86852,18.8943,10.1119,0.4648,0.70544,0.55332,-2.110
glass,94,2,11685.594,0.043707,0.06706,1.53431,158.047,103.009,0.3482,0.02621,0.02056,-2.109
glass,95,1,1975.533,0.34378,0.64027,1.86244,20.0935,10.7888,0.4631,0.7179,0.56365,-2.101
glass,95,2,12380.457,0.040535,0.061619,1.52014,170.415,112.104,0.3422,0.04044,0.03175,-2.101
glass,96,1,2093.004,0.3232,0.59988,1.85606,21.373,11.5152,0.4612,0.73024,0.57399,-2.091
glass,96,2,13116.635,0.037566,0.056572,1.50594,183.883,122.106,0.3360,0.04562,0.03586,-2.091
glass,97,1,2217.461,0.30378,0.56182,1.84943,22.7393,12.2953,0.4593,0.74244,0.5843,-2.081
glass,97,2,13896.592,0.034789,0.051895,1.49171,198.561,133.11,0.3296,0.04013,0.03158,-2.081
glass,98,1,2349.318,0.28546,0.52597,1.84253,24.1987,13.1334,0.4573,0.7544,0.59451,-2.069
glass,98,2,14722.928,0.032193,0.047565,1.47750,214.573,145.228,0.3232,0.02468,0.01945,-2.069
glass,99,1,2489.016,0.26819,0.4922,1.83527,25.7569,14.0344,0.4551,0.76598,0.60452,-2.056
glass,99,2,15598.397,0.029769,0.04356,1.46327,232.045,158.58,0.3166,0.00273,0.00215,-2.074
glass,100,1,2637.020,0.25189,0.4604,1.82778,27.4237,15.0038,0.4529,0.77707,0.61423,-2.043
glass,100,2,16525.926,0.027506,0.039859,1.44910,251.136,173.305,0.3099,0.01987,0.01571,-2.040
glass,101,1,2793.826,0.23652,0.43046,1.81997,29.2058,16.0474,0.4505,0.7876,0.62359,-2.028
glass,101,2,17508.609,0.025395,0.036443,1.43505,272.012,189.55,0.3032,0.03614,0.02861,-2.029
glass,102,1,2959.955,0.22203,0.40228,1.81183,31.1118,17.1715,0.4481,0.7975,0.63253,-2.013
glass,102,2,18549.725,0.023427,0.033292,1.42110,294.863,207.49,0.2963,0.04007,0.03178,-2.013
glass,103,1,3135.963,0.20836,0.37577,1.80347,33.153,18.3829,0.4455,0.80667,0.64095,-1.997
glass,103,2,19652.746,0.021595,0.030388,1.40718,319.878,227.319,0.2894,0.0291,0.02312,-1.998
glass,104,1,3322.438,0.19547,0.35082,1.79475,35.3392,19.6903,0.4428,0.81489,0.6487,-1.981
glass,105,1,3520.000,0.18333,0.32736,1.78563,37.6793,21.1014,0.4400,0.82193,0.65559,-1.964
glass,106,1,3729.310,0.17188,0.30531,1.77630,40.1894,22.6254,0.4370,0.79835,0.66147,-1.634
glass,107,1,3951.067,0.16109,0.28458,1.76659,42.8813,24.2735,0.4340,0.72759,0.66612,-0.767
glass,108,1,4186.009,0.15092,0.2651,1.75656,45.771,26.0572,0.4307,0.65557,0.65557,+0.000
iron,21,1,27.500,3.9847,7.939,1.99237,1.73357,0.870104,0.4981,0.21633,0.17728,-1.729
iron,21,2,172.340,0.63402,1.2596,1.98669,10.8952,5.48409,0.4967,0.54477,0.44642,-1.729
iron,21,3,482.556,0.22506,0.44448,1.97494,30.6929,15.5412,0.4937,0.195,0.1598,-1.729
iron,21,4,945.617,0.11382,0.22284,1.95783,60.6902,30.9987,0.4892,0.09253,0.07583,-1.729
iron,21,5,1563.172,0.068039,0.13172,1.93595,101.526,52.4427,0.4834,0.02982,0.02443,-1.732
iron,21,6,2335.109,0.044884,0.085722,1.90986,153.902,80.5832,0.4764,0.008,0.00655,-1.737
iron,21,7,3261.433,0.031584,0.059392,1.88045,218.711,116.308,0.4682,0.00851,0.00698,-1.721
iron,21,8,4342.144,0.023257,0.04299,1.84848,297.018,160.683,0.4590,0.00052,0.00043,-1.651
iron,21,9,5577.243,0.017709,0.032136,1.81467,390.07,214.954,0.4489,0.00233,0.00191,-1.726
iron,21,10,6966.729,0.013835,0.024623,1.77976,499.296,280.541,0.4381,6e-05,5e-05,-1.584
iron,21,11,8510.604,0.01103,0.019239,1.74424,626.27,359.05,0.4267,0.00061,0.0005,-1.727
iron,21,12,10208.861,0.0089386,0.015274,1.70877,772.801,452.256,0.4148,0.00017,0.00014,-1.686
iron,22,1,29.135,3.7609,7.4929,1.99232,1.83673,0.921907,0.4981,0.22072,0.18063,-1.741
iron,22,2,182.587,0.59831,1.1885,1.98643,11.5454,5.81216,0.4966,0.554,0.45337,-1.741
iron,22,3,511.250,0.21231,0.41907,1.97386,32.5362,16.4835,0.4934,0.1933,0.15819,-1.741
iron,22,4,1001.846,0.10731,0.20988,1.95583,64.372,32.9129,0.4887,0.07867,0.06438,-1.741
iron,22,5,1656.123,0.064107,0.1239,1.93271,107.754,55.7527,0.4826,0.02937,0.02404,-1.739
iron,22,6,2473.961,0.042254,0.080508,1.90533,163.482,85.8021,0.4752,0.00855,0.007,-1.737
iron,22,7,3455.367,0.029704,0.055682,1.87456,232.553,124.057,0.4665,0.00753,0.00616,-1.744
iron,22,8,4600.341,0.021849,0.040228,1.84118,316.159,171.715,0.4569,4e-05,3e-05,-2.499
iron,22,9,5908.883,0.016617,0.030012,1.80610,415.704,230.166,0.4463,0.00288,0.00236,-1.730
iron,22,10,7380.992,0.012966,0.022948,1.76986,532.759,301.018,0.4350,0.00033,0.00027,-1.743
iron,22,11,9016.670,0.010323,0.017892,1.73322,669.162,386.081,0.4231,0.0008,0.00066,-1.671
iron,22,12,10815.912,0.0083537,0.014175,1.69685,826.91,487.32,0.4107,0.00046,0.00038,-1.659
iron,23,1,30.868,3.5497,7.0719,1.99225,1.94601,0.976789,0.4981,0.22523,0.18409,-1.752
iron,23,2,193.445,0.56461,1.1213,1.98597,12.2346,6.16049,0.4965,0.56331,0.46042,-1.752
iron,23,3,541.651,0.20027,0.39508,1.97274,34.4922,17.4844,0.4931,0.19112,0.15621,-1.752
iron,23,4,1061.419,0.10117,0.19766,1.95374,68.2787,34.9477,0.4881,0.06458,0.05278,-1.753
iron,23,5,1754.602,0.060395,0.11652,1.92930,114.376,59.2839,0.4817,0.02728,0.02229,-1.755
iron,23,6,2621.071,0.039772,0.07559,1.90058,173.684,91.3845,0.4738,0.00797,0.00652,-1.744
iron,23,7,3660.835,0.027931,0.052186,1.86839,247.315,132.368,0.4648,0.00479,0.00391,-1.763
iron,23,8,4873.892,0.020521,0.037628,1.83363,336.619,183.58,0.4546,0.00042,0.00035,-1.584
iron,23,9,6260.245,0.015588,0.028013,1.79709,443.146,246.591,0.4436,0.00143,0.00117,-1.743
iron,23,10,7819.890,0.012146,0.021374,1.75976,568.727,323.185,0.4317,0.00034,0.00028,-1.686
iron,23,11,9552.831,0.0096565,0.016629,1.72205,715.348,415.404,0.4193,0.00091,0.00075,-1.680
iron,23,12,11459.062,0.0078032,0.013146,1.68469,885.246,525.464,0.4064,0.00013,0.00011,-1.451
iron,24,1,32.703,3.3504,6.6745,1.99215,2.06177,1.03495,0.4980,0.22987,0.18767,-1.762
iron,24,2,204.947,0.5328,1.0579,1.98555,12.965,6.52969,0.4963,0.57269,0.46754,-1.762
iron,24,3,573.859,0.18891,0.37245,1.97157,36.5664,18.5468,0.4928,0.18845,0.15385,-1.762
iron,24,4,1124.534,0.09538,0.18612,1.95135,72.4235,37.1145,0.4875,0.05044,0.04118,-1.762
iron,24,5,1858.935,0.056892,0.10956,1.92575,121.419,63.05,0.4807,0.02366,0.01932,-1.760
iron,24,6,2776.928,0.037431,0.070953,1.89557,184.546,97.3568,0.4725,0.00635,0.00518,-1.769
iron,24,7,3878.519,0.026258,0.048891,1.86195,263.072,141.289,0.4629,0.00101,0.00082,-1.810
iron,24,8,5163.708,0.019269,0.035179,1.82568,358.491,196.36,0.4523,0.00065,0.00053,-1.773
iron,24,9,6632.497,0.014617,0.026134,1.78792,472.584,264.321,0.4407,0.00094,0.00077,-1.733
iron,24,10,8284.883,0.011374,0.019896,1.74925,607.329,347.193,0.4283,2e-05,2e-05,+0.000
iron,24,11,10120.869,0.0090294,0.015445,1.71052,765.029,447.249,0.4154,0.00039,0.00032,-1.718
iron,24,12,12140.450,0.0072853,0.012183,1.67227,948.177,567,0.4020,0.00043,0.00035,-1.788
iron,25,1,34.648,3.1622,6.2994,1.99209,2.18448,1.09657,0.4980,0.23464,0.19135,-1.771
iron,25,2,217.134,0.50278,0.99803,1.98502,13.7391,6.92139,0.4962,0.58213,0.47473,-1.771
iron,25,3,607.982,0.17819,0.35108,1.97026,38.7662,19.6757,0.4924,0.18525,0.15107,-1.772
iron,25,4,1191.402,0.089911,0.17523,1.94893,76.8288,39.4211,0.4869,0.03644,0.02972,-1.771
iron,25,5,1969.473,0.053586,0.10299,1.92196,128.91,67.0721,0.4797,0.01876,0.0153,-1.771
iron,25,6,2942.052,0.035221,0.066581,1.89038,196.126,103.75,0.4710,0.00392,0.0032,-1.763
iron,25,7,4109.147,0.02468,0.045786,1.85519,279.893,150.87,0.4610,0.00276,0.00225,-1.775
iron,25,8,5470.758,0.018088,0.032875,1.81750,381.897,210.122,0.4498,0.00054,0.00044,-1.779
iron,25,9,7026.886,0.013702,0.024367,1.77835,504.142,283.488,0.4377,0.00237,0.00193,-1.784
iron,25,10,8777.528,0.010647,0.018508,1.73833,648.798,373.231,0.4248,0.00032,0.00026,-1.804
iron,25,11,10722.688,0.0084391,0.014336,1.69876,818.542,481.847,0.4113,0.00092,0.00075,-1.775
iron,25,12,12862.359,0.0067983,0.011283,1.65968,1016.1,612.227,0.3975,1e-05,0,
iron,26,1,36.708,2.9846,5.9453,1.99199,2.31447,1.16189,0.4980,0.23956,0.19515,-1.781
iron,26,2,230.046,0.47444,0.94154,1.98453,14.5598,7.33666,0.4961,0.59164,0.48197,-1.781
iron,26,3,644.135,0.16807,0.33092,1.96894,41.1005,20.8744,0.4921,0.18148,0.14784,-1.781
iron,26,4,1262.247,0.084748,0.16496,1.94648,81.5094,41.8753,0.4862,0.02282,0.01859,-1.781
iron,26,5,2086.584,0.050466,0.096798,1.91808,136.879,71.3626,0.4786,0.01291,0.01051,-1.786
iron,26,6,3116.997,0.033136,0.062459,1.88493,208.467,110.597,0.4695,0.00105,0.00086,-1.734
iron,26,7,4353.491,0.023191,0.042862,1.84822,297.864,161.163,0.4589,0.00538,0.00439,-1.766
iron,26,8,5796.067,0.016974,0.030706,1.80900,406.961,224.964,0.4472,0.00015,0.00013,-1.243
iron,26,9,7444.727,0.01284,0.022707,1.76846,537.987,304.213,0.4345,0.00167,0.00136,-1.784
iron,26,10,9299.469,0.0099615,0.017207,1.72735,693.445,401.45,0.4211,0.00019,0.00016,-1.493
iron,26,11,11360.293,0.0078836,0.013296,1.68654,876.218,519.536,0.4071,0.00021,0.00017,-1.835
iron,26,12,13627.197,0.0063404,0.010441,1.64674,1089.48,661.599,0.3927,0.00037,0.0003,-1.822
iron,27,1,38.891,2.817,5.6112,1.99191,2.45217,1.23107,0.4980,0.24463,0.19907,-1.790
iron,27,2,243.725,0.44769,0.88822,1.98401,15.4298,7.77708,0.4960,0.6012,0.48924,-1.790
iron,27,3,682.437,0.15852,0.31189,1.96751,43.5766,22.148,0.4917,0.17712,0.14413,-1.790
iron,27,4,1337.304,0.079876,0.15526,1.94376,86.481,44.4915,0.4855,0.00983,0.008,-1.789
iron,27,5,2210.659,0.047522,0.090955,1.91396,145.359,75.947,0.4775,0.00651,0.0053,-1.786
iron,27,6,3302.343,0.031169,0.058573,1.87921,221.623,117.934,0.4679,0.00177,0.00144,-1.792
iron,27,7,4612.362,0.021787,0.040108,1.84091,317.059,172.229,0.4568,0.00602,0.0049,-1.788
iron,27,8,6140.718,0.015924,0.028666,1.80018,433.795,240.974,0.4445,0.00029,0.00024,-1.644
iron,27,9,7887.413,0.012028,0.021148,1.75823,574.306,326.639,0.4312,0.00048,0.00039,-1.804
iron,27,10,9852.442,0.0093165,0.015987,1.71599,741.454,432.086,0.4172,0.00018,0.00015,-1.584
iron,27,11,12035.811,0.0073609,0.012324,1.67425,938.439,560.512,0.4027,0.00083,0.00067,-1.860
iron,27,12,14437.511,0.0059101,0.0096546,1.63358,1168.81,715.488,0.3878,0.0002,0.00017,-1.412
iron,28,1,41.203,2.6587,5.2958,1.99188,2.59817,1.30438,0.4980,0.24987,0.20311,-1.800
iron,28,2,258.218,0.42244,0.8379,1.98348,16.352,8.24413,0.4958,0.61081,0.49651,-1.800
iron,28,3,723.017,0.14951,0.29393,1.96596,46.2026,23.5014,0.4913,0.17213,0.13992,-1.800
iron,28,4,1416.824,0.075278,0.14611,1.94094,91.7633,47.2778,0.4848,0.00227,0.00185,-1.777
iron,28,5,2342.112,0.044744,0.085444,1.90962,154.384,80.8454,0.4763,9e-05,7e-05,-2.183
iron,28,6,3498.710,0.029313,0.05491,1.87323,235.655,125.801,0.4662,0.00404,0.00328,-1.810
iron,28,7,4886.627,0.020463,0.037514,1.83326,337.573,184.138,0.4545,0.00446,0.00362,-1.813
iron,28,8,6505.864,0.014935,0.026748,1.79096,462.521,258.253,0.4417,0.00052,0.00042,-1.855
iron,28,9,8356.423,0.011263,0.019684,1.74767,613.314,350.932,0.4278,0.00198,0.00161,-1.797
iron,28,10,10438.299,0.0087093,0.014843,1.70427,793.147,465.388,0.4132,0.00026,0.00021,-1.855
iron,28,11,12751.496,0.0068694,0.011414,1.66157,1005.58,605.2,0.3982,0.00026,0.00021,-1.855
iron,28,12,15296.009,0.0055058,0.0089206,1.62022,1254.63,774.36,0.3828,0.00019,0.00015,-2.053
iron,29,1,43.654,2.5094,4.9981,1.99175,2.75275,1.38208,0.4979,0.25528,0.20728,-1.809
iron,29,2,273.572,0.39861,0.7904,1.98289,17.3296,8.73957,0.4957,0.62046,0.50379,-1.809
iron,29,3,766.009,0.141,0.27697,1.96433,48.9912,24.9404,0.4909,0.16649,0.13519,-1.809
iron,29,4,1501.073,0.070938,0.13748,1.93803,97.3774,50.2455,0.4840,0.0132,0.01072,-1.808
iron,29,5,2481.381,0.042122,0.080246,1.90509,163.994,86.0822,0.4751,0.00584,0.00474,-1.813
iron,29,6,3706.754,0.027562,0.051458,1.86699,250.626,134.241,0.4644,0.00532,0.00432,-1.809
iron,29,7,5177.202,0.019214,0.035072,1.82534,359.517,196.959,0.4522,0.0013,0.00106,-1.773
iron,29,8,6892.723,0.014002,0.024944,1.78146,493.341,276.931,0.4387,0.00039,0.00031,-1.994
iron,29,9,8853.322,0.010542,0.018309,1.73677,655.26,377.287,0.4242,0.00127,0.00103,-1.819
iron,29,10,11058.993,0.0081379,0.013771,1.69221,848.838,501.616,0.4091,7e-05,6e-05,-1.339
iron,29,11,13509.740,0.0064072,0.010564,1.64877,1078.12,653.896,0.3935,0.00068,0.00055,-1.843
iron,29,12,16205.559,0.0051261,0.0082359,1.60666,1347.57,838.737,0.3776,0.00032,0.00026,-1.804
iron,30,1,46.249,2.3684,4.7171,1.99168,2.91663,1.46441,0.4979,0.2609,0.21158,-1.820
iron,30,2,289.839,0.37612,0.74556,1.98224,18.3658,9.26519,0.4955,0.63015,0.51104,-1.820
iron,30,3,811.559,0.13297,0.26097,1.96262,51.9497,26.4695,0.4905,0.16019,0.12991,-1.820
iron,30,4,1590.331,0.066843,0.12934,1.93498,103.343,53.4077,0.4832,0.02268,0.0184,-1.817
iron,30,5,2628.931,0.039647,0.075343,1.90035,174.231,91.6841,0.4738,0.01072,0.0087,-1.814
iron,30,6,3927.169,0.02591,0.048205,1.86048,266.606,143.3,0.4625,0.00535,0.00434,-1.817
iron,30,7,5485.054,0.018036,0.032774,1.81714,382.998,210.769,0.4497,0.00215,0.00174,-1.838
iron,30,8,7302.585,0.013122,0.02325,1.77183,526.425,297.108,0.4356,1e-05,1e-05,+0.000
iron,30,9,9379.768,0.0098631,0.01702,1.72562,700.363,405.861,0.4205,0.0008,0.00065,-1.804
iron,30,10,11716.595,0.0076002,0.012768,1.67996,908.891,541.021,0.4048,0.00025,0.00021,-1.514
iron,30,11,14313.071,0.0059729,0.009769,1.63555,1156.52,707.11,0.3886,0.00045,0.00037,-1.700
iron,30,12,17169.189,0.0047696,0.0075978,1.59296,1448.29,909.178,0.3722,0.00014,0.00011,-2.095
iron,31,1,48.999,2.2354,4.4518,1.99150,3.09017,1.55168,0.4979,0.26672,0.21603,-1.831
iron,31,2,307.074,0.35489,0.70325,1.98160,19.4645,9.82262,0.4954,0.63987,0.51825,-1.831
iron,31,3,859.816,0.12539,0.24587,1.96084,55.0902,28.0952,0.4900,0.15319,0.12407,-1.831
iron,31,4,1684.897,0.062977,0.12165,1.93166,109.687,56.7838,0.4823,0.03045,0.02466,-1.832
iron,31,5,2785.256,0.037313,0.07072,1.89532,185.13,97.6775,0.4724,0.01409,0.01141,-1.833
iron,31,6,4160.690,0.024351,0.04514,1.85372,283.674,153.03,0.4605,0.00412,0.00334,-1.823
iron,31,7,5811.211,0.016926,0.030611,1.80852,408.115,225.663,0.4471,0.00436,0.00353,-1.834
iron,31,8,7736.819,0.012294,0.021657,1.76159,561.88,318.962,0.4323,0.00037,0.0003,-1.822
iron,31,9,9937.517,0.0092238,0.015812,1.71426,748.906,436.868,0.4166,0.00172,0.0014,-1.788
iron,31,10,12413.299,0.0070944,0.01183,1.66751,973.691,583.918,0.4003,2e-05,2e-05,+0.000
iron,31,11,15164.169,0.0055648,0.0090274,1.62223,1241.33,765.199,0.3836,0.00039,0.00032,-1.718
iron,31,12,18190.121,0.0044352,0.0070035,1.57907,1557.48,986.329,0.3667,0.00012,0.0001,-1.584
iron,32,1,51.913,2.1098,4.2015,1.99142,3.27413,1.64412,0.4978,0.27277,0.22062,-1.843
iron,32,2,325.334,0.33485,0.66331,1.98092,20.6294,10.4141,0.4952,0.64959,0.5254,-1.843
iron,32,3,910.944,0.11823,0.23162,1.95906,58.4264,29.8237,0.4896,0.14549,0.11768,-1.843
iron,32,4,1785.087,0.059329,0.1144,1.92823,116.431,60.3825,0.4814,0.03627,0.02933,-1.845
iron,32,5,2950.876,0.03511,0.066362,1.89012,196.746,104.092,0.4709,0.01557,0.01259,-1.845
iron,32,6,4408.099,0.022881,0.042253,1.84664,301.899,163.486,0.4585,0.00194,0.00157,-1.838
iron,32,7,6156.766,0.015878,0.028577,1.79979,435.052,241.724,0.4444,0.0043,0.00348,-1.838
iron,32,8,8196.876,0.011513,0.020162,1.75124,599.996,342.613,0.4290,0.00039,0.00032,-1.718
iron,32,9,10528.435,0.0086221,0.014679,1.70249,801.169,470.588,0.4126,0.00035,0.00028,-1.938
iron,32,10,13151.435,0.0066188,0.010952,1.65468,1043.66,630.73,0.3957,0.00023,0.00018,-2.129
iron,32,11,16065.881,0.0051815,0.0083355,1.60870,1333.16,828.715,0.3784,0.00062,0.0005,-1.868
iron,32,12,19271.768,0.0041215,0.0064504,1.56506,1676.03,1070.9,0.3610,0.00026,0.00021,-1.855
iron,33,1,55.000,1.9913,3.9652,1.99126,3.46897,1.74209,0.4978,0.27906,0.22537,-1.856
iron,33,2,344.679,0.31594,0.62561,1.98015,21.8641,11.0416,0.4950,0.65931,0.53246,-1.856
iron,33,3,965.111,0.11148,0.21817,1.95703,61.9641,31.6623,0.4890,0.13709,0.11071,-1.856
iron,33,4,1891.233,0.055886,0.10756,1.92463,123.604,64.2223,0.4804,0.03993,0.03225,-1.855
iron,33,5,3126.344,0.033031,0.062252,1.88465,209.129,110.964,0.4694,0.015,0.01212,-1.852
iron,33,6,4670.217,0.021495,0.039535,1.83926,321.366,174.725,0.4563,0.0006,0.00049,-1.759
iron,33,7,6522.865,0.014891,0.026664,1.79061,463.888,259.067,0.4415,0.00201,0.00162,-1.874
iron,33,8,8684.287,0.010778,0.018758,1.74040,640.913,368.256,0.4254,7e-05,5e-05,-2.923
iron,33,9,11154.486,0.0080557,0.013618,1.69048,857.499,507.252,0.4084,0.00138,0.00111,-1.891
iron,33,10,13933.458,0.0061717,0.010132,1.64169,1119.26,681.776,0.3909,4e-05,3e-05,-2.499
iron,33,11,17021.207,0.0048216,0.0076906,1.59503,1432.67,898.208,0.3730,0.00011,9e-05,-1.743
iron,34,1,58.270,1.8794,3.7422,1.99117,3.67551,1.84591,0.4978,0.28562,0.23029,-1.870
iron,34,2,365.175,0.29809,0.59002,1.97934,23.1734,11.7077,0.4948,0.66899,0.5394,-1.870
iron,34,3,1022.500,0.1051,0.20548,1.95509,65.7255,33.6177,0.4885,0.12798,0.10319,-1.870
iron,34,4,2003.692,0.052637,0.10111,1.92089,131.234,68.3192,0.4794,0.04132,0.03331,-1.872
iron,34,5,3312.246,0.03107,0.058378,1.87892,222.329,118.328,0.4678,0.01246,0.01005,-1.867
iron,34,6,4947.923,0.020187,0.036974,1.83157,342.188,186.827,0.4540,0.00278,0.00225,-1.837
iron,34,7,6910.735,0.013961,0.024866,1.78110,494.789,277.799,0.4385,0.00123,0.00099,-1.885
iron,34,8,9200.682,0.010085,0.017441,1.72940,684.953,396.064,0.4218,0.0003,0.00024,-1.938
iron,34,9,11817.767,0.0075229,0.012625,1.67821,918.23,547.149,0.4041,0.00092,0.00074,-1.891
iron,34,10,14761.984,0.0057515,0.0093661,1.62846,1201.04,737.527,0.3859,0.0002,0.00016,-1.938
iron,34,11,18033.340,0.004484,0.0070898,1.58113,1540.53,974.323,0.3675,0.00045,0.00036,-1.938
iron,35,1,61.735,1.7738,3.5317,1.99104,3.89433,1.95593,0.4977,0.29244,0.23538,-1.885
iron,35,2,386.889,0.28124,0.55644,1.97852,24.5618,12.4142,0.4946,0.6786,0.5462,-1.885
iron,35,3,1083.301,0.099089,0.1935,1.95279,69.7126,35.699,0.4879,0.11819,0.09513,-1.885
iron,35,4,2122.838,0.04957,0.09502,1.91689,139.354,72.6979,0.4783,0.04038,0.0325,-1.886
iron,35,5,3509.203,0.029219,0.054726,1.87296,236.413,126.224,0.4661,0.00829,0.00668,-1.876
iron,35,6,5242.143,0.018954,0.034564,1.82357,364.448,199.854,0.4516,0.00392,0.00315,-1.900
iron,35,7,7321.670,0.013084,0.023175,1.77125,527.954,298.069,0.4354,0.00348,0.0028,-1.888
iron,35,8,9747.784,0.0094329,0.016206,1.71803,732.304,426.247,0.4180,0.00033,0.00026,-2.071
iron,35,9,12520.490,0.0070217,0.011695,1.66555,983.772,590.659,0.3996,0.00094,0.00075,-1.961
iron,35,10,15639.780,0.0053568,0.0086514,1.61503,1289.53,798.455,0.3808,9e-05,8e-05,-1.023
iron,35,11,19105.662,0.0041673,0.0065307,1.56713,1657.61,1057.74,0.3619,0.00052,0.00042,-1.855
iron,36,1,65.406,1.6741,3.333,1.99092,4.12625,2.07253,0.4977,0.29956,0.24066,-1.902
iron,36,2,409.895,0.26533,0.52474,1.97769,26.0346,13.1641,0.4944,0.68808,0.5528,-1.901
iron,36,3,1147.717,0.093411,0.1822,1.95052,73.9501,37.913,0.4873,0.10774,0.08655,-1.902
iron,36,4,2249.068,0.046677,0.089278,1.91268,147.991,77.3735,0.4772,0.03716,0.02986,-1.900
iron,36,5,3717.870,0.027474,0.051285,1.86667,251.429,134.693,0.4643,0.00313,0.00251,-1.917
iron,36,6,5553.855,0.017791,0.032296,1.81530,388.272,213.889,0.4491,0.00362,0.00291,-1.896
iron,36,7,7757.037,0.012258,0.021588,1.76114,563.53,319.981,0.4322,0.00329,0.00264,-1.912
iron,36,8,10327.415,0.0088189,0.015049,1.70645,783.29,459.018,0.4140,0,0,
iron,36,9,13264.994,0.0065504,0.010826,1.65272,1054.55,638.071,0.3950,0.00105,0.00084,-1.938
iron,36,10,16569.766,0.0049862,0.007985,1.60142,1385.37,865.091,0.3755,0.00013,0.00011,-1.451
iron,37,1,69.296,1.58,3.1454,1.99076,4.372,2.19615,0.4977,0.30698,0.24613,-1.919
iron,37,2,434.268,0.25032,0.49482,1.97675,27.5957,13.9601,0.4941,0.69739,0.55917,-1.919
iron,37,3,1215.964,0.088053,0.17153,1.94803,78.45,40.2714,0.4867,0.09667,0.07751,-1.919
iron,37,4,2382.805,0.043946,0.083862,1.90830,157.187,82.3705,0.4760,0.03186,0.02555,-1.917
iron,37,5,3938.947,0.025827,0.048042,1.86015,267.463,143.786,0.4624,0.00219,0.00176,-1.899
iron,37,6,5884.105,0.016694,0.030162,1.80676,413.787,229.022,0.4465,0.002,0.0016,-1.938
iron,37,7,8218.295,0.011479,0.020097,1.75076,601.773,343.721,0.4288,0.00081,0.00065,-1.911
iron,37,8,10941.516,0.0082409,0.013964,1.69448,838.228,494.683,0.4099,0.0003,0.00024,-1.938
iron,37,9,14053.771,0.0061074,0.010015,1.63981,1131.05,689.741,0.3901,0.00072,0.00057,-2.029
iron,37,10,17555.057,0.0046384,0.0073641,1.58764,1489.25,938.031,0.3701,0.00016,0.00013,-1.804
iron,38,1,73.416,1.4912,2.9684,1.99061,4.63235,2.3271,0.4976,0.31471,0.25181,-1.937
iron,38,2,460.091,0.23615,0.46659,1.97582,29.2516,14.8048,0.4939,0.70647,0.56526,-1.937
iron,38,3,1288.269,0.082995,0.16147,1.94554,83.231,42.7804,0.4860,0.08506,0.06806,-1.937
iron,38,4,2524.494,0.041369,0.078753,1.90367,166.979,87.7142,0.4747,0.0248,0.01984,-1.938
iron,38,5,4173.169,0.024273,0.044986,1.85333,284.586,153.553,0.4604,0.00674,0.00539,-1.941
iron,38,6,6233.993,0.01566,0.028154,1.79783,441.108,245.356,0.4438,0.00031,0.00024,-2.223
iron,38,7,8706.981,0.010746,0.018697,1.73990,642.821,369.458,0.4253,0.00208,0.00167,-1.907
iron,38,8,11592.134,0.0076971,0.012949,1.68232,897.449,533.459,0.4056,0.00019,0.00016,-1.493
iron,38,9,14889.454,0.0056912,0.0092566,1.62648,1213.76,746.252,0.3852,0.00095,0.00076,-1.938
iron,38,10,18598.938,0.0043121,0.0067859,1.57369,1601.95,1017.96,0.3645,0,0,
iron,39,1,77.782,1.4074,2.8013,1.99041,4.90817,2.46591,0.4976,0.32279,0.2577,-1.956
iron,39,2,487.450,0.22278,0.43993,1.97473,31.0071,15.7019,0.4936,0.71525,0.57103,-1.956
iron,39,3,1364.874,0.078222,0.15197,1.94280,88.3096,45.4547,0.4853,0.07299,0.05827,-1.956
iron,39,4,2674.608,0.038937,0.073936,1.89886,177.409,93.4288,0.4734,0.01644,0.01312,-1.959
iron,39,5,4421.318,0.022808,0.042108,1.84619,302.865,164.049,0.4584,0.00963,0.00769,-1.954
iron,39,6,6604.685,0.014686,0.026266,1.78851,470.363,262.992,0.4409,0.00231,0.00184,-1.976
iron,39,7,9224.725,0.010055,0.017384,1.72889,686.997,397.363,0.4216,0.00307,0.00245,-1.959
iron,39,8,12281.437,0.0071856,0.011999,1.66987,961.333,575.694,0.4011,0.00016,0.00013,-1.804
iron,39,9,15774.826,0.0053002,0.0085493,1.61301,1303.3,807.991,0.3800,0.00075,0.0006,-1.938
iron,39,10,19704.885,0.0040061,0.0062481,1.55965,1724.31,1105.58,0.3588,0.00014,0.00011,-2.095
iron,40,1,82.407,1.3283,2.6436,1.99021,5.20045,2.61301,0.4975,0.33122,0.26383,-1.976
iron,40,2,516.435,0.21016,0.41478,1.97364,32.869,16.654,0.4933,0.72365,0.57642,-1.976
iron,40,3,1446.033,0.073716,0.14301,1.94001,93.7077,48.3026,0.4845,0.06058,0.04825,-1.977
iron,40,4,2833.648,0.036642,0.069394,1.89384,188.52,99.544,0.4720,0.00738,0.00588,-1.974
iron,40,5,4684.223,0.021425,0.039398,1.83888,322.416,175.333,0.4562,0.01026,0.00817,-1.979
iron,40,6,6997.419,0.013767,0.024492,1.77904,501.762,282.041,0.4379,0.0031,0.00247,-1.973
iron,40,7,9773.255,0.0094043,0.016152,1.71751,734.532,427.672,0.4178,0.00131,0.00104,-2.005
iron,40,8,13011.728,0.0067045,0.01111,1.65710,1030.32,621.76,0.3965,0.00025,0.0002,-1.938
iron,40,9,16712.846,0.0049331,0.0078898,1.59936,1400.29,875.53,0.3748,0.00067,0.00053,-2.036
iron,41,1,87.307,1.2536,2.4948,1.99011,5.51033,2.76886,0.4975,0.34003,0.27021,-1.996
iron,41,2,547.144,0.19824,0.39103,1.97251,34.8454,17.6655,0.4930,0.7316,0.58139,-1.996
iron,41,3,1532.019,0.069464,0.13455,1.93697,99.4437,51.3397,0.4837,0.04796,0.03811,-1.997
iron,41,4,3002.146,0.034477,0.065111,1.88853,200.358,106.092,0.4705,0.00168,0.00133,-2.029
iron,41,5,4962.762,0.020121,0.036846,1.83122,343.311,187.476,0.4539,0.00847,0.00673,-1.997
iron,41,6,7413.508,0.012901,0.022824,1.76917,535.443,302.653,0.4347,0.00227,0.0018,-2.015
iron,41,7,10354.403,0.008792,0.014998,1.70587,785.686,460.578,0.4138,0.00154,0.00122,-2.023
iron,41,8,13785.446,0.0062522,0.010279,1.64406,1104.85,672.026,0.3918,5e-05,4e-05,-1.938
iron,41,9,17706.645,0.0045885,0.0072753,1.58555,1505.45,949.48,0.3693,0.0009,0.00072,-1.938
iron,42,1,92.499,1.1831,2.3543,1.98994,5.83869,2.9341,0.4974,0.34924,0.27687,-2.017
iron,42,2,579.679,0.187,0.36863,1.97128,36.9399,18.739,0.4927,0.73899,0.58586,-2.017
iron,42,3,1623.117,0.065451,0.12657,1.93381,105.541,54.5766,0.4829,0.03531,0.02799,-2.018
iron,42,4,3180.663,0.032434,0.061073,1.88299,212.979,113.107,0.4689,0.00995,0.00789,-2.015
iron,42,5,5257.863,0.018892,0.034443,1.82315,365.644,200.556,0.4515,0.00469,0.00372,-2.013
iron,42,6,7854.338,0.012086,0.021258,1.75889,571.55,324.948,0.4315,0.00027,0.00022,-1.779
iron,42,7,10970.107,0.0082156,0.013917,1.69397,840.81,496.354,0.4097,0.00262,0.00208,-2.005
iron,42,8,14605.171,0.0058272,0.0095038,1.63094,1185.43,726.841,0.3869,0.00025,0.0002,-1.938
iron,42,9,18759.535,0.0042653,0.0067034,1.57161,1619.52,1030.49,0.3637,0.00015,0.00012,-1.938
iron,43,1,97.999,1.1166,2.2216,1.98961,6.18642,3.10936,0.4974,0.35886,0.28381,-2.038
iron,43,2,614.148,0.17638,0.34748,1.97006,39.164,19.8796,0.4924,0.74573,0.58977,-2.038
iron,43,3,1719.633,0.061664,0.11904,1.93046,112.022,58.0289,0.4820,0.02282,0.01805,-2.037
iron,43,4,3369.794,0.030507,0.057266,1.87714,226.432,120.626,0.4673,0.01666,0.01318,-2.035
iron,43,5,5570.511,0.017732,0.032182,1.81491,389.564,214.647,0.4490,0.0001,8e-05,-1.938
iron,43,6,8321.381,0.011317,0.019787,1.74843,610.387,349.106,0.4281,0.00174,0.00138,-2.013
iron,43,7,11622.423,0.0076733,0.012904,1.68168,900.233,535.319,0.4054,0.0008,0.00063,-2.075
iron,43,8,15473.639,0.0054279,0.0087799,1.61755,1272.64,786.769,0.3818,1e-05,1e-05,+0.000
iron,43,9,19875.033,0.0039623,0.0061713,1.55750,1743.37,1119.34,0.3580,0.00089,0.0007,-2.086
iron,44,1,103.826,1.0538,2.0965,1.98947,6.55509,3.2949,0.4973,0.36894,0.29107,-2.059
iron,44,2,650.668,0.16636,0.32751,1.96868,41.5229,21.0917,0.4920,0.75171,0.59306,-2.059
iron,44,3,1821.888,0.05809,0.11194,1.92701,118.915,61.7094,0.4811,0.01072,0.00846,-2.056
iron,44,4,3570.173,0.028688,0.053678,1.87110,240.789,128.689,0.4656,0.02112,0.01667,-2.055
iron,44,5,5901.752,0.016639,0.030055,1.80630,415.154,229.837,0.4464,0.00455,0.00359,-2.058
iron,44,6,8816.197,0.010593,0.018406,1.73756,652.106,375.299,0.4245,0.00252,0.00199,-2.051
iron,44,7,12313.531,0.0071632,0.011957,1.66923,964.339,577.716,0.4009,0.0018,0.00142,-2.060
iron,44,8,16393.752,0.005053,0.0081047,1.60394,1367.06,852.315,0.3765,0.00022,0.00018,-1.743
iron,45,1,110.000,0.99455,1.9783,1.98914,6.94561,3.49176,0.4973,0.37949,0.29867,-2.080
iron,45,2,689.358,0.15691,0.30867,1.96718,44.0237,22.3791,0.4917,0.75679,0.59563,-2.080
iron,45,3,1930.223,0.054716,0.10524,1.92339,126.247,65.6381,0.4801,0.00074,0.00059,-1.968
iron,45,4,3782.467,0.026972,0.050297,1.86479,256.108,137.339,0.4637,0.02282,0.01796,-2.080
iron,45,5,6252.688,0.015609,0.028053,1.79723,442.549,246.239,0.4436,0.00728,0.00573,-2.080
iron,45,6,9340.435,0.0099111,0.017111,1.72645,696.972,403.703,0.4208,0.00154,0.00121,-2.095
iron,45,7,13045.730,0.0066835,0.011071,1.65647,1033.55,623.95,0.3963,0.00197,0.00155,-2.083
iron,45,8,17368.574,0.0047011,0.0074756,1.59018,1469.39,924.04,0.3711,2e-05,2e-05,+0.000
iron,46,1,116.541,0.93861,1.8668,1.98890,7.35956,3.70032,0.4972,0.39054,0.30664,-2.101
iron,46,2,730.350,0.14798,0.29089,1.96574,46.6803,23.747,0.4913,0.76084,0.59739,-2.101
iron,46,3,2045.000,0.051533,0.098916,1.91947,134.045,69.8346,0.4790,0.01131,0.00888,-2.101
iron,46,4,4007.384,0.025354,0.047111,1.85813,272.452,146.627,0.4618,0.02152,0.01689,-2.104
iron,46,5,6624.493,0.014637,0.026172,1.78807,471.938,263.937,0.4407,0.00736,0.00578,-2.099
iron,46,6,9895.847,0.009269,0.015897,1.71507,745.254,434.532,0.4169,0.00049,0.00039,-1.983
iron,46,7,13821.471,0.0062325,0.010243,1.64348,1108.34,674.388,0.3916,0.00048,0.00038,-2.029
iron,46,8,18401.365,0.0043709,0.0068897,1.57627,1580.4,1002.62,0.3656,0.0002,0.00015,-2.499
iron,47,1,123.471,0.88581,1.7616,1.98869,7.79824,3.9213,0.4971,0.40211,0.315,-2.121
iron,47,2,773.778,0.13956,0.27411,1.96410,49.4967,25.2007,0.4909,0.76369,0.59824,-2.121
iron,47,3,2166.602,0.048529,0.092953,1.91541,142.343,74.3145,0.4779,0.02068,0.0162,-2.121
iron,47,4,4245.675,0.023827,0.04411,1.85126,289.913,156.603,0.4598,0.01735,0.01359,-2.122
iron,47,5,7018.405,0.013721,0.024403,1.77851,503.444,283.07,0.4377,0.00474,0.00371,-2.128
iron,47,6,10484.283,0.0086646,0.014759,1.70337,797.239,468.037,0.4129,0.002,0.00157,-2.103
iron,47,7,14643.337,0.0058086,0.00947,1.63034,1189.23,729.436,0.3866,0.00205,0.00161,-2.099
iron,47,8,19495.564,0.0040612,0.0063446,1.56225,1700.91,1088.76,0.3599,8e-05,6e-05,-2.499
iron,48,1,130.813,0.83597,1.6622,1.98835,8.26316,4.15579,0.4971,0.41423,0.32377,-2.140
iron,48,2,819.790,0.13161,0.25827,1.96239,52.4866,26.7463,0.4904,0.76516,0.59805,-2.140
iron,48,3,2295.435,0.045694,0.087328,1.91115,151.174,79.1013,0.4768,0.02859,0.02234,-2.143
iron,48,4,4498.136,0.022387,0.041283,1.84406,308.561,167.327,0.4577,0.01087,0.0085,-2.136
iron,48,5,7435.741,0.012858,0.022741,1.76863,537.234,303.758,0.4346,0.0004,0.00032,-1.938
iron,48,6,11107.711,0.0080958,0.013693,1.69137,853.252,504.473,0.4088,0.00172,0.00134,-2.168
iron,48,7,15514.074,0.0054105,0.0087483,1.61691,1276.73,789.611,0.3815,0.00039,0.00031,-1.994
iron,49,1,138.591,0.78893,1.5684,1.98801,8.75585,4.40433,0.4970,0.42693,0.33297,-2.159
iron,49,2,868.537,0.12411,0.24332,1.96052,55.6583,28.3896,0.4900,0.76505,0.59668,-2.159
iron,49,3,2431.928,0.043018,0.082023,1.90671,160.578,84.2173,0.4755,0.03475,0.0271,-2.160
iron,49,4,4765.609,0.021028,0.038621,1.83665,328.503,178.86,0.4555,0.00304,0.00237,-2.163
iron,49,5,7877.894,0.012045,0.021179,1.75832,573.496,326.161,0.4313,0.00383,0.00299,-2.151
iron,49,6,11768.211,0.0075606,0.012695,1.67910,913.652,544.132,0.4044,0.0001,8e-05,-1.938
iron,49,7,16436.592,0.0050366,0.0080753,1.60332,1371.51,855.418,0.3763,0.00176,0.00138,-2.113
iron,50,1,146.832,0.74453,1.4799,1.98770,9.27801,4.66772,0.4969,0.44022,0.34264,-2.177
iron,50,2,920.183,0.11702,0.22922,1.95881,59.0306,30.1359,0.4895,0.76314,0.59398,-2.177
iron,50,3,2576.538,0.040494,0.077019,1.90199,170.587,89.689,0.4742,0.03893,0.0303,-2.177
iron,50,4,5048.987,0.019747,0.036114,1.82883,349.813,191.276,0.4532,0.00485,0.00377,-2.188
iron,50,5,8346.337,0.011278,0.019713,1.74792,612.498,350.416,0.4279,0.00604,0.0047,-2.179
iron,50,6,12467.985,0.0070571,0.011761,1.66655,978.838,587.344,0.3999,0.0017,0.00132,-2.197
iron,50,7,17413.961,0.0046857,0.0074482,1.58956,1474.22,927.44,0.3709,0.0007,0.00055,-2.095
iron,51,1,155.563,0.70262,1.3964,1.98742,9.83142,4.94683,0.4968,0.45412,0.35278,-2.193
iron,51,2,974.900,0.11034,0.2159,1.95668,62.6043,31.9952,0.4889,0.75921,0.58979,-2.193
iron,51,3,2729.747,0.038111,0.072301,1.89712,181.254,95.5416,0.4729,0.04093,0.03179,-2.195
iron,51,4,5349.216,0.018539,0.033755,1.82076,372.607,204.644,0.4508,0.01137,0.00883,-2.196
iron,51,5,8842.636,0.010557,0.018337,1.73695,654.329,376.711,0.4243,0.00512,0.00398,-2.188
iron,51,6,13209.370,0.0065837,0.010888,1.65378,1049.22,634.437,0.3953,0.00141,0.0011,-2.157
iron,51,7,18449.449,0.0043565,0.0068642,1.57562,1585.62,1006.35,0.3653,0.00155,0.0012,-2.223
iron,52,1,164.814,0.66307,1.3175,1.98697,10.4178,5.24308,0.4967,0.46864,0.36341,-2.209
iron,52,2,1032.870,0.10403,0.20334,1.95463,66.4016,33.9715,0.4884,0.753,0.58392,-2.209
iron,52,3,2892.067,0.035863,0.067852,1.89198,192.615,101.806,0.4714,0.04063,0.03151,-2.208
iron,52,4,5667.296,0.0174,0.031534,1.81230,396.997,219.057,0.4482,0.01521,0.0118,-2.205
iron,52,5,9368.446,0.0098768,0.017046,1.72586,699.392,405.242,0.4206,0.00151,0.00117,-2.216
iron,52,6,13994.840,0.0061387,0.010072,1.64074,1125.28,685.837,0.3905,0.00043,0.00033,-2.299
iron,52,7,19546.510,0.0040477,0.0063209,1.56160,1706.59,1092.84,0.3596,0.00059,0.00046,-2.162
iron,53,1,174.614,0.62573,1.2431,1.98664,11.0395,5.55688,0.4966,0.48381,0.37455,-2.223
iron,53,2,1094.288,0.098073,0.19148,1.95242,70.4348,36.0756,0.4878,0.74425,0.57618,-2.223
iron,53,3,3064.038,0.033742,0.063657,1.88658,204.723,108.515,0.4699,0.03803,0.02944,-2.224
iron,53,4,6004.292,0.016325,0.029445,1.80368,423.14,234.599,0.4456,0.01552,0.01201,-2.227
iron,53,5,9925.523,0.0092368,0.015836,1.71445,747.852,436.206,0.4167,0.00275,0.00213,-2.219
iron,53,6,14827.017,0.0057206,0.00931,1.62745,1207.52,741.972,0.3855,0.00163,0.00126,-2.236
iron,54,1,184.997,0.59049,1.1729,1.98632,11.6983,5.88947,0.4965,0.49961,0.3862,-2.236
iron,54,2,1159.358,0.092453,0.18029,1.95007,74.7164,38.3147,0.4872,0.73266,0.56636,-2.236
iron,54,3,3246.235,0.031741,0.059702,1.88091,217.629,115.704,0.4684,0.03322,0.02568,-2.236
iron,54,4,6361.325,0.015313,0.02748,1.79455,451.104,251.374,0.4428,0.01214,0.00939,-2.231
iron,54,5,10515.726,0.0086343,0.014702,1.70274,800.036,469.851,0.4127,0.00505,0.0039,-2.245
iron,54,6,15708.676,0.0053278,0.0085991,1.61401,1296.55,803.311,0.3804,0.00065,0.0005,-2.279
iron,55,1,195.998,0.55723,1.1066,1.98589,12.3966,6.24232,0.4964,0.51603,0.39836,-2.248
iron,55,2,1228.297,0.087148,0.16973,1.94761,79.2646,40.6985,0.4866,0.71796,0.55424,-2.248
iron,55,3,3439.266,0.029852,0.055974,1.87505,231.4,123.41,0.4667,0.02646,0.02042,-2.251
iron,55,4,6739.589,0.014358,0.025633,1.78528,481.108,269.487,0.4399,0.00585,0.00452,-2.240
iron,55,5,11141.023,0.0080672,0.013639,1.69067,856.277,506.471,0.4085,0.00383,0.00296,-2.238
iron,55,6,16642.764,0.004959,0.0079362,1.60036,1392.97,870.411,0.3751,0.00115,0.00089,-2.226
iron,56,1,207.652,0.52583,1.044,1.98543,13.1369,6.61662,0.4963,0.53306,0.411,-2.259
iron,56,2,1301.335,0.082141,0.15977,1.94507,84.0963,43.2356,0.4859,0.69984,0.5396,-2.259
iron,56,3,3643.775,0.028071,0.052461,1.86887,246.082,131.674,0.4649,0.01816,0.014,-2.260
iron,56,4,7140.346,0.013458,0.023896,1.77560,513.282,289.076,0.4368,0.0017,0.00131,-2.264
iron,56,5,11803.503,0.0075337,0.012645,1.67846,916.914,546.284,0.4042,7e-05,5e-05,-2.923
iron,56,6,17632.393,0.0046129,0.0073186,1.58655,1497.49,943.863,0.3697,0.00113,0.00087,-2.271
iron,57,1,220.000,0.4962,0.98492,1.98493,13.9213,7.01352,0.4962,0.55066,0.42412,-2.268
iron,57,2,1378.716,0.077416,0.15037,1.94236,89.229,45.9384,0.4852,0.67804,0.52222,-2.268
iron,57,3,3860.446,0.02639,0.04915,1.86245,261.757,140.544,0.4631,0.00891,0.00686,-2.271
iron,57,4,7564.933,0.01261,0.022265,1.76566,547.8,310.252,0.4336,0.00833,0.00642,-2.262
iron,57,5,12505.376,0.0070319,0.011714,1.66584,982.345,589.701,0.3997,0.00368,0.00283,-2.281
iron,57,6,18680.869,0.0042881,0.0067436,1.57263,1610.91,1024.34,0.3641,0.00066,0.00051,-2.239
iron,58,1,233.082,0.46823,0.92917,1.98443,14.7529,7.43433,0.4961,0.56878,0.43766,-2.276
iron,58,2,1460.699,0.072956,0.14149,1.93939,94.6839,48.8215,0.4844,0.6523,0.50193,-2.276
iron,58,3,4090.000,0.024804,0.046031,1.85579,278.494,150.067,0.4611,0.00058,0.00045,-2.204
iron,58,4,8014.768,0.011811,0.020732,1.75531,584.858,333.193,0.4303,0.01193,0.00918,-2.276
iron,58,5,13248.984,0.00656,0.010844,1.65305,1053.01,637.012,0.3951,0.004,0.00308,-2.270
iron,58,6,19791.691,0.0039836,0.0062087,1.55857,1734.05,1112.59,0.3584,0.0012,0.00093,-2.214
iron,59,1,246.942,0.44183,0.87654,1.98389,15.6344,7.88071,0.4959,0.58738,0.45161,-2.283
iron,59,2,1547.557,0.068746,0.13312,1.93640,100.482,51.8912,0.4836,0.62242,0.47855,-2.283
iron,59,3,4333.204,0.023309,0.043092,1.84873,296.356,160.302,0.4591,0.00948,0.00729,-2.282
iron,59,4,8491.351,0.011059,0.019294,1.74464,624.627,358.026,0.4268,0.01118,0.0086,-2.279
iron,59,5,14036.810,0.0061164,0.010031,1.64002,1129.38,688.641,0.3903,0.00073,0.00056,-2.303
iron,60,1,261.626,0.41691,0.82687,1.98333,16.5689,8.3541,0.4958,0.60637,0.46589,-2.289
iron,60,2,1639.579,0.064774,0.12522,1.93318,106.644,55.1649,0.4827,0.58825,0.45197,-2.289
iron,60,3,4590.869,0.021898,0.040324,1.84145,315.451,171.306,0.4570,0.01693,0.01301,-2.288
iron,60,4,8996.271,0.01035,0.017944,1.73372,667.416,384.962,0.4232,0.0063,0.00484,-2.290
iron,60,5,14871.481,0.0056996,0.0092719,1.62676,1211.97,745.02,0.3853,0.00304,0.00233,-2.310
iron,61,1,277.183,0.39339,0.77999,1.98274,17.5596,8.85621,0.4956,0.62567,0.48045,-2.294
iron,61,2,1737.074,0.061025,0.11777,1.92986,113.195,58.6546,0.4818,0.54974,0.42213,-2.294
iron,61,3,4863.857,0.020567,0.037718,1.83391,335.866,183.142,0.4547,0.02212,0.01699,-2.292
iron,61,4,9531.219,0.0096819,0.016677,1.72249,713.471,414.208,0.4195,0.00085,0.00065,-2.330
iron,61,5,15755.787,0.0053081,0.0085636,1.61331,1301.36,806.641,0.3802,0.00342,0.00263,-2.281
iron,62,1,293.665,0.37119,0.73574,1.98211,18.6098,9.38885,0.4955,0.64519,0.4952,-2.298
iron,62,2,1840.366,0.057486,0.11074,1.92638,120.164,62.3781,0.4809,0.5069,0.38906,-2.298
iron,62,3,5153.077,0.019312,0.035264,1.82601,357.692,195.887,0.4524,0.02443,0.01875,-2.298
iron,62,4,10097.975,0.0090533,0.01549,1.71098,763.01,445.949,0.4155,0.00722,0.00554,-2.301
iron,62,5,16692.674,0.0049405,0.0079031,1.59966,1398.19,874.056,0.3749,1e-05,1e-05,+0.000
iron,63,1,311.127,0.35024,0.69398,1.98144,19.7229,9.95382,0.4953,0.66481,0.51006,-2.302
iron,63,2,1949.799,0.054147,0.10411,1.92273,127.574,66.3505,0.4799,0.45992,0.35287,-2.301
iron,63,3,5459.495,0.018129,0.032955,1.81781,381.033,209.612,0.4499,0.02351,0.01804,-2.300
iron,63,4,10698.432,0.0084616,0.014378,1.69921,816.365,480.439,0.4115,0.00982,0.00754,-2.295
iron,63,5,17685.271,0.0045955,0.0072878,1.58586,1503.16,947.852,0.3694,0.00318,0.00244,-2.301
iron,64,1,329.628,0.33046,0.65456,1.98075,20.9035,10.5533,0.4951,0.68442,0.52496,-2.304
iron,64,2,2065.740,0.050996,0.097849,1.91876,135.457,70.5961,0.4788,0.40911,0.31379,-2.304
iron,64,3,5784.133,0.017013,0.030781,1.80926,406.028,224.416,0.4473,0.01943,0.0149,-2.306
iron,64,4,11334.593,0.0079047,0.013336,1.68710,873.879,517.978,0.4073,0.00731,0.00561,-2.299
iron,64,5,18736.893,0.0042719,0.0067149,1.57188,1617.02,1028.72,0.3638,0.00211,0.00162,-2.295
iron,65,1,349.228,0.3118,0.61735,1.97996,22.1544,11.1894,0.4949,0.70391,0.5398,-2.306
iron,65,2,2188.576,0.048022,0.091946,1.91466,143.846,75.1284,0.4777,0.35493,0.27218,-2.306
iron,65,3,6128.076,0.015961,0.028737,1.80045,432.79,240.378,0.4446,0.01272,0.00975,-2.310
iron,65,4,12008.583,0.0073808,0.012361,1.67475,935.909,558.835,0.4029,0.00098,0.00075,-2.323
iron,65,5,19851.047,0.0039684,0.006182,1.55781,1740.69,1117.4,0.3581,0.00172,0.00132,-2.299
iron,66,1,369.994,0.29418,0.58223,1.97916,23.4814,11.8643,0.4947,0.72319,0.55451,-2.307
iron,66,2,2318.715,0.045215,0.086379,1.91041,152.776,79.9703,0.4765,0.29806,0.22853,-2.307
iron,66,3,6492.470,0.014969,0.026814,1.79130,461.471,257.617,0.4418,0.00439,0.00336,-2.323
iron,66,4,12722.650,0.0068881,0.011448,1.66200,1002.85,603.403,0.3983,0.00551,0.00423,-2.296
iron,67,1,391.995,0.27755,0.54908,1.97831,24.8883,12.5806,0.4945,0.74219,0.56904,-2.307
iron,67,2,2456.593,0.042567,0.081127,1.90587,162.28,85.1474,0.4753,0.23931,0.18348,-2.307
iron,67,3,6878.532,0.014034,0.025007,1.78189,492.216,276.233,0.4388,0.00417,0.0032,-2.300
iron,67,4,13479.178,0.0064248,0.010596,1.64923,1075.17,651.921,0.3936,0.0081,0.00621,-2.308
iron,68,1,415.305,0.26185,0.5178,1.97747,26.3806,13.3406,0.4943,0.76087,0.58336,-2.307
iron,68,2,2602.670,0.040067,0.076175,1.90119,172.405,90.6827,0.4740,0.17971,0.13778,-2.308
iron,68,3,7287.551,0.013153,0.023308,1.77207,525.185,296.368,0.4357,0.01141,0.00875,-2.306
iron,68,4,14280.692,0.0059894,0.0097992,1.63609,1153.33,704.931,0.3888,0.00503,0.00385,-2.322
iron,69,1,440.000,0.24703,0.48827,1.97656,27.9632,14.1474,0.4941,0.77923,0.59748,-2.307
iron,69,2,2757.433,0.037709,0.071505,1.89623,183.186,96.6052,0.4726,0.12039,0.09231,-2.307
iron,69,3,7720.892,0.012323,0.021712,1.76191,560.558,318.154,0.4325,0.01588,0.01217,-2.311
iron,69,4,15129.866,0.0055803,0.0090555,1.62276,1237.88,762.824,0.3838,0.00148,0.00114,-2.267
iron,70,1,466.164,0.23305,0.4604,1.97554,29.6407,15.0038,0.4938,0.79732,0.61143,-2.306
iron,70,2,2921.398,0.035484,0.067101,1.89102,194.672,102.946,0.4712,0.06261,0.04801,-2.306
iron,70,3,8180.000,0.01154,0.020214,1.75165,598.592,341.731,0.4291,0.01661,0.01274,-2.304
iron,70,4,16029.536,0.005196,0.0083617,1.60926,1329.44,826.118,0.3786,0.00635,0.00487,-2.305
iron,71,1,493.883,0.21985,0.43409,1.97448,31.4203,15.9132,0.4935,0.81523,0.62526,-2.304
iron,71,2,3095.114,0.033384,0.062949,1.88560,206.918,109.736,0.4697,0.00772,0.00592,-2.306
iron,71,3,8666.407,0.010803,0.018807,1.74091,639.429,367.297,0.4256,0.01341,0.01029,-2.300
iron,71,4,16982.701,0.0048353,0.007715,1.59556,1428.61,895.367,0.3733,0.00552,0.00424,-2.291
iron,72,1,523.251,0.20739,0.40927,1.97343,33.308,16.8782,0.4933,0.83306,0.63908,-2.302
iron,72,2,3279.158,0.031403,0.059035,1.87992,219.971,117.011,0.4681,0.04291,0.03292,-2.302
iron,72,3,9181.738,0.010109,0.017487,1.72984,683.327,395.022,0.4219,0.00706,0.00542,-2.296
iron,72,4,17992.543,0.0044968,0.0071126,1.58170,1536.15,971.2,0.3678,0.00022,0.00017,-2.239
iron,73,1,554.365,0.19563,0.38583,1.97224,35.3103,17.9036,0.4930,0.85095,0.65296,-2.300
iron,73,2,3474.148,0.029533,0.055345,1.87401,233.9,124.813,0.4664,0.08791,0.06745,-2.301
iron,73,3,9727.714,0.0094555,0.016249,1.71847,730.554,425.119,0.4181,0.00077,0.00059,-2.313
iron,73,4,19062.438,0.0041793,0.0065519,1.56770,1652.85,1054.31,0.3621,0.00529,0.00406,-2.299
iron,74,1,587.330,0.18453,0.36372,1.97106,37.4343,18.992,0.4926,0.86904,0.66703,-2.298
iron,74,2,3680.731,0.02777,0.051868,1.86777,248.749,133.18,0.4646,0.12595,0.09667,-2.298
iron,74,3,10306.153,0.0088401,0.015089,1.70688,781.411,457.801,0.4141,0.00783,0.00601,-2.298
iron,75,1,622.254,0.17406,0.34284,1.96967,39.6861,20.1486,0.4923,0.88748,0.68138,-2.295
iron,75,2,3899.599,0.026106,0.048592,1.86133,264.604,142.158,0.4627,0.15584,0.11965,-2.295
iron,75,3,10918.989,0.0082609,0.014002,1.69497,836.199,493.341,0.4100,0.01193,0.00916,-2.295
iron,76,1,659.255,0.16417,0.32314,1.96833,42.0768,21.377,0.4920,0.90638,0.6961,-2.293
iron,76,2,4131.481,0.024537,0.045505,1.85455,281.524,151.802,0.4608,0.17654,0.13558,-2.293
iron,76,3,11568.267,0.007716,0.012984,1.68274,895.251,532.021,0.4057,0.01169,0.00897,-2.300
iron,77,1,698.456,0.15484,0.30455,1.96687,44.6122,22.6818,0.4916,0.92582,0.71124,-2.290
iron,77,2,4377.152,0.023056,0.042596,1.84750,299.608,162.169,0.4587,0.18723,0.14383,-2.291
iron,77,3,12256.151,0.0072033,0.012031,1.67021,958.971,574.163,0.4013,0.00716,0.0055,-2.291
iron,78,1,739.989,0.14603,0.287,1.96535,47.3037,24.0688,0.4912,0.94583,0.72684,-2.287
iron,78,2,4637.431,0.02166,0.039857,1.84012,318.918,173.313,0.4566,0.18744,0.14404,-2.288
iron,78,3,12984.939,0.0067212,0.011141,1.65759,1027.76,620.03,0.3967,9e-05,7e-05,-2.183
iron,79,1,783.991,0.13772,0.27043,1.96362,50.158,25.5436,0.4908,0.96639,0.74286,-2.285
iron,79,2,4913.187,0.020343,0.037278,1.83247,339.564,185.304,0.4543,0.17711,0.13615,-2.285
iron,79,3,13757.064,0.0062679,0.010308,1.64457,1102.08,670.135,0.3919,0.00656,0.00504,-2.289
iron,80,1,830.609,0.12987,0.2548,1.96196,53.1898,27.1105,0.4903,0.98742,0.75927,-2.282
iron,80,2,5205.340,0.019101,0.03485,1.82451,361.644,198.214,0.4519,0.15671,0.1205,-2.282
iron,80,3,14575.102,0.0058419,0.0095305,1.63140,1182.45,724.805,0.3870,0.00974,0.00749,-2.282
iron,81,1,880.000,0.12246,0.24005,1.96023,56.4083,28.7763,0.4898,1.00883,0.77598,-2.279
iron,81,2,5514.866,0.017929,0.032565,1.81633,385.284,212.122,0.4494,0.12732,0.09793,-2.280
iron,81,3,15441.783,0.0054418,0.0088048,1.61799,1269.39,784.544,0.3820,0.00787,0.00605,-2.284
iron,82,1,932.328,0.11547,0.22613,1.95834,59.8229,30.5477,0.4894,1.03048,0.7929,-2.276
iron,82,2,5842.797,0.016825,0.030415,1.80773,410.565,227.117,0.4468,0.09072,0.06981,-2.276
iron,82,3,16360.000,0.005066,0.008128,1.60442,1363.55,849.871,0.3767,0.00188,0.00145,-2.256
iron,83,1,987.767,0.10887,0.21299,1.95637,63.4496,32.4323,0.4888,1.05226,0.80997,-2.273
iron,83,2,6190.227,0.015783,0.028393,1.79896,437.671,243.291,0.4441,0.04939,0.03802,-2.273
iron,83,3,17332.814,0.0047133,0.0074972,1.59065,1465.59,921.378,0.3713,0.00482,0.00371,-2.273
iron,84,1,1046.502,0.10265,0.20059,1.95412,67.2943,34.4372,0.4883,1.0471,0.82713,-2.048
iron,84,2,6558.317,0.014802,0.026491,1.78969,466.677,260.759,0.4412,0.00628,0.00496,-2.050
iron,84,3,18363.477,0.0043823,0.0069099,1.57677,1576.29,999.69,0.3658,0.00789,0.00623,-2.052
iron,85,1,1108.731,0.096769,0.18889,1.95197,71.384,36.5703,0.4877,1.03405,0.84438,-1.760
iron,85,2,6948.295,0.013876,0.024702,1.78020,497.82,279.644,0.4383,0.0326,0.02662,-1.760
iron,85,3,19455.428,0.0040719,0.0063634,1.56276,1696.45,1085.54,0.3601,0.0054,0.00441,-1.759
iron,86,1,1174.659,0.091222,0.17784,1.94953,75.7247,38.8425,0.4871,1.02006,0.86174,-1.465
iron,86,2,7361.462,0.013004,0.023022,1.77038,531.202,300.05,0.4351,0.06371,0.05382,-1.465
iron,87,1,1244.508,0.085986,0.16742,1.94706,80.3358,41.26,0.4864,1.00509,0.87927,-1.162
iron,87,2,7799.198,0.012183,0.021444,1.76016,567,322.13,0.4319,0.08444,0.07387,-1.162
iron,88,1,1318.510,0.081044,0.15759,1.94450,85.2346,43.8337,0.4857,0.98907,0.89702,-0.848
iron,88,2,8262.962,0.011408,0.019961,1.74974,605.518,346.063,0.4285,0.09312,0.08445,-0.849
iron,89,1,1396.913,0.07638,0.14831,1.94174,90.4393,46.5765,0.4850,0.97194,0.91501,-0.524
iron,89,2,8754.304,0.010679,0.01857,1.73893,646.854,371.985,0.4249,0.08935,0.08411,-0.525
iron,90,1,1479.978,0.071979,0.13955,1.93876,95.969,49.5002,0.4842,0.95365,0.93319,-0.188
iron,90,2,9274.861,0.0099921,0.017265,1.72787,691.322,400.102,0.4213,0.07417,0.07258,-0.188
iron,91,1,1567.982,0.067824,0.13129,1.93575,101.848,52.6145,0.4834,0.93415,0.93415,+0.000
iron,91,2,9826.374,0.0093453,0.016041,1.71648,739.169,430.631,0.4174,0.05015,0.05015,+0.000
iron,92,1,1661.219,0.063904,0.12349,1.93243,108.096,55.9378,0.4825,0.91338,0.91338,+0.000
iron,92,2,10410.680,0.0087364,0.014894,1.70482,790.687,463.794,0.4134,0.02119,0.02119,+0.000
iron,93,1,1760.000,0.060203,0.11614,1.92914,114.741,59.4778,0.4816,0.89127,0.89127,+0.000
iron,93,2,11029.731,0.0081633,0.013819,1.69282,846.196,499.874,0.4093,0.00793,0.00793,+0.000
iron,94,1,1864.655,0.056711,0.1092,1.92555,121.806,63.2578,0.4807,0.86778,0.86778,+0.000
iron,94,2,11685.593,0.0076241,0.012813,1.68059,906.042,539.121,0.4050,0.03224,0.03224,+0.000
iron,95,1,1975.534,0.053416,0.10265,1.92171,129.32,67.2943,0.4797,0.84287,0.84287,+0.000
iron,95,2,12380.457,0.0071169,0.011871,1.66800,970.613,581.902,0.4005,0.04748,0.04748,+0.000
iron,96,1,2093.004,0.050305,0.096479,1.91788,137.317,71.5985,0.4786,0.81649,0.81649,+0.000
iron,96,2,13116.634,0.0066399,0.010991,1.65530,1040.34,628.492,0.3959,0.05101,0.05101,+0.000
iron,97,1,2217.461,0.04737,0.090654,1.91374,145.826,76.1991,0.4775,0.7886,0.7886,+0.000
iron,97,2,13896.590,0.0061916,0.010168,1.64222,1115.67,679.362,0.3911,0.04262,0.04262,+0.000
iron,98,1,2349.318,0.0446,0.085159,1.90939,154.882,81.116,0.4763,0.75919,0.75919,+0.000
iron,98,2,14722.927,0.0057702,0.0094001,1.62908,1197.14,734.86,0.3862,0.02484,0.02484,+0.000
iron,99,1,2489.016,0.041986,0.079978,1.90487,164.525,86.3707,0.4750,0.72822,0.72822,+0.000
iron,99,2,15598.396,0.0053744,0.0086832,1.61566,1285.31,795.531,0.3811,0.00259,0.00259,+0.000
iron,100,1,2637.020,0.03952,0.075091,1.90008,174.791,91.9918,0.4737,0.69572,0.69572,+0.000
iron,100,2,16525.924,0.0050027,0.0080146,1.60205,1380.81,861.896,0.3758,0.01779,0.01779,+0.000
iron,101,1,2793.826,0.037192,0.070482,1.89508,185.732,98.0074,0.4723,0.66168,0.66168,+0.000
iron,101,2,17508.607,0.0046539,0.0073916,1.58826,1484.29,934.541,0.3704,0.03036,0.03036,+0.000
iron,102,1,2959.955,0.034996,0.066137,1.88984,197.387,104.446,0.4709,0.62613,0.62613,+0.000
iron,102,2,18549.723,0.0043266,0.0068115,1.57433,1596.58,1014.13,0.3648,0.03146,0.03146,+0.000
iron,103,1,3135.963,0.032924,0.06204,1.88434,209.809,111.344,0.4693,0.58915,0.58915,+0.000
iron,103,2,19652.744,0.0040197,0.0062719,1.56029,1718.48,1101.38,0.3591,0.02125,0.02125,+0.000
iron,104,1,3322.438,0.030969,0.058178,1.87859,223.054,118.735,0.4677,0.55079,0.55079,+0.000
iron,105,1,3520.000,0.029124,0.054538,1.87261,237.184,126.659,0.4660,0.51117,0.51117,+0.000
iron,106,1,3729.310,0.027384,0.051107,1.86631,252.255,135.163,0.4642,0.47043,0.47043,+0.000
iron,107,1,3951.067,0.025742,0.047875,1.85980,268.346,144.287,0.4623,0.42874,0.42874,+0.000
iron,108,1,4186.009,0.024193,0.044829,1.85297,285.527,154.091,0.4603,0.3863,0.3863,+0.000
nylon,21,1,27.500,1.1413,2.2794,1.99720,6.05253,3.03051,0.4993,0.40238,0.3158,-2.104
nylon,21,2,172.340,0.1817,0.36208,1.99274,38.0174,19.078,0.4982,1.01329,0.79526,-2.104
nylon,21,3,482.556,0.064579,0.12807,1.98315,106.966,53.9373,0.4958,0.36271,0.28466,-2.105
nylon,21,4,945.617,0.032719,0.064436,1.96938,211.124,107.203,0.4922,0.17211,0.13508,-2.104
nylon,21,5,1563.172,0.019606,0.03826,1.95144,352.329,180.548,0.4876,0.05546,0.04353,-2.104
nylon,21,6,2335.109,0.012971,0.025034,1.93000,532.554,275.935,0.4819,0.01488,0.01167,-2.111
nylon,21,7,3261.433,0.0091584,0.017451,1.90546,754.253,395.837,0.4752,0.01583,0.01243,-2.100
nylon,21,8,4342.144,0.0067697,0.012717,1.87852,1020.39,543.191,0.4676,0.00098,0.00077,-2.095
nylon,21,9,5577.244,0.0051766,0.009574,1.84948,1334.42,721.512,0.4593,0.00432,0.00339,-2.106
nylon,21,10,6966.729,0.0040626,0.0073904,1.81913,1700.33,934.693,0.4503,0.0001,8e-05,-1.938
nylon,21,11,8510.604,0.0032545,0.0058185,1.78783,2122.52,1187.21,0.4407,0.00113,0.00088,-2.172
nylon,21,12,10208.862,0.0026508,0.0046548,1.75600,2605.91,1484.01,0.4305,0.00031,0.00024,-2.223
nylon,22,1,29.135,1.0772,2.1514,1.99722,6.41269,3.21082,0.4993,0.41201,0.32263,-2.124
nylon,22,2,182.587,0.17148,0.34165,1.99236,40.2832,20.2188,0.4981,1.03412,0.80977,-2.124
nylon,22,3,511.250,0.060927,0.12078,1.98237,113.378,57.1929,0.4956,0.36081,0.28254,-2.124
nylon,22,4,1001.846,0.030856,0.060715,1.96769,223.871,113.773,0.4918,0.14685,0.11499,-2.124
nylon,22,5,1656.123,0.018479,0.036012,1.94881,373.816,191.818,0.4869,0.05483,0.04293,-2.125
nylon,22,6,2473.961,0.012217,0.023533,1.92625,565.422,293.535,0.4809,0.01596,0.01249,-2.129
nylon,22,7,3455.368,0.0086194,0.016381,1.90048,801.419,421.693,0.4738,0.01405,0.01101,-2.118
nylon,22,8,4600.341,0.0063656,0.011918,1.87225,1085.17,579.607,0.4659,7e-05,6e-05,-1.339
nylon,22,9,5908.883,0.0048628,0.0089574,1.84203,1420.53,771.179,0.4571,0.00538,0.00421,-2.130
nylon,22,10,7380.992,0.0038123,0.006902,1.81046,1811.97,1000.83,0.4477,0.00061,0.00048,-2.082
nylon,22,11,9016.670,0.0030505,0.0054239,1.77804,2264.47,1273.58,0.4376,0.0015,0.00117,-2.158
nylon,22,12,10815.912,0.0024816,0.0043311,1.74529,2783.59,1594.92,0.4270,0.00086,0.00067,-2.168
nylon,23,1,30.868,1.0167,2.0305,1.99715,6.79429,3.402,0.4993,0.42195,0.32968,-2.143
nylon,23,2,193.445,0.16182,0.32237,1.99215,42.6879,21.428,0.4980,1.0553,0.82453,-2.143
nylon,23,3,541.651,0.05748,0.11389,1.98138,120.177,60.6529,0.4953,0.35805,0.27975,-2.143
nylon,23,4,1061.419,0.029097,0.057204,1.96598,237.404,120.757,0.4913,0.12099,0.09453,-2.144
nylon,23,5,1754.602,0.017415,0.033891,1.94608,396.655,203.823,0.4861,0.0511,0.03992,-2.145
nylon,23,6,2621.071,0.011506,0.022118,1.92230,600.361,312.314,0.4798,0.01493,0.01167,-2.140
nylon,23,7,3660.835,0.0081108,0.015372,1.89525,851.674,449.373,0.4724,0.00897,0.00701,-2.141
nylon,23,8,4873.893,0.0059844,0.011165,1.86568,1154.29,618.697,0.4640,0.00079,0.00062,-2.105
nylon,23,9,6260.245,0.0045668,0.0083768,1.83428,1512.6,824.629,0.4548,0.00268,0.00209,-2.160
nylon,23,10,7819.890,0.0035762,0.0064426,1.80152,1931.59,1072.2,0.4449,0.00064,0.0005,-2.144
nylon,23,11,9552.831,0.0028582,0.0050533,1.76800,2416.82,1366.98,0.4344,0.00171,0.00134,-2.118
nylon,23,12,11459.062,0.0023223,0.0040274,1.73423,2974.53,1715.19,0.4234,0.00024,0.00019,-2.029
nylon,24,1,32.703,0.95963,1.9165,1.99712,7.19835,3.60436,0.4993,0.43223,0.33698,-2.162
nylon,24,2,204.947,0.15271,0.30417,1.99181,45.2345,22.7102,0.4979,1.07682,0.83952,-2.162
nylon,24,3,573.859,0.054227,0.10739,1.98038,127.386,64.324,0.4951,0.35434,0.27626,-2.162
nylon,24,4,1124.534,0.027437,0.05389,1.96414,251.768,128.183,0.4909,0.09484,0.07394,-2.162
nylon,24,5,1858.935,0.016412,0.03189,1.94309,420.897,216.612,0.4854,0.04449,0.03469,-2.161
nylon,24,6,2776.928,0.010835,0.020783,1.91814,637.541,332.375,0.4787,0.01194,0.00931,-2.161
nylon,24,7,3878.519,0.007631,0.014421,1.88979,905.223,479.007,0.4709,0.00189,0.00148,-2.124
nylon,24,8,5163.708,0.0056247,0.010456,1.85894,1228.11,660.65,0.4621,0.00123,0.00096,-2.153
nylon,24,9,6632.498,0.0042876,0.0078302,1.82624,1611.1,882.194,0.4524,0.00177,0.00138,-2.162
nylon,24,10,8284.884,0.0033537,0.0060106,1.79223,2059.74,1149.26,0.4420,4e-05,3e-05,-2.499
nylon,24,11,10120.870,0.002677,0.0047051,1.75760,2580.41,1468.14,0.4310,0.00074,0.00057,-2.267
nylon,24,12,12140.452,0.0021723,0.0037425,1.72283,3179.93,1845.76,0.4196,0.0008,0.00063,-2.075
nylon,25,1,34.648,0.90574,1.8088,1.99704,7.62664,3.81897,0.4993,0.44284,0.34452,-2.181
nylon,25,2,217.134,0.14411,0.28699,1.99146,47.9339,24.0697,0.4978,1.09864,0.85473,-2.181
nylon,25,3,607.982,0.051156,0.10126,1.97944,135.033,68.218,0.4948,0.34961,0.27199,-2.181
nylon,25,4,1191.402,0.025871,0.050762,1.96212,267.008,136.081,0.4904,0.06877,0.05351,-2.179
nylon,25,5,1969.473,0.015465,0.030002,1.93999,446.67,230.243,0.4845,0.03541,0.02755,-2.180
nylon,25,6,2942.052,0.010201,0.019523,1.91383,677.164,353.827,0.4775,0.0074,0.00575,-2.191
nylon,25,7,4109.148,0.0071782,0.013525,1.88418,962.324,510.74,0.4693,0.00521,0.00405,-2.188
nylon,25,8,5470.758,0.0052855,0.0097882,1.85190,1306.93,705.723,0.4600,0.00103,0.0008,-2.195
nylon,25,9,7026.886,0.0040244,0.0073158,1.81786,1716.47,944.224,0.4499,0.00447,0.00348,-2.175
nylon,25,10,8777.528,0.003144,0.0056045,1.78260,2197.12,1232.54,0.4390,0.00061,0.00048,-2.082
nylon,25,11,10722.688,0.0025064,0.0043783,1.74685,2756.05,1577.73,0.4276,0.00174,0.00135,-2.204
nylon,25,12,12862.360,0.002031,0.0034754,1.71118,3401.16,1987.61,0.4156,1e-05,1e-05,+0.000
nylon,26,1,36.708,0.85488,1.7072,1.99701,8.08038,4.04625,0.4992,0.45379,0.35234,-2.198
nylon,26,2,230.046,0.136,0.27077,1.99096,50.7923,25.5115,0.4977,1.12072,0.87017,-2.198
nylon,26,3,644.135,0.048258,0.095471,1.97835,143.142,72.3545,0.4945,0.34377,0.26691,-2.198
nylon,26,4,1262.247,0.024392,0.047811,1.96011,283.198,144.48,0.4898,0.04323,0.03356,-2.199
nylon,26,5,2086.584,0.014571,0.028221,1.93679,474.076,244.774,0.4837,0.02445,0.01898,-2.200
nylon,26,6,3116.997,0.0096035,0.018335,1.90920,719.296,376.752,0.4762,0.002,0.00155,-2.214
nylon,26,7,4353.491,0.006751,0.01268,1.87824,1023.22,544.776,0.4676,0.0102,0.00792,-2.197
nylon,26,8,5796.067,0.0049655,0.0091591,1.84455,1391.15,754.196,0.4579,0.00029,0.00023,-2.013
nylon,26,9,7444.728,0.0037762,0.0068318,1.80917,1829.29,1011.12,0.4473,0.00317,0.00246,-2.202
nylon,26,10,9299.469,0.0029463,0.0052229,1.77270,2344.55,1322.59,0.4359,0.00037,0.00028,-2.421
nylon,26,11,11360.294,0.0023456,0.0040716,1.73585,2944.98,1696.57,0.4239,0.00041,0.00031,-2.428
nylon,26,12,13627.198,0.0018981,0.0032252,1.69917,3639.3,2141.81,0.4115,0.0007,0.00055,-2.095
nylon,27,1,38.891,0.80687,1.6112,1.99685,8.56117,4.28734,0.4992,0.4651,0.36044,-2.214
nylon,27,2,243.725,0.12834,0.25546,1.99049,53.8239,27.0405,0.4976,1.14302,0.88581,-2.214
nylon,27,3,682.437,0.045522,0.090007,1.97722,151.745,76.7469,0.4942,0.33674,0.26096,-2.214
nylon,27,4,1337.304,0.022996,0.045026,1.95799,300.389,153.417,0.4893,0.01868,0.01448,-2.212
nylon,27,5,2210.659,0.013727,0.02654,1.93342,503.224,260.277,0.4828,0.01239,0.0096,-2.216
nylon,27,6,3302.343,0.0090394,0.017215,1.90444,764.183,401.264,0.4749,0.00336,0.0026,-2.227
nylon,27,7,4612.363,0.0063479,0.011883,1.87196,1088.2,581.314,0.4658,0.01144,0.00887,-2.210
nylon,27,8,6140.719,0.0046636,0.0085667,1.83693,1481.21,806.35,0.4556,0.00055,0.00043,-2.138
nylon,27,9,7887.414,0.0035423,0.0063766,1.80013,1950.08,1083.3,0.4445,0.00092,0.00071,-2.251
nylon,27,10,9852.442,0.00276,0.0048644,1.76246,2502.81,1420.06,0.4326,0.00035,0.00027,-2.254
nylon,27,11,12035.812,0.0021942,0.003784,1.72455,3148.19,1825.52,0.4201,0.00158,0.00122,-2.246
nylon,27,12,14437.513,0.001773,0.002991,1.68697,3896.08,2309.51,0.4072,0.00039,0.0003,-2.279
nylon,28,1,41.203,0.76155,1.5207,1.99685,9.07065,4.54248,0.4992,0.47679,0.36884,-2.230
nylon,28,2,258.218,0.12111,0.24102,1.99009,57.037,28.6605,0.4975,1.16552,0.90164,-2.230
nylon,28,3,723.017,0.04294,0.084849,1.97599,160.87,81.4123,0.4939,0.32845,0.25409,-2.230
nylon,28,4,1416.824,0.021679,0.042397,1.95567,318.638,162.93,0.4887,0.00434,0.00335,-2.249
nylon,28,5,2342.112,0.012931,0.024954,1.92978,534.201,276.82,0.4818,0.00017,0.00013,-2.330
nylon,28,6,3498.710,0.0085072,0.016159,1.89945,811.989,427.487,0.4735,0.00771,0.00596,-2.236
nylon,28,7,4886.627,0.0059677,0.011132,1.86538,1157.52,620.531,0.4639,0.0085,0.00658,-2.224
nylon,28,8,6505.865,0.004379,0.0080089,1.82893,1577.47,862.51,0.4532,0.001,0.00077,-2.270
nylon,28,9,8356.423,0.0033217,0.0059485,1.79080,2079.58,1161.26,0.4416,0.00378,0.00292,-2.242
nylon,28,10,10438.299,0.0025845,0.0045278,1.75191,2672.76,1525.63,0.4292,0.0005,0.00039,-2.158
nylon,28,11,12751.496,0.0020517,0.0035144,1.71292,3366.84,1965.56,0.4162,0.00049,0.00038,-2.208
nylon,28,12,15296.010,0.0016553,0.0027717,1.67444,4173.11,2492.24,0.4028,0.00035,0.00027,-2.254
nylon,29,1,43.654,0.71878,1.4352,1.99672,9.61039,4.8131,0.4992,0.48886,0.37756,-2.244
nylon,29,2,273.572,0.11428,0.22738,1.98967,60.4459,30.3798,0.4974,1.18816,0.91765,-2.244
nylon,29,3,766.010,0.040503,0.079982,1.97472,170.549,86.3664,0.4936,0.31883,0.24624,-2.244
nylon,29,4,1501.073,0.020436,0.039916,1.95322,338.019,173.057,0.4880,0.02528,0.01953,-2.241
nylon,29,5,2481.381,0.012179,0.023458,1.92610,567.186,294.473,0.4808,0.01118,0.00864,-2.239
nylon,29,6,3706.754,0.0080049,0.015162,1.89409,862.941,455.597,0.4721,0.0102,0.00788,-2.241
nylon,29,7,5177.202,0.005609,0.010425,1.85862,1231.55,662.614,0.4620,0.00249,0.00192,-2.258
nylon,29,8,6892.725,0.0041106,0.007484,1.82066,1680.47,923.003,0.4508,0.00074,0.00057,-2.267
nylon,29,9,8853.322,0.0031138,0.0055462,1.78117,2218.43,1245.49,0.4386,0.00244,0.00188,-2.265
nylon,29,10,11058.993,0.0024192,0.0042119,1.74103,2855.39,1640.06,0.4256,0.00013,0.0001,-2.279
nylon,29,11,13509.742,0.0019175,0.0032617,1.70102,3602.48,2117.84,0.4121,0.0013,0.00101,-2.192
nylon,29,12,16205.561,0.0015446,0.0025667,1.66172,4472.2,2691.3,0.3982,0.00062,0.00048,-2.223
nylon,30,1,46.249,0.67841,1.3546,1.99673,10.1823,5.09948,0.4992,0.50134,0.38662,-2.257
nylon,30,2,289.839,0.10784,0.21451,1.98915,64.0556,32.2025,0.4973,1.21091,0.93381,-2.257
nylon,30,3,811.559,0.038203,0.075387,1.97333,180.817,91.6306,0.4932,0.30782,0.23738,-2.257
nylon,30,4,1590.331,0.019263,0.037576,1.95068,358.602,183.834,0.4874,0.04359,0.03362,-2.256
nylon,30,5,2628.931,0.01147,0.022047,1.92214,602.245,313.319,0.4797,0.02061,0.01589,-2.259
nylon,30,6,3927.169,0.007531,0.014223,1.88859,917.243,485.675,0.4705,0.01029,0.00793,-2.263
nylon,30,7,5485.054,0.0052706,0.009759,1.85159,1310.62,707.834,0.4599,0.00413,0.00318,-2.270
nylon,30,8,7302.586,0.0038575,0.0069901,1.81208,1790.73,988.22,0.4482,2e-05,2e-05,+0.000
nylon,30,9,9379.768,0.0029178,0.0051681,1.77123,2367.45,1336.61,0.4354,0.00153,0.00118,-2.256
nylon,30,10,11716.595,0.0022635,0.0039156,1.72989,3051.8,1764.16,0.4219,0.00049,0.00038,-2.208
nylon,30,11,14313.071,0.0017912,0.0030251,1.68887,3856.5,2283.48,0.4079,0.00087,0.00067,-2.269
nylon,30,12,17169.191,0.0014405,0.002375,1.64873,4795.39,2908.53,0.3935,0.00027,0.00021,-2.183
nylon,31,1,48.999,0.64031,1.2784,1.99653,10.7881,5.40344,0.4991,0.51425,0.39604,-2.269
nylon,31,2,307.074,0.10176,0.20236,1.98860,67.8828,34.136,0.4971,1.2337,0.9501,-2.269
nylon,31,3,859.816,0.036032,0.071051,1.97189,191.712,97.2225,0.4929,0.29536,0.22746,-2.269
nylon,31,4,1684.897,0.018155,0.035367,1.94806,380.488,195.316,0.4867,0.05871,0.04522,-2.268
nylon,31,5,2785.256,0.010801,0.020715,1.91788,639.548,333.466,0.4786,0.02716,0.02092,-2.267
nylon,31,6,4160.690,0.0070839,0.013338,1.88286,975.134,517.9,0.4689,0.00795,0.00612,-2.272
nylon,31,7,5811.212,0.0049514,0.0091315,1.84423,1395.11,756.475,0.4578,0.00841,0.00648,-2.264
nylon,31,8,7736.820,0.0036188,0.0065254,1.80319,1908.85,1058.59,0.4454,0.00071,0.00055,-2.218
nylon,31,9,9937.517,0.0027332,0.004813,1.76094,2527.35,1435.23,0.4321,0.00332,0.00256,-2.258
nylon,31,10,12413.298,0.0021169,0.0036377,1.71841,3263.15,1898.93,0.4181,4e-05,3e-05,-2.499
nylon,31,11,15164.170,0.0016724,0.0028036,1.67639,4130.44,2463.89,0.4035,0.00076,0.00058,-2.348
nylon,31,12,18190.123,0.0013427,0.002196,1.63551,5144.67,3145.61,0.3886,0.00024,0.00018,-2.499
nylon,32,1,51.913,0.60434,1.2066,1.99656,11.4302,5.72498,0.4991,0.52761,0.40583,-2.279
nylon,32,2,325.334,0.096023,0.1909,1.98807,71.9385,36.1852,0.4970,1.25648,0.96648,-2.279
nylon,32,3,910.944,0.033983,0.066959,1.97037,203.271,103.164,0.4925,0.28142,0.21647,-2.279
nylon,32,4,1785.087,0.01711,0.033282,1.94518,403.726,207.552,0.4859,0.07015,0.05396,-2.279
nylon,32,5,2950.876,0.010169,0.01946,1.91366,679.295,354.972,0.4774,0.03011,0.02316,-2.279
nylon,32,6,4408.099,0.006662,0.012504,1.87691,1036.89,552.444,0.4672,0.00376,0.00289,-2.286
nylon,32,7,6156.766,0.0046504,0.0085407,1.83655,1485.41,808.804,0.4555,0.00832,0.0064,-2.279
nylon,32,8,8196.877,0.0033939,0.0060885,1.79395,2035.34,1134.56,0.4426,0.00076,0.00058,-2.348
nylon,32,9,10528.435,0.0025593,0.0044795,1.75028,2699.08,1542.08,0.4287,0.00067,0.00052,-2.201
nylon,32,10,13151.435,0.0019789,0.0033772,1.70660,3490.7,2045.41,0.4140,0.00044,0.00034,-2.239
nylon,32,11,16065.882,0.0015607,0.0025965,1.66368,4426.06,2660.41,0.3989,0.00121,0.00093,-2.286
nylon,32,12,19271.768,0.0012508,0.0020289,1.62208,5522.67,3404.68,0.3835,0.00051,0.00039,-2.330
nylon,33,1,55.000,0.5704,1.1387,1.99632,12.1104,6.06635,0.4991,0.54144,0.41603,-2.289
nylon,33,2,344.679,0.090606,0.18007,1.98740,76.2395,38.3615,0.4968,1.27918,0.9829,-2.288
nylon,33,3,965.112,0.032048,0.063097,1.96883,215.544,109.478,0.4921,0.26598,0.20437,-2.289
nylon,33,4,1891.233,0.016124,0.031316,1.94220,428.414,220.582,0.4851,0.07748,0.05953,-2.289
nylon,33,5,3126.344,0.0095735,0.018275,1.90892,721.55,377.989,0.4762,0.02911,0.02236,-2.291
nylon,33,6,4670.218,0.006264,0.011717,1.87053,1102.77,589.55,0.4654,0.00117,0.0009,-2.279
nylon,33,7,6522.866,0.0043665,0.0079845,1.82858,1581.99,865.146,0.4531,0.00389,0.00299,-2.286
nylon,33,8,8684.288,0.0031818,0.0056777,1.78443,2171.02,1216.65,0.4396,0.00013,0.0001,-2.279
nylon,33,9,11154.487,0.0023954,0.0041666,1.73942,2883.76,1657.89,0.4251,0.00267,0.00205,-2.295
nylon,33,10,13933.458,0.001849,0.0031333,1.69459,3735.94,2204.63,0.4099,7e-05,5e-05,-2.923
nylon,33,11,17021.207,0.0014557,0.0024029,1.65068,4745.31,2874.76,0.3942,0.00021,0.00016,-2.362
nylon,34,1,58.270,0.53836,1.0747,1.99625,12.8311,6.42761,0.4991,0.55575,0.42664,-2.296
nylon,34,2,365.175,0.085493,0.16986,1.98683,80.7991,40.6673,0.4967,1.30172,0.9993,-2.296
nylon,34,3,1022.500,0.030223,0.059451,1.96708,228.56,116.192,0.4916,0.24903,0.19117,-2.297
nylon,34,4,2003.692,0.015193,0.02946,1.93905,454.667,234.479,0.4843,0.0804,0.06172,-2.297
nylon,34,5,3312.246,0.0090111,0.017159,1.90421,766.583,402.573,0.4748,0.02424,0.01861,-2.296
nylon,34,6,4947.923,0.0058885,0.010976,1.86397,1173.09,629.351,0.4635,0.00542,0.00416,-2.298
nylon,34,7,6910.735,0.0040988,0.007461,1.82029,1685.31,925.848,0.4506,0.0024,0.00184,-2.308
nylon,34,8,9200.682,0.0029819,0.0052917,1.77461,2316.56,1305.39,0.4365,0.00057,0.00044,-2.248
nylon,34,9,11817.767,0.0022411,0.0038731,1.72821,3082.31,1783.52,0.4214,0.00179,0.00137,-2.323
nylon,34,10,14761.983,0.0017268,0.0029049,1.68224,4000.32,2377.97,0.4055,0.00038,0.00029,-2.348
nylon,34,11,18033.340,0.001357,0.002222,1.63744,5090.46,3108.8,0.3893,0.00087,0.00067,-2.269
nylon,35,1,61.735,0.50811,1.0143,1.99622,13.595,6.81037,0.4990,0.57058,0.43768,-2.303
nylon,35,2,386.889,0.080668,0.16022,1.98617,85.6319,43.1142,0.4965,1.324,1.01561,-2.303
nylon,35,3,1083.301,0.0285,0.056011,1.96530,242.377,123.329,0.4912,0.2306,0.17688,-2.304
nylon,35,4,2122.838,0.014314,0.027709,1.93580,482.587,249.296,0.4834,0.07878,0.06043,-2.303
nylon,35,5,3509.203,0.0084804,0.016105,1.89908,814.555,428.92,0.4734,0.01618,0.01241,-2.304
nylon,35,6,5242.143,0.0055343,0.010278,1.85715,1248.17,672.091,0.4615,0.00764,0.00586,-2.304
nylon,35,7,7321.670,0.0038464,0.0069684,1.81167,1795.9,991.297,0.4480,0.00679,0.00521,-2.301
nylon,35,8,9747.785,0.0027936,0.004929,1.76439,2472.71,1401.45,0.4332,0.00064,0.00049,-2.320
nylon,35,9,12520.490,0.0020958,0.0035978,1.71667,3296,1919.99,0.4175,0.00183,0.0014,-2.326
nylon,35,10,15639.780,0.0016119,0.0026912,1.66958,4285.47,2566.79,0.4011,0.00018,0.00014,-2.183
nylon,35,11,19105.662,0.0012642,0.0020532,1.62411,5464.13,3364.38,0.3843,0.00102,0.00078,-2.330
nylon,36,1,65.406,0.47957,0.95725,1.99606,14.4041,7.21625,0.4990,0.58594,0.44917,-2.309
nylon,36,2,409.895,0.076113,0.15112,1.98547,90.7566,45.7104,0.4963,1.3459,1.03173,-2.309
nylon,36,3,1147.717,0.026874,0.052764,1.96338,257.042,130.918,0.4907,0.21073,0.16154,-2.309
nylon,36,4,2249.068,0.013485,0.026057,1.93230,512.255,265.102,0.4825,0.07269,0.05572,-2.309
nylon,36,5,3717.870,0.0079797,0.015112,1.89381,865.666,457.104,0.4720,0.00612,0.00469,-2.312
nylon,36,6,5553.856,0.0052001,0.0096204,1.85004,1328.39,718.032,0.4595,0.00707,0.00542,-2.308
nylon,36,7,7757.039,0.0036084,0.0065051,1.80277,1914.35,1061.9,0.4453,0.00644,0.00493,-2.321
nylon,36,8,10327.417,0.0026162,0.0045885,1.75388,2640.38,1505.45,0.4298,1e-05,1e-05,+0.000
nylon,36,9,13264.995,0.0019591,0.0033399,1.70481,3525.98,2068.25,0.4134,0.00205,0.00157,-2.317
nylon,36,10,16569.768,0.0015038,0.0024914,1.65674,4593.53,2772.64,0.3964,0.00026,0.0002,-2.279
nylon,37,1,69.296,0.45262,0.90342,1.99598,15.2617,7.64623,0.4990,0.60186,0.46112,-2.314
nylon,37,2,434.268,0.071814,0.14253,1.98471,96.1895,48.4653,0.4961,1.36731,1.04758,-2.314
nylon,37,3,1215.964,0.025339,0.0497,1.96140,272.614,138.989,0.4902,0.18953,0.14521,-2.314
nylon,37,4,2382.805,0.012702,0.024499,1.92875,543.832,281.961,0.4815,0.06247,0.04787,-2.312
nylon,37,5,3938.947,0.0075072,0.014176,1.88832,920.151,487.285,0.4704,0.0043,0.0033,-2.299
nylon,37,6,5884.105,0.004885,0.009001,1.84258,1414.07,767.443,0.4573,0.00391,0.003,-2.301
nylon,37,7,8218.296,0.003384,0.0060693,1.79353,2041.3,1138.15,0.4424,0.00159,0.00122,-2.301
nylon,37,8,10941.517,0.002449,0.0042688,1.74308,2820.64,1618.2,0.4263,0.00059,0.00045,-2.353
nylon,37,9,14053.772,0.0018304,0.0030983,1.69269,3773.9,2229.53,0.4092,0.0014,0.00108,-2.254
nylon,37,10,17555.057,0.0014022,0.0023047,1.64363,4926.37,2997.25,0.3916,0.00031,0.00024,-2.223
nylon,38,1,73.416,0.42719,0.8526,1.99583,16.1702,8.10199,0.4990,0.61835,0.47355,-2.317
nylon,38,2,460.092,0.067756,0.13442,1.98388,101.95,51.3893,0.4959,1.38808,1.06303,-2.317
nylon,38,3,1288.269,0.02389,0.046808,1.95931,289.148,147.576,0.4896,0.16712,0.12799,-2.317
nylon,38,4,2524.494,0.011964,0.023028,1.92477,577.378,299.972,0.4805,0.04873,0.03732,-2.317
nylon,38,5,4173.169,0.0070614,0.013294,1.88263,978.242,519.614,0.4688,0.01324,0.01014,-2.317
nylon,38,6,6233.993,0.0045877,0.0084178,1.83486,1505.71,820.613,0.4550,0.0006,0.00046,-2.308
nylon,38,7,8706.982,0.0031725,0.0056597,1.78399,2177.39,1220.52,0.4395,0.0041,0.00314,-2.317
nylon,38,8,11592.135,0.0022916,0.0039689,1.73193,3014.38,1740.47,0.4226,0.00038,0.00029,-2.348
nylon,38,9,14889.455,0.0017093,0.0028721,1.68028,4041.28,2405.12,0.4049,0.00186,0.00142,-2.344
nylon,38,10,18598.938,0.0013067,0.0021303,1.63029,5286.41,3242.62,0.3866,1e-05,1e-05,+0.000
nylon,39,1,77.782,0.40319,0.80464,1.99568,17.1328,8.5849,0.4989,0.63545,0.48649,-2.320
nylon,39,2,487.450,0.063926,0.12677,1.98307,108.059,54.4905,0.4957,1.40807,1.07798,-2.320
nylon,39,3,1364.874,0.022522,0.044079,1.95715,306.711,156.713,0.4890,0.14369,0.11001,-2.320
nylon,39,4,2674.608,0.011267,0.021641,1.92074,613.096,319.198,0.4794,0.03236,0.02478,-2.318
nylon,39,5,4421.318,0.0066408,0.012462,1.87658,1040.2,554.305,0.4671,0.01896,0.01451,-2.323
nylon,39,6,6604.685,0.0043074,0.0078688,1.82681,1603.69,877.866,0.4526,0.00455,0.00348,-2.329
nylon,39,7,9224.726,0.0029732,0.0052748,1.77412,2323.34,1309.58,0.4363,0.00605,0.00463,-2.323
nylon,39,8,12281.438,0.0021434,0.0036877,1.72049,3222.8,1873.19,0.4188,0.00032,0.00025,-2.144
nylon,39,9,15774.827,0.0015953,0.0026606,1.66777,4330.07,2596.31,0.4004,0.00147,0.00113,-2.285
nylon,39,10,19704.885,0.001217,0.0019677,1.61684,5676.05,3510.57,0.3815,0.00027,0.00021,-2.183
nylon,40,1,82.407,0.38053,0.75937,1.99556,18.153,9.09669,0.4989,0.6532,0.49995,-2.322
nylon,40,2,516.435,0.06031,0.11955,1.98226,114.537,57.7813,0.4955,1.42711,1.09229,-2.322
nylon,40,3,1446.033,0.021232,0.041504,1.95479,325.346,166.436,0.4884,0.11947,0.09144,-2.322
nylon,40,4,2833.648,0.010609,0.020333,1.91658,651.122,339.731,0.4783,0.01455,0.01113,-2.327
nylon,40,5,4684.223,0.006244,0.011678,1.87028,1106.3,591.519,0.4653,0.02023,0.01548,-2.324
nylon,40,6,6997.419,0.0040431,0.0073522,1.81846,1708.53,939.549,0.4501,0.0061,0.00467,-2.320
nylon,40,7,9773.255,0.0027854,0.0049132,1.76391,2479.99,1405.96,0.4331,0.00258,0.00198,-2.299
nylon,40,8,13011.729,0.0020038,0.0034241,1.70880,3447.33,2017.39,0.4148,0.0005,0.00038,-2.384
nylon,40,9,16712.846,0.0014882,0.0024628,1.65489,4641.68,2804.84,0.3957,0.00132,0.00101,-2.325
nylon,41,1,87.307,0.35915,0.71664,1.99538,19.2336,9.63909,0.4988,0.67162,0.51395,-2.324
nylon,41,2,547.144,0.056898,0.11273,1.98126,121.406,61.277,0.4953,1.44504,1.10581,-2.324
nylon,41,3,1532.019,0.020014,0.039074,1.95233,345.146,176.786,0.4878,0.09473,0.07249,-2.324
nylon,41,4,3002.146,0.0099881,0.019099,1.91218,691.599,361.682,0.4770,0.00332,0.00254,-2.326
nylon,41,5,4962.762,0.0058696,0.010939,1.86367,1176.87,631.48,0.4634,0.01673,0.01281,-2.319
nylon,41,6,7413.509,0.0037938,0.006866,1.80979,1820.8,1006.08,0.4475,0.00448,0.00343,-2.320
nylon,41,7,10354.404,0.0026084,0.0045736,1.75341,2648.27,1510.35,0.4297,0.00304,0.00233,-2.310
nylon,41,8,13785.449,0.0018724,0.0031772,1.69686,3689.25,2174.16,0.4107,0.0001,8e-05,-1.938
nylon,41,9,17706.645,0.0013876,0.002278,1.64168,4978.2,3032.38,0.3909,0.00179,0.00137,-2.323
nylon,42,1,92.499,0.33896,0.67631,1.99525,20.3793,10.2139,0.4988,0.69076,0.52853,-2.325
nylon,42,2,579.679,0.053678,0.1063,1.98033,128.689,64.9836,0.4950,1.46166,1.11839,-2.325
nylon,42,3,1623.118,0.018864,0.036781,1.94980,366.187,187.808,0.4871,0.06984,0.05344,-2.325
nylon,42,4,3180.663,0.0094023,0.017936,1.90762,734.688,385.134,0.4758,0.01968,0.01506,-2.324
nylon,42,5,5257.863,0.0055165,0.010243,1.85679,1252.2,674.388,0.4614,0.00928,0.0071,-2.326
nylon,42,6,7854.338,0.0035588,0.0064088,1.80083,1941.03,1077.85,0.4447,0.00054,0.00041,-2.392
nylon,42,7,10970.108,0.0024417,0.0042549,1.74260,2829.08,1623.48,0.4261,0.00519,0.00397,-2.328
nylon,42,8,14605.173,0.0017489,0.002946,1.68449,3949.77,2344.79,0.4064,0.00049,0.00037,-2.440
nylon,42,9,18759.535,0.001293,0.0021054,1.62831,5342.42,3280.97,0.3859,0.00029,0.00023,-2.013
nylon,43,1,97.999,0.31991,0.63824,1.99506,21.5928,10.8231,0.4988,0.71066,0.54372,-2.326
nylon,43,2,614.148,0.050638,0.10022,1.97915,136.414,68.9259,0.4948,1.47678,1.12988,-2.326
nylon,43,3,1719.633,0.017779,0.034617,1.94707,388.535,199.548,0.4864,0.0452,0.03458,-2.326
nylon,43,4,3369.794,0.0088496,0.016838,1.90268,780.573,410.248,0.4744,0.033,0.02525,-2.325
nylon,43,5,5570.511,0.0051833,0.0095873,1.84965,1332.69,720.511,0.4594,0.00021,0.00016,-2.362
nylon,43,6,8321.381,0.0033373,0.0059788,1.79151,2069.86,1155.37,0.4418,0.00345,0.00264,-2.324
nylon,43,7,11622.424,0.0022847,0.0039558,1.73143,3023.48,1746.23,0.4224,0.00158,0.00121,-2.317
nylon,43,8,15473.641,0.0016326,0.0027296,1.67193,4231.14,2530.68,0.4019,2e-05,1e-05,-6.021
nylon,43,9,19875.033,0.0012041,0.0019444,1.61482,5736.86,3552.64,0.3807,0.00176,0.00134,-2.368
nylon,44,1,103.826,0.30193,0.60231,1.99487,22.8787,11.4688,0.4987,0.73137,0.55955,-2.326
nylon,44,2,650.668,0.047769,0.094494,1.97814,144.607,73.1026,0.4945,1.49017,1.14009,-2.326
nylon,44,3,1821.888,0.016755,0.032574,1.94414,412.28,212.063,0.4856,0.02125,0.01626,-2.325
nylon,44,4,3570.174,0.008328,0.015803,1.89757,829.461,437.117,0.4730,0.04188,0.03204,-2.326
nylon,44,5,5901.752,0.0048691,0.0089699,1.84221,1418.69,770.104,0.4572,0.00903,0.00691,-2.324
nylon,44,6,8816.197,0.0031285,0.0055746,1.78188,2208.01,1239.15,0.4388,0.005,0.00383,-2.315
nylon,44,7,12313.532,0.0021369,0.0036754,1.71997,3232.61,1879.46,0.4186,0.00358,0.00274,-2.323
nylon,44,8,16393.754,0.0015233,0.0025273,1.65910,4534.73,2733.25,0.3973,0.00044,0.00034,-2.239
nylon,45,1,110.000,0.28495,0.56839,1.99470,24.242,12.1532,0.4987,0.75296,0.57607,-2.326
nylon,45,2,689.358,0.04506,0.089084,1.97701,153.301,77.542,0.4942,1.50158,1.14882,-2.326
nylon,45,3,1930.223,0.015789,0.030648,1.94110,437.504,225.39,0.4848,0.00148,0.00113,-2.344
nylon,45,4,3782.467,0.0078359,0.014827,1.89219,881.552,465.89,0.4715,0.04528,0.03464,-2.327
nylon,45,5,6252.688,0.0045728,0.0083885,1.83443,1510.62,823.479,0.4549,0.01445,0.01105,-2.330
nylon,45,6,9340.436,0.0029317,0.0051948,1.77194,2356.23,1329.74,0.4356,0.00306,0.00234,-2.330
nylon,45,7,13045.731,0.0019977,0.0034126,1.70826,3457.85,2024.19,0.4146,0.00391,0.00299,-2.330
nylon,45,8,17368.576,0.0014205,0.0023382,1.64604,4862.9,2954.3,0.3925,4e-05,3e-05,-2.499
nylon,46,1,116.541,0.26893,0.53638,1.99450,25.6861,12.8785,0.4986,0.77546,0.5933,-2.326
nylon,46,2,730.350,0.042504,0.083978,1.97577,162.52,82.2567,0.4939,1.51074,1.15585,-2.326
nylon,46,3,2045.000,0.014876,0.02883,1.93802,464.356,239.603,0.4840,0.02245,0.01718,-2.324
nylon,46,4,4007.384,0.0073715,0.013908,1.88673,937.089,496.675,0.4700,0.04272,0.03269,-2.324
nylon,46,5,6624.493,0.0042933,0.0078413,1.82640,1608.96,880.945,0.4525,0.01461,0.01118,-2.324
nylon,46,6,9895.847,0.0027463,0.0048381,1.76168,2515.3,1427.78,0.4324,0.00098,0.00075,-2.323
nylon,46,7,13821.473,0.0018667,0.0031664,1.69626,3700.52,2181.58,0.4105,0.00096,0.00073,-2.379
nylon,46,8,18401.367,0.0013239,0.0021617,1.63283,5217.73,3195.52,0.3876,0.00039,0.0003,-2.279
nylon,47,1,123.471,0.25381,0.50617,1.99429,27.2162,13.6471,0.4986,0.79894,0.61128,-2.325
nylon,47,2,773.779,0.040092,0.07916,1.97446,172.298,87.2632,0.4935,1.51734,1.16094,-2.325
nylon,47,3,2166.602,0.014016,0.027114,1.93450,492.848,254.767,0.4831,0.04109,0.03144,-2.325
nylon,47,4,4245.676,0.0069334,0.01304,1.88075,996.301,529.736,0.4683,0.03447,0.02637,-2.327
nylon,47,5,7018.405,0.0040298,0.0073262,1.81801,1714.17,942.884,0.4500,0.00941,0.0072,-2.325
nylon,47,6,10484.284,0.0025716,0.0045031,1.75109,2686.17,1534,0.4289,0.00398,0.00304,-2.340
nylon,47,7,14643.339,0.0017434,0.0029359,1.68401,3962.23,2352.86,0.4062,0.00408,0.00312,-2.330
nylon,47,8,19495.568,0.0012331,0.0019969,1.61941,5601.94,3459.24,0.3825,0.00016,0.00012,-2.499
nylon,48,1,130.813,0.23954,0.47765,1.99403,28.8376,14.462,0.4985,0.82345,0.63006,-2.325
nylon,48,2,819.790,0.037815,0.074612,1.97308,182.672,92.5824,0.4932,1.52104,1.16383,-2.325
nylon,48,3,2295.435,0.013203,0.025496,1.93108,523.196,270.935,0.4822,0.05683,0.04348,-2.326
nylon,48,4,4498.136,0.00652,0.012223,1.87469,1059.47,565.144,0.4666,0.02161,0.01653,-2.328
nylon,48,5,7435.741,0.0037813,0.0068416,1.80932,1826.82,1009.67,0.4473,0.0008,0.00061,-2.355
nylon,48,6,11107.712,0.002407,0.0041887,1.74022,2869.86,1649.14,0.4254,0.00342,0.00262,-2.314
nylon,48,7,15514.077,0.0016275,0.0027202,1.67140,4244.4,2539.43,0.4017,0.00078,0.00059,-2.425
nylon,49,1,138.591,0.22607,0.45073,1.99376,30.5558,15.3257,0.4984,0.84903,0.64967,-2.325
nylon,49,2,868.537,0.035665,0.070319,1.97165,193.684,98.2345,0.4928,1.52145,1.1642,-2.325
nylon,49,3,2431.929,0.012436,0.023969,1.92739,555.464,288.195,0.4812,0.06911,0.05288,-2.325
nylon,49,4,4765.610,0.00613,0.011453,1.86835,1126.88,603.139,0.4648,0.00605,0.00463,-2.323
nylon,49,5,7877.894,0.003547,0.0063858,1.80034,1947.49,1081.74,0.4445,0.00762,0.00583,-2.326
nylon,49,6,11768.212,0.002252,0.0038938,1.72904,3067.39,1774.04,0.4216,0.0002,0.00015,-2.499
nylon,49,7,16436.594,0.0015185,0.0025185,1.65854,4549.06,2742.81,0.3971,0.00351,0.00268,-2.343
nylon,50,1,146.832,0.21335,0.42532,1.99353,32.3776,16.2413,0.4984,0.87574,0.67015,-2.324
nylon,50,2,920.183,0.033637,0.066268,1.97009,205.362,104.24,0.4924,1.51816,1.16175,-2.324
nylon,50,3,2576.539,0.011713,0.022529,1.92342,589.751,306.616,0.4801,0.07744,0.05926,-2.324
nylon,50,4,5048.987,0.0057621,0.010727,1.86165,1198.83,643.96,0.4628,0.00964,0.00738,-2.320
nylon,50,5,8346.337,0.0033262,0.0059572,1.79099,2076.77,1159.56,0.4417,0.01202,0.0092,-2.322
nylon,50,6,12467.984,0.0021061,0.0036172,1.71749,3279.88,1909.7,0.4178,0.00337,0.00258,-2.320
nylon,50,7,17413.963,0.001416,0.00233,1.64548,4878.36,2964.7,0.3923,0.0014,0.00107,-2.335
nylon,51,1,155.563,0.20135,0.40134,1.99325,34.3072,17.2117,0.4983,0.90362,0.69152,-2.324
nylon,51,2,974.900,0.031722,0.062444,1.96848,217.759,110.623,0.4920,1.51072,1.15612,-2.324
nylon,51,3,2729.748,0.01103,0.021171,1.91940,626.27,326.284,0.4790,0.08144,0.06232,-2.324
nylon,51,4,5349.216,0.0054151,0.010043,1.85463,1275.65,687.818,0.4608,0.02262,0.01731,-2.324
nylon,51,5,8842.637,0.003118,0.0055543,1.78137,2215.44,1243.68,0.4386,0.01019,0.0078,-2.322
nylon,51,6,13209.370,0.0019687,0.0033581,1.70574,3508.79,2057.04,0.4137,0.00281,0.00215,-2.325
nylon,51,7,18449.451,0.0013197,0.002154,1.63219,5234.34,3206.94,0.3873,0.00309,0.00236,-2.341
nylon,52,1,164.814,0.19002,0.37871,1.99300,36.3528,18.2402,0.4982,0.93271,0.71382,-2.323
nylon,52,2,1032.870,0.029915,0.058836,1.96677,230.913,117.407,0.4916,1.49866,1.14695,-2.323
nylon,52,3,2892.067,0.010385,0.019889,1.91517,665.167,347.315,0.4778,0.08087,0.06189,-2.323
nylon,52,4,5667.297,0.0050877,0.0093993,1.84746,1357.74,734.922,0.4587,0.03028,0.02317,-2.325
nylon,52,5,9368.446,0.0029218,0.0051758,1.77144,2364.21,1334.63,0.4355,0.00301,0.0023,-2.337
nylon,52,6,13994.840,0.0018395,0.0031153,1.69356,3755.24,2217.36,0.4095,0.00086,0.00066,-2.299
nylon,52,7,19546.512,0.0012292,0.0019897,1.61870,5619.72,3471.76,0.3822,0.00117,0.0009,-2.279
nylon,53,1,174.614,0.17933,0.35734,1.99264,38.5198,19.331,0.4982,0.96303,0.73706,-2.323
nylon,53,2,1094.288,0.028209,0.05543,1.96498,244.878,124.621,0.4911,1.48145,1.13383,-2.323
nylon,53,3,3064.038,0.0097773,0.01868,1.91055,706.509,369.794,0.4766,0.07569,0.05793,-2.323
nylon,53,4,6004.292,0.0047789,0.0087929,1.83994,1445.47,785.606,0.4565,0.03089,0.02364,-2.323
nylon,53,5,9925.524,0.002737,0.0048202,1.76113,2523.84,1433.08,0.4322,0.00547,0.00419,-2.315
nylon,53,6,14827.018,0.0017178,0.0028881,1.68128,4021.28,2391.8,0.4052,0.00324,0.00248,-2.322
nylon,54,1,184.997,0.16924,0.33718,1.99232,40.8163,20.4868,0.4981,0.99458,0.76124,-2.322
nylon,54,2,1159.358,0.026599,0.052216,1.96308,259.7,132.292,0.4906,1.45854,1.11634,-2.322
nylon,54,3,3246.235,0.0092034,0.01754,1.90582,750.566,393.829,0.4753,0.06613,0.05061,-2.323
nylon,54,4,6361.325,0.0044877,0.0082219,1.83210,1539.26,840.165,0.4542,0.02417,0.0185,-2.322
nylon,54,5,10515.726,0.0025628,0.0044863,1.75055,2695.39,1539.74,0.4287,0.01005,0.00769,-2.325
nylon,54,6,15708.676,0.0016034,0.0026755,1.66864,4308.19,2581.86,0.4007,0.00129,0.00099,-2.299
nylon,55,1,195.998,0.15971,0.31814,1.99199,43.2519,21.7129,0.4980,1.02736,0.78635,-2.322
nylon,55,2,1228.297,0.025079,0.049183,1.96112,275.44,140.45,0.4901,1.42938,1.09405,-2.322
nylon,55,3,3439.267,0.0086619,0.016465,1.90085,797.487,419.542,0.4739,0.05267,0.04032,-2.321
nylon,55,4,6739.590,0.0042131,0.0076844,1.82393,1639.59,898.932,0.4517,0.01166,0.00892,-2.327
nylon,55,5,11141.024,0.0023988,0.0041729,1.73958,2879.67,1655.38,0.4252,0.00763,0.00584,-2.322
nylon,55,6,16642.764,0.0014958,0.0024767,1.65577,4618.1,2789.1,0.3960,0.00229,0.00175,-2.336
nylon,56,1,207.652,0.15072,0.30018,1.99164,45.8317,23.012,0.4979,1.06132,0.81235,-2.322
nylon,56,2,1301.335,0.023645,0.04632,1.95898,292.144,149.131,0.4895,1.39338,1.06652,-2.322
nylon,56,3,3643.776,0.0081509,0.015452,1.89574,847.484,447.046,0.4725,0.03616,0.02768,-2.321
nylon,56,4,7140.347,0.0039541,0.0071786,1.81548,1746.99,962.27,0.4492,0.00338,0.00259,-2.312
nylon,56,5,11803.504,0.0022443,0.003879,1.72838,3077.91,1780.81,0.4214,0.00014,0.00011,-2.095
nylon,56,6,17632.395,0.0013947,0.002291,1.64265,4952.86,3015.17,0.3912,0.00224,0.00172,-2.294
nylon,57,1,220.000,0.14223,0.28322,1.99128,48.5675,24.3901,0.4978,1.0964,0.83921,-2.322
nylon,57,2,1378.717,0.022292,0.043619,1.95671,309.876,158.366,0.4889,1.35002,1.03335,-2.322
nylon,57,3,3860.446,0.0076687,0.014496,1.89028,900.773,476.528,0.4710,0.01774,0.01358,-2.321
nylon,57,4,7564.934,0.00371,0.0067028,1.80668,1861.93,1030.58,0.4465,0.01659,0.0127,-2.321
nylon,57,5,12505.376,0.0020988,0.0036034,1.71689,3291.29,1917.01,0.4176,0.00733,0.00561,-2.323
nylon,57,6,18680.871,0.0012996,0.0021176,1.62942,5315.29,3262.07,0.3862,0.00131,0.001,-2.345
nylon,58,1,233.082,0.13422,0.26722,1.99091,51.4659,25.8504,0.4977,1.13252,0.86686,-2.322
nylon,58,2,1460.699,0.021014,0.041069,1.95436,328.722,168.199,0.4883,1.29881,0.99415,-2.322
nylon,58,3,4090.000,0.0072138,0.013595,1.88458,957.575,508.11,0.4694,0.00115,0.00088,-2.324
nylon,58,4,8014.768,0.0034798,0.0062552,1.79757,1985.1,1104.32,0.4437,0.02374,0.01817,-2.323
nylon,58,5,13248.983,0.0019618,0.0033451,1.70512,3521.13,2065.04,0.4135,0.00797,0.0061,-2.323
nylon,58,6,19791.691,0.0012104,0.0019557,1.61575,5707,3532.11,0.3811,0.0024,0.00184,-2.308
nylon,59,1,246.942,0.12666,0.25211,1.99045,54.5378,27.3998,0.4976,1.16957,0.89521,-2.322
nylon,59,2,1547.557,0.019808,0.038664,1.95194,348.736,178.661,0.4877,1.23935,0.94862,-2.322
nylon,59,3,4333.204,0.0067846,0.012746,1.87867,1018.15,541.955,0.4677,0.01887,0.01445,-2.318
nylon,59,4,8491.352,0.0032628,0.0058344,1.78816,2117.12,1183.97,0.4408,0.02227,0.01704,-2.325
nylon,59,5,14036.811,0.001833,0.0031032,1.69296,3768.55,2226.01,0.4093,0.00145,0.00111,-2.321
nylon,60,1,261.626,0.11952,0.23785,1.99004,57.7958,29.0425,0.4975,1.20741,0.92416,-2.322
nylon,60,2,1639.580,0.01867,0.036393,1.94928,369.992,189.81,0.4870,1.17134,0.89655,-2.322
nylon,60,3,4590.870,0.0063796,0.011946,1.87253,1082.79,578.248,0.4659,0.03371,0.0258,-2.323
nylon,60,4,8996.272,0.0030583,0.005439,1.77844,2258.69,1270.04,0.4377,0.01254,0.0096,-2.321
nylon,60,5,14871.481,0.0017117,0.0028767,1.68061,4035.61,2401.28,0.4050,0.00604,0.00463,-2.309
nylon,61,1,277.183,0.11279,0.22439,1.98945,61.2444,30.7846,0.4974,1.24586,0.95357,-2.322
nylon,61,2,1737.074,0.017596,0.034251,1.94652,392.575,201.68,0.4863,1.09465,0.83784,-2.322
nylon,61,3,4863.857,0.0059976,0.011191,1.86591,1151.75,617.26,0.4641,0.04405,0.03372,-2.321
nylon,61,4,9531.220,0.0028655,0.0050674,1.76842,2410.66,1363.18,0.4345,0.00169,0.0013,-2.279
nylon,61,5,15755.788,0.0015977,0.0026649,1.66796,4323.56,2592.13,0.4005,0.00682,0.00522,-2.322
nylon,62,1,293.665,0.10643,0.21169,1.98901,64.9042,32.6315,0.4972,1.28474,0.9833,-2.323
nylon,62,2,1840.366,0.016582,0.03223,1.94367,416.582,214.327,0.4855,1.00937,0.77255,-2.322
nylon,62,3,5153.077,0.0056372,0.010481,1.85926,1225.39,659.074,0.4621,0.04865,0.03724,-2.321
nylon,62,4,10097.975,0.0026839,0.0047184,1.75804,2573.78,1464,0.4312,0.01437,0.011,-2.321
nylon,62,5,16692.674,0.0014904,0.0024668,1.65513,4634.83,2800.29,0.3958,2e-05,1e-05,-6.021
nylon,63,1,311.127,0.10043,0.1997,1.98845,68.7818,34.5907,0.4971,1.32381,1.01318,-2.323
nylon,63,2,1949.800,0.015625,0.030322,1.94061,442.096,227.813,0.4847,0.91583,0.70093,-2.323
nylon,63,3,5459.495,0.0052972,0.0098114,1.85219,1304.04,704.054,0.4601,0.04682,0.03583,-2.324
nylon,63,4,10698.432,0.0025129,0.0043908,1.74730,2748.92,1573.23,0.4277,0.01956,0.01497,-2.323
nylon,63,5,17685.273,0.0013896,0.0022817,1.64198,4971.04,3027.46,0.3910,0.00632,0.00484,-2.317
nylon,64,1,329.628,0.094765,0.18838,1.98786,72.8935,36.6693,0.4970,1.36288,1.04306,-2.323
nylon,64,2,2065.741,0.014722,0.028523,1.93744,469.213,242.182,0.4838,0.81465,0.62348,-2.323
nylon,64,3,5784.133,0.0049766,0.0091809,1.84481,1388.05,752.405,0.4579,0.03869,0.02961,-2.323
nylon,64,4,11334.594,0.0023517,0.0040833,1.73632,2937.35,1691.71,0.4241,0.01456,0.01114,-2.326
nylon,64,5,18736.893,0.0012949,0.0021089,1.62862,5334.59,3275.53,0.3860,0.00421,0.00322,-2.329
nylon,65,1,349.228,0.089419,0.1777,1.98727,77.2515,38.8731,0.4968,1.4017,1.07276,-2.323
nylon,65,2,2188.576,0.01387,0.026825,1.93403,498.036,257.512,0.4829,0.70677,0.54092,-2.323
nylon,65,3,6128.076,0.0046741,0.0085872,1.83719,1477.88,804.425,0.4557,0.02532,0.01938,-2.322
nylon,65,4,12008.584,0.0022,0.0037949,1.72495,3139.89,1820.27,0.4203,0.00195,0.00149,-2.337
nylon,65,5,19851.049,0.0012059,0.0019476,1.61506,5728.3,3546.8,0.3808,0.00343,0.00263,-2.307
nylon,66,1,369.994,0.084373,0.16762,1.98665,81.8716,41.2108,0.4966,1.44008,1.10215,-2.323
nylon,66,2,2318.716,0.013066,0.025223,1.93043,528.682,273.867,0.4820,0.59352,0.45424,-2.323
nylon,66,3,6492.470,0.0043889,0.0080282,1.82921,1573.91,860.436,0.4533,0.00874,0.00669,-2.322
nylon,66,4,12722.650,0.0020571,0.0035246,1.71338,3358.01,1959.87,0.4164,0.01097,0.0084,-2.319
nylon,67,1,391.995,0.07961,0.15811,1.98606,86.7699,43.6896,0.4965,1.4779,1.13113,-2.323
nylon,67,2,2456.594,0.012307,0.023712,1.92671,561.287,291.319,0.4810,0.47654,0.36473,-2.323
nylon,67,3,6878.532,0.0041199,0.0075022,1.82097,1676.68,920.764,0.4508,0.00831,0.00636,-2.323
nylon,67,4,13479.179,0.0019226,0.0032713,1.70150,3592.92,2111.62,0.4123,0.01613,0.01234,-2.326
nylon,68,1,415.305,0.075115,0.14912,1.98522,91.9624,46.3235,0.4963,1.51507,1.15965,-2.322
nylon,68,2,2602.670,0.011591,0.022286,1.92270,595.959,309.959,0.4799,0.35784,0.2739,-2.322
nylon,68,3,7287.552,0.0038662,0.0070072,1.81243,1786.7,985.808,0.4482,0.02272,0.01739,-2.322
nylon,68,4,14280.693,0.001796,0.0030341,1.68937,3846.19,2276.71,0.4080,0.01001,0.00766,-2.324
nylon,69,1,440.000,0.070872,0.14065,1.98456,97.468,49.1131,0.4961,1.5516,1.18772,-2.321
nylon,69,2,2757.433,0.010915,0.020941,1.91855,632.868,329.867,0.4788,0.23971,0.18349,-2.321
nylon,69,3,7720.892,0.0036271,0.0065415,1.80351,1904.48,1055.99,0.4455,0.03161,0.0242,-2.320
nylon,69,4,15129.867,0.001677,0.002812,1.67680,4119.11,2456.53,0.4036,0.00295,0.00226,-2.314
nylon,70,1,466.164,0.066867,0.13265,1.98379,103.306,52.075,0.4959,1.58757,1.21541,-2.320
nylon,70,2,2921.399,0.010277,0.019673,1.91427,672.157,351.129,0.4776,0.12466,0.09544,-2.320
nylon,70,3,8180.000,0.0034017,0.0061036,1.79428,2030.68,1131.75,0.4427,0.03307,0.02532,-2.319
nylon,70,4,16029.537,0.001565,0.0026044,1.66415,4413.9,2652.34,0.3991,0.01265,0.00968,-2.324
nylon,71,1,493.883,0.063087,0.12509,1.98282,109.496,55.2223,0.4957,1.62317,1.24284,-2.319
nylon,71,2,3095.114,0.0096746,0.018476,1.90974,714.009,373.877,0.4764,0.01537,0.01177,-2.318
nylon,71,3,8666.408,0.0031892,0.0056919,1.78474,2165.98,1213.61,0.4397,0.02671,0.02045,-2.320
nylon,71,4,16982.703,0.0014597,0.0024102,1.65116,4732.31,2866.05,0.3944,0.011,0.00842,-2.322
nylon,72,1,523.251,0.059519,0.11797,1.98206,116.06,58.5552,0.4955,1.65859,1.2702,-2.317
nylon,72,2,3279.159,0.0091065,0.017348,1.90501,758.552,398.187,0.4751,0.08543,0.06543,-2.317
nylon,72,3,9181.739,0.0029889,0.005305,1.77490,2311.14,1302.12,0.4366,0.01406,0.01077,-2.315
nylon,72,4,17992.545,0.0013607,0.0022289,1.63805,5076.62,3099.18,0.3895,0.00043,0.00033,-2.299
nylon,73,1,554.365,0.056151,0.11124,1.98109,123.021,62.0978,0.4952,1.69412,1.29767,-2.316
nylon,73,2,3474.148,0.0085704,0.016284,1.90003,806.001,424.205,0.4737,0.17501,0.13405,-2.316
nylon,73,3,9727.715,0.0028001,0.0049416,1.76479,2466.97,1397.88,0.4333,0.00152,0.00117,-2.273
nylon,73,4,19062.439,0.0012678,0.0020596,1.62455,5448.62,3353.93,0.3845,0.01054,0.00807,-2.319
nylon,74,1,587.330,0.052972,0.10489,1.98010,130.404,65.8571,0.4950,1.73004,1.32549,-2.314
nylon,74,2,3680.732,0.0080646,0.015281,1.89482,856.553,452.049,0.4722,0.25074,0.19211,-2.313
nylon,74,3,10306.154,0.0026223,0.0046003,1.75430,2634.24,1501.59,0.4300,0.01558,0.01194,-2.311
nylon,75,1,622.254,0.049972,0.098895,1.97901,138.233,69.8494,0.4947,1.76664,1.35384,-2.312
nylon,75,2,3899.599,0.0075873,0.014335,1.88934,910.437,481.88,0.4707,0.31022,0.23774,-2.311
nylon,75,3,10918.990,0.0024548,0.0042799,1.74348,2813.98,1614,0.4264,0.02375,0.0182,-2.312
nylon,76,1,659.255,0.04714,0.093238,1.97790,146.537,74.0873,0.4944,1.80415,1.38293,-2.309
nylon,76,2,4131.481,0.007137,0.013443,1.88356,967.879,513.855,0.4691,0.35139,0.26935,-2.309
nylon,76,3,11568.267,0.0022971,0.0039793,1.73231,3007.16,1735.92,0.4228,0.02326,0.01783,-2.309
nylon,77,1,698.456,0.044467,0.087899,1.97672,155.346,78.5874,0.4941,1.84273,1.41284,-2.307
nylon,77,2,4377.152,0.0067121,0.012603,1.87765,1029.15,548.104,0.4674,0.37265,0.28572,-2.307
nylon,77,3,12256.152,0.0021485,0.0036974,1.72092,3215.15,1868.27,0.4189,0.01424,0.01092,-2.306
nylon,78,1,739.989,0.041944,0.08286,1.97549,164.69,83.3666,0.4938,1.88243,1.44364,-2.305
nylon,78,2,4637.431,0.0063113,0.011811,1.87141,1094.51,584.858,0.4656,0.37305,0.28609,-2.305
nylon,78,3,12984.940,0.0020086,0.0034332,1.70925,3439.09,2012.05,0.4149,0.00017,0.00013,-2.330
nylon,79,1,783.991,0.039563,0.078104,1.97417,174.601,88.443,0.4935,1.92322,1.47529,-2.303
nylon,79,2,4913.187,0.0059331,0.011064,1.86479,1164.27,624.345,0.4638,0.35247,0.27038,-2.303
nylon,79,3,13757.064,0.001877,0.0031857,1.69723,3680.21,2168.36,0.4108,0.01305,0.01001,-2.304
nylon,80,1,830.609,0.037316,0.073615,1.97275,185.115,93.8362,0.4931,1.96495,1.50768,-2.301
nylon,80,2,5205.341,0.0055764,0.010361,1.85801,1238.75,666.707,0.4618,0.31185,0.23928,-2.301
nylon,80,3,14575.104,0.0017531,0.0029539,1.68496,3940.31,2338.52,0.4065,0.01939,0.01487,-2.305
nylon,81,1,880.000,0.035194,0.069379,1.97133,196.276,99.5655,0.4927,2.00741,1.54066,-2.299
nylon,81,2,5514.866,0.0052398,0.0096985,1.85093,1318.32,712.25,0.4597,0.25335,0.19444,-2.299
nylon,81,3,15441.784,0.0016366,0.0027371,1.67243,4220.8,2523.75,0.4021,0.01565,0.01201,-2.299
nylon,82,1,932.328,0.033192,0.065381,1.96978,208.115,105.654,0.4923,2.05034,1.57405,-2.296
nylon,82,2,5842.798,0.0049224,0.0090746,1.84353,1403.33,761.219,0.4576,0.18051,0.13857,-2.297
nylon,82,3,16360.001,0.001527,0.0025343,1.65966,4523.74,2725.71,0.3974,0.00374,0.00287,-2.300
nylon,83,1,987.767,0.031302,0.061607,1.96815,220.681,112.126,0.4919,2.09352,1.60768,-2.294
nylon,83,2,6190.229,0.0046231,0.0084871,1.83580,1494.18,813.912,0.4553,0.09826,0.07546,-2.293
nylon,83,3,17332.816,0.001424,0.0023448,1.64663,4850.95,2945.99,0.3927,0.00959,0.00736,-2.299
nylon,84,1,1046.502,0.029519,0.058045,1.96636,234.01,119.007,0.4915,2.1368,1.64147,-2.291
nylon,84,2,6558.318,0.0043407,0.007934,1.82782,1591.39,870.652,0.4529,0.01281,0.00984,-2.291
nylon,84,3,18363.479,0.0013272,0.0021678,1.63336,5204.76,3186.53,0.3877,0.0161,0.01237,-2.289
nylon,85,1,1108.731,0.027835,0.054684,1.96458,248.168,126.321,0.4910,2.18016,1.67539,-2.287
nylon,85,2,6948.297,0.0040745,0.0074135,1.81949,1695.36,931.781,0.4504,0.06873,0.05282,-2.287
nylon,85,3,19455.430,0.0012363,0.0020026,1.61983,5587.44,3449.39,0.3827,0.01139,0.00876,-2.280
nylon,86,1,1174.659,0.026246,0.051512,1.96266,263.193,134.1,0.4905,2.22368,1.70951,-2.284
nylon,86,2,7361.463,0.0038234,0.0069237,1.81088,1806.7,997.697,0.4478,0.13888,0.10677,-2.284
nylon,87,1,1244.508,0.024747,0.048518,1.96056,279.135,142.375,0.4900,2.2675,1.74393,-2.280
nylon,87,2,7799.199,0.0035867,0.006463,1.80193,1925.94,1068.82,0.4450,0.19049,0.14651,-2.280
nylon,88,1,1318.510,0.023331,0.045693,1.95847,296.076,151.178,0.4894,2.31177,1.77875,-2.277
nylon,88,2,8262.963,0.0033636,0.0060298,1.79266,2053.68,1145.6,0.4422,0.21765,0.16747,-2.276
nylon,89,1,1396.913,0.021995,0.043027,1.95622,314.06,160.545,0.4888,2.35654,1.81401,-2.273
nylon,89,2,8754.305,0.0031533,0.0056226,1.78308,2190.64,1228.57,0.4392,0.21663,0.16675,-2.273
nylon,90,1,1479.978,0.020734,0.040511,1.95384,333.161,170.516,0.4882,2.38619,1.84963,-2.212
nylon,90,2,9274.862,0.0029551,0.0052399,1.77317,2337.57,1318.3,0.4360,0.18558,0.14385,-2.212
nylon,91,1,1567.982,0.019544,0.038137,1.95134,353.446,181.13,0.4875,2.33741,1.88544,-1.866
nylon,91,2,9826.375,0.0027683,0.0048804,1.76296,2495.31,1415.41,0.4328,0.12549,0.10122,-1.867
nylon,92,1,1661.219,0.018421,0.035896,1.94865,374.993,192.438,0.4868,2.28542,1.92118,-1.508
nylon,92,2,10410.682,0.0025923,0.0045428,1.75242,2664.72,1520.59,0.4294,0.05302,0.04457,-1.508
nylon,93,1,1760.000,0.017361,0.033782,1.94586,397.889,204.48,0.4861,2.23011,1.95668,-1.136
nylon,93,2,11029.732,0.0024266,0.004226,1.74153,2846.68,1634.58,0.4258,0.01984,0.01741,-1.135
nylon,94,1,1864.655,0.01636,0.031787,1.94297,422.234,217.314,0.4853,2.17134,1.99182,-0.750
nylon,94,2,11685.594,0.0022704,0.0039287,1.73040,3042.53,1758.28,0.4221,0.08067,0.074,-0.750
nylon,95,1,1975.533,0.015416,0.029905,1.93987,448.09,230.99,0.4845,2.10901,2.02661,-0.346
nylon,95,2,12380.458,0.0021234,0.00365,1.71894,3253.16,1892.54,0.4182,0.1188,0.11416,-0.346
nylon,96,1,2093.004,0.014525,0.028129,1.93659,475.577,245.574,0.4836,2.04299,2.04299,+0.000
nylon,96,2,13116.637,0.0019851,0.0033888,1.70712,3479.8,2038.41,0.4142,0.12764,0.12764,+0.000
nylon,97,1,2217.461,0.013684,0.026453,1.93313,504.805,261.133,0.4827,1.97322,1.97322,+0.000
nylon,97,2,13896.592,0.0018548,0.0031441,1.69512,3724.26,2197.05,0.4101,0.10665,0.10665,+0.000
nylon,98,1,2349.318,0.01289,0.024872,1.92956,535.9,277.732,0.4818,1.89961,1.89961,+0.000
nylon,98,2,14722.929,0.0017323,0.002915,1.68273,3987.62,2369.73,0.4057,0.06214,0.06214,+0.000
nylon,99,1,2489.016,0.012141,0.023381,1.92579,568.961,295.443,0.4807,1.82214,1.82214,+0.000
nylon,99,2,15598.397,0.001617,0.0027007,1.67019,4271.96,2557.76,0.4013,0.00649,0.00649,+0.000
nylon,100,1,2637.020,0.011434,0.021974,1.92181,604.142,314.36,0.4797,1.7408,1.7408,+0.000
nylon,100,2,16525.926,0.0015086,0.0025002,1.65730,4578.92,2762.88,0.3966,0.04451,0.04451,+0.000
nylon,101,1,2793.826,0.010766,0.020647,1.91780,641.627,334.565,0.4785,1.65563,1.65563,+0.000
nylon,101,2,17508.609,0.0014067,0.002313,1.64427,4910.61,2986.49,0.3918,0.07597,0.07597,+0.000
nylon,102,1,2959.955,0.010137,0.019395,1.91329,681.44,356.162,0.4773,1.5667,1.5667,+0.000
nylon,102,2,18549.725,0.0013109,0.0021381,1.63102,5269.48,3230.79,0.3869,0.07871,0.07871,+0.000
nylon,103,1,3135.963,0.0095427,0.018214,1.90868,723.878,379.255,0.4761,1.47415,1.47415,+0.000
nylon,103,2,19652.746,0.001221,0.0019749,1.61744,5657.46,3497.77,0.3817,0.05317,0.05317,+0.000
nylon,104,1,3322.438,0.0089821,0.017101,1.90390,769.058,403.939,0.4748,1.37817,1.37817,+0.000
nylon,105,1,3520.000,0.008453,0.016051,1.89885,817.196,430.363,0.4734,1.27904,1.27904,+0.000
nylon,106,1,3729.310,0.0079538,0.015061,1.89356,868.485,458.652,0.4719,1.1771,1.1771,+0.000
nylon,107,1,3951.067,0.0074828,0.014128,1.88806,923.151,488.941,0.4704,1.07277,1.07277,+0.000
nylon,108,1,4186.009,0.0070384,0.013248,1.88225,981.438,521.419,0.4687,0.96659,0.96659,+0.000
bamboo,21,1,27.500,3.9823,7.9293,1.99114,1.73461,0.871168,0.4978,0.27963,0.24361,-1.198
bamboo,21,2,172.340,0.63343,1.2573,1.98491,10.9053,5.49412,0.4962,0.70417,0.61346,-1.198
bamboo,21,3,482.556,0.2247,0.44309,1.97192,30.7421,15.59,0.4929,0.25206,0.21959,-1.198
bamboo,21,4,945.617,0.11353,0.22172,1.95296,60.8452,31.1553,0.4880,0.11961,0.1042,-1.198
bamboo,21,5,1563.172,0.067778,0.13074,1.92894,101.917,52.8358,0.4816,0.03854,0.03358,-1.197
bamboo,21,6,2335.109,0.044642,0.084843,1.90052,154.737,81.4181,0.4738,0.01034,0.00901,-1.196
bamboo,21,7,3261.433,0.031357,0.058595,1.86864,220.294,117.89,0.4649,0.011,0.00959,-1.191
bamboo,21,8,4342.144,0.023043,0.042266,1.83422,299.777,163.435,0.4548,0.00068,0.00059,-1.233
bamboo,21,9,5577.244,0.017507,0.031479,1.79808,394.571,219.44,0.4438,0.00301,0.00262,-1.205
bamboo,21,10,6966.729,0.013645,0.024028,1.76094,506.248,287.488,0.4321,7e-05,6e-05,-1.339
bamboo,21,11,8510.604,0.010852,0.018703,1.72346,636.542,369.339,0.4198,0.00078,0.00068,-1.192
bamboo,21,12,10208.863,0.0087712,0.014792,1.68643,787.55,466.993,0.4070,0.00021,0.00019,-0.869
bamboo,22,1,29.135,3.7586,7.4838,1.99111,1.83785,0.923028,0.4978,0.28531,0.24359,-1.373
bamboo,22,2,182.587,0.59775,1.1862,1.98444,11.5563,5.82343,0.4961,0.7161,0.61139,-1.373
bamboo,22,3,511.250,0.21196,0.41771,1.97070,32.5899,16.5372,0.4926,0.24985,0.21332,-1.373
bamboo,22,4,1001.846,0.10703,0.20878,1.95067,64.5404,33.0863,0.4874,0.10169,0.08682,-1.373
bamboo,22,5,1656.123,0.063848,0.12294,1.92551,108.191,56.188,0.4806,0.03797,0.03241,-1.375
bamboo,22,6,2473.962,0.042015,0.079643,1.89558,164.412,86.734,0.4725,0.01105,0.00943,-1.377
bamboo,22,7,3455.368,0.02948,0.0549,1.86228,234.32,125.824,0.4630,0.00973,0.00831,-1.370
bamboo,22,8,4600.341,0.021638,0.039519,1.82637,319.242,174.796,0.4525,5e-05,4e-05,-1.938
bamboo,22,9,5908.883,0.016418,0.02937,1.78889,420.743,235.198,0.4410,0.00372,0.00318,-1.362
bamboo,22,10,7380.992,0.012779,0.022369,1.75045,540.555,308.809,0.4287,0.00042,0.00036,-1.339
bamboo,22,11,9016.671,0.010148,0.017373,1.71196,680.701,397.614,0.4159,0.00104,0.00089,-1.353
bamboo,22,12,10815.913,0.0081899,0.01371,1.67401,843.448,503.848,0.4026,0.00059,0.00051,-1.266
bamboo,23,1,30.868,3.5475,7.0632,1.99104,1.94722,0.977992,0.4977,0.29114,0.24356,-1.550
bamboo,23,2,193.445,0.56407,1.1191,1.98397,12.2463,6.1726,0.4960,0.72813,0.60915,-1.550
bamboo,23,3,541.651,0.19993,0.39375,1.96944,34.5509,17.5435,0.4922,0.24705,0.20668,-1.550
bamboo,23,4,1061.419,0.10089,0.19658,1.94846,68.4682,35.1397,0.4868,0.08348,0.06984,-1.550
bamboo,23,5,1754.601,0.060139,0.11557,1.92171,114.863,59.7712,0.4796,0.03526,0.0295,-1.549
bamboo,23,6,2621.071,0.039536,0.07474,1.89043,174.721,92.4238,0.4710,0.0103,0.00862,-1.547
bamboo,23,7,3660.835,0.027709,0.051418,1.85564,249.296,134.345,0.4611,0.00619,0.00518,-1.547
bamboo,23,8,4873.892,0.020313,0.036934,1.81824,340.066,187.03,0.4500,0.00055,0.00046,-1.552
bamboo,23,9,6260.244,0.015392,0.027388,1.77937,448.789,252.218,0.4380,0.00185,0.00155,-1.537
bamboo,23,10,7819.890,0.011963,0.020812,1.73970,577.427,331.912,0.4252,0.00044,0.00037,-1.505
bamboo,23,11,9552.830,0.009485,0.016127,1.70026,728.282,428.335,0.4119,0.00118,0.00099,-1.525
bamboo,23,12,11459.062,0.0076431,0.012698,1.66137,903.79,544.003,0.3981,0.00017,0.00014,-1.686
bamboo,24,1,32.703,3.3483,6.6662,1.99092,2.06306,1.03624,0.4977,0.29714,0.24354,-1.728
bamboo,24,2,204.947,0.53227,1.0558,1.98358,12.9779,6.54267,0.4959,0.74026,0.60674,-1.728
bamboo,24,3,573.859,0.18858,0.37114,1.96808,36.6304,18.6123,0.4919,0.24359,0.19966,-1.727
bamboo,24,4,1124.534,0.095099,0.18506,1.94597,72.6375,37.3271,0.4861,0.06519,0.05344,-1.726
bamboo,24,5,1858.935,0.056639,0.10863,1.91794,121.961,63.5898,0.4786,0.03059,0.02507,-1.729
bamboo,24,6,2776.928,0.037196,0.070117,1.88507,185.712,98.5175,0.4695,0.00821,0.00673,-1.727
bamboo,24,7,3878.519,0.026039,0.048137,1.84865,265.285,143.502,0.4591,0.0013,0.00107,-1.691
bamboo,24,8,5163.708,0.019063,0.034501,1.80984,362.365,200.219,0.4474,0.00085,0.00069,-1.811
bamboo,24,9,6632.497,0.014425,0.025525,1.76950,478.874,270.627,0.4349,0.00122,0.001,-1.727
bamboo,24,10,8284.884,0.011194,0.019351,1.72869,617.094,356.971,0.4215,2e-05,2e-05,+0.000
bamboo,24,11,10120.870,0.0088614,0.01496,1.68822,779.533,461.748,0.4077,0.00051,0.00042,-1.686
bamboo,24,12,12140.451,0.0071291,0.011753,1.64860,968.952,587.744,0.3934,0.00055,0.00045,-1.743
bamboo,25,1,34.648,3.1602,6.2916,1.99089,2.18586,1.09793,0.4977,0.30331,0.24742,-1.769
bamboo,25,2,217.134,0.50227,0.99601,1.98302,13.7531,6.93543,0.4957,0.75248,0.61382,-1.769
bamboo,25,3,607.982,0.17786,0.3498,1.96672,38.8382,19.7477,0.4915,0.23945,0.19533,-1.769
bamboo,25,4,1191.402,0.089634,0.17418,1.94324,77.0662,39.6587,0.4854,0.0471,0.03842,-1.769
bamboo,25,5,1969.473,0.053336,0.10207,1.91372,129.514,67.6766,0.4775,0.02425,0.01978,-1.770
bamboo,25,6,2942.053,0.034989,0.065759,1.87942,197.426,105.047,0.4679,0.00507,0.00413,-1.781
bamboo,25,7,4109.148,0.024464,0.045048,1.84140,282.364,153.342,0.4569,0.00357,0.00291,-1.776
bamboo,25,8,5470.758,0.017885,0.032212,1.80106,386.232,214.447,0.4448,0.0007,0.00057,-1.784
bamboo,25,9,7026.886,0.013513,0.023775,1.75942,511.193,290.547,0.4316,0.00306,0.0025,-1.756
bamboo,25,10,8777.528,0.01047,0.017981,1.71738,659.766,384.17,0.4177,0.00042,0.00034,-1.835
bamboo,25,11,10722.688,0.0082748,0.013868,1.67593,834.794,498.108,0.4033,0.00119,0.00097,-1.776
bamboo,25,12,12862.360,0.0066459,0.010869,1.63544,1039.4,635.547,0.3886,1e-05,1e-05,+0.000
bamboo,26,1,36.708,2.9827,5.9379,1.99078,2.31594,1.16333,0.4977,0.30966,0.25233,-1.778
bamboo,26,2,230.046,0.47394,0.93959,1.98251,14.5752,7.35188,0.4956,0.76477,0.62318,-1.778
bamboo,26,3,644.135,0.16775,0.32966,1.96519,41.1789,20.9542,0.4911,0.23458,0.19115,-1.778
bamboo,26,4,1262.247,0.084475,0.16393,1.94057,81.7728,42.1384,0.4847,0.0295,0.02404,-1.778
bamboo,26,5,2086.584,0.050219,0.095893,1.90950,137.553,72.0361,0.4763,0.01668,0.01359,-1.780
bamboo,26,6,3116.997,0.032907,0.061651,1.87349,209.917,112.046,0.4662,0.00136,0.00111,-1.764
bamboo,26,7,4353.491,0.022978,0.042138,1.83384,300.625,163.932,0.4547,0.00696,0.00567,-1.781
bamboo,26,8,5796.067,0.016775,0.030059,1.79189,411.789,229.807,0.4419,0.0002,0.00016,-1.938
bamboo,26,9,7444.728,0.012654,0.022131,1.74893,545.895,312.13,0.4282,0.00216,0.00176,-1.779
bamboo,26,10,9299.469,0.0097884,0.016697,1.70579,705.708,413.712,0.4138,0.00025,0.0002,-1.938
bamboo,26,11,11360.295,0.0077229,0.012846,1.66336,894.451,537.736,0.3988,0.00028,0.00023,-1.709
bamboo,26,12,13627.198,0.0061919,0.010044,1.62212,1115.61,687.749,0.3835,0.00048,0.00039,-1.804
bamboo,27,1,38.891,2.8152,5.6041,1.99066,2.45374,1.23263,0.4977,0.31622,0.2574,-1.788
bamboo,27,2,243.725,0.44721,0.88633,1.98191,15.4463,7.79366,0.4954,0.77713,0.63259,-1.787
bamboo,27,3,682.437,0.1582,0.31065,1.96365,43.6647,22.2365,0.4907,0.22895,0.18636,-1.788
bamboo,27,4,1337.304,0.079606,0.15425,1.93767,86.7743,44.7829,0.4839,0.0127,0.01034,-1.786
bamboo,27,5,2210.659,0.047278,0.090064,1.90499,146.109,76.6983,0.4751,0.00842,0.00685,-1.792
bamboo,27,6,3302.343,0.030943,0.057779,1.86727,223.241,119.555,0.4645,0.00229,0.00186,-1.806
bamboo,27,7,4612.363,0.021576,0.039399,1.82606,320.159,175.328,0.4524,0.00778,0.00633,-1.792
bamboo,27,8,6140.719,0.015728,0.028036,1.78255,439.201,246.389,0.4390,0.00038,0.00031,-1.768
bamboo,27,9,7887.413,0.011845,0.020589,1.73820,583.179,335.507,0.4247,0.00063,0.00051,-1.835
bamboo,27,10,9852.443,0.0091469,0.015494,1.69391,755.202,445.834,0.4096,0.00024,0.00019,-2.029
bamboo,27,11,12035.812,0.0072041,0.01189,1.65045,958.864,580.972,0.3941,0.00107,0.00087,-1.797
bamboo,27,12,14437.512,0.0057656,0.0092748,1.60864,1198.1,744.787,0.3784,0.00026,0.00022,-1.451
bamboo,28,1,41.203,2.657,5.289,1.99059,2.59983,1.30606,0.4976,0.32299,0.26263,-1.797
bamboo,28,2,258.218,0.42198,0.83606,1.98128,16.3699,8.26227,0.4953,0.78956,0.64201,-1.797
bamboo,28,3,723.017,0.14919,0.29271,1.96199,46.3017,23.5993,0.4903,0.2225,0.18092,-1.797
bamboo,28,4,1416.824,0.075012,0.14511,1.93449,92.0887,47.6036,0.4831,0.00294,0.00239,-1.799
bamboo,28,5,2342.112,0.044502,0.084566,1.90027,155.223,81.6848,0.4738,0.00011,9e-05,-1.743
bamboo,28,6,3498.710,0.029089,0.05413,1.86084,237.47,127.614,0.4626,0.00522,0.00425,-1.786
bamboo,28,7,4886.627,0.020255,0.03682,1.81782,341.039,187.609,0.4499,0.00576,0.00468,-1.804
bamboo,28,8,6505.865,0.014741,0.026133,1.77281,468.608,264.331,0.4359,0.00067,0.00055,-1.714
bamboo,28,9,8356.423,0.011083,0.019142,1.72715,623.275,360.869,0.4210,0.00256,0.00208,-1.804
bamboo,28,10,10438.299,0.0085433,0.014367,1.68167,808.558,480.807,0.4054,0.00034,0.00027,-2.002
bamboo,28,11,12751.497,0.0067164,0.010998,1.63748,1028.49,628.092,0.3893,0.00033,0.00027,-1.743
bamboo,28,12,15296.010,0.0053653,0.0085575,1.59497,1287.49,807.216,0.3730,0.00024,0.0002,-1.584
bamboo,29,1,43.654,2.5078,4.9917,1.99047,2.75451,1.38385,0.4976,0.33,0.26802,-1.807
bamboo,29,2,273.572,0.39816,0.78861,1.98064,17.3492,8.75941,0.4951,0.80204,0.65142,-1.807
bamboo,29,3,766.010,0.14069,0.27578,1.96020,49.0991,25.0481,0.4899,0.21522,0.1748,-1.807
bamboo,29,4,1501.073,0.070675,0.1365,1.93138,97.7397,50.6063,0.4822,0.01707,0.01386,-1.809
bamboo,29,5,2481.381,0.041883,0.079382,1.89533,164.93,87.0192,0.4724,0.00755,0.00613,-1.810
bamboo,29,6,3706.754,0.027341,0.050693,1.85410,252.652,136.266,0.4607,0.00688,0.00559,-1.804
bamboo,29,7,5177.202,0.019009,0.034394,1.80935,363.394,200.842,0.4473,0.00168,0.00137,-1.772
bamboo,29,8,6892.724,0.013811,0.024346,1.76280,500.163,283.733,0.4327,0.0005,0.00041,-1.724
bamboo,29,9,8853.322,0.010366,0.017785,1.71571,666.386,388.403,0.4171,0.00164,0.00134,-1.755
bamboo,29,10,11058.993,0.0079755,0.013313,1.66924,866.122,518.873,0.4009,9e-05,7e-05,-2.183
bamboo,29,11,13509.741,0.0062582,0.010164,1.62411,1103.79,679.63,0.3843,0.00088,0.00072,-1.743
bamboo,29,12,16205.560,0.0049897,0.0078894,1.58114,1384.4,875.574,0.3675,0.00042,0.00034,-1.835
bamboo,30,1,46.249,2.3669,4.711,1.99037,2.91848,1.4663,0.4976,0.33725,0.27359,-1.817
bamboo,30,2,289.839,0.37568,0.74383,1.97996,18.3873,9.28674,0.4949,0.81458,0.66081,-1.817
bamboo,30,3,811.559,0.13266,0.25981,1.95847,52.0711,26.5877,0.4894,0.20707,0.16798,-1.817
bamboo,30,4,1590.331,0.066582,0.12837,1.92800,103.748,53.8113,0.4813,0.02932,0.02379,-1.815
bamboo,30,5,2628.931,0.039411,0.074494,1.89018,175.275,92.729,0.4709,0.01386,0.01125,-1.812
bamboo,30,6,3927.169,0.025691,0.047455,1.84714,268.878,145.564,0.4586,0.00692,0.00561,-1.823
bamboo,30,7,5485.054,0.017834,0.032112,1.80061,387.336,215.114,0.4446,0.00278,0.00225,-1.837
bamboo,30,8,7302.586,0.012935,0.022668,1.75245,534.036,304.736,0.4294,2e-05,1e-05,-6.021
bamboo,30,9,9379.768,0.0096904,0.016513,1.70406,712.845,418.322,0.4132,0.00103,0.00084,-1.771
bamboo,30,10,11716.595,0.0074416,0.012327,1.65650,928.262,560.376,0.3963,0.00033,0.00027,-1.743
bamboo,30,11,14313.072,0.0058278,0.0093867,1.61068,1185.31,735.909,0.3792,0.00058,0.00047,-1.827
bamboo,30,12,17169.191,0.0046373,0.0072675,1.56718,1489.61,950.499,0.3619,0.00018,0.00015,-1.584
bamboo,31,1,48.999,2.2339,4.446,1.99024,3.09224,1.5537,0.4975,0.34478,0.27934,-1.828
bamboo,31,2,307.074,0.35446,0.70156,1.97924,19.4881,9.84628,0.4948,0.82714,0.67014,-1.828
bamboo,31,3,859.817,0.12509,0.24473,1.95643,55.2223,28.226,0.4889,0.19803,0.16044,-1.828
bamboo,31,4,1684.897,0.06272,0.12069,1.92427,110.136,57.2355,0.4803,0.03937,0.03189,-1.830
bamboo,31,5,2785.256,0.037079,0.069885,1.88476,186.298,98.8446,0.4694,0.01821,0.01475,-1.830
bamboo,31,6,4160.690,0.024136,0.044405,1.83978,286.201,155.563,0.4565,0.00533,0.00432,-1.825
bamboo,31,7,5811.212,0.016726,0.029965,1.79152,412.995,230.527,0.4418,0.00564,0.00457,-1.827
bamboo,31,8,7736.820,0.01211,0.021093,1.74178,570.417,327.49,0.4259,0.00048,0.00039,-1.804
bamboo,31,9,9937.517,0.0090547,0.015321,1.69205,762.892,450.868,0.4090,0.00223,0.0018,-1.861
bamboo,31,10,12413.299,0.0069396,0.011406,1.64361,995.411,605.625,0.3916,3e-05,2e-05,-3.522
bamboo,31,11,15164.170,0.0054237,0.0086618,1.59703,1273.62,797.496,0.3738,0.00051,0.00041,-1.896
bamboo,31,12,18190.123,0.004307,0.0066892,1.55310,1603.84,1032.67,0.3561,0.00016,0.00013,-1.804
bamboo,32,1,51.913,2.1084,4.196,1.99013,3.2763,1.64627,0.4975,0.35261,0.28529,-1.840
bamboo,32,2,325.334,0.33443,0.66166,1.97847,20.6553,10.44,0.4946,0.83972,0.6794,-1.840
bamboo,32,3,910.944,0.11794,0.23049,1.95430,58.5701,29.9699,0.4883,0.18808,0.15217,-1.840
bamboo,32,4,1785.087,0.059074,0.11346,1.92064,116.934,60.8827,0.4793,0.04688,0.03793,-1.840
bamboo,32,5,2950.876,0.034878,0.06554,1.87912,198.055,105.398,0.4678,0.02013,0.01628,-1.844
bamboo,32,6,4408.099,0.022668,0.041533,1.83223,304.736,166.32,0.4542,0.00251,0.00203,-1.844
bamboo,32,7,6156.766,0.015682,0.027947,1.78211,440.489,247.173,0.4389,0.00556,0.0045,-1.837
bamboo,32,8,8196.877,0.011333,0.019614,1.73070,609.526,352.185,0.4222,0.00051,0.00041,-1.896
bamboo,32,9,10528.434,0.0084566,0.014206,1.67987,816.848,486.256,0.4047,0.00045,0.00036,-1.938
bamboo,32,10,13151.435,0.0064679,0.010545,1.63036,1068.01,655.074,0.3866,0.00029,0.00024,-1.644
bamboo,32,11,16065.882,0.0050444,0.0079865,1.58324,1369.39,864.929,0.3684,0.00081,0.00065,-1.911
bamboo,32,12,19271.768,0.0039976,0.0061518,1.53887,1727.98,1122.88,0.3502,0.00034,0.00027,-2.002
bamboo,33,1,55.000,1.9899,3.9599,1.99000,3.47141,1.74443,0.4975,0.36075,0.29143,-1.853
bamboo,33,2,344.679,0.31553,0.62401,1.97766,21.8925,11.0699,0.4943,0.85229,0.68854,-1.853
bamboo,33,3,965.112,0.11119,0.21706,1.95215,62.1257,31.8242,0.4878,0.17722,0.14317,-1.853
bamboo,33,4,1891.233,0.055634,0.10663,1.91663,124.164,64.7825,0.4783,0.05162,0.0417,-1.854
bamboo,33,5,3126.344,0.032802,0.061444,1.87318,210.589,112.424,0.4661,0.01939,0.01567,-1.850
bamboo,33,6,4670.218,0.021285,0.038829,1.82424,324.536,177.902,0.4518,0.00078,0.00063,-1.855
bamboo,33,7,6522.866,0.014698,0.02605,1.77235,469.979,265.173,0.4358,0.00259,0.0021,-1.822
bamboo,33,8,8684.288,0.0106,0.018228,1.71962,651.675,378.964,0.4184,9e-05,7e-05,-2.183
bamboo,33,9,11154.487,0.0078939,0.013162,1.66736,875.075,524.826,0.4002,0.00178,0.00144,-1.841
bamboo,33,10,13933.459,0.0060247,0.0097419,1.61699,1146.57,709.077,0.3816,5e-05,4e-05,-1.938
bamboo,33,11,17021.209,0.0046887,0.0073579,1.56928,1473.28,938.822,0.3628,0.00014,0.00011,-2.095
bamboo,34,1,58.270,1.8781,3.7371,1.98983,3.67805,1.84843,0.4974,0.36922,0.2978,-1.867
bamboo,34,2,365.175,0.29769,0.58846,1.97675,23.2045,11.7387,0.4941,0.86482,0.69753,-1.867
bamboo,34,3,1022.500,0.10482,0.20439,1.94991,65.9011,33.7969,0.4872,0.16545,0.13344,-1.868
bamboo,34,4,2003.692,0.052388,0.10019,1.91246,131.858,68.9466,0.4771,0.05341,0.04308,-1.867
bamboo,34,5,3312.246,0.030844,0.057584,1.86694,223.958,119.96,0.4644,0.01611,0.01299,-1.870
bamboo,34,6,4947.923,0.01998,0.036284,1.81602,345.733,190.38,0.4494,0.0036,0.0029,-1.878
bamboo,34,7,6910.735,0.013771,0.024268,1.76225,501.616,284.645,0.4326,0.0016,0.00129,-1.871
bamboo,34,8,9200.683,0.0099113,0.016928,1.70795,696.958,408.067,0.4145,0.00038,0.00031,-1.768
bamboo,34,9,11817.767,0.0073649,0.012186,1.65460,937.929,566.86,0.3956,0.00119,0.00096,-1.866
bamboo,34,10,14761.984,0.0056085,0.0089928,1.60342,1231.66,768.143,0.3763,0.00025,0.0002,-1.938
bamboo,34,11,18033.342,0.0043552,0.0067732,1.55520,1586.09,1019.87,0.3570,0.00058,0.00046,-2.013
bamboo,35,1,61.735,1.7726,3.5269,1.98968,3.89696,1.95859,0.4974,0.37805,0.30439,-1.882
bamboo,35,2,386.889,0.28085,0.55492,1.97586,24.5959,12.4482,0.4939,0.87724,0.70632,-1.882
bamboo,35,3,1083.301,0.098806,0.19243,1.94755,69.9123,35.8975,0.4865,0.15279,0.12302,-1.882
bamboo,35,4,2122.838,0.049324,0.094119,1.90818,140.049,73.3938,0.4759,0.05219,0.04202,-1.883
bamboo,35,5,3509.203,0.028996,0.053947,1.86050,238.231,128.047,0.4625,0.01072,0.00863,-1.884
bamboo,35,6,5242.143,0.018749,0.03389,1.80756,368.433,203.829,0.4468,0.00506,0.00408,-1.870
bamboo,35,7,7321.670,0.012897,0.022595,1.75196,535.609,305.721,0.4292,0.0045,0.00362,-1.890
bamboo,35,8,9747.784,0.0092626,0.01571,1.69607,745.768,439.704,0.4104,0.00042,0.00034,-1.835
bamboo,35,9,12520.488,0.0068675,0.011274,1.64165,1005.86,612.716,0.3908,0.00121,0.00097,-1.920
bamboo,35,10,15639.779,0.0052179,0.0082948,1.58968,1323.86,832.781,0.3709,0.00012,0.0001,-1.584
bamboo,35,11,19105.660,0.0040427,0.0062298,1.54100,1708.7,1108.82,0.3511,0.00068,0.00055,-1.843
bamboo,36,1,65.406,1.6729,3.3284,1.98960,4.12921,2.0754,0.4974,0.38725,0.31122,-1.898
bamboo,36,2,409.895,0.26495,0.52326,1.97494,26.0719,13.2014,0.4936,0.88951,0.71487,-1.898
bamboo,36,3,1147.717,0.093132,0.18114,1.94498,74.1717,38.1349,0.4859,0.13927,0.11193,-1.898
bamboo,36,4,2249.068,0.046433,0.088391,1.90362,148.768,78.15,0.4747,0.04804,0.03861,-1.898
bamboo,36,5,3717.870,0.027253,0.05052,1.85374,253.468,136.733,0.4606,0.00405,0.00325,-1.911
bamboo,36,6,5553.856,0.017589,0.031637,1.79868,392.732,218.344,0.4440,0.00467,0.00376,-1.883
bamboo,36,7,7757.038,0.012074,0.021024,1.74126,572.118,328.565,0.4257,0.00425,0.00342,-1.887
bamboo,36,8,10327.416,0.0086522,0.01457,1.68396,798.381,474.108,0.4062,0,0,
bamboo,36,9,13264.994,0.0064001,0.010422,1.62841,1079.32,662.805,0.3859,0.00135,0.00109,-1.858
bamboo,36,10,16569.768,0.0048514,0.0076448,1.57579,1423.87,903.589,0.3654,0.00017,0.00014,-1.686
bamboo,37,1,69.296,1.5789,3.141,1.98936,4.37504,2.19922,0.4973,0.39684,0.3183,-1.916
bamboo,37,2,434.268,0.24995,0.49337,1.97387,27.6365,14.0012,0.4934,0.90156,0.72312,-1.916
bamboo,37,3,1215.964,0.087777,0.17049,1.94231,78.6966,40.5171,0.4852,0.12497,0.10024,-1.915
bamboo,37,4,2382.805,0.043705,0.082988,1.89882,158.054,83.238,0.4734,0.04119,0.03304,-1.915
bamboo,37,5,3938.947,0.025609,0.047292,1.84669,269.739,146.066,0.4585,0.00284,0.00228,-1.908
bamboo,37,6,5884.105,0.016496,0.029519,1.78946,418.753,234.01,0.4412,0.00258,0.00207,-1.913
bamboo,37,7,8218.296,0.011298,0.01955,1.73039,611.414,353.338,0.4221,0.00105,0.00084,-1.938
bamboo,37,8,10941.517,0.0080779,0.013502,1.67147,855.142,511.61,0.4017,0.00039,0.00031,-1.994
bamboo,37,9,14053.771,0.0059611,0.009627,1.61497,1158.81,717.54,0.3808,0.00093,0.00074,-1.985
bamboo,37,10,17555.057,0.0045077,0.00704,1.56177,1532.43,981.215,0.3597,0.0002,0.00016,-1.938
bamboo,38,1,73.416,1.4902,2.9642,1.98913,4.63545,2.33039,0.4973,0.40685,0.32565,-1.934
bamboo,38,2,460.092,0.23579,0.46517,1.97281,29.2962,14.85,0.4931,0.9133,0.73101,-1.934
bamboo,38,3,1288.270,0.082723,0.16044,1.93948,83.5046,43.0551,0.4844,0.10996,0.08801,-1.934
bamboo,38,4,2524.494,0.04113,0.077894,1.89385,167.949,88.6815,0.4720,0.03206,0.02566,-1.934
bamboo,38,5,4173.169,0.024058,0.044252,1.83939,287.129,156.1,0.4563,0.00871,0.00697,-1.936
bamboo,38,6,6233.994,0.015465,0.027528,1.78002,446.67,250.936,0.4382,0.0004,0.00032,-1.938
bamboo,38,7,8706.982,0.010568,0.018167,1.71906,653.648,380.236,0.4183,0.00269,0.00216,-1.906
bamboo,38,8,11592.135,0.0075378,0.012504,1.65884,916.415,552.444,0.3972,0.00025,0.0002,-1.938
bamboo,38,9,14889.455,0.0055488,0.0088858,1.60139,1244.91,777.393,0.3755,0.00122,0.00098,-1.903
bamboo,38,10,18598.938,0.0041856,0.0064777,1.54762,1650.36,1066.39,0.3539,0,0,
bamboo,39,1,77.782,1.4064,2.7973,1.98898,4.91166,2.46944,0.4972,0.4173,0.33328,-1.953
bamboo,39,2,487.450,0.22242,0.43855,1.97172,31.0573,15.7514,0.4928,0.92466,0.73848,-1.953
bamboo,39,3,1364.874,0.077953,0.15096,1.93655,88.6144,45.7588,0.4836,0.09436,0.07536,-1.953
bamboo,39,4,2674.608,0.038701,0.073091,1.88861,178.49,94.509,0.4705,0.02125,0.01697,-1.954
bamboo,39,5,4421.318,0.022595,0.041389,1.83178,305.721,166.898,0.4541,0.01245,0.00994,-1.956
bamboo,39,6,6604.686,0.014493,0.025656,1.77023,476.627,269.245,0.4351,0.00299,0.00239,-1.945
bamboo,39,7,9224.726,0.0098811,0.016871,1.70740,699.088,409.445,0.4143,0.00397,0.00317,-1.955
bamboo,39,8,12281.438,0.0070301,0.011571,1.64592,982.597,596.989,0.3925,0.00021,0.00017,-1.835
bamboo,39,9,15774.826,0.0051619,0.008195,1.58759,1338.22,842.923,0.3701,0.00097,0.00077,-2.006
bamboo,39,10,19704.887,0.0038838,0.0059554,1.53340,1778.61,1159.91,0.3479,0.00018,0.00014,-2.183
bamboo,40,1,82.407,1.3273,2.6398,1.98885,5.20437,2.61677,0.4972,0.4282,0.34121,-1.972
bamboo,40,2,516.435,0.20981,0.41342,1.97045,32.9239,16.7088,0.4925,0.93554,0.74547,-1.973
bamboo,40,3,1446.033,0.073451,0.14201,1.93340,94.0458,48.6427,0.4828,0.07831,0.0624,-1.973
bamboo,40,4,2833.648,0.036409,0.068562,1.88311,189.727,100.752,0.4690,0.00954,0.0076,-1.975
bamboo,40,5,4684.223,0.021215,0.038693,1.82385,325.607,178.527,0.4517,0.01326,0.01057,-1.969
bamboo,40,6,6997.420,0.013578,0.023898,1.76005,508.746,289.052,0.4319,0.004,0.00319,-1.965
bamboo,40,7,9773.255,0.0092342,0.015657,1.69554,748.062,441.193,0.4102,0.00169,0.00135,-1.951
bamboo,40,8,13011.729,0.0065529,0.0107,1.63286,1054.15,645.585,0.3876,0.00033,0.00026,-2.071
bamboo,40,9,16712.846,0.0047988,0.0075519,1.57371,1439.48,914.704,0.3646,0.00086,0.00069,-1.913
bamboo,41,1,87.307,1.2527,2.4911,1.98858,5.51429,2.77297,0.4971,0.43959,0.34947,-1.993
bamboo,41,2,547.144,0.1979,0.38971,1.96923,34.9053,17.7254,0.4922,0.94582,0.75191,-1.993
bamboo,41,3,1532.019,0.069202,0.13357,1.93015,99.8202,51.7164,0.4819,0.06201,0.04929,-1.994
bamboo,41,4,3002.146,0.034247,0.064293,1.87733,201.704,107.442,0.4673,0.00217,0.00173,-1.968
bamboo,41,5,4962.762,0.019914,0.036157,1.81566,346.879,191.049,0.4492,0.01095,0.00871,-1.988
bamboo,41,6,7413.509,0.012715,0.022247,1.74967,543.276,310.503,0.4285,0.00293,0.00233,-1.990
bamboo,41,7,10354.404,0.0086254,0.01452,1.68340,800.862,475.741,0.4060,0.00199,0.00158,-2.004
bamboo,41,8,13785.447,0.0061045,0.0098862,1.61949,1131.58,698.727,0.3825,7e-05,5e-05,-2.923
bamboo,41,9,17706.645,0.0044584,0.0069536,1.55966,1549.38,993.407,0.3588,0.00117,0.00093,-1.994
bamboo,42,1,92.499,1.1822,2.3507,1.98841,5.84314,2.93859,0.4971,0.4515,0.35808,-2.014
bamboo,42,2,579.679,0.18666,0.36732,1.96786,37.0072,18.8058,0.4918,0.95539,0.7577,-2.014
bamboo,42,3,1623.118,0.065192,0.1256,1.92662,105.96,54.998,0.4810,0.04565,0.03621,-2.012
bamboo,42,4,3180.663,0.032206,0.060269,1.87136,214.487,114.615,0.4656,0.01287,0.0102,-2.020
bamboo,42,5,5257.863,0.018687,0.03377,1.80714,369.656,204.553,0.4466,0.00606,0.00481,-2.007
bamboo,42,6,7854.339,0.011902,0.020698,1.73904,580.386,333.74,0.4249,0.00035,0.00028,-1.938
bamboo,42,7,10970.108,0.0080528,0.013456,1.67097,857.808,513.359,0.4015,0.00339,0.00269,-2.009
bamboo,42,8,14605.172,0.0056835,0.0091274,1.60595,1215.41,756.815,0.3773,0.00032,0.00025,-2.144
bamboo,42,9,18759.535,0.0041394,0.0063975,1.54551,1668.78,1079.76,0.3530,0.00019,0.00015,-2.053
bamboo,43,1,97.999,1.1158,2.2183,1.98808,6.19085,3.11399,0.4970,0.46395,0.36707,-2.034
bamboo,43,2,614.148,0.17605,0.3462,1.96649,39.2375,19.9531,0.4915,0.96411,0.76278,-2.035
bamboo,43,3,1719.633,0.061408,0.11809,1.92304,112.489,58.4957,0.4800,0.02951,0.02334,-2.037
bamboo,43,4,3369.794,0.030281,0.056477,1.86510,228.122,122.311,0.4638,0.02154,0.01705,-2.030
bamboo,43,5,5570.511,0.017531,0.031524,1.79819,394.031,219.127,0.4439,0.00014,0.00011,-2.095
bamboo,43,6,8321.381,0.011137,0.019244,1.72793,620.253,358.956,0.4213,0.00225,0.00178,-2.035
bamboo,43,7,11622.424,0.0075142,0.012461,1.65833,919.293,554.35,0.3970,0.00103,0.00082,-1.980
bamboo,43,8,15473.640,0.0052883,0.0084201,1.59221,1306.23,820.389,0.3719,1e-05,1e-05,+0.000
bamboo,43,9,19875.033,0.0038405,0.005881,1.53131,1798.66,1174.59,0.3470,0.00115,0.00091,-2.033
bamboo,44,1,103.826,1.053,2.0932,1.98784,6.56007,3.30009,0.4970,0.47699,0.37647,-2.056
bamboo,44,2,650.668,0.16604,0.32626,1.96495,41.603,21.1725,0.4911,0.97185,0.76705,-2.056
bamboo,44,3,1821.888,0.057836,0.111,1.91922,119.437,62.232,0.4790,0.01386,0.01094,-2.055
bamboo,44,4,3570.173,0.028465,0.052904,1.85856,242.675,130.572,0.4619,0.02731,0.02156,-2.053
bamboo,44,5,5901.752,0.016441,0.029413,1.78900,420.154,234.854,0.4410,0.00589,0.00465,-2.053
bamboo,44,6,8816.198,0.010417,0.01788,1.71643,663.123,386.34,0.4174,0.00326,0.00257,-2.066
bamboo,44,7,12313.531,0.0070079,0.011531,1.64543,985.71,599.059,0.3922,0.00233,0.00184,-2.051
bamboo,44,8,16393.754,0.0049174,0.0077615,1.57837,1404.76,890.003,0.3664,0.00029,0.00023,-2.013
bamboo,45,1,110.000,0.99377,1.9752,1.98758,6.95106,3.49724,0.4969,0.49063,0.38631,-2.076
bamboo,45,2,689.358,0.15659,0.30744,1.96334,44.1136,22.4686,0.4907,0.97843,0.77039,-2.076
bamboo,45,3,1930.223,0.054466,0.10431,1.91514,126.827,66.2233,0.4779,0.00096,0.00076,-2.029
bamboo,45,4,3782.467,0.026752,0.049537,1.85171,258.215,139.446,0.4600,0.0295,0.02323,-2.075
bamboo,45,5,6252.688,0.015413,0.027428,1.77954,448.177,251.85,0.4381,0.00941,0.00741,-2.075
bamboo,45,6,9340.437,0.0097382,0.016602,1.70483,709.346,416.08,0.4134,0.00199,0.00157,-2.059
bamboo,45,7,13045.732,0.006532,0.010662,1.63227,1057.53,647.885,0.3873,0.00255,0.00201,-2.067
bamboo,45,8,17368.576,0.0045696,0.0071485,1.56436,1511.68,966.322,0.3608,3e-05,2e-05,-3.522
bamboo,46,1,116.541,0.93786,1.8638,1.98729,7.36544,3.70627,0.4968,0.50492,0.39662,-2.097
bamboo,46,2,730.350,0.14767,0.28969,1.96174,46.7783,23.8453,0.4902,0.98368,0.77269,-2.097
bamboo,46,3,2045.000,0.051285,0.098006,1.91101,134.693,70.483,0.4767,0.01462,0.01148,-2.100
bamboo,46,4,4007.384,0.025136,0.046366,1.84461,274.815,148.983,0.4579,0.02782,0.02185,-2.098
bamboo,46,5,6624.493,0.014444,0.025562,1.76973,478.244,270.235,0.4349,0.00952,0.00747,-2.106
bamboo,46,6,9895.848,0.0090997,0.015405,1.69291,759.119,448.41,0.4093,0.00064,0.0005,-2.144
bamboo,46,7,13821.473,0.0060849,0.0098507,1.61888,1135.23,701.245,0.3823,0.00063,0.00049,-2.183
bamboo,46,8,18401.367,0.0042436,0.0065786,1.55024,1627.81,1050.03,0.3549,0.00025,0.0002,-1.938
bamboo,47,1,123.471,0.88509,1.7587,1.98703,7.80458,3.92776,0.4967,0.51989,0.40744,-2.117
bamboo,47,2,773.779,0.13925,0.27293,1.96000,49.6069,25.3096,0.4898,0.98737,0.7738,-2.117
bamboo,47,3,2166.602,0.048283,0.092057,1.90661,143.068,75.0378,0.4755,0.02674,0.02096,-2.115
bamboo,47,4,4245.675,0.023612,0.04338,1.83720,292.553,159.238,0.4557,0.02243,0.01758,-2.116
bamboo,47,5,7018.405,0.013532,0.02381,1.75953,510.476,290.12,0.4317,0.00612,0.0048,-2.110
bamboo,47,6,10484.284,0.0084989,0.014284,1.68069,812.782,483.601,0.4050,0.00259,0.00203,-2.116
bamboo,47,7,14643.338,0.0056651,0.0090943,1.60532,1219.35,759.57,0.3771,0.00266,0.00208,-2.136
bamboo,47,8,19495.566,0.0039381,0.0060491,1.53605,1754.08,1141.95,0.3490,0.00011,8e-05,-2.766
bamboo,48,1,130.813,0.83528,1.6595,1.98676,8.26999,4.16255,0.4967,0.53557,0.41879,-2.136
bamboo,48,2,819.790,0.13131,0.25711,1.95804,52.6065,26.8669,0.4893,0.98928,0.77357,-2.136
bamboo,48,3,2295.435,0.045451,0.086446,1.90196,151.982,79.9083,0.4742,0.03696,0.0289,-2.137
bamboo,48,4,4498.136,0.022175,0.040568,1.82945,311.511,170.276,0.4534,0.01405,0.01099,-2.134
bamboo,48,5,7435.741,0.012672,0.022165,1.74913,545.12,311.651,0.4283,0.00052,0.00041,-2.064
bamboo,48,6,11107.712,0.0079337,0.013235,1.66820,870.685,521.931,0.4006,0.00222,0.00174,-2.116
bamboo,48,7,15514.076,0.005271,0.0083893,1.59160,1310.52,823.401,0.3717,0.00051,0.0004,-2.110
bamboo,49,1,138.591,0.78826,1.5658,1.98640,8.7633,4.41165,0.4966,0.55199,0.43071,-2.155
bamboo,49,2,868.537,0.12381,0.24218,1.95606,55.7932,28.5232,0.4888,0.98916,0.77182,-2.155
bamboo,49,3,2431.929,0.042778,0.081154,1.89710,161.479,85.1191,0.4729,0.04493,0.03506,-2.154
bamboo,49,4,4765.610,0.020819,0.037921,1.82146,331.801,182.162,0.4510,0.00393,0.00307,-2.145
bamboo,49,5,7877.894,0.011862,0.02062,1.73832,582.343,335.003,0.4247,0.00495,0.00387,-2.138
bamboo,49,6,11768.213,0.0074023,0.012255,1.65557,933.19,563.668,0.3960,0.00013,0.0001,-2.279
bamboo,49,7,16436.592,0.0049012,0.0077328,1.57774,1409.4,893.306,0.3662,0.00228,0.00178,-2.150
bamboo,50,1,146.832,0.74389,1.4774,1.98605,9.28599,4.67562,0.4965,0.56918,0.44322,-2.173
bamboo,50,2,920.183,0.11673,0.22809,1.95400,59.1772,30.2852,0.4882,0.9867,0.76835,-2.173
bamboo,50,3,2576.539,0.040256,0.076165,1.89202,171.596,90.6946,0.4715,0.05033,0.03919,-2.173
bamboo,50,4,5048.987,0.019541,0.035429,1.81306,353.501,194.975,0.4485,0.00626,0.00488,-2.163
bamboo,50,5,8346.337,0.011099,0.019171,1.72727,622.376,360.323,0.4211,0.00781,0.00608,-2.175
bamboo,50,6,12467.985,0.0069027,0.011338,1.64255,1000.73,609.257,0.3912,0.00219,0.00171,-2.149
bamboo,50,7,17413.961,0.0045544,0.0071218,1.56372,1516.72,969.945,0.3605,0.00091,0.00071,-2.156
bamboo,51,1,155.563,0.702,1.3939,1.98561,9.84011,4.9557,0.4964,0.58715,0.45634,-2.189
bamboo,51,2,974.900,0.11005,0.2148,1.95184,62.7692,32.159,0.4877,0.98163,0.76294,-2.189
bamboo,51,3,2729.748,0.037876,0.07146,1.88668,182.378,96.666,0.4700,0.05292,0.04113,-2.189
bamboo,51,4,5349.216,0.018335,0.033086,1.80453,376.752,208.782,0.4458,0.01469,0.01142,-2.187
bamboo,51,5,8842.637,0.01038,0.017812,1.71599,665.487,387.815,0.4172,0.00662,0.00514,-2.198
bamboo,51,6,13209.371,0.0064331,0.010482,1.62939,1073.78,659.011,0.3863,0.00183,0.00142,-2.203
bamboo,51,7,18449.451,0.0042293,0.0065538,1.54962,1633.31,1054.01,0.3547,0.002,0.00156,-2.158
bamboo,52,1,164.814,0.66247,1.3152,1.98530,10.4273,5.25225,0.4963,0.60594,0.47011,-2.205
bamboo,52,2,1032.870,0.10374,0.20225,1.94959,66.5872,34.1545,0.4871,0.97361,0.75536,-2.205
bamboo,52,3,2892.067,0.035631,0.067025,1.88109,193.869,103.062,0.4684,0.05254,0.04076,-2.205
bamboo,52,4,5667.297,0.017199,0.030881,1.79551,401.637,223.689,0.4431,0.01967,0.01526,-2.205
bamboo,52,5,9368.447,0.0097041,0.016538,1.70423,711.839,417.69,0.4132,0.00195,0.00152,-2.164
bamboo,52,6,13994.842,0.0059921,0.009683,1.61596,1152.81,713.39,0.3812,0.00056,0.00043,-2.294
bamboo,52,7,19546.512,0.0039248,0.0060261,1.53539,1760.03,1146.31,0.3487,0.00076,0.00059,-2.199
bamboo,53,1,174.614,0.62515,1.2408,1.98480,11.0498,5.56718,0.4962,0.62555,0.48453,-2.219
bamboo,53,2,1094.288,0.097791,0.19041,1.94711,70.6379,36.2783,0.4864,0.9623,0.74536,-2.219
bamboo,53,3,3064.038,0.033512,0.062844,1.87527,206.128,109.919,0.4667,0.04917,0.03808,-2.220
bamboo,53,4,6004.292,0.016128,0.028808,1.78621,428.308,239.786,0.4402,0.02006,0.01554,-2.218
bamboo,53,5,9925.524,0.0090676,0.015345,1.69229,761.806,450.163,0.4091,0.00356,0.00275,-2.242
bamboo,53,6,14827.018,0.0055779,0.0089379,1.60238,1238.41,772.861,0.3759,0.0021,0.00163,-2.201
bamboo,54,1,184.997,0.58993,1.1707,1.98447,11.7094,5.90053,0.4961,0.64598,0.49961,-2.232
bamboo,54,2,1159.358,0.092174,0.17924,1.94458,74.9426,38.5391,0.4857,0.94733,0.73267,-2.232
bamboo,54,3,3246.235,0.031513,0.058904,1.86920,219.203,117.271,0.4650,0.04295,0.03322,-2.231
bamboo,54,4,6361.325,0.015118,0.026859,1.77662,456.923,257.186,0.4371,0.0157,0.01214,-2.234
bamboo,54,5,10515.726,0.0084687,0.014228,1.68007,815.681,485.504,0.4048,0.00653,0.00505,-2.232
bamboo,54,6,15708.678,0.0051892,0.0082437,1.58863,1331.18,837.944,0.3705,0.00084,0.00065,-2.227
bamboo,55,1,195.998,0.55669,1.1044,1.98387,12.4086,6.25476,0.4960,0.66722,0.51534,-2.244
bamboo,55,2,1228.297,0.086873,0.16869,1.94180,79.5156,40.9494,0.4850,0.92832,0.71699,-2.244
bamboo,55,3,3439.267,0.029628,0.05519,1.86276,233.15,125.163,0.4632,0.03421,0.02642,-2.244
bamboo,55,4,6739.590,0.014166,0.025028,1.76677,487.629,276.001,0.4340,0.00757,0.00585,-2.239
bamboo,55,5,11141.024,0.0079054,0.013183,1.66759,873.802,523.99,0.4003,0.00495,0.00383,-2.228
bamboo,55,6,16642.766,0.0048245,0.0075972,1.57471,1431.81,909.25,0.3650,0.00149,0.00115,-2.250
bamboo,56,1,207.652,0.52531,1.0419,1.98340,13.1499,6.62996,0.4958,0.68924,0.5317,-2.254
bamboo,56,2,1301.335,0.08187,0.15875,1.93905,84.3747,43.5134,0.4843,0.90489,0.69806,-2.254
bamboo,56,3,3643.776,0.027849,0.051691,1.85612,248.043,133.636,0.4612,0.02348,0.01812,-2.251
bamboo,56,4,7140.346,0.01327,0.023308,1.75644,520.554,296.368,0.4307,0.0022,0.0017,-2.239
bamboo,56,5,11803.503,0.0073756,0.012206,1.65492,936.569,565.931,0.3957,9e-05,7e-05,-2.183
bamboo,56,6,17632.395,0.0044825,0.0069957,1.56067,1541.05,987.429,0.3593,0.00146,0.00112,-2.303
bamboo,57,1,220.000,0.49569,0.98292,1.98293,13.9356,7.02779,0.4957,0.712,0.54867,-2.263
bamboo,57,2,1378.717,0.077147,0.14936,1.93604,89.5402,46.249,0.4835,0.8767,0.67559,-2.263
bamboo,57,3,3860.446,0.026171,0.048395,1.84918,263.947,142.737,0.4592,0.01152,0.00888,-2.261
bamboo,57,4,7564.934,0.012425,0.021694,1.74600,555.956,318.418,0.4272,0.01078,0.0083,-2.271
bamboo,57,5,12505.377,0.0068776,0.011292,1.64185,1004.38,611.739,0.3909,0.00476,0.00367,-2.259
bamboo,57,6,18680.873,0.0041619,0.0064366,1.54655,1659.76,1073.2,0.3534,0.00085,0.00066,-2.197
bamboo,58,1,233.082,0.46774,0.92723,1.98236,14.7684,7.44988,0.4956,0.73544,0.5662,-2.272
bamboo,58,2,1460.699,0.072691,0.1405,1.93284,95.029,49.1655,0.4826,0.84342,0.64933,-2.272
bamboo,58,3,4090.000,0.024588,0.045291,1.84200,280.94,152.519,0.4571,0.00075,0.00058,-2.233
bamboo,58,4,8014.768,0.011629,0.020178,1.73514,594.011,342.341,0.4237,0.01542,0.01187,-2.273
bamboo,58,5,13248.984,0.0064096,0.010439,1.62865,1077.72,661.726,0.3860,0.00518,0.00398,-2.289
bamboo,58,6,19791.693,0.0038616,0.0059173,1.53234,1788.83,1167.38,0.3474,0.00156,0.0012,-2.279
bamboo,59,1,246.942,0.44135,0.87466,1.98178,15.6514,7.89765,0.4954,0.75948,0.58424,-2.279
bamboo,59,2,1547.557,0.068484,0.13214,1.92950,100.867,52.276,0.4817,0.80479,0.61909,-2.279
bamboo,59,3,4333.204,0.023095,0.042367,1.83447,299.102,163.046,0.4549,0.01226,0.00943,-2.280
bamboo,59,4,8491.351,0.01088,0.018756,1.72390,634.904,368.296,0.4199,0.01446,0.01112,-2.281
bamboo,59,5,14036.810,0.00597,0.0096431,1.61526,1157.08,716.342,0.3809,0.00094,0.00072,-2.316
bamboo,60,1,261.626,0.41645,0.82505,1.98115,16.5872,8.37253,0.4952,0.78403,0.60271,-2.284
bamboo,60,2,1639.579,0.064515,0.12426,1.92606,107.072,55.5911,0.4808,0.76061,0.58471,-2.284
bamboo,60,3,4590.870,0.021687,0.039614,1.82662,318.521,174.377,0.4526,0.02189,0.01683,-2.283
bamboo,60,4,8996.272,0.010174,0.017424,1.71260,678.962,396.451,0.4161,0.00814,0.00626,-2.281
bamboo,60,5,14871.481,0.0055572,0.0089007,1.60165,1243.03,776.091,0.3757,0.00392,0.00302,-2.266
bamboo,61,1,277.183,0.39294,0.77822,1.98051,17.5797,8.87635,0.4951,0.80899,0.62154,-2.289
bamboo,61,2,1737.074,0.060769,0.11682,1.92236,113.672,59.1316,0.4798,0.7108,0.54611,-2.289
bamboo,61,3,4863.857,0.020359,0.037023,1.81851,339.297,186.58,0.4501,0.02861,0.02198,-2.290
bamboo,61,4,9531.220,0.0095102,0.016174,1.70070,726.352,427.09,0.4120,0.0011,0.00085,-2.239
bamboo,61,5,15755.788,0.0051697,0.008209,1.58791,1336.2,841.486,0.3702,0.00443,0.0034,-2.298
bamboo,62,1,293.665,0.37075,0.73402,1.97982,18.6318,9.41085,0.4949,0.83422,0.64062,-2.294
bamboo,62,2,1840.366,0.057233,0.1098,1.91847,120.695,62.9122,0.4788,0.65542,0.50332,-2.294
bamboo,62,3,5153.077,0.019107,0.034585,1.81007,361.53,199.733,0.4475,0.03159,0.02426,-2.293
bamboo,62,4,10097.974,0.0088852,0.015004,1.68865,777.445,460.394,0.4078,0.00933,0.00717,-2.287
bamboo,62,5,16692.674,0.0048062,0.0075649,1.57399,1437.26,913.132,0.3647,1e-05,1e-05,+0.000
bamboo,63,1,311.127,0.34981,0.6923,1.97907,19.7472,9.97798,0.4947,0.85959,0.65985,-2.297
bamboo,63,2,1949.800,0.053897,0.10319,1.91458,128.166,66.9421,0.4777,0.59467,0.45649,-2.297
bamboo,63,3,5459.495,0.017926,0.032291,1.80135,385.348,213.922,0.4449,0.0304,0.02334,-2.295
bamboo,63,4,10698.432,0.0082971,0.013909,1.67637,832.551,496.639,0.4035,0.0127,0.00975,-2.296
bamboo,63,5,17685.273,0.0044653,0.0069657,1.55996,1546.99,991.681,0.3590,0.00411,0.00315,-2.311
bamboo,64,1,329.628,0.33005,0.65292,1.97825,20.9294,10.5798,0.4945,0.88494,0.67912,-2.299
bamboo,64,2,2065.741,0.050748,0.096942,1.91026,136.119,71.2566,0.4765,0.52896,0.40594,-2.299
bamboo,64,3,5784.134,0.016813,0.030134,1.79230,410.858,229.235,0.4420,0.02512,0.01928,-2.298
bamboo,64,4,11334.594,0.0077439,0.012885,1.66389,892.025,536.108,0.3990,0.00945,0.00725,-2.302
bamboo,64,5,18736.895,0.0041458,0.0064087,1.54583,1666.21,1077.87,0.3531,0.00273,0.0021,-2.279
bamboo,65,1,349.228,0.31139,0.61576,1.97746,22.1836,11.2183,0.4943,0.91014,0.69832,-2.301
bamboo,65,2,2188.576,0.047777,0.091053,1.90579,144.583,75.8652,0.4753,0.45892,0.35211,-2.301
bamboo,65,3,6128.076,0.015764,0.028106,1.78292,438.198,245.775,0.4391,0.01644,0.01262,-2.297
bamboo,65,4,12008.583,0.0072238,0.011927,1.65107,956.249,579.17,0.3943,0.00127,0.00097,-2.341
bamboo,65,5,19851.049,0.0038466,0.0058914,1.53159,1795.81,1172.52,0.3471,0.00223,0.00171,-2.306
bamboo,66,1,369.994,0.29378,0.58068,1.97658,23.5134,11.896,0.4941,0.93507,0.71735,-2.302
bamboo,66,2,2318.716,0.044973,0.085499,1.90112,153.598,80.7934,0.4740,0.38538,0.29565,-2.302
bamboo,66,3,6492.470,0.014775,0.026199,1.77320,467.53,263.665,0.4360,0.00567,0.00435,-2.302
bamboo,66,4,12722.650,0.006735,0.011032,1.63801,1025.65,626.156,0.3895,0.00713,0.00547,-2.302
bamboo,67,1,391.995,0.27716,0.54757,1.97565,24.9233,12.6153,0.4938,0.95964,0.73616,-2.303
bamboo,67,2,2456.594,0.042327,0.080261,1.89621,163.2,86.0661,0.4726,0.30943,0.23737,-2.303
bamboo,67,3,6878.533,0.013844,0.024408,1.76307,498.971,283.012,0.4328,0.0054,0.00414,-2.308
bamboo,67,4,13479.178,0.0062756,0.010196,1.62471,1100.73,677.497,0.3845,0.01047,0.00803,-2.305
bamboo,68,1,415.305,0.26147,0.51632,1.97468,26.4189,13.3788,0.4936,0.9838,0.7547,-2.303
bamboo,68,2,2602.670,0.03983,0.075323,1.89111,173.431,91.7084,0.4712,0.23236,0.17825,-2.303
bamboo,68,3,7287.551,0.012966,0.022726,1.75274,532.759,303.958,0.4295,0.01475,0.01132,-2.299
bamboo,68,4,14280.691,0.0058441,0.0094162,1.61123,1182,733.603,0.3794,0.0065,0.00499,-2.296
bamboo,69,1,440.000,0.24666,0.48683,1.97369,28.0052,14.1893,0.4933,1.00755,0.77299,-2.302
bamboo,69,2,2757.433,0.037475,0.070666,1.88568,184.33,97.7522,0.4697,0.15566,0.11942,-2.302
bamboo,69,3,7720.893,0.012138,0.021147,1.74221,569.102,326.654,0.4260,0.02053,0.01575,-2.302
bamboo,69,4,15129.867,0.005439,0.0086893,1.59759,1270.04,794.973,0.3741,0.00192,0.00147,-2.320
bamboo,70,1,466.164,0.23269,0.45899,1.97254,29.6865,15.0499,0.4930,1.03096,0.79106,-2.301
bamboo,70,2,2921.399,0.035252,0.066277,1.88009,195.954,104.226,0.4681,0.08096,0.06212,-2.301
bamboo,70,3,8180.001,0.011359,0.019665,1.73123,608.131,351.272,0.4224,0.02148,0.01648,-2.302
bamboo,70,4,16029.537,0.0050589,0.0080121,1.58376,1365.47,862.165,0.3686,0.00821,0.0063,-2.300
bamboo,71,1,493.883,0.21949,0.43271,1.97143,31.4718,15.9639,0.4927,1.05414,0.809,-2.299
bamboo,71,2,3095.114,0.033155,0.062139,1.87420,208.347,111.166,0.4664,0.00998,0.00766,-2.298
bamboo,71,3,8666.408,0.010626,0.018276,1.71993,650.08,377.969,0.4186,0.01735,0.01331,-2.302
bamboo,71,4,16982.701,0.0047022,0.0073817,1.56984,1469.05,935.795,0.3630,0.00714,0.00548,-2.298
bamboo,72,1,523.251,0.20704,0.40792,1.97025,33.3643,16.9341,0.4924,1.07723,0.82691,-2.297
bamboo,72,2,3279.159,0.031176,0.058239,1.86807,221.573,118.61,0.4647,0.05549,0.04259,-2.298
bamboo,72,3,9181.739,0.0099352,0.016973,1.70837,695.281,406.985,0.4146,0.00913,0.00701,-2.295
bamboo,72,4,17992.545,0.0043679,0.0067953,1.55574,1581.48,1016.55,0.3572,0.00028,0.00021,-2.499
bamboo,73,1,554.365,0.19529,0.38451,1.96892,35.3718,17.9651,0.4921,1.10039,0.84492,-2.295
bamboo,73,2,3474.148,0.029309,0.054564,1.86168,235.687,126.599,0.4628,0.11367,0.08728,-2.295
bamboo,73,3,9727.715,0.0092851,0.015752,1.69648,743.961,438.532,0.4106,0.00099,0.00076,-2.296
bamboo,73,4,19062.439,0.0040545,0.0062504,1.54160,1703.73,1105.17,0.3513,0.00685,0.00526,-2.294
bamboo,74,1,587.330,0.1842,0.36242,1.96754,37.5014,19.0601,0.4918,1.12382,0.86318,-2.292
bamboo,74,2,3680.731,0.027549,0.051101,1.85491,250.744,135.178,0.4609,0.16288,0.1251,-2.292
bamboo,74,3,10306.154,0.0086733,0.014609,1.68436,796.439,472.842,0.4063,0.01012,0.00778,-2.284
bamboo,75,1,622.254,0.17373,0.34157,1.96610,39.7614,20.2235,0.4914,1.14771,0.8818,-2.289
bamboo,75,2,3899.599,0.025887,0.047839,1.84799,266.843,144.396,0.4589,0.20154,0.15484,-2.290
bamboo,75,3,10918.990,0.0080978,0.013539,1.67194,853.041,510.212,0.4019,0.01543,0.01185,-2.293
bamboo,76,1,659.255,0.16385,0.32189,1.96454,42.159,21.46,0.4910,1.17219,0.90091,-2.286
bamboo,76,2,4131.482,0.024321,0.044767,1.84067,284.024,154.305,0.4567,0.22831,0.17547,-2.286
bamboo,76,3,11568.268,0.0075565,0.012539,1.65937,914.147,550.902,0.3973,0.01511,0.01161,-2.289
bamboo,77,1,698.456,0.15452,0.30332,1.96298,44.7046,22.7738,0.4906,1.19737,0.92057,-2.283
bamboo,77,2,4377.152,0.022843,0.041874,1.83312,302.401,164.965,0.4545,0.24214,0.18617,-2.283
bamboo,77,3,12256.152,0.0070477,0.011603,1.64635,980.143,595.342,0.3926,0.00926,0.00712,-2.283
bamboo,78,1,739.989,0.14572,0.2858,1.96130,47.4043,24.1699,0.4901,1.22329,0.94082,-2.280
bamboo,78,2,4637.431,0.021449,0.03915,1.82526,322.055,176.443,0.4521,0.24243,0.18645,-2.280
bamboo,78,3,12984.940,0.0065694,0.01073,1.63333,1051.5,643.78,0.3877,0.00011,9e-05,-1.743
bamboo,79,1,783.991,0.13741,0.26925,1.95946,50.2711,25.6555,0.4897,1.24992,0.96163,-2.277
bamboo,79,2,4913.187,0.020135,0.036586,1.81704,343.072,188.809,0.4497,0.22907,0.17624,-2.277
bamboo,79,3,13757.065,0.0061201,0.0099142,1.61994,1128.7,696.754,0.3827,0.00848,0.00653,-2.270
bamboo,80,1,830.609,0.12957,0.25364,1.95755,53.3129,27.2345,0.4892,1.27717,0.98293,-2.275
bamboo,80,2,5205.340,0.018896,0.034174,1.80853,365.567,202.135,0.4471,0.20269,0.156,-2.274
bamboo,80,3,14575.103,0.0056981,0.0091535,1.60641,1212.29,754.657,0.3775,0.0126,0.0097,-2.272
bamboo,81,1,880.000,0.12216,0.23891,1.95571,56.5468,28.9136,0.4887,1.3049,1.00463,-2.271
bamboo,81,2,5514.867,0.017727,0.031905,1.79980,389.674,216.51,0.4444,0.16469,0.12679,-2.272
bamboo,81,3,15441.785,0.0053019,0.0084445,1.59273,1302.88,818.018,0.3721,0.01017,0.00783,-2.271
bamboo,82,1,932.328,0.11518,0.22501,1.95355,59.9736,30.6998,0.4881,1.33296,1.02662,-2.268
bamboo,82,2,5842.798,0.016626,0.02977,1.79057,415.479,232.037,0.4415,0.11735,0.09038,-2.268
bamboo,82,3,16360.002,0.0049302,0.0077841,1.57886,1401.11,887.419,0.3666,0.00243,0.00187,-2.275
bamboo,83,1,987.767,0.10858,0.21188,1.95137,63.619,32.6022,0.4875,1.36119,1.04881,-2.264
bamboo,83,2,6190.228,0.015587,0.027764,1.78123,443.174,248.803,0.4386,0.06389,0.04923,-2.264
bamboo,83,3,17332.816,0.0045816,0.0071696,1.56487,1507.72,963.478,0.3610,0.00623,0.0048,-2.265
bamboo,84,1,1046.502,0.10236,0.1995,1.94900,67.4849,34.6253,0.4869,1.38952,1.07112,-2.261
bamboo,84,2,6558.318,0.014609,0.025878,1.77137,472.842,266.935,0.4355,0.00833,0.00642,-2.262
bamboo,84,3,18363.479,0.0042548,0.0065982,1.55077,1623.52,1046.92,0.3552,0.01047,0.00807,-2.261
bamboo,85,1,1108.731,0.096488,0.18782,1.94656,71.5919,36.7786,0.4863,1.41792,1.09356,-2.256
bamboo,85,2,6948.297,0.013686,0.024107,1.76144,504.731,286.546,0.4323,0.0447,0.03448,-2.255
bamboo,85,3,19455.430,0.0039486,0.0060673,1.53657,1749.42,1138.52,0.3492,0.00741,0.00572,-2.248
bamboo,86,1,1174.659,0.090944,0.17679,1.94394,75.9561,39.0732,0.4856,1.44646,1.11616,-2.252
bamboo,86,2,7361.463,0.012818,0.022443,1.75090,538.911,307.791,0.4289,0.09034,0.06971,-2.252
bamboo,87,1,1244.508,0.085712,0.16638,1.94115,80.5926,41.5179,0.4849,1.47521,1.139,-2.247
bamboo,87,2,7799.199,0.011999,0.020881,1.74023,575.694,330.815,0.4254,0.12393,0.09569,-2.246
bamboo,88,1,1318.510,0.080773,0.15657,1.93840,85.5206,44.1193,0.4841,1.50428,1.16213,-2.241
bamboo,88,2,8262.964,0.011228,0.019416,1.72925,615.226,355.776,0.4217,0.14163,0.10941,-2.242
bamboo,89,1,1396.913,0.076113,0.1473,1.93528,90.7566,46.8958,0.4833,1.53369,1.18557,-2.236
bamboo,89,2,8754.305,0.010502,0.018042,1.71796,657.756,382.871,0.4179,0.14098,0.10898,-2.236
bamboo,90,1,1479.978,0.071714,0.13856,1.93212,96.3237,49.8539,0.4824,1.56337,1.20927,-2.231
bamboo,90,2,9274.862,0.0098187,0.016754,1.70634,703.531,412.305,0.4139,0.12159,0.09405,-2.231
bamboo,91,1,1567.982,0.067563,0.13031,1.92872,102.242,53.0102,0.4815,1.59317,1.23313,-2.225
bamboo,91,2,9826.375,0.0091755,0.015547,1.69440,752.848,444.314,0.4098,0.08553,0.0662,-2.225
bamboo,92,1,1661.219,0.063645,0.12253,1.92521,108.536,56.376,0.4806,1.62287,1.257,-2.219
bamboo,92,2,10410.681,0.0085702,0.014417,1.68222,806.02,479.14,0.4056,0.03765,0.02916,-2.220
bamboo,93,1,1760.000,0.059948,0.11519,1.92150,115.229,59.9684,0.4796,1.6523,1.28076,-2.212
bamboo,93,2,11029.733,0.0080008,0.01336,1.66983,863.383,517.048,0.4011,0.0147,0.0114,-2.208
bamboo,94,1,1864.655,0.056459,0.10827,1.91767,122.35,63.8012,0.4785,1.68138,1.30434,-2.206
bamboo,94,2,11685.595,0.0074653,0.012371,1.65713,925.315,558.383,0.3965,0.06247,0.04846,-2.206
bamboo,95,1,1975.533,0.053166,0.10174,1.91363,129.928,67.8962,0.4774,1.7101,1.32774,-2.198
bamboo,95,2,12380.457,0.0069619,0.011446,1.64409,992.223,603.508,0.3918,0.09633,0.07479,-2.198
bamboo,96,1,2093.004,0.050058,0.095574,1.90927,137.995,72.2765,0.4762,1.73848,1.35097,-2.190
bamboo,96,2,13116.636,0.0064889,0.010583,1.63094,1064.55,652.722,0.3869,0.10862,0.08441,-2.190
bamboo,97,1,2217.461,0.047126,0.089763,1.90474,146.581,76.9555,0.4750,1.76643,1.37394,-2.183
bamboo,97,2,13896.592,0.0060444,0.0097775,1.61761,1142.84,706.495,0.3818,0.09548,0.07426,-2.183
bamboo,98,1,2349.318,0.044359,0.084283,1.90002,155.724,81.9591,0.4737,1.79372,1.3965,-2.174
bamboo,98,2,14722.929,0.005627,0.009026,1.60405,1227.61,765.317,0.3766,0.05868,0.04568,-2.175
bamboo,99,1,2489.016,0.041747,0.079115,1.89511,165.467,87.3128,0.4723,1.82001,1.4184,-2.166
bamboo,99,2,15598.397,0.0052353,0.0083257,1.59030,1319.46,829.691,0.3712,0.00648,0.00505,-2.166
bamboo,100,1,2637.020,0.039283,0.074242,1.88993,175.846,93.0438,0.4709,1.84502,1.43944,-2.156
bamboo,100,2,16525.926,0.0048677,0.0076736,1.57643,1419.1,900.197,0.3657,0.04718,0.03681,-2.156
bamboo,101,1,2793.826,0.036959,0.069647,1.88444,186.903,99.1824,0.4693,1.86858,1.45947,-2.146
bamboo,101,2,17508.609,0.004523,0.0070668,1.56241,1527.25,977.494,0.3600,0.08574,0.06697,-2.146
bamboo,102,1,2959.955,0.034765,0.065316,1.87879,198.699,105.759,0.4677,1.89057,1.47839,-2.136
bamboo,102,2,18549.725,0.0041999,0.0065026,1.54827,1644.74,1062.31,0.3541,0.09498,0.07427,-2.136
bamboo,103,1,3135.963,0.032695,0.061233,1.87286,211.279,112.811,0.4661,1.88947,1.49598,-2.028
bamboo,103,2,19652.748,0.0038972,0.0059786,1.53408,1772.49,1155.41,0.3481,0.06815,0.05396,-2.028
bamboo,104,1,3322.438,0.030743,0.057386,1.86664,224.694,120.374,0.4643,1.76646,1.51184,-1.352
bamboo,105,1,3520.000,0.028901,0.05376,1.86014,239.014,128.492,0.4624,1.6394,1.52556,-0.625
bamboo,106,1,3729.310,0.027163,0.050344,1.85340,254.308,137.211,0.4604,1.50873,1.50873,+0.000
bamboo,107,1,3951.067,0.025524,0.047126,1.84634,270.638,146.581,0.4584,1.37502,1.37502,+0.000
bamboo,108,1,4186.009,0.023978,0.044095,1.83898,288.087,156.656,0.4562,1.23892,1.23892,+0.000
wood_birch,21,1,27.500,2.846,5.67,1.99227,2.42718,1.2183,0.4981,0.31288,0.254,-1.811
wood_birch,21,2,172.340,0.4527,0.89907,1.98602,15.259,7.68322,0.4965,0.78789,0.63964,-1.811
wood_birch,21,3,482.556,0.16059,0.31683,1.97291,43.0149,21.8027,0.4931,0.28203,0.22896,-1.811
wood_birch,21,4,945.617,0.081135,0.15854,1.95403,85.139,43.5711,0.4882,0.13383,0.10865,-1.810
wood_birch,21,5,1563.172,0.048438,0.093482,1.92993,142.61,73.894,0.4818,0.04313,0.03501,-1.812
wood_birch,21,6,2335.109,0.031904,0.060663,1.90142,216.517,113.871,0.4741,0.01157,0.00939,-1.813
wood_birch,21,7,3261.433,0.022409,0.041894,1.86952,308.258,164.886,0.4651,0.01231,0.01,-1.805
wood_birch,21,8,4342.144,0.016468,0.030218,1.83495,419.465,228.597,0.4550,0.00076,0.00062,-1.768
wood_birch,21,9,5577.243,0.012511,0.022505,1.79882,552.135,306.943,0.4440,0.00336,0.00273,-1.804
wood_birch,21,10,6966.729,0.0097513,0.017177,1.76151,708.393,402.151,0.4323,8e-05,6e-05,-2.499
wood_birch,21,11,8510.604,0.0077547,0.01337,1.72412,890.783,516.661,0.4200,0.00088,0.00071,-1.864
wood_birch,21,12,10208.862,0.006268,0.010573,1.68682,1102.07,653.339,0.4072,0.00024,0.0002,-1.584
wood_birch,22,1,29.135,2.6862,5.3514,1.99218,2.57157,1.29083,0.4980,0.31943,0.25903,-1.821
wood_birch,22,2,182.587,0.4272,0.84823,1.98556,16.1698,8.14373,0.4964,0.80176,0.65016,-1.820
wood_birch,22,3,511.250,0.15148,0.29868,1.97175,45.6018,23.1276,0.4928,0.27974,0.22685,-1.820
wood_birch,22,4,1001.846,0.076488,0.14929,1.95181,90.3116,46.2707,0.4876,0.11385,0.09233,-1.820
wood_birch,22,5,1656.123,0.04563,0.087901,1.92639,151.386,78.5856,0.4809,0.04251,0.03447,-1.821
wood_birch,22,6,2473.961,0.030026,0.056944,1.89649,230.059,121.308,0.4727,0.01237,0.01003,-1.821
wood_birch,22,7,3455.367,0.021068,0.039251,1.86306,327.879,175.989,0.4633,0.0109,0.00884,-1.819
wood_birch,22,8,4600.341,0.015463,0.028254,1.82720,446.728,244.488,0.4527,6e-05,5e-05,-1.584
wood_birch,22,9,5908.883,0.011733,0.020997,1.78957,588.746,328.988,0.4412,0.00417,0.00338,-1.824
wood_birch,22,10,7380.992,0.0091321,0.015991,1.75108,756.426,431.978,0.4289,0.00047,0.00038,-1.846
wood_birch,22,11,9016.670,0.0072516,0.012419,1.71259,952.584,556.225,0.4161,0.00116,0.00094,-1.827
wood_birch,22,12,10815.912,0.0058525,0.0098002,1.67453,1180.31,704.859,0.4028,0.00066,0.00054,-1.743
wood_birch,23,1,30.868,2.5353,5.0507,1.99215,2.72463,1.36768,0.4980,0.32619,0.2642,-1.831
wood_birch,23,2,193.445,0.40312,0.80025,1.98514,17.1357,8.632,0.4963,0.81581,0.66077,-1.831
wood_birch,23,3,541.651,0.14289,0.28155,1.97040,48.3432,24.5347,0.4925,0.27679,0.22419,-1.831
wood_birch,23,4,1061.419,0.072103,0.14056,1.94943,95.804,49.1445,0.4870,0.09353,0.07575,-1.831
wood_birch,23,5,1754.601,0.042979,0.082635,1.92268,160.724,83.5936,0.4799,0.0395,0.03199,-1.832
wood_birch,23,6,2621.071,0.028254,0.053438,1.89134,244.488,129.267,0.4713,0.01155,0.00935,-1.835
wood_birch,23,7,3660.835,0.019802,0.036761,1.85643,348.841,187.91,0.4613,0.00694,0.00562,-1.832
wood_birch,23,8,4873.892,0.014516,0.026405,1.81903,475.872,261.608,0.4502,0.00061,0.0005,-1.727
wood_birch,23,9,6260.245,0.011,0.019579,1.77991,627.978,352.814,0.4382,0.00207,0.00168,-1.813
wood_birch,23,10,7819.890,0.0085487,0.014878,1.74038,808.047,464.293,0.4254,0.00049,0.0004,-1.763
wood_birch,23,11,9552.831,0.0067781,0.011528,1.70077,1019.13,599.215,0.4120,0.00132,0.00107,-1.824
wood_birch,23,12,11459.062,0.0054618,0.0090769,1.66189,1264.74,761.026,0.3983,0.00019,0.00015,-2.053
wood_birch,24,1,32.703,2.3929,4.7668,1.99206,2.88677,1.44914,0.4980,0.33317,0.26952,-1.841
wood_birch,24,2,204.947,0.3804,0.75496,1.98465,18.1592,9.14983,0.4961,0.83004,0.67146,-1.842
wood_birch,24,3,573.859,0.13477,0.26538,1.96913,51.2559,26.0297,0.4922,0.27314,0.22095,-1.842
wood_birch,24,4,1124.534,0.067965,0.13232,1.94688,101.637,52.2049,0.4864,0.0731,0.05914,-1.841
wood_birch,24,5,1858.935,0.040478,0.077668,1.91877,170.655,88.9395,0.4788,0.0343,0.02774,-1.844
wood_birch,24,6,2776.928,0.026583,0.050132,1.88587,259.856,137.791,0.4698,0.0092,0.00745,-1.833
wood_birch,24,7,3878.519,0.018609,0.034416,1.84943,371.205,200.713,0.4593,0.00146,0.00118,-1.849
wood_birch,24,8,5163.708,0.013623,0.024665,1.81054,507.066,280.063,0.4477,0.00095,0.00077,-1.825
wood_birch,24,9,6632.497,0.010308,0.018247,1.77018,670.135,378.569,0.4351,0.00137,0.00111,-1.828
wood_birch,24,10,8284.883,0.0079993,0.013833,1.72928,863.545,499.368,0.4217,3e-05,2e-05,-3.522
wood_birch,24,11,10120.870,0.0063324,0.010694,1.68878,1090.86,645.947,0.4078,0.00057,0.00046,-1.862
wood_birch,24,12,12140.451,0.0050944,0.0084008,1.64903,1355.95,822.273,0.3936,0.00062,0.0005,-1.868
wood_birch,25,1,34.648,2.2585,4.4989,1.99199,3.05856,1.53543,0.4980,0.34037,0.27498,-1.853
wood_birch,25,2,217.134,0.35896,0.71221,1.98409,19.2438,9.69904,0.4960,0.84444,0.6822,-1.853
wood_birch,25,3,607.982,0.12711,0.25012,1.96774,54.3447,27.6178,0.4918,0.26872,0.21709,-1.853
wood_birch,25,4,1191.402,0.064058,0.12455,1.94433,107.836,55.4617,0.4857,0.05286,0.0427,-1.854
wood_birch,25,5,1969.473,0.038117,0.072983,1.91471,181.225,94.6488,0.4777,0.02722,0.02199,-1.853
wood_birch,25,6,2942.053,0.025005,0.047016,1.88026,276.255,146.923,0.4682,0.00569,0.00459,-1.866
wood_birch,25,7,4109.148,0.017483,0.032207,1.84219,395.113,214.48,0.4572,0.00401,0.00324,-1.852
wood_birch,25,8,5470.758,0.012782,0.023029,1.80167,540.428,299.959,0.4450,0.00079,0.00064,-1.829
wood_birch,25,9,7026.886,0.0096568,0.016996,1.76000,715.325,406.434,0.4318,0.00344,0.00278,-1.850
wood_birch,25,10,8777.528,0.0074819,0.012854,1.71801,923.262,537.401,0.4179,0.00047,0.00038,-1.846
wood_birch,25,11,10722.688,0.0059132,0.0099129,1.67640,1168.19,696.845,0.4035,0.00134,0.00108,-1.874
wood_birch,25,12,12862.360,0.0047491,0.0077691,1.63591,1454.54,889.132,0.3887,1e-05,1e-05,+0.000
wood_birch,26,1,36.708,2.1317,4.246,1.99184,3.24049,1.62689,0.4980,0.34782,0.2806,-1.865
wood_birch,26,2,230.046,0.33871,0.67186,1.98358,20.3943,10.2815,0.4959,0.85901,0.69298,-1.866
wood_birch,26,3,644.135,0.11989,0.23572,1.96614,57.6174,29.3049,0.4914,0.26349,0.21256,-1.866
wood_birch,26,4,1262.247,0.060372,0.11721,1.94146,114.42,58.9349,0.4849,0.03313,0.02673,-1.864
wood_birch,26,5,2086.584,0.03589,0.068564,1.91039,192.47,100.749,0.4766,0.01874,0.01512,-1.864
wood_birch,26,6,3116.997,0.023517,0.044079,1.87435,293.735,156.713,0.4665,0.00153,0.00123,-1.896
wood_birch,26,7,4353.491,0.016421,0.030126,1.83460,420.666,229.295,0.4549,0.00782,0.00631,-1.864
wood_birch,26,8,5796.067,0.011988,0.02149,1.79263,576.222,321.44,0.4422,0.00022,0.00018,-1.743
wood_birch,26,9,7444.727,0.009043,0.015821,1.74953,763.879,436.619,0.4284,0.00243,0.00196,-1.867
wood_birch,26,10,9299.469,0.0069949,0.011936,1.70639,987.542,578.733,0.4139,0.00028,0.00023,-1.709
wood_birch,26,11,11360.294,0.0055188,0.0091823,1.66382,1251.68,752.29,0.3990,0.00031,0.00025,-1.868
wood_birch,26,12,13627.197,0.0044247,0.0071794,1.62257,1561.18,962.163,0.3837,0.00054,0.00044,-1.779
wood_birch,27,1,38.891,2.0119,4.0073,1.99180,3.43345,1.72379,0.4979,0.35553,0.28637,-1.879
wood_birch,27,2,243.725,0.31961,0.63378,1.98298,21.6131,10.8993,0.4957,0.87374,0.70379,-1.879
wood_birch,27,3,682.437,0.11306,0.22213,1.96471,61.0981,31.0978,0.4910,0.25741,0.20734,-1.879
wood_birch,27,4,1337.304,0.056892,0.11029,1.93859,121.419,62.6327,0.4842,0.01428,0.0115,-1.881
wood_birch,27,5,2210.659,0.033787,0.064395,1.90591,204.45,107.272,0.4753,0.00947,0.00763,-1.877
wood_birch,27,6,3302.343,0.022113,0.04131,1.86813,312.384,167.218,0.4647,0.00257,0.00207,-1.879
wood_birch,27,7,4612.363,0.015419,0.028168,1.82684,448.003,245.234,0.4526,0.00875,0.00705,-1.876
wood_birch,27,8,6140.719,0.01124,0.020043,1.78319,614.569,344.647,0.4392,0.00042,0.00034,-1.835
wood_birch,27,9,7887.413,0.0084648,0.014718,1.73873,816.056,469.341,0.4249,0.0007,0.00057,-1.784
wood_birch,27,10,9852.442,0.0065364,0.011075,1.69436,1056.81,623.725,0.4098,0.00027,0.00022,-1.779
wood_birch,27,11,12035.812,0.005148,0.0084992,1.65097,1341.83,812.754,0.3943,0.0012,0.00097,-1.848
wood_birch,27,12,14437.512,0.00412,0.0066293,1.60905,1676.64,1042,0.3785,0.0003,0.00024,-1.938
wood_birch,28,1,41.203,1.8989,3.782,1.99168,3.63777,1.82648,0.4979,0.36352,0.29232,-1.893
wood_birch,28,2,258.218,0.30158,0.59783,1.98233,22.9052,11.5547,0.4955,0.88863,0.7146,-1.893
wood_birch,28,3,723.017,0.10662,0.2093,1.96305,64.7885,33.0041,0.4906,0.25042,0.20138,-1.893
wood_birch,28,4,1416.824,0.053608,0.10376,1.93553,128.857,66.5744,0.4833,0.00331,0.00266,-1.899
wood_birch,28,5,2342.112,0.031804,0.060464,1.90114,217.198,114.246,0.4740,0.00013,0.0001,-2.279
wood_birch,28,6,3498.710,0.020789,0.038701,1.86161,332.279,178.49,0.4628,0.00588,0.00473,-1.890
wood_birch,28,7,4886.628,0.014475,0.026324,1.81858,477.22,262.413,0.4501,0.00648,0.00521,-1.895
wood_birch,28,8,6505.864,0.010534,0.018683,1.77359,655.758,369.735,0.4361,0.00076,0.00061,-1.910
wood_birch,28,9,8356.423,0.0079203,0.013684,1.72771,872.158,504.805,0.4212,0.00288,0.00232,-1.878
wood_birch,28,10,10438.299,0.0061051,0.01027,1.68220,1131.47,672.615,0.4055,0.00038,0.00031,-1.768
wood_birch,28,11,12751.497,0.0047995,0.007861,1.63788,1439.27,878.737,0.3895,0.00038,0.0003,-2.053
wood_birch,28,12,15296.010,0.0038339,0.0061165,1.59537,1801.76,1129.36,0.3732,0.00027,0.00022,-1.779
wood_birch,29,1,43.654,1.7923,3.5694,1.99152,3.85413,1.93527,0.4979,0.3718,0.29846,-1.908
wood_birch,29,2,273.572,0.28455,0.5639,1.98173,24.2761,12.25,0.4954,0.90366,0.7254,-1.909
wood_birch,29,3,766.010,0.10055,0.1972,1.96121,68.6997,35.0292,0.4901,0.24249,0.19465,-1.909
wood_birch,29,4,1501.073,0.050509,0.097597,1.93227,136.763,70.7784,0.4825,0.01923,0.01544,-1.907
wood_birch,29,5,2481.381,0.029932,0.056757,1.89620,230.782,121.708,0.4726,0.0085,0.00683,-1.900
wood_birch,29,6,3706.754,0.019539,0.036243,1.85491,353.537,190.596,0.4609,0.00776,0.00623,-1.907
wood_birch,29,7,5177.202,0.013584,0.024589,1.81014,508.521,280.929,0.4475,0.00189,0.00152,-1.892
wood_birch,29,8,6892.724,0.0098699,0.017405,1.76344,699.881,396.883,0.4329,0.00056,0.00045,-1.900
wood_birch,29,9,8853.322,0.0074076,0.012713,1.71621,932.523,543.362,0.4173,0.00185,0.00149,-1.880
wood_birch,29,10,11058.993,0.0056993,0.0095162,1.66971,1212.04,725.894,0.4011,0.0001,8e-05,-1.938
wood_birch,29,11,13509.742,0.004472,0.0072652,1.62460,1544.67,950.8,0.3845,0.00099,0.0008,-1.851
wood_birch,29,12,16205.560,0.0035655,0.0056389,1.58152,1937.39,1225.02,0.3677,0.00047,0.00038,-1.846
wood_birch,30,1,46.249,1.6916,3.3686,1.99137,4.08356,2.05063,0.4979,0.38041,0.3048,-1.925
wood_birch,30,2,289.839,0.26849,0.53188,1.98100,25.7282,12.9874,0.4952,0.91882,0.73618,-1.925
wood_birch,30,3,811.559,0.09481,0.18577,1.95939,72.8589,37.1844,0.4896,0.23357,0.18714,-1.925
wood_birch,30,4,1590.331,0.047584,0.091783,1.92886,145.17,75.2618,0.4816,0.03308,0.0265,-1.926
wood_birch,30,5,2628.932,0.028165,0.053262,1.89107,245.26,129.694,0.4712,0.01564,0.01253,-1.926
wood_birch,30,6,3927.169,0.01836,0.033928,1.84793,376.239,203.6,0.4588,0.00781,0.00625,-1.935
wood_birch,30,7,5485.055,0.012745,0.022957,1.80126,541.997,300.9,0.4449,0.00313,0.00251,-1.917
wood_birch,30,8,7302.586,0.0092438,0.016205,1.75307,747.285,426.273,0.4296,2e-05,1e-05,-6.021
wood_birch,30,9,9379.768,0.0069249,0.011804,1.70457,997.524,585.205,0.4133,0.00116,0.00093,-1.920
wood_birch,30,10,11716.595,0.0053177,0.0088113,1.65698,1299.01,783.965,0.3965,0.00037,0.0003,-1.822
wood_birch,30,11,14313.073,0.0041644,0.0067093,1.61111,1658.76,1029.58,0.3793,0.00066,0.00053,-1.905
wood_birch,30,12,17169.191,0.0033137,0.0051943,1.56752,2084.6,1329.87,0.3621,0.00021,0.00016,-2.362
wood_birch,31,1,48.999,1.5965,3.1792,1.99136,4.32681,2.1728,0.4978,0.38936,0.31135,-1.942
wood_birch,31,2,307.074,0.25332,0.50165,1.98030,27.2689,13.7701,0.4950,0.93408,0.74693,-1.942
wood_birch,31,3,859.817,0.089396,0.17499,1.95747,77.2714,39.4751,0.4891,0.22363,0.17882,-1.942
wood_birch,31,4,1684.897,0.044823,0.086298,1.92531,154.112,80.0454,0.4806,0.04446,0.03555,-1.943
wood_birch,31,5,2785.256,0.026499,0.049966,1.88558,260.68,138.249,0.4697,0.02056,0.01644,-1.942
wood_birch,31,6,4160.690,0.017248,0.031747,1.84062,400.496,217.588,0.4567,0.00602,0.00481,-1.949
wood_birch,31,7,5811.212,0.011953,0.021422,1.79219,577.91,322.461,0.4420,0.00637,0.00509,-1.948
wood_birch,31,8,7736.820,0.008654,0.015078,1.74232,798.215,458.135,0.4261,0.00054,0.00043,-1.979
wood_birch,31,9,9937.517,0.0064706,0.010952,1.69258,1067.56,630.73,0.4092,0.00251,0.00201,-1.930
wood_birch,31,10,12413.299,0.004959,0.0081526,1.64400,1392.97,847.307,0.3917,3e-05,3e-05,+0.000
wood_birch,31,11,15164.171,0.0038756,0.0061911,1.59746,1782.37,1115.76,0.3740,0.00057,0.00046,-1.862
wood_birch,31,12,18190.123,0.0030777,0.0047809,1.55340,2244.45,1444.86,0.3563,0.00018,0.00015,-1.584
wood_birch,32,1,51.913,1.5068,3.0004,1.99124,4.58439,2.30228,0.4978,0.39867,0.31813,-1.960
wood_birch,32,2,325.334,0.23901,0.47313,1.97954,28.9015,14.6001,0.4948,0.94943,0.75762,-1.960
wood_birch,32,3,910.944,0.084285,0.16481,1.95539,81.9571,41.9134,0.4886,0.21265,0.16969,-1.960
wood_birch,32,4,1785.087,0.042218,0.081124,1.92155,163.621,85.1506,0.4796,0.05301,0.0423,-1.960
wood_birch,32,5,2950.876,0.024926,0.04686,1.87996,277.131,147.413,0.4681,0.02276,0.01816,-1.961
wood_birch,32,6,4408.099,0.0162,0.029693,1.83290,426.405,232.639,0.4544,0.00284,0.00227,-1.946
wood_birch,32,7,6156.766,0.011207,0.019979,1.78273,616.379,345.751,0.4391,0.00629,0.00502,-1.959
wood_birch,32,8,8196.877,0.0080984,0.014021,1.73133,852.978,492.672,0.4224,0.00057,0.00046,-1.862
wood_birch,32,9,10528.435,0.0060431,0.010154,1.68026,1143.08,680.299,0.4049,0.00051,0.00041,-1.896
wood_birch,32,10,13151.434,0.0046219,0.0075374,1.63080,1494.57,916.464,0.3868,0.00033,0.00027,-1.743
wood_birch,32,11,16065.882,0.0036046,0.0057083,1.58362,1916.37,1210.12,0.3685,0.00091,0.00073,-1.914
wood_birch,32,12,19271.768,0.0028565,0.0043968,1.53923,2418.26,1571.09,0.3503,0.00038,0.00031,-1.768
wood_birch,33,1,55.000,1.4222,2.8316,1.99100,4.85709,2.43952,0.4978,0.40837,0.32517,-1.979
wood_birch,33,2,344.679,0.2255,0.4462,1.97871,30.6331,15.4813,0.4946,0.96481,0.76823,-1.979
wood_birch,33,3,965.112,0.079462,0.15521,1.95326,86.9316,44.5059,0.4880,0.20061,0.15974,-1.979
wood_birch,33,4,1891.233,0.03976,0.076242,1.91756,173.736,90.603,0.4785,0.05844,0.04653,-1.980
wood_birch,33,5,3126.344,0.023442,0.043931,1.87403,294.674,157.241,0.4664,0.02195,0.01748,-1.978
wood_birch,33,6,4670.218,0.015211,0.02776,1.82500,454.129,248.838,0.4521,0.00089,0.0007,-2.086
wood_birch,33,7,6522.866,0.010504,0.018623,1.77294,657.631,370.926,0.4360,0.00294,0.00234,-1.983
wood_birch,33,8,8684.288,0.0075753,0.01303,1.72006,911.879,530.142,0.4186,0.0001,8e-05,-1.938
wood_birch,33,9,11154.486,0.005641,0.0094082,1.66782,1224.56,734.227,0.4004,0.00202,0.0016,-2.025
wood_birch,33,10,13933.458,0.0043052,0.0069632,1.61739,1604.51,992.037,0.3817,5e-05,4e-05,-1.938
wood_birch,33,11,17021.207,0.0033504,0.0052589,1.56963,2061.77,1313.54,0.3629,0.00016,0.00012,-2.499
wood_birch,34,1,58.270,1.3422,2.6723,1.99098,5.14659,2.58495,0.4977,0.41848,0.33247,-1.998
wood_birch,34,2,365.175,0.21275,0.42078,1.97781,32.4689,16.4165,0.4944,0.98019,0.77873,-1.998
wood_birch,34,3,1022.500,0.07491,0.14615,1.95101,92.2141,47.2648,0.4874,0.18752,0.14898,-1.998
wood_birch,34,4,2003.692,0.037439,0.071638,1.91346,184.507,96.4258,0.4774,0.06054,0.0481,-1.998
wood_birch,34,5,3312.246,0.022043,0.041171,1.86776,313.376,167.782,0.4646,0.01826,0.0145,-2.003
wood_birch,34,6,4947.923,0.014278,0.025941,1.81685,483.804,266.287,0.4496,0.00408,0.00324,-2.002
wood_birch,34,7,6910.735,0.0098408,0.017349,1.76297,701.951,398.164,0.4328,0.00181,0.00144,-1.986
wood_birch,34,8,9200.682,0.0070827,0.012101,1.70853,975.3,570.842,0.4147,0.00043,0.00034,-2.040
wood_birch,34,9,11817.766,0.0052629,0.0087104,1.65506,1312.54,793.047,0.3958,0.00135,0.00107,-2.019
wood_birch,34,10,14761.983,0.0040078,0.0064277,1.60380,1723.58,1074.69,0.3765,0.00029,0.00023,-2.013
wood_birch,34,11,18033.340,0.0031121,0.0048409,1.55551,2219.64,1426.96,0.3571,0.00065,0.00052,-1.938
wood_birch,35,1,61.735,1.2668,2.5219,1.99076,5.45292,2.73911,0.4977,0.429,0.34005,-2.018
wood_birch,35,2,386.889,0.20071,0.3968,1.97698,34.4166,17.4087,0.4942,0.99548,0.78907,-2.018
wood_birch,35,3,1083.301,0.070614,0.13759,1.94848,97.8242,50.2054,0.4868,0.17338,0.13743,-2.018
wood_birch,35,4,2122.838,0.03525,0.067295,1.90908,195.965,102.649,0.4762,0.05923,0.04695,-2.018
wood_birch,35,5,3509.203,0.020722,0.03857,1.86131,333.354,179.097,0.4627,0.01217,0.00964,-2.024
wood_birch,35,6,5242.143,0.013399,0.024229,1.80827,515.543,285.103,0.4470,0.00574,0.00455,-2.018
wood_birch,35,7,7321.670,0.0092164,0.016153,1.75264,749.507,427.645,0.4294,0.0051,0.00405,-2.002
wood_birch,35,8,9747.784,0.0066191,0.01123,1.69661,1043.61,615.116,0.4106,0.00048,0.00038,-2.029
wood_birch,35,9,12520.489,0.0049075,0.0080583,1.64204,1407.59,857.222,0.3910,0.00137,0.00109,-1.986
wood_birch,35,10,15639.779,0.0037286,0.0059287,1.59006,1852.64,1165.14,0.3711,0.00014,0.00011,-2.095
wood_birch,35,11,19105.662,0.0028887,0.0044525,1.54135,2391.3,1551.43,0.3512,0.00077,0.00061,-2.023
wood_birch,36,1,65.406,1.1956,2.38,1.99063,5.77765,2.90242,0.4976,0.43997,0.34793,-2.039
wood_birch,36,2,409.895,0.18935,0.37416,1.97602,36.4814,18.462,0.4939,1.01062,0.7992,-2.039
wood_birch,36,3,1147.717,0.066559,0.12952,1.94594,103.784,53.3335,0.4861,0.15824,0.12513,-2.039
wood_birch,36,4,2249.068,0.033184,0.063199,1.90450,208.165,109.302,0.4749,0.05458,0.04316,-2.039
wood_birch,36,5,3717.870,0.019476,0.03612,1.85459,354.68,191.245,0.4608,0.0046,0.00364,-2.033
wood_birch,36,6,5553.855,0.01257,0.022618,1.79936,549.543,305.41,0.4443,0.00531,0.0042,-2.037
wood_birch,36,7,7757.038,0.0086281,0.015029,1.74187,800.611,459.628,0.4259,0.00483,0.00382,-2.038
wood_birch,36,8,10327.416,0.0061829,0.010415,1.68448,1117.24,663.251,0.4063,0,0,
wood_birch,36,9,13264.994,0.0045735,0.0074494,1.62882,1510.39,927.29,0.3861,0.00154,0.00122,-2.023
wood_birch,36,10,16569.766,0.0034667,0.005464,1.57614,1992.6,1264.23,0.3655,0.00019,0.00015,-2.053
wood_birch,37,1,69.296,1.1284,2.246,1.99043,6.12173,3.07558,0.4976,0.4514,0.35614,-2.059
wood_birch,37,2,434.268,0.17863,0.35279,1.97498,38.6707,19.5804,0.4937,1.02551,0.80908,-2.059
wood_birch,37,3,1215.964,0.062731,0.12191,1.94338,110.117,56.6627,0.4854,0.14215,0.11215,-2.059
wood_birch,37,4,2382.805,0.031234,0.059336,1.89972,221.161,116.418,0.4736,0.04686,0.03697,-2.059
wood_birch,37,5,3938.947,0.018301,0.033811,1.84749,377.452,204.305,0.4587,0.00323,0.00255,-2.053
wood_birch,37,6,5884.105,0.011788,0.021103,1.79021,585.999,327.335,0.4414,0.00294,0.00232,-2.057
wood_birch,37,7,8218.296,0.0080741,0.013975,1.73084,855.545,494.294,0.4223,0.0012,0.00094,-2.121
wood_birch,37,8,10941.517,0.0057725,0.0096518,1.67203,1196.67,715.696,0.4019,0.00044,0.00035,-1.988
wood_birch,37,9,14053.772,0.0042597,0.0068811,1.61540,1621.65,1003.87,0.3810,0.00105,0.00083,-2.042
wood_birch,37,10,17555.057,0.0032211,0.0050317,1.56211,2144.53,1372.85,0.3598,0.00023,0.00018,-2.129
wood_birch,38,1,73.416,1.065,2.1196,1.99023,6.48615,3.25899,0.4976,0.46332,0.36468,-2.079
wood_birch,38,2,460.091,0.16851,0.33262,1.97389,40.9931,20.7677,0.4934,1.04005,0.81863,-2.079
wood_birch,38,3,1288.269,0.059119,0.11472,1.94049,116.845,60.214,0.4847,0.12522,0.09856,-2.079
wood_birch,38,4,2524.494,0.029394,0.055693,1.89471,235.006,124.033,0.4722,0.03651,0.02874,-2.079
wood_birch,38,5,4173.169,0.017193,0.031637,1.84011,401.777,218.344,0.4566,0.00992,0.00781,-2.077
wood_birch,38,6,6233.993,0.011052,0.01968,1.78067,625.023,351.004,0.4384,0.00045,0.00035,-2.183
wood_birch,38,7,8706.982,0.0075524,0.012987,1.71959,914.644,531.898,0.4185,0.00307,0.00242,-2.066
wood_birch,38,8,11592.134,0.0053865,0.0089381,1.65935,1282.42,772.844,0.3974,0.00029,0.00023,-2.013
wood_birch,38,9,14889.454,0.0039651,0.0063512,1.60178,1742.14,1087.63,0.3757,0.00139,0.0011,-2.032
wood_birch,38,10,18598.938,0.0029909,0.0046297,1.54793,2309.59,1492.05,0.3540,1e-05,0,
wood_birch,39,1,77.782,1.0051,2.0003,1.99015,6.8727,3.45336,0.4975,0.47573,0.37358,-2.100
wood_birch,39,2,487.450,0.15896,0.31358,1.97270,43.4559,22.0287,0.4931,1.05414,0.8278,-2.099
wood_birch,39,3,1364.874,0.05571,0.10794,1.93753,123.995,63.9962,0.4839,0.10757,0.08448,-2.099
wood_birch,39,4,2674.608,0.027658,0.052259,1.88947,249.756,132.183,0.4707,0.02423,0.01903,-2.098
wood_birch,39,5,4421.318,0.016147,0.02959,1.83254,427.804,233.449,0.4543,0.01419,0.01114,-2.102
wood_birch,39,6,6604.685,0.010357,0.018341,1.77088,666.965,376.629,0.4353,0.00341,0.00267,-2.125
wood_birch,39,7,9224.726,0.0070612,0.01206,1.70792,978.269,572.782,0.4145,0.00453,0.00355,-2.117
wood_birch,39,8,12281.438,0.0050236,0.008271,1.64643,1375.06,835.178,0.3926,0.00024,0.00019,-2.029
wood_birch,39,9,15774.826,0.0036885,0.0058574,1.58802,1872.78,1179.32,0.3703,0.0011,0.00086,-2.138
wood_birch,39,10,19704.885,0.0027752,0.0042564,1.53373,2489.1,1622.91,0.3480,0.0002,0.00016,-1.938
wood_birch,40,1,82.407,0.94861,1.8876,1.98986,7.28198,3.65954,0.4975,0.48866,0.38287,-2.119
wood_birch,40,2,516.435,0.14994,0.29562,1.97159,46.0701,23.367,0.4928,1.06763,0.8365,-2.119
wood_birch,40,3,1446.033,0.052493,0.10154,1.93435,131.594,68.0299,0.4830,0.08937,0.07002,-2.119
wood_birch,40,4,2833.648,0.02602,0.049021,1.88397,265.479,140.914,0.4692,0.01088,0.00853,-2.114
wood_birch,40,5,4684.223,0.015161,0.027663,1.82462,455.627,249.711,0.4519,0.01513,0.01186,-2.115
wood_birch,40,6,6997.419,0.0097029,0.017084,1.76071,711.927,404.341,0.4321,0.00457,0.00358,-2.121
wood_birch,40,7,9773.256,0.0065988,0.011192,1.69607,1046.82,617.205,0.4104,0.00193,0.00151,-2.132
wood_birch,40,8,13011.729,0.0046826,0.007648,1.63328,1475.2,903.211,0.3877,0.00038,0.00029,-2.348
wood_birch,40,9,16712.846,0.0034291,0.0053977,1.57409,2014.45,1279.76,0.3647,0.00099,0.00077,-2.183
wood_birch,41,1,87.307,0.89527,1.7813,1.98968,7.71583,3.87793,0.4974,0.50215,0.39257,-2.138
wood_birch,41,2,547.144,0.14143,0.27866,1.97030,48.8422,24.7892,0.4924,1.08041,0.84465,-2.138
wood_birch,41,3,1532.019,0.049456,0.095504,1.93109,139.675,72.3295,0.4822,0.07083,0.05537,-2.139
wood_birch,41,4,3002.146,0.024475,0.045968,1.87816,282.237,150.273,0.4676,0.00248,0.00194,-2.133
wood_birch,41,5,4962.762,0.014231,0.025849,1.81639,485.402,267.235,0.4494,0.01251,0.00978,-2.138
wood_birch,41,6,7413.509,0.0090865,0.015904,1.75029,760.222,434.341,0.4287,0.00335,0.00262,-2.135
wood_birch,41,7,10354.404,0.0061638,0.010379,1.68386,1120.7,665.551,0.4061,0.00227,0.00178,-2.112
wood_birch,41,8,13785.448,0.0043622,0.0070664,1.61992,1583.55,977.549,0.3827,8e-05,6e-05,-2.499
wood_birch,41,9,17706.645,0.0031858,0.0049699,1.56002,2168.3,1389.92,0.3590,0.00134,0.00104,-2.201
wood_birch,42,1,92.499,0.84493,1.6809,1.98940,8.17554,4.10956,0.4973,0.51621,0.40271,-2.157
wood_birch,42,2,579.679,0.1334,0.26265,1.96889,51.7823,26.3002,0.4921,1.09232,0.85215,-2.157
wood_birch,42,3,1623.118,0.04659,0.089809,1.92765,148.267,76.9161,0.4812,0.05219,0.04072,-2.156
wood_birch,42,4,3180.663,0.023016,0.043091,1.87222,300.128,160.306,0.4659,0.01471,0.01148,-2.153
wood_birch,42,5,5257.863,0.013355,0.024143,1.80779,517.241,286.118,0.4468,0.00693,0.00541,-2.151
wood_birch,42,6,7854.339,0.0085057,0.014796,1.73954,812.132,466.866,0.4251,0.0004,0.00032,-1.938
wood_birch,42,7,10970.109,0.0057545,0.0096185,1.67147,1200.41,718.174,0.4017,0.00388,0.00302,-2.176
wood_birch,42,8,14605.173,0.0040613,0.0065239,1.60636,1700.87,1058.84,0.3775,0.00036,0.00028,-2.183
wood_birch,42,9,18759.535,0.0029579,0.0045724,1.54583,2335.36,1510.75,0.3531,0.00022,0.00017,-2.239
wood_birch,43,1,97.999,0.79741,1.5862,1.98919,8.66274,4.35491,0.4973,0.53088,0.41333,-2.174
wood_birch,43,2,614.148,0.12582,0.24755,1.96749,54.9019,27.9045,0.4917,1.10319,0.85891,-2.174
wood_birch,43,3,1719.633,0.043886,0.084436,1.92398,157.402,81.8105,0.4802,0.03376,0.02629,-2.172
wood_birch,43,4,3369.794,0.021641,0.040379,1.86586,319.198,171.073,0.4641,0.02465,0.01919,-2.175
wood_birch,43,5,5570.511,0.012528,0.022537,1.79893,551.385,306.507,0.4441,0.00015,0.00012,-1.938
wood_birch,43,6,8321.381,0.0079588,0.013757,1.72853,867.939,502.127,0.4215,0.00258,0.00201,-2.168
wood_birch,43,7,11622.425,0.0053696,0.008907,1.65878,1286.46,775.542,0.3971,0.00118,0.00092,-2.162
wood_birch,43,8,15473.640,0.0037789,0.0060183,1.59261,1827.98,1147.79,0.3721,1e-05,1e-05,+0.000
wood_birch,43,9,19875.033,0.0027443,0.0042031,1.53157,2517.13,1643.49,0.3471,0.00131,0.00102,-2.173
wood_birch,44,1,103.826,0.75256,1.4968,1.98894,9.17901,4.61502,0.4972,0.5462,0.42445,-2.191
wood_birch,44,2,650.668,0.11866,0.23329,1.96604,58.2147,29.6102,0.4913,1.11287,0.8648,-2.191
wood_birch,44,3,1821.888,0.041333,0.079367,1.92018,167.124,87.0356,0.4792,0.01587,0.01233,-2.192
wood_birch,44,4,3570.173,0.020343,0.037824,1.85931,339.564,182.629,0.4622,0.03127,0.0243,-2.190
wood_birch,44,5,5901.752,0.011749,0.021027,1.78968,587.944,328.518,0.4413,0.00674,0.00524,-2.187
wood_birch,44,6,8816.197,0.0074438,0.012782,1.71713,927.988,540.428,0.4176,0.00373,0.0029,-2.186
wood_birch,44,7,12313.532,0.0050078,0.008242,1.64583,1379.4,838.116,0.3924,0.00267,0.00208,-2.169
wood_birch,44,8,16393.754,0.0035139,0.0055474,1.57870,1965.84,1245.22,0.3666,0.00033,0.00026,-2.071
wood_birch,45,1,110.000,0.71022,1.4124,1.98868,9.72622,4.89079,0.4972,0.56219,0.4361,-2.206
wood_birch,45,2,689.358,0.11191,0.21984,1.96444,61.726,31.4217,0.4909,1.12114,0.8697,-2.206
wood_birch,45,3,1930.223,0.038925,0.074585,1.91612,177.463,92.6159,0.4781,0.0011,0.00086,-2.138
wood_birch,45,4,3782.467,0.019119,0.035417,1.85245,361.303,195.041,0.4602,0.03381,0.02622,-2.208
wood_birch,45,5,6252.688,0.011015,0.019608,1.78012,627.123,352.293,0.4383,0.01079,0.00837,-2.206
wood_birch,45,6,9340.436,0.006959,0.011868,1.70542,992.636,582.049,0.4136,0.00228,0.00177,-2.199
wood_birch,45,7,13045.732,0.0046677,0.0076208,1.63267,1479.91,906.434,0.3875,0.00292,0.00226,-2.225
wood_birch,45,8,17368.576,0.0032653,0.0051092,1.56470,2115.5,1352.02,0.3609,3e-05,3e-05,+0.000
wood_birch,46,1,116.541,0.67027,1.3328,1.98845,10.3059,5.18289,0.4971,0.57889,0.44834,-2.220
wood_birch,46,2,730.350,0.10554,0.20714,1.96267,65.4515,33.3482,0.4905,1.12779,0.87344,-2.220
wood_birch,46,3,2045.000,0.036651,0.070075,1.91195,188.474,98.5766,0.4770,0.01676,0.01298,-2.220
wood_birch,46,4,4007.384,0.017964,0.033149,1.84530,384.533,208.385,0.4581,0.03189,0.0247,-2.219
wood_birch,46,5,6624.493,0.010322,0.018274,1.77039,669.226,378.01,0.4351,0.01091,0.00845,-2.219
wood_birch,46,6,9895.848,0.0065027,0.011012,1.69345,1062.29,627.293,0.4095,0.00073,0.00057,-2.149
wood_birch,46,7,13821.473,0.0043482,0.007041,1.61929,1588.65,981.076,0.3824,0.00072,0.00056,-2.183
wood_birch,46,8,18401.367,0.0030323,0.0047018,1.55057,2278.06,1469.17,0.3551,0.00029,0.00023,-2.013
wood_birch,47,1,123.471,0.63255,1.2576,1.98814,10.9205,5.49281,0.4970,0.59635,0.46118,-2.233
wood_birch,47,2,773.779,0.09952,0.19515,1.96091,69.4107,35.3972,0.4900,1.13259,0.87586,-2.233
wood_birch,47,3,2166.602,0.034506,0.065821,1.90752,200.19,104.948,0.4758,0.03067,0.02372,-2.232
wood_birch,47,4,4245.675,0.016874,0.031014,1.83798,409.373,222.73,0.4559,0.02573,0.0199,-2.232
wood_birch,47,5,7018.405,0.00967,0.017021,1.76019,714.349,405.837,0.4319,0.00702,0.00543,-2.231
wood_birch,47,6,10484.284,0.0060733,0.010211,1.68129,1137.4,676.501,0.4052,0.00297,0.0023,-2.221
wood_birch,47,7,14643.339,0.0040482,0.0065003,1.60573,1706.38,1062.68,0.3772,0.00305,0.00236,-2.228
wood_birch,47,8,19495.566,0.002814,0.0043233,1.53635,2454.78,1597.8,0.3491,0.00012,9e-05,-2.499
wood_birch,48,1,130.813,0.59695,1.1866,1.98777,11.5717,5.82147,0.4969,0.61459,0.47466,-2.244
wood_birch,48,2,819.790,0.093841,0.18384,1.95906,73.6113,37.5748,0.4896,1.13525,0.87676,-2.244
wood_birch,48,3,2295.435,0.032482,0.061808,1.90284,212.664,111.762,0.4745,0.04241,0.03276,-2.242
wood_birch,48,4,4498.136,0.015847,0.029003,1.83019,435.903,238.174,0.4536,0.01613,0.01245,-2.249
wood_birch,48,5,7435.741,0.0090555,0.015845,1.74977,762.824,435.958,0.4285,0.0006,0.00046,-2.308
wood_birch,48,6,11107.711,0.0056694,0.0094609,1.66877,1218.43,730.137,0.4007,0.00255,0.00197,-2.241
wood_birch,48,7,15514.076,0.0037665,0.0059963,1.59201,1834,1152,0.3719,0.00058,0.00045,-2.204
wood_birch,49,1,138.591,0.56335,1.1196,1.98740,12.2619,6.16984,0.4968,0.63366,0.4888,-2.255
wood_birch,49,2,868.537,0.088481,0.17317,1.95714,78.0705,39.89,0.4890,1.1355,0.87592,-2.254
wood_birch,49,3,2431.929,0.030572,0.058025,1.89798,225.95,119.048,0.4731,0.05158,0.03979,-2.254
wood_birch,49,4,4765.610,0.014878,0.027111,1.82222,464.293,254.795,0.4512,0.00452,0.00348,-2.271
wood_birch,49,5,7877.894,0.0084766,0.014741,1.73902,814.92,468.608,0.4249,0.00569,0.00439,-2.253
wood_birch,49,6,11768.212,0.0052896,0.0087596,1.65600,1305.91,788.593,0.3961,0.00015,0.00011,-2.694
wood_birch,49,7,16436.594,0.0035023,0.0055269,1.57808,1972.35,1249.84,0.3663,0.00262,0.00202,-2.259
wood_birch,50,1,146.832,0.53164,1.0564,1.98706,12.9933,6.53896,0.4968,0.65357,0.50364,-2.263
wood_birch,50,2,920.183,0.083423,0.16309,1.95498,82.804,42.3555,0.4885,1.13301,0.8731,-2.263
wood_birch,50,3,2576.539,0.028769,0.054457,1.89291,240.111,126.848,0.4717,0.05779,0.04454,-2.262
wood_birch,50,4,5048.987,0.013965,0.025329,1.81375,494.648,272.721,0.4487,0.00719,0.00554,-2.264
wood_birch,50,5,8346.338,0.0079314,0.013704,1.72782,870.938,504.069,0.4213,0.00897,0.00691,-2.266
wood_birch,50,6,12467.985,0.0049326,0.0081043,1.64301,1400.43,852.357,0.3914,0.00252,0.00194,-2.272
wood_birch,50,7,17413.963,0.0032544,0.0050902,1.56410,2122.59,1357.07,0.3606,0.00105,0.00081,-2.254
wood_birch,51,1,155.563,0.5017,0.99675,1.98675,13.7687,6.93028,0.4967,0.67437,0.51921,-2.271
wood_birch,51,2,974.900,0.078648,0.15359,1.95288,87.8313,44.9753,0.4879,1.12745,0.86803,-2.271
wood_birch,51,3,2729.748,0.027068,0.051093,1.88758,255.2,135.2,0.4702,0.06078,0.04679,-2.272
wood_birch,51,4,5349.216,0.013103,0.023653,1.80516,527.189,292.046,0.4460,0.01688,0.01299,-2.275
wood_birch,51,5,8842.637,0.007418,0.012733,1.71650,931.215,542.508,0.4174,0.0076,0.00585,-2.273
wood_birch,51,6,13209.370,0.0045971,0.0074923,1.62979,1502.63,921.981,0.3864,0.0021,0.00162,-2.254
wood_birch,51,7,18449.451,0.0030221,0.0046841,1.54995,2285.75,1474.72,0.3548,0.0023,0.00177,-2.275
wood_birch,52,1,164.814,0.47345,0.94043,1.98633,14.5903,7.34532,0.4966,0.69608,0.53551,-2.278
wood_birch,52,2,1032.870,0.074142,0.14462,1.95058,93.1693,47.7649,0.4873,1.11844,0.86044,-2.278
wood_birch,52,3,2892.067,0.025464,0.047921,1.88191,271.275,144.149,0.4686,0.06035,0.04643,-2.278
wood_birch,52,4,5667.296,0.012291,0.022077,1.79619,562.017,312.894,0.4433,0.0226,0.01738,-2.281
wood_birch,52,5,9368.447,0.0069347,0.011822,1.70476,996.114,584.314,0.4134,0.00225,0.00173,-2.283
wood_birch,52,6,13994.840,0.0042819,0.0069211,1.61636,1613.25,998.072,0.3813,0.00064,0.00049,-2.320
wood_birch,52,7,19546.512,0.0028045,0.0043069,1.53571,2463.1,1603.88,0.3488,0.00088,0.00067,-2.368
wood_birch,53,1,174.614,0.44678,0.88727,1.98592,15.4612,7.7854,0.4965,0.7187,0.55256,-2.283
wood_birch,53,2,1094.288,0.069888,0.13615,1.94812,98.8404,50.7364,0.4867,1.1056,0.85001,-2.283
wood_birch,53,3,3064.038,0.02395,0.044932,1.87608,288.424,153.738,0.4670,0.05649,0.04343,-2.284
wood_birch,53,4,6004.292,0.011525,0.020595,1.78698,599.371,335.409,0.4404,0.02305,0.01772,-2.284
wood_birch,53,5,9925.524,0.0064798,0.010969,1.69280,1066.04,629.752,0.4093,0.00409,0.00314,-2.296
wood_birch,53,6,14827.018,0.0039859,0.0063885,1.60277,1733.05,1081.28,0.3761,0.00242,0.00186,-2.286
wood_birch,54,1,184.997,0.42161,0.83709,1.98546,16.3842,8.25211,0.4963,0.74226,0.57036,-2.288
wood_birch,54,2,1159.358,0.065874,0.12816,1.94553,104.863,53.8995,0.4860,1.08851,0.83642,-2.288
wood_birch,54,3,3246.235,0.022521,0.042114,1.86999,306.725,164.025,0.4652,0.04935,0.03792,-2.288
wood_birch,54,4,6361.325,0.010804,0.019202,1.77730,639.37,359.741,0.4373,0.01804,0.01386,-2.289
wood_birch,54,5,10515.727,0.0060518,0.010171,1.68066,1141.44,679.162,0.4050,0.0075,0.00576,-2.293
wood_birch,54,6,15708.678,0.0037081,0.0058921,1.58898,1862.88,1172.38,0.3707,0.00096,0.00074,-2.261
wood_birch,55,1,195.998,0.39785,0.78974,1.98502,17.3627,8.74687,0.4962,0.76672,0.58889,-2.292
wood_birch,55,2,1228.297,0.062085,0.12062,1.94282,111.263,57.2687,0.4853,1.06675,0.81933,-2.292
wood_birch,55,3,3439.266,0.021173,0.039459,1.86365,326.253,175.062,0.4634,0.03931,0.03019,-2.293
wood_birch,55,4,6739.589,0.010124,0.017892,1.76729,682.315,386.081,0.4342,0.0087,0.00668,-2.295
wood_birch,55,5,11141.024,0.0056492,0.0094233,1.66808,1222.78,733.051,0.4005,0.00569,0.00437,-2.293
wood_birch,55,6,16642.764,0.0034474,0.00543,1.57510,2003.76,1272.15,0.3651,0.00171,0.00131,-2.314
wood_birch,56,1,207.652,0.37543,0.74503,1.98447,18.3996,9.27178,0.4961,0.79207,0.60813,-2.295
wood_birch,56,2,1301.335,0.058509,0.11351,1.94004,118.063,60.8559,0.4845,1.03989,0.79841,-2.295
wood_birch,56,3,3643.776,0.019902,0.036957,1.85695,347.088,186.913,0.4615,0.02699,0.02072,-2.296
wood_birch,56,4,7140.346,0.0094829,0.016663,1.75716,728.443,414.557,0.4309,0.00253,0.00194,-2.306
wood_birch,56,5,11803.503,0.0052706,0.0087245,1.65531,1310.62,791.765,0.3959,0.0001,8e-05,-1.938
wood_birch,56,6,17632.393,0.003203,0.005,1.56104,2156.65,1381.55,0.3594,0.00168,0.00129,-2.294
wood_birch,57,1,220.000,0.35426,0.70284,1.98397,19.4991,9.82835,0.4960,0.81825,0.62805,-2.298
wood_birch,57,2,1378.717,0.055135,0.10679,1.93688,125.288,64.6854,0.4837,1.00753,0.77333,-2.298
wood_birch,57,3,3860.446,0.018703,0.0346,1.84997,369.339,199.646,0.4595,0.01324,0.01016,-2.300
wood_birch,57,4,7564.934,0.0088792,0.015508,1.74655,777.97,445.432,0.4274,0.01238,0.0095,-2.300
wood_birch,57,5,12505.377,0.0049147,0.0080715,1.64232,1405.53,855.82,0.3911,0.00547,0.0042,-2.295
wood_birch,57,6,18680.871,0.0029739,0.0046003,1.54689,2322.79,1501.59,0.3535,0.00098,0.00075,-2.323
wood_birch,58,1,233.082,0.33428,0.66302,1.98343,20.6646,10.4186,0.4958,0.84521,0.64858,-2.300
wood_birch,58,2,1460.699,0.051949,0.10046,1.93382,132.972,68.7612,0.4829,0.96931,0.74381,-2.300
wood_birch,58,3,4090.000,0.017572,0.03238,1.84270,393.111,213.334,0.4573,0.00086,0.00066,-2.299
wood_birch,58,4,8014.767,0.0083106,0.014425,1.73574,831.198,478.874,0.4239,0.01772,0.0136,-2.298
wood_birch,58,5,13248.983,0.0045802,0.0074617,1.62912,1508.18,925.762,0.3862,0.00595,0.00456,-2.311
wood_birch,58,6,19791.691,0.0027593,0.0042291,1.53267,2503.44,1633.39,0.3475,0.00179,0.00137,-2.323
wood_birch,59,1,246.942,0.31542,0.62543,1.98285,21.9002,11.0448,0.4957,0.87285,0.66966,-2.302
wood_birch,59,2,1547.557,0.048943,0.094485,1.93051,141.139,73.1095,0.4820,0.92493,0.70962,-2.302
wood_birch,59,3,4333.204,0.016505,0.03029,1.83520,418.525,228.054,0.4551,0.01409,0.01081,-2.302
wood_birch,59,4,8491.351,0.007775,0.013408,1.72450,888.457,515.197,0.4201,0.01662,0.01275,-2.302
wood_birch,59,5,14036.811,0.0042661,0.0068926,1.61567,1619.22,1002.2,0.3811,0.00108,0.00083,-2.287
wood_birch,60,1,261.626,0.29762,0.58996,1.98226,23.21,11.7089,0.4955,0.90109,0.69121,-2.303
wood_birch,60,2,1639.579,0.046106,0.088847,1.92702,149.823,77.7489,0.4811,0.87417,0.67056,-2.303
wood_birch,60,3,4590.870,0.015498,0.028322,1.82746,445.719,243.901,0.4528,0.02516,0.0193,-2.303
wood_birch,60,4,8996.271,0.0072708,0.012455,1.71302,950.068,554.617,0.4162,0.00936,0.00718,-2.303
wood_birch,60,5,14871.481,0.003971,0.0063619,1.60209,1739.55,1085.8,0.3758,0.00451,0.00346,-2.302
wood_birch,61,1,277.183,0.28083,0.55647,1.98152,24.5976,12.4135,0.4953,0.92978,0.71313,-2.304
wood_birch,61,2,1737.074,0.043429,0.083529,1.92335,159.059,82.6989,0.4801,0.81693,0.62658,-2.304
wood_birch,61,3,4863.857,0.014549,0.026469,1.81930,474.792,260.975,0.4503,0.03288,0.02522,-2.304
wood_birch,61,4,9531.220,0.0067961,0.011562,1.70127,1016.43,597.453,0.4122,0.00126,0.00097,-2.272
wood_birch,61,5,15755.788,0.0036941,0.0058674,1.58832,1869.94,1177.31,0.3704,0.00509,0.0039,-2.313
wood_birch,62,1,293.665,0.26497,0.52486,1.98083,26.07,13.1611,0.4952,0.95878,0.73529,-2.305
wood_birch,62,2,1840.366,0.040902,0.078511,1.91949,168.886,87.9845,0.4790,0.75328,0.5777,-2.305
wood_birch,62,3,5153.077,0.013654,0.024726,1.81090,505.914,279.372,0.4478,0.03631,0.02784,-2.307
wood_birch,62,4,10097.975,0.0063494,0.010726,1.68929,1087.94,644.02,0.4080,0.01072,0.00822,-2.306
wood_birch,62,5,16692.676,0.0034344,0.0054069,1.57434,2011.34,1277.58,0.3648,1e-05,1e-05,+0.000
wood_birch,63,1,311.127,0.25,0.49503,1.98012,27.631,13.9542,0.4950,0.98793,0.75759,-2.306
wood_birch,63,2,1949.800,0.038518,0.073778,1.91542,179.338,93.6289,0.4779,0.68346,0.52411,-2.306
wood_birch,63,3,5459.495,0.012811,0.023085,1.80197,539.205,299.231,0.4451,0.03494,0.02679,-2.307
wood_birch,63,4,10698.432,0.0059291,0.0099425,1.67690,1165.06,694.77,0.4037,0.0146,0.01119,-2.310
wood_birch,63,5,17685.273,0.0031908,0.0049786,1.56030,2164.9,1387.49,0.3591,0.00472,0.00362,-2.305
wood_birch,64,1,329.628,0.23588,0.46688,1.97931,29.285,14.7956,0.4948,1.01707,0.7799,-2.306
wood_birch,64,2,2065.741,0.036268,0.069313,1.91113,190.464,99.6603,0.4768,0.60795,0.46618,-2.306
wood_birch,64,3,5784.134,0.012015,0.021543,1.79301,574.928,320.65,0.4423,0.02887,0.02214,-2.305
wood_birch,64,4,11334.593,0.0055338,0.00921,1.66432,1248.28,750.028,0.3992,0.01086,0.00833,-2.304
wood_birch,64,5,18736.895,0.0029625,0.0045804,1.54613,2331.73,1508.11,0.3532,0.00314,0.00241,-2.298
wood_birch,65,1,349.228,0.22254,0.4403,1.97852,31.0405,15.6887,0.4946,1.04604,0.80209,-2.307
wood_birch,65,2,2188.576,0.034144,0.065103,1.90672,202.312,106.105,0.4755,0.52744,0.40443,-2.307
wood_birch,65,3,6128.076,0.011266,0.020093,1.78351,613.151,343.789,0.4393,0.0189,0.01449,-2.308
wood_birch,65,4,12008.584,0.0051621,0.0085251,1.65148,1338.17,810.284,0.3945,0.00146,0.00112,-2.303
wood_birch,65,5,19851.049,0.0027486,0.0042106,1.53191,2513.19,1640.56,0.3472,0.00256,0.00196,-2.320
wood_birch,66,1,369.994,0.20996,0.41522,1.97761,32.9003,16.6364,0.4943,1.07469,0.82406,-2.306
wood_birch,66,2,2318.716,0.03214,0.061131,1.90202,214.927,112.999,0.4742,0.44292,0.33963,-2.306
wood_birch,66,3,6492.471,0.010559,0.01873,1.77384,654.205,368.807,0.4362,0.00652,0.005,-2.306
wood_birch,66,4,12722.650,0.0048128,0.0078852,1.63838,1435.29,876.041,0.3897,0.00819,0.00628,-2.306
wood_birch,67,1,391.995,0.19808,0.39154,1.97668,34.8736,17.6425,0.4941,1.10292,0.84574,-2.306
wood_birch,67,2,2456.594,0.030249,0.057386,1.89712,228.363,120.374,0.4729,0.35563,0.2727,-2.306
wood_birch,67,3,6878.533,0.009893,0.017449,1.76377,698.247,395.883,0.4330,0.0062,0.00476,-2.296
wood_birch,67,4,13479.179,0.0044845,0.0072878,1.62511,1540.36,947.852,0.3847,0.01203,0.00923,-2.301
wood_birch,68,1,415.305,0.18687,0.3692,1.97571,36.9656,18.7101,0.4939,1.13069,0.86711,-2.305
wood_birch,68,2,2602.670,0.028465,0.053855,1.89197,242.675,128.266,0.4714,0.26706,0.2048,-2.306
wood_birch,68,3,7287.551,0.0092655,0.016246,1.75339,745.535,425.197,0.4297,0.01695,0.013,-2.305
wood_birch,68,4,14280.691,0.0041761,0.0067304,1.61165,1654.12,1026.35,0.3795,0.00747,0.00573,-2.303
wood_birch,69,1,440.000,0.17628,0.34811,1.97476,39.1863,19.8436,0.4936,1.15799,0.88816,-2.304
wood_birch,69,2,2757.433,0.026781,0.050525,1.88660,257.935,136.72,0.4699,0.1789,0.13721,-2.304
wood_birch,69,3,7720.892,0.0086744,0.015117,1.74271,796.338,456.953,0.4262,0.02359,0.0181,-2.301
wood_birch,69,4,15129.867,0.0038866,0.0062107,1.59798,1777.33,1112.23,0.3742,0.0022,0.00169,-2.291
wood_birch,70,1,466.164,0.16629,0.3282,1.97366,41.5404,21.0474,0.4933,1.1849,0.90895,-2.303
wood_birch,70,2,2921.399,0.025193,0.047386,1.88092,274.193,145.776,0.4684,0.09304,0.07137,-2.303
wood_birch,70,3,8180.001,0.0081177,0.014058,1.73177,850.95,491.375,0.4226,0.02468,0.01893,-2.304
wood_birch,70,4,16029.537,0.0036149,0.0057266,1.58417,1910.91,1206.26,0.3687,0.00944,0.00724,-2.305
wood_birch,71,1,493.883,0.15687,0.30941,1.97240,44.0349,22.3256,0.4930,1.21154,0.92958,-2.301
wood_birch,71,2,3095.114,0.023694,0.044428,1.87507,291.54,155.482,0.4667,0.01147,0.0088,-2.302
wood_birch,71,3,8666.408,0.0075934,0.013064,1.72044,909.705,528.763,0.4188,0.01994,0.0153,-2.301
wood_birch,71,4,16982.701,0.0033601,0.0052759,1.57016,2055.82,1309.3,0.3631,0.00821,0.0063,-2.300
wood_birch,72,1,523.251,0.14797,0.29168,1.97121,46.6835,23.6826,0.4927,1.23807,0.95017,-2.299
wood_birch,72,2,3279.159,0.02228,0.041639,1.86890,310.043,165.896,0.4649,0.06377,0.04894,-2.299
wood_birch,72,3,9181.739,0.0070998,0.012133,1.70892,972.951,569.336,0.4148,0.0105,0.00806,-2.297
wood_birch,72,4,17992.543,0.0031211,0.0048568,1.55612,2213.24,1422.29,0.3574,0.00032,0.00025,-2.144
wood_birch,73,1,554.365,0.13957,0.27494,1.96991,49.4931,25.1246,0.4924,1.26469,0.97088,-2.296
wood_birch,73,2,3474.148,0.020946,0.039011,1.86246,329.789,177.072,0.4631,0.13065,0.10029,-2.297
wood_birch,73,3,9727.715,0.0066352,0.01126,1.69701,1041.08,613.477,0.4107,0.00114,0.00087,-2.348
wood_birch,73,4,19062.439,0.0028972,0.0044672,1.54190,2384.29,1546.33,0.3515,0.00787,0.00604,-2.299
wood_birch,74,1,587.330,0.13164,0.25915,1.96863,52.4746,26.6554,0.4920,1.29163,0.99185,-2.294
wood_birch,74,2,3680.731,0.019688,0.036535,1.85570,350.861,189.072,0.4611,0.1872,0.14375,-2.294
wood_birch,74,3,10306.154,0.006198,0.010443,1.68490,1114.51,661.472,0.4065,0.01164,0.00893,-2.302
wood_birch,75,1,622.254,0.12416,0.24424,1.96714,55.6359,28.2827,0.4916,1.31907,1.01326,-2.291
wood_birch,75,2,3899.599,0.0185,0.034203,1.84881,373.392,201.963,0.4591,0.23163,0.17793,-2.291
wood_birch,75,3,10918.990,0.0057867,0.0096781,1.67247,1193.73,713.751,0.4021,0.01773,0.01362,-2.291
wood_birch,76,1,659.255,0.1171,0.23017,1.96558,58.9902,30.0115,0.4913,1.34721,1.03522,-2.288
wood_birch,76,2,4131.481,0.017381,0.032006,1.84144,397.431,215.827,0.4570,0.2624,0.20163,-2.288
wood_birch,76,3,11568.268,0.0053999,0.0089627,1.65979,1279.24,770.723,0.3975,0.01737,0.01335,-2.286
wood_birch,77,1,698.456,0.11043,0.21689,1.96405,62.5532,31.8491,0.4908,1.37616,1.05781,-2.285
wood_birch,77,2,4377.152,0.016324,0.029937,1.83393,423.166,230.743,0.4547,0.2783,0.21392,-2.285
wood_birch,77,3,12256.152,0.0050362,0.0082941,1.64690,1371.62,832.852,0.3928,0.01064,0.00818,-2.284
wood_birch,78,1,739.989,0.10414,0.20436,1.96236,66.3314,33.8019,0.4904,1.40595,1.08108,-2.282
wood_birch,78,2,4637.431,0.015328,0.02799,1.82607,450.663,246.794,0.4524,0.27862,0.21424,-2.282
wood_birch,78,3,12984.941,0.0046944,0.0076695,1.63376,1471.49,900.679,0.3879,0.00013,0.0001,-2.279
wood_birch,79,1,783.991,0.098202,0.19253,1.96055,70.3423,35.8789,0.4899,1.43656,1.10499,-2.279
wood_birch,79,2,4913.187,0.014389,0.026157,1.81785,480.072,264.088,0.4499,0.26328,0.20251,-2.279
wood_birch,79,3,13757.065,0.0043733,0.0070864,1.62038,1579.53,974.79,0.3829,0.00975,0.0075,-2.279
wood_birch,80,1,830.609,0.092597,0.18136,1.95859,74.6002,38.0886,0.4894,1.46787,1.12947,-2.276
wood_birch,80,2,5205.340,0.013503,0.024432,1.80938,511.572,282.734,0.4473,0.23296,0.17925,-2.276
wood_birch,80,3,14575.103,0.0040717,0.0065426,1.60685,1696.53,1055.81,0.3777,0.01448,0.01114,-2.278
wood_birch,81,1,880.000,0.087307,0.17083,1.95666,79.1203,40.4364,0.4889,1.49975,1.15441,-2.273
wood_birch,81,2,5514.866,0.012668,0.022809,1.80052,545.292,302.852,0.4446,0.18928,0.14569,-2.273
wood_birch,81,3,15441.784,0.0037887,0.0060357,1.59308,1823.25,1144.48,0.3723,0.01169,0.009,-2.271
wood_birch,82,1,932.328,0.082314,0.16089,1.95459,83.9196,42.9346,0.4884,1.53199,1.17968,-2.270
wood_birch,82,2,5842.798,0.011881,0.021283,1.79135,581.412,324.567,0.4418,0.13487,0.10386,-2.269
wood_birch,82,3,16360.002,0.003523,0.0055636,1.57922,1960.76,1241.6,0.3668,0.0028,0.00215,-2.294
wood_birch,83,1,987.767,0.077602,0.1515,1.95227,89.0152,45.5957,0.4878,1.56444,1.20517,-2.266
wood_birch,83,2,6190.228,0.011139,0.019848,1.78185,620.141,348.033,0.4388,0.07343,0.05657,-2.266
wood_birch,83,3,17332.816,0.0032739,0.0051243,1.56520,2109.95,1348.04,0.3611,0.00716,0.00552,-2.259
wood_birch,84,1,1046.502,0.073154,0.14265,1.95000,94.4276,48.4245,0.4872,1.597,1.23081,-2.262
wood_birch,84,2,6558.317,0.01044,0.0185,1.77203,661.662,373.392,0.4357,0.00958,0.00738,-2.266
wood_birch,84,3,18363.479,0.0030404,0.0047159,1.55108,2271.99,1464.78,0.3553,0.01203,0.00927,-2.264
wood_birch,85,1,1108.731,0.068957,0.13429,1.94745,100.175,51.4391,0.4865,1.62964,1.2566,-2.258
wood_birch,85,2,6948.296,0.0097806,0.017234,1.76206,706.271,400.821,0.4325,0.05138,0.03962,-2.258
wood_birch,85,3,19455.430,0.0028215,0.0043364,1.53691,2448.26,1592.97,0.3493,0.00852,0.00657,-2.257
wood_birch,86,1,1174.659,0.064995,0.12641,1.94492,106.281,54.6456,0.4858,1.66244,1.28257,-2.253
wood_birch,86,2,7361.463,0.0091597,0.016044,1.75159,754.146,430.551,0.4291,0.10383,0.0801,-2.254
wood_birch,87,1,1244.508,0.061255,0.11897,1.94221,112.77,58.063,0.4851,1.69548,1.30881,-2.248
wood_birch,87,2,7799.199,0.0085747,0.014927,1.74082,805.597,462.769,0.4256,0.14244,0.10995,-2.249
wood_birch,88,1,1318.510,0.057726,0.11195,1.93933,119.665,61.7039,0.4844,1.72889,1.33539,-2.243
wood_birch,88,2,8262.963,0.0080238,0.01388,1.72985,860.908,497.677,0.4219,0.16277,0.12573,-2.243
wood_birch,89,1,1396.913,0.054395,0.10532,1.93621,126.992,65.5883,0.4835,1.76269,1.36233,-2.238
wood_birch,89,2,8754.305,0.007505,0.012897,1.71845,920.42,535.609,0.4181,0.16204,0.12523,-2.238
wood_birch,90,1,1479.978,0.051252,0.099074,1.93308,134.78,69.7232,0.4827,1.79681,1.38957,-2.232
wood_birch,90,2,9274.862,0.0070166,0.011976,1.70681,984.488,576.8,0.4141,0.13974,0.10807,-2.232
wood_birch,91,1,1567.982,0.048285,0.093176,1.92971,143.062,74.1366,0.4818,1.83106,1.41699,-2.227
wood_birch,91,2,9826.375,0.0065569,0.011114,1.69501,1053.51,621.536,0.4100,0.0983,0.07607,-2.227
wood_birch,92,1,1661.219,0.045485,0.087613,1.92620,151.869,78.844,0.4808,1.86519,1.44442,-2.221
wood_birch,92,2,10410.681,0.0061243,0.010306,1.68280,1127.93,670.265,0.4057,0.04327,0.03351,-2.220
wood_birch,93,1,1760.000,0.042843,0.082364,1.92246,161.234,83.8686,0.4798,1.89903,1.47172,-2.214
wood_birch,93,2,11029.732,0.0057174,0.0095497,1.67029,1208.2,723.348,0.4013,0.0169,0.0131,-2.212
wood_birch,94,1,1864.655,0.040349,0.077412,1.91856,171.2,89.2336,0.4788,1.93245,1.49882,-2.207
wood_birch,94,2,11685.593,0.0053347,0.0088426,1.65756,1294.87,781.19,0.3967,0.0718,0.05569,-2.207
wood_birch,95,1,1975.533,0.037996,0.072741,1.91444,181.802,94.9637,0.4777,1.96546,1.52572,-2.200
wood_birch,95,2,12380.457,0.004975,0.0081818,1.64458,1388.49,844.283,0.3920,0.11071,0.08594,-2.200
wood_birch,96,1,2093.004,0.035775,0.068336,1.91016,193.089,101.085,0.4765,1.99807,1.55241,-2.192
wood_birch,96,2,13116.635,0.0046369,0.0075647,1.63141,1489.74,913.157,0.3870,0.12483,0.09699,-2.192
wood_birch,97,1,2217.461,0.033679,0.064181,1.90567,205.106,107.629,0.4752,2.0302,1.57881,-2.184
wood_birch,97,2,13896.592,0.0043193,0.0069887,1.61802,1599.28,988.418,0.3820,0.10973,0.08534,-2.183
wood_birch,98,1,2349.318,0.031701,0.060262,1.90095,217.903,114.629,0.4739,2.06156,1.60473,-2.176
wood_birch,98,2,14722.928,0.004021,0.0064515,1.60445,1717.92,1070.72,0.3767,0.06744,0.0525,-2.175
wood_birch,99,1,2489.016,0.029835,0.056566,1.89596,231.532,122.118,0.4726,2.09178,1.62991,-2.167
wood_birch,99,2,15598.397,0.003741,0.0059508,1.59070,1846.5,1160.81,0.3713,0.00745,0.00581,-2.160
wood_birch,100,1,2637.020,0.028074,0.053082,1.89079,246.055,130.134,0.4711,2.12053,1.65408,-2.158
wood_birch,100,2,16525.924,0.0034783,0.0054846,1.57680,1985.96,1259.48,0.3658,0.05422,0.0423,-2.156
wood_birch,101,1,2793.826,0.026413,0.049796,1.88528,261.529,138.721,0.4696,2.1476,1.67711,-2.148
wood_birch,101,2,17508.609,0.003232,0.0050508,1.56275,2137.3,1367.66,0.3601,0.09854,0.07695,-2.148
wood_birch,102,1,2959.955,0.024845,0.046699,1.87961,278.034,147.921,0.4680,2.0839,1.69885,-1.774
wood_birch,102,2,18549.725,0.0030011,0.0046475,1.54860,2301.74,1486.34,0.3543,0.1047,0.08535,-1.775
wood_birch,103,1,3135.963,0.023366,0.04378,1.87366,295.633,157.783,0.4663,1.9608,1.71906,-1.143
wood_birch,103,2,19652.746,0.0027848,0.0042729,1.53437,2480.52,1616.64,0.3483,0.07073,0.06201,-1.143
wood_birch,104,1,3322.438,0.02197,0.041029,1.86750,314.418,168.363,0.4645,1.83314,1.7373,-0.466
wood_birch,105,1,3520.000,0.020654,0.038436,1.86095,334.451,179.721,0.4626,1.70128,1.70128,+0.000
wood_birch,106,1,3729.310,0.019412,0.035994,1.85421,355.85,191.914,0.4607,1.56569,1.56569,+0.000
wood_birch,107,1,3951.067,0.01824,0.033693,1.84720,378.715,205.02,0.4586,1.42692,1.42692,+0.000
wood_birch,108,1,4186.009,0.017135,0.031525,1.83980,403.137,219.12,0.4565,1.28569,1.28569,+0.000
wood_oak,21,1,27.500,2.4904,4.9616,1.99229,2.77375,1.39224,0.4981,0.32289,0.26117,-1.843
wood_oak,21,2,172.340,0.39621,0.78705,1.98645,17.4346,8.77677,0.4966,0.81312,0.65768,-1.843
wood_oak,21,3,482.556,0.14061,0.27758,1.97411,49.1271,24.8856,0.4935,0.29106,0.23542,-1.843
wood_oak,21,4,945.617,0.071083,0.13907,1.95645,97.1787,49.6711,0.4889,0.13811,0.11171,-1.843
wood_oak,21,5,1563.172,0.042472,0.082125,1.93363,162.643,84.1127,0.4828,0.04451,0.036,-1.843
wood_oak,21,6,2335.109,0.028001,0.053389,1.90668,246.697,129.385,0.4755,0.01194,0.00966,-1.841
wood_oak,21,7,3261.433,0.01969,0.036945,1.87633,350.826,186.974,0.4670,0.01271,0.01028,-1.843
wood_oak,21,8,4342.144,0.014488,0.026707,1.84339,476.791,258.65,0.4575,0.00078,0.00063,-1.855
wood_oak,21,9,5577.243,0.011023,0.019936,1.80858,626.667,346.497,0.4471,0.00347,0.00281,-1.832
wood_oak,21,10,6966.729,0.0086037,0.015253,1.77284,802.882,452.878,0.4359,8e-05,7e-05,-1.160
wood_oak,21,11,8510.604,0.0068527,0.0119,1.73654,1008.03,580.484,0.4241,0.0009,0.00073,-1.818
wood_oak,21,12,10208.862,0.0055479,0.0094337,1.70041,1245.11,732.242,0.4119,0.00025,0.0002,-1.938
wood_oak,22,1,29.135,2.3505,4.6828,1.99226,2.93884,1.47513,0.4981,0.32978,0.26639,-1.854
wood_oak,22,2,182.587,0.37389,0.74257,1.98607,18.4754,9.3025,0.4965,0.82772,0.66863,-1.854
wood_oak,22,3,511.250,0.13264,0.2617,1.97301,52.079,26.3957,0.4932,0.2888,0.23329,-1.854
wood_oak,22,4,1001.846,0.067017,0.13097,1.95428,103.075,52.743,0.4883,0.11754,0.09495,-1.854
wood_oak,22,5,1656.123,0.040014,0.077239,1.93030,172.633,89.4335,0.4819,0.04388,0.03545,-1.853
wood_oak,22,6,2473.961,0.026358,0.050132,1.90197,262.074,137.791,0.4742,0.01277,0.01032,-1.850
wood_oak,22,7,3455.368,0.018516,0.034629,1.87022,373.07,199.479,0.4653,0.01125,0.00909,-1.852
wood_oak,22,8,4600.341,0.013608,0.024983,1.83591,507.625,276.498,0.4553,6e-05,5e-05,-1.584
wood_oak,22,9,5908.883,0.010341,0.018611,1.79973,667.997,371.165,0.4444,0.0043,0.00348,-1.838
wood_oak,22,10,7380.992,0.0080608,0.014209,1.76273,856.957,486.153,0.4327,0.00049,0.00039,-1.983
wood_oak,22,11,9016.670,0.0064113,0.011062,1.72539,1077.43,624.458,0.4204,0.0012,0.00097,-1.848
wood_oak,22,12,10815.912,0.005183,0.0087508,1.68837,1332.77,789.386,0.4077,0.00069,0.00055,-1.970
wood_oak,23,1,30.868,2.2185,4.4197,1.99220,3.11371,1.56295,0.4980,0.33689,0.27176,-1.866
wood_oak,23,2,193.445,0.35283,0.70058,1.98560,19.5781,9.86005,0.4964,0.84255,0.67968,-1.866
wood_oak,23,3,541.651,0.12512,0.24671,1.97179,55.209,27.9995,0.4929,0.28587,0.23061,-1.866
wood_oak,23,4,1061.419,0.06318,0.12333,1.95204,109.335,56.0103,0.4877,0.09659,0.07792,-1.866
wood_oak,23,5,1754.602,0.037694,0.072629,1.92681,183.259,95.1101,0.4810,0.0408,0.03291,-1.867
wood_oak,23,6,2621.072,0.024807,0.047061,1.89709,278.46,146.783,0.4729,0.01192,0.00962,-1.862
wood_oak,23,7,3660.835,0.017408,0.032446,1.86386,396.815,212.9,0.4635,0.00716,0.00578,-1.860
wood_oak,23,8,4873.893,0.012779,0.023361,1.82808,540.555,295.696,0.4530,0.00063,0.00051,-1.835
wood_oak,23,9,6260.245,0.0096978,0.017365,1.79061,712.301,397.798,0.4415,0.00214,0.00173,-1.847
wood_oak,23,10,7819.891,0.0075492,0.013229,1.75237,915.031,522.168,0.4293,0.00051,0.00041,-1.896
wood_oak,23,11,9552.831,0.0059957,0.010276,1.71389,1152.12,672.222,0.4166,0.00137,0.0011,-1.907
wood_oak,23,12,11459.062,0.0048398,0.0081115,1.67600,1427.28,851.6,0.4033,0.00019,0.00016,-1.493
wood_oak,24,1,32.703,2.0939,4.1713,1.99212,3.29899,1.65602,0.4980,0.34423,0.27728,-1.879
wood_oak,24,2,204.947,0.33295,0.66095,1.98513,20.7471,10.4513,0.4963,0.85759,0.6908,-1.879
wood_oak,24,3,573.859,0.11802,0.23257,1.97060,58.5304,29.7018,0.4925,0.2822,0.22732,-1.878
wood_oak,24,4,1124.534,0.059559,0.11612,1.94966,115.982,59.4881,0.4871,0.07553,0.06084,-1.879
wood_oak,24,5,1858.935,0.035505,0.068281,1.92314,194.557,101.167,0.4800,0.03543,0.02854,-1.878
wood_oak,24,6,2776.928,0.023344,0.044165,1.89192,295.911,156.408,0.4714,0.00951,0.00766,-1.879
wood_oak,24,7,3878.519,0.016363,0.030389,1.85718,422.157,227.311,0.4616,0.00151,0.00121,-1.924
wood_oak,24,8,5163.708,0.011997,0.021833,1.81987,575.79,316.391,0.4505,0.00098,0.00079,-1.872
wood_oak,24,9,6632.497,0.0090919,0.016194,1.78115,759.77,426.563,0.4386,0.00141,0.00114,-1.846
wood_oak,24,10,8284.884,0.0070673,0.012309,1.74168,977.425,561.195,0.4258,3e-05,2e-05,-3.522
wood_oak,24,11,10120.870,0.0056045,0.00954,1.70220,1232.54,724.083,0.4125,0.00059,0.00047,-1.975
wood_oak,24,12,12140.452,0.0045169,0.0075135,1.66342,1529.31,919.379,0.3988,0.00064,0.00051,-1.972
wood_oak,25,1,34.648,1.9763,3.9369,1.99206,3.4953,1.75462,0.4980,0.35183,0.28295,-1.892
wood_oak,25,2,217.134,0.31418,0.62355,1.98469,21.9866,11.0781,0.4961,0.87285,0.70197,-1.892
wood_oak,25,3,607.982,0.11132,0.21921,1.96919,62.0531,31.512,0.4922,0.27776,0.22338,-1.893
wood_oak,25,4,1191.402,0.05614,0.10932,1.94727,123.045,63.1884,0.4864,0.05464,0.04394,-1.893
wood_oak,25,5,1969.473,0.033439,0.064178,1.91926,206.578,107.634,0.4790,0.02813,0.02262,-1.894
wood_oak,25,6,2942.052,0.021963,0.041434,1.88654,314.518,166.717,0.4699,0.00588,0.00473,-1.890
wood_oak,25,7,4109.148,0.015377,0.028452,1.85030,449.226,242.786,0.4595,0.00414,0.00333,-1.891
wood_oak,25,8,5470.758,0.011259,0.020396,1.81153,613.532,338.682,0.4480,0.00082,0.00066,-1.885
wood_oak,25,9,7026.886,0.0085208,0.015093,1.77131,810.693,457.679,0.4355,0.00356,0.00286,-1.902
wood_oak,25,10,8777.528,0.0066134,0.011445,1.73058,1044.51,603.561,0.4222,0.00049,0.00039,-1.983
wood_oak,25,11,10722.688,0.0052363,0.0088503,1.69018,1319.21,780.511,0.4083,0.00138,0.00111,-1.891
wood_oak,25,12,12862.360,0.0042134,0.0069544,1.65054,1639.47,993.293,0.3941,1e-05,1e-05,+0.000
wood_oak,26,1,36.708,1.8653,3.7156,1.99196,3.70329,1.85912,0.4980,0.35968,0.28878,-1.907
wood_oak,26,2,230.046,0.29647,0.58824,1.98415,23.3,11.7431,0.4960,0.88831,0.71319,-1.907
wood_oak,26,3,644.135,0.10499,0.20661,1.96790,65.7944,33.4338,0.4918,0.27248,0.21876,-1.907
wood_oak,26,4,1262.247,0.052914,0.1029,1.94466,130.547,67.1308,0.4858,0.03426,0.02751,-1.906
wood_oak,26,5,2086.584,0.031489,0.060308,1.91521,219.37,114.541,0.4779,0.01938,0.01556,-1.907
wood_oak,26,6,3116.997,0.02066,0.03886,1.88093,334.354,177.76,0.4683,0.00158,0.00127,-1.897
wood_oak,26,7,4353.491,0.014447,0.026626,1.84301,478.145,259.436,0.4574,0.00808,0.00649,-1.903
wood_oak,26,8,5796.067,0.010564,0.019044,1.80273,653.896,362.726,0.4453,0.00023,0.00019,-1.659
wood_oak,26,9,7444.728,0.0079827,0.014059,1.76118,865.341,491.34,0.4322,0.00251,0.00202,-1.886
wood_oak,26,10,9299.469,0.006186,0.010636,1.71937,1116.68,649.469,0.4184,0.00029,0.00023,-2.013
wood_oak,26,11,11360.294,0.0048899,0.0082046,1.67787,1412.66,841.937,0.4040,0.00032,0.00026,-1.804
wood_oak,26,12,13627.198,0.0039281,0.0064321,1.63746,1758.55,1073.95,0.3893,0.00056,0.00045,-1.900
wood_oak,27,1,38.891,1.7605,3.5068,1.99193,3.92375,1.96982,0.4980,0.36783,0.29478,-1.923
wood_oak,27,2,243.725,0.27975,0.55492,1.98363,24.6926,12.4482,0.4959,0.90396,0.72445,-1.923
wood_oak,27,3,682.437,0.099021,0.19472,1.96645,69.7605,35.4753,0.4915,0.26631,0.21342,-1.923
wood_oak,27,4,1337.304,0.049869,0.096838,1.94185,138.518,71.3331,0.4850,0.01478,0.01184,-1.926
wood_oak,27,5,2210.659,0.02965,0.056658,1.91089,232.977,121.92,0.4767,0.0098,0.00785,-1.927
wood_oak,27,6,3302.343,0.019431,0.036434,1.87505,355.502,189.596,0.4667,0.00266,0.00213,-1.930
wood_oak,27,7,4612.363,0.01357,0.024908,1.83552,509.046,277.331,0.4552,0.00905,0.00725,-1.926
wood_oak,27,8,6140.719,0.0099082,0.017772,1.79367,697.176,388.688,0.4425,0.00044,0.00035,-1.988
wood_oak,27,9,7887.413,0.0074756,0.013088,1.75076,924.04,527.793,0.4288,0.00073,0.00058,-1.998
wood_oak,27,10,9852.443,0.0057836,0.0098767,1.70771,1194.37,699.399,0.4144,0.00028,0.00022,-2.095
wood_oak,27,11,12035.811,0.0045641,0.0076006,1.66530,1513.5,908.843,0.3995,0.00125,0.001,-1.938
wood_oak,27,12,14437.512,0.00366,0.0059444,1.62415,1887.36,1162.06,0.3843,0.00031,0.00025,-1.868
wood_oak,28,1,41.203,1.6617,3.3096,1.99170,4.15704,2.08719,0.4979,0.37627,0.30097,-1.940
wood_oak,28,2,258.218,0.26397,0.52347,1.98307,26.1687,13.1961,0.4957,0.9198,0.73572,-1.940
wood_oak,28,3,723.017,0.093387,0.18349,1.96483,73.9691,37.6465,0.4911,0.2592,0.20733,-1.939
wood_oak,28,4,1416.824,0.046996,0.091121,1.93891,146.986,75.8086,0.4843,0.00342,0.00274,-1.926
wood_oak,28,5,2342.112,0.027913,0.053215,1.90646,247.474,129.808,0.4755,0.00013,0.0001,-2.279
wood_oak,28,6,3498.710,0.018271,0.034147,1.86892,378.072,202.295,0.4649,0.00608,0.00487,-1.927
wood_oak,28,7,4886.628,0.012743,0.02329,1.82767,542.082,296.597,0.4529,0.00671,0.00537,-1.935
wood_oak,28,8,6505.864,0.0092901,0.016577,1.78437,743.561,416.707,0.4396,0.00079,0.00063,-1.966
wood_oak,28,9,8356.422,0.006998,0.012177,1.74007,987.104,567.279,0.4253,0.00298,0.00238,-1.953
wood_oak,28,10,10438.299,0.0054049,0.0091656,1.69579,1278.05,753.661,0.4103,0.00039,0.00031,-1.994
wood_oak,28,11,12751.496,0.0042577,0.0070358,1.65249,1622.41,981.801,0.3949,0.00039,0.00031,-1.994
wood_oak,28,12,15296.010,0.0034082,0.0054894,1.61064,2026.8,1258.38,0.3791,0.00028,0.00022,-2.095
wood_oak,29,1,43.654,1.5683,3.1236,1.99171,4.40461,2.21147,0.4979,0.38503,0.30735,-1.957
wood_oak,29,2,273.572,0.24908,0.49378,1.98242,27.7331,13.9895,0.4956,0.9358,0.74701,-1.957
wood_oak,29,3,766.010,0.088069,0.1729,1.96323,78.4357,39.9523,0.4906,0.25111,0.20045,-1.957
wood_oak,29,4,1501.073,0.044283,0.085727,1.93589,155.991,80.5785,0.4834,0.01991,0.0159,-1.953
wood_oak,29,5,2481.381,0.026275,0.049968,1.90173,262.902,138.244,0.4742,0.00881,0.00703,-1.960
wood_oak,29,6,3706.754,0.017177,0.031992,1.86249,402.151,215.921,0.4631,0.00803,0.00641,-1.957
wood_oak,29,7,5177.202,0.011963,0.021767,1.81953,577.427,317.35,0.4504,0.00196,0.00157,-1.927
wood_oak,29,8,6892.724,0.0087077,0.015453,1.77464,793.293,447.017,0.4365,0.00058,0.00047,-1.827
wood_oak,29,9,8853.321,0.0065481,0.011322,1.72905,1054.93,610.118,0.4216,0.00192,0.00153,-1.972
wood_oak,29,10,11058.993,0.0050485,0.0084998,1.68363,1368.28,812.696,0.4060,0.0001,8e-05,-1.938
wood_oak,29,11,13509.741,0.0039697,0.0065081,1.63944,1740.12,1061.41,0.3900,0.00103,0.00082,-1.980
wood_oak,29,12,16205.560,0.0031718,0.0050653,1.59698,2177.87,1363.74,0.3738,0.00049,0.00039,-1.983
wood_oak,30,1,46.249,1.4802,2.9479,1.99156,4.66677,2.34328,0.4979,0.39413,0.31395,-1.976
wood_oak,30,2,289.839,0.23502,0.46576,1.98179,29.3922,14.8311,0.4954,0.95196,0.7583,-1.976
wood_oak,30,3,811.559,0.083049,0.1629,1.96149,83.1769,42.4049,0.4902,0.24199,0.19276,-1.976
wood_oak,30,4,1590.331,0.041724,0.080638,1.93265,165.558,85.6638,0.4826,0.03427,0.0273,-1.975
wood_oak,30,5,2628.932,0.024729,0.046906,1.89680,279.338,147.268,0.4728,0.0162,0.0129,-1.979
wood_oak,30,6,3927.169,0.016145,0.029961,1.85574,427.857,230.558,0.4611,0.00809,0.00644,-1.981
wood_oak,30,7,5485.055,0.011227,0.020333,1.81108,615.281,339.731,0.4479,0.00324,0.00258,-1.979
wood_oak,30,8,7302.586,0.0081587,0.014397,1.76462,846.673,479.805,0.4333,2e-05,1e-05,-6.021
wood_oak,30,9,9379.768,0.0061246,0.01052,1.71766,1127.87,656.631,0.4178,0.0012,0.00096,-1.938
wood_oak,30,10,11716.596,0.0047132,0.0078766,1.67118,1465.62,876.997,0.4016,0.00038,0.0003,-2.053
wood_oak,30,11,14313.072,0.0036991,0.0060154,1.62618,1867.42,1148.35,0.3851,0.00068,0.00054,-2.002
wood_oak,30,12,17169.193,0.0029499,0.0046702,1.58317,2341.69,1479.11,0.3683,0.00021,0.00017,-1.835
wood_oak,31,1,48.999,1.3971,2.7822,1.99141,4.94435,2.48284,0.4979,0.4036,0.32079,-1.995
wood_oak,31,2,307.074,0.22175,0.43931,1.98110,31.1511,15.7241,0.4952,0.96824,0.76958,-1.995
wood_oak,31,3,859.817,0.078312,0.15346,1.95960,88.2081,45.0134,0.4897,0.23181,0.18424,-1.995
wood_oak,31,4,1684.897,0.039308,0.075836,1.92928,175.734,91.0881,0.4817,0.04608,0.03663,-1.994
wood_oak,31,5,2785.256,0.02327,0.044019,1.89166,296.852,156.927,0.4714,0.02131,0.01694,-1.993
wood_oak,31,6,4160.690,0.015172,0.028048,1.84867,455.296,246.283,0.4591,0.00624,0.00496,-1.994
wood_oak,31,7,5811.212,0.010533,0.018985,1.80243,655.82,363.853,0.4452,0.0066,0.00525,-1.988
wood_oak,31,8,7736.820,0.0076415,0.013405,1.75424,903.979,515.312,0.4300,0.00056,0.00044,-2.095
wood_oak,31,9,9937.517,0.0057258,0.0097679,1.70595,1206.43,707.189,0.4138,0.00261,0.00207,-2.013
wood_oak,31,10,12413.299,0.0043979,0.0072939,1.65850,1570.69,947.059,0.3970,3e-05,3e-05,+0.000
wood_oak,31,11,15164.170,0.0034449,0.0055556,1.61270,2005.21,1243.39,0.3799,0.00059,0.00047,-1.975
wood_oak,31,12,18190.123,0.0027418,0.0043024,1.56919,2519.42,1605.56,0.3627,0.00019,0.00015,-2.053
wood_oak,32,1,51.913,1.3186,2.6257,1.99128,5.2387,2.63082,0.4978,0.41345,0.32788,-2.014
wood_oak,32,2,325.334,0.20923,0.41435,1.98036,33.0151,16.6713,0.4950,0.98461,0.78082,-2.014
wood_oak,32,3,910.944,0.07384,0.14456,1.95775,93.5503,47.7847,0.4892,0.22053,0.17489,-2.014
wood_oak,32,4,1785.087,0.037028,0.071306,1.92573,186.555,96.8748,0.4807,0.05497,0.04359,-2.015
wood_oak,32,5,2950.876,0.021893,0.041297,1.88631,315.523,167.27,0.4699,0.0236,0.01871,-2.017
wood_oak,32,6,4408.099,0.014253,0.026247,1.84151,484.653,263.183,0.4569,0.00295,0.00234,-2.012
wood_oak,32,7,6156.766,0.0098794,0.017717,1.79333,699.208,389.894,0.4424,0.00652,0.00517,-2.015
wood_oak,32,8,8196.877,0.0071542,0.012474,1.74359,965.552,553.772,0.4265,0.0006,0.00047,-2.121
wood_oak,32,9,10528.434,0.0053504,0.0090637,1.69402,1291.07,762.134,0.4097,0.00053,0.00042,-2.021
wood_oak,32,10,13151.435,0.0041015,0.0067492,1.64554,1684.2,1023.49,0.3923,0.00034,0.00027,-2.002
wood_oak,32,11,16065.881,0.0032063,0.005127,1.59904,2154.43,1347.33,0.3746,0.00094,0.00075,-1.961
wood_oak,32,12,19271.768,0.0025467,0.0039603,1.55507,2712.43,1744.25,0.3569,0.0004,0.00032,-1.938
wood_oak,33,1,55.000,1.2445,2.478,1.99116,5.55063,2.78763,0.4978,0.4237,0.33523,-2.034
wood_oak,33,2,344.679,0.19741,0.39079,1.97959,34.9919,17.6764,0.4948,1.00102,0.79202,-2.034
wood_oak,33,3,965.112,0.06962,0.13615,1.95562,99.2208,50.7364,0.4887,0.20814,0.16468,-2.034
wood_oak,33,4,1891.233,0.034876,0.067032,1.92201,198.066,103.052,0.4797,0.06063,0.04797,-2.034
wood_oak,33,5,3126.344,0.020595,0.038731,1.88060,335.409,178.352,0.4683,0.02278,0.01802,-2.036
wood_oak,33,6,4670.218,0.013387,0.02455,1.83387,516.005,281.375,0.4547,0.00092,0.00073,-2.009
wood_oak,33,7,6522.866,0.0092631,0.016524,1.78385,745.728,418.044,0.4394,0.00305,0.00241,-2.046
wood_oak,33,8,8684.287,0.0066953,0.011601,1.73271,1031.73,595.445,0.4229,0.0001,8e-05,-1.938
wood_oak,33,9,11154.486,0.0049973,0.0084044,1.68179,1382.3,821.921,0.4054,0.00209,0.00165,-2.053
wood_oak,33,10,13933.459,0.0038229,0.0062404,1.63237,1806.94,1106.94,0.3874,5e-05,4e-05,-1.938
wood_oak,33,11,17021.207,0.0029823,0.0047276,1.58522,2316.25,1461.15,0.3692,0.00016,0.00013,-1.804
wood_oak,34,1,58.270,1.1746,2.3386,1.99098,5.88094,2.9538,0.4978,0.43437,0.34288,-2.054
wood_oak,34,2,365.175,0.18625,0.36855,1.97879,37.0886,18.7431,0.4946,1.01741,0.80312,-2.054
wood_oak,34,3,1022.500,0.065636,0.12822,1.95350,105.243,53.8742,0.4881,0.19464,0.15364,-2.055
wood_oak,34,4,2003.692,0.032846,0.063,1.91804,210.307,109.647,0.4786,0.06284,0.0496,-2.055
wood_oak,34,5,3312.246,0.019369,0.036312,1.87475,356.64,190.233,0.4666,0.01895,0.01496,-2.054
wood_oak,34,6,4947.923,0.01257,0.022953,1.82601,549.543,300.952,0.4523,0.00423,0.00334,-2.052
wood_oak,34,7,6910.735,0.0086821,0.015404,1.77423,795.632,448.439,0.4364,0.00188,0.00148,-2.078
wood_oak,34,8,9200.682,0.0062631,0.010782,1.72151,1102.93,640.675,0.4191,0.00045,0.00035,-2.183
wood_oak,34,9,11817.766,0.0046651,0.0077874,1.66929,1480.73,887.043,0.4009,0.0014,0.0011,-2.095
wood_oak,34,10,14761.983,0.0035612,0.0057656,1.61900,1939.73,1198.1,0.3823,0.0003,0.00023,-2.308
wood_oak,34,11,18033.340,0.0027722,0.0043558,1.57124,2491.8,1585.88,0.3636,0.00068,0.00053,-2.165
wood_oak,35,1,61.735,1.1086,2.2071,1.99089,6.23106,3.12979,0.4977,0.44548,0.35083,-2.075
wood_oak,35,2,386.889,0.17572,0.34756,1.97792,39.3111,19.875,0.4944,1.03372,0.81409,-2.075
wood_oak,35,3,1083.301,0.061877,0.12073,1.95113,111.637,57.2166,0.4875,0.18004,0.14179,-2.074
wood_oak,35,4,2122.838,0.03093,0.059197,1.91390,223.335,116.691,0.4775,0.0615,0.04844,-2.073
wood_oak,35,5,3509.203,0.018213,0.034032,1.86856,379.276,202.978,0.4648,0.01264,0.00995,-2.078
wood_oak,35,6,5242.143,0.0118,0.02145,1.81780,585.403,322.04,0.4499,0.00596,0.0047,-2.063
wood_oak,35,7,7321.671,0.0081347,0.014351,1.76417,849.171,481.343,0.4332,0.0053,0.00417,-2.083
wood_oak,35,8,9747.785,0.0058562,0.010013,1.70981,1179.56,689.879,0.4152,0.0005,0.00039,-2.158
wood_oak,35,9,12520.489,0.0043526,0.0072104,1.65657,1587.04,958.027,0.3963,0.00143,0.00112,-2.122
wood_oak,35,10,15639.781,0.0033154,0.0053227,1.60545,2083.54,1297.79,0.3771,0.00014,0.00011,-2.095
wood_oak,35,11,19105.662,0.0025752,0.00401,1.55716,2682.41,1722.63,0.3578,0.0008,0.00063,-2.075
wood_oak,36,1,65.406,1.0463,2.0829,1.99073,6.60208,3.31641,0.4977,0.45706,0.35911,-2.095
wood_oak,36,2,409.895,0.16578,0.32775,1.97702,41.6682,21.0763,0.4942,1.04986,0.82488,-2.095
wood_oak,36,3,1147.718,0.058328,0.11367,1.94881,118.429,60.7703,0.4869,0.16438,0.12916,-2.094
wood_oak,36,4,2249.068,0.029121,0.05561,1.90962,237.209,124.218,0.4763,0.0567,0.04455,-2.095
wood_oak,36,5,3717.871,0.017122,0.031883,1.86211,403.443,216.66,0.4630,0.00478,0.00375,-2.108
wood_oak,36,6,5553.856,0.011074,0.020035,1.80919,623.781,344.784,0.4473,0.00552,0.00434,-2.089
wood_oak,36,7,7757.039,0.0076188,0.013362,1.75382,906.672,516.97,0.4298,0.00502,0.00394,-2.104
wood_oak,36,8,10327.416,0.0054732,0.0092936,1.69802,1262.11,743.281,0.4111,1e-05,0,
wood_oak,36,9,13264.994,0.0040589,0.0066712,1.64360,1701.88,1035.46,0.3916,0.0016,0.00125,-2.144
wood_oak,36,10,16569.768,0.0030847,0.0049099,1.59169,2239.36,1406.9,0.3717,0.0002,0.00016,-1.938
wood_oak,37,1,69.296,0.98746,1.9657,1.99066,6.99548,3.51415,0.4976,0.4691,0.36774,-2.114
wood_oak,37,2,434.268,0.1564,0.30905,1.97602,44.1672,22.3516,0.4939,1.06572,0.83544,-2.115
wood_oak,37,3,1215.964,0.054979,0.10701,1.94638,125.644,64.5524,0.4862,0.14773,0.11581,-2.114
wood_oak,37,4,2382.805,0.027415,0.052227,1.90505,251.97,132.264,0.4751,0.04869,0.03817,-2.114
wood_oak,37,5,3938.947,0.016093,0.029859,1.85540,429.24,231.346,0.4610,0.00335,0.00263,-2.102
wood_oak,37,6,5884.105,0.010389,0.018705,1.80046,664.91,369.3,0.4446,0.00305,0.00239,-2.118
wood_oak,37,7,8218.296,0.0071329,0.012434,1.74319,968.436,555.554,0.4263,0.00124,0.00097,-2.133
wood_oak,37,8,10941.516,0.0051127,0.0086196,1.68592,1351.1,801.401,0.4068,0.00046,0.00036,-2.129
wood_oak,37,9,14053.771,0.0037829,0.0061676,1.63039,1826.05,1120.01,0.3867,0.00109,0.00086,-2.059
wood_oak,37,10,17555.057,0.0028683,0.0045255,1.57776,2408.31,1526.41,0.3662,0.00024,0.00019,-2.029
wood_oak,38,1,73.416,0.93196,1.855,1.99043,7.41207,3.72386,0.4976,0.48164,0.37673,-2.134
wood_oak,38,2,460.091,0.14754,0.2914,1.97506,46.8195,23.7054,0.4937,1.08119,0.84569,-2.134
wood_oak,38,3,1288.270,0.051818,0.10072,1.94373,133.308,68.5837,0.4855,0.13018,0.10182,-2.134
wood_oak,38,4,2524.494,0.025804,0.049036,1.90033,267.701,140.871,0.4738,0.03796,0.02969,-2.134
wood_oak,38,5,4173.169,0.015123,0.027952,1.84831,456.771,247.129,0.4590,0.01031,0.00807,-2.128
wood_oak,38,6,6233.993,0.0097433,0.017453,1.79128,708.975,395.792,0.4417,0.00047,0.00037,-2.078
wood_oak,38,7,8706.982,0.0066752,0.011563,1.73223,1034.84,597.402,0.4227,0.00319,0.0025,-2.117
wood_oak,38,8,11592.135,0.0047737,0.0079887,1.67348,1447.04,864.691,0.4025,0.0003,0.00023,-2.308
wood_oak,38,9,14889.455,0.0035236,0.0056977,1.61701,1960.43,1212.38,0.3816,0.00145,0.00113,-2.166
wood_oak,38,10,18598.938,0.0026653,0.0041678,1.56373,2591.74,1657.41,0.3605,1e-05,0,
wood_oak,39,1,77.782,0.87957,1.7506,1.99029,7.85356,3.94594,0.4976,0.4947,0.38611,-2.153
wood_oak,39,2,487.450,0.13918,0.27474,1.97399,49.6318,25.1429,0.4934,1.09617,0.85556,-2.153
wood_oak,39,3,1364.874,0.048835,0.09478,1.94082,141.451,72.882,0.4848,0.11186,0.08731,-2.152
wood_oak,39,4,2674.608,0.024285,0.046028,1.89533,284.445,150.077,0.4724,0.0252,0.01966,-2.156
wood_oak,39,5,4421.318,0.014207,0.026156,1.84106,486.222,264.098,0.4568,0.01476,0.01152,-2.153
wood_oak,39,6,6604.685,0.0091348,0.016277,1.78187,756.202,424.387,0.4388,0.00354,0.00276,-2.162
wood_oak,39,7,9224.726,0.0062442,0.010746,1.72096,1106.27,642.821,0.4189,0.00471,0.00367,-2.167
wood_oak,39,8,12281.438,0.0044548,0.0073987,1.66084,1550.63,933.644,0.3979,0.00025,0.0002,-1.938
wood_oak,39,9,15774.825,0.0032802,0.0052594,1.60338,2105.89,1313.41,0.3763,0.00114,0.00089,-2.150
wood_oak,39,10,19704.887,0.002475,0.0038353,1.54962,2791.01,1801.1,0.3547,0.00021,0.00017,-1.835
wood_oak,40,1,82.407,0.83012,1.652,1.99007,8.32139,4.18145,0.4975,0.50829,0.39591,-2.170
wood_oak,40,2,516.435,0.13129,0.25902,1.97288,52.6145,26.6688,0.4931,1.11051,0.86498,-2.170
wood_oak,40,3,1446.033,0.046019,0.08918,1.93790,150.107,77.4586,0.4840,0.09296,0.07241,-2.170
wood_oak,40,4,2833.648,0.022851,0.043191,1.89011,302.296,159.935,0.4709,0.01132,0.00882,-2.168
wood_oak,40,5,4684.223,0.013344,0.024465,1.83341,517.667,282.353,0.4546,0.01574,0.01226,-2.170
wood_oak,40,6,6997.419,0.0085612,0.015171,1.77206,806.868,455.326,0.4357,0.00475,0.0037,-2.170
wood_oak,40,7,9773.256,0.0058384,0.0099798,1.70934,1183.16,692.174,0.4150,0.00201,0.00157,-2.146
wood_oak,40,8,13011.729,0.0041549,0.0068471,1.64796,1662.56,1008.86,0.3932,0.00039,0.0003,-2.279
wood_oak,40,9,16712.844,0.0030516,0.0048509,1.58963,2263.65,1424.02,0.3709,0.00103,0.0008,-2.195
wood_oak,41,1,87.307,0.78345,1.559,1.98992,8.8171,4.43089,0.4975,0.52244,0.40614,-2.187
wood_oak,41,2,547.144,0.12385,0.24418,1.97158,55.7752,28.2896,0.4928,1.12407,0.87384,-2.187
wood_oak,41,3,1532.019,0.043362,0.083895,1.93476,159.304,82.3381,0.4831,0.07369,0.05729,-2.187
wood_oak,41,4,3002.146,0.021498,0.040516,1.88464,321.321,170.494,0.4694,0.00258,0.00201,-2.168
wood_oak,41,5,4962.762,0.012529,0.022873,1.82560,551.341,302.005,0.4522,0.01302,0.01012,-2.189
wood_oak,41,6,7413.508,0.0080207,0.014132,1.76194,861.241,488.802,0.4324,0.00349,0.00271,-2.197
wood_oak,41,7,10354.404,0.0054564,0.0092622,1.69749,1265.99,745.801,0.4109,0.00236,0.00184,-2.162
wood_oak,41,8,13785.447,0.0038731,0.0063319,1.63484,1783.52,1090.95,0.3883,8e-05,6e-05,-2.499
wood_oak,41,9,17706.643,0.0028372,0.0044706,1.57571,2434.71,1545.15,0.3654,0.00139,0.00108,-2.192
wood_oak,42,1,92.499,0.7394,1.4712,1.98972,9.34238,4.69532,0.4974,0.53718,0.41684,-2.203
wood_oak,42,2,579.679,0.11682,0.23018,1.97038,59.1316,30.0102,0.4925,1.13669,0.88205,-2.203
wood_oak,42,3,1623.118,0.040854,0.078909,1.93149,169.084,87.5408,0.4823,0.05431,0.04215,-2.202
wood_oak,42,4,3180.663,0.020222,0.037994,1.87884,341.596,181.812,0.4678,0.01531,0.01188,-2.203
wood_oak,42,5,5257.863,0.011761,0.021374,1.81736,587.344,323.185,0.4497,0.00721,0.0056,-2.195
wood_oak,42,6,7854.339,0.0075115,0.013157,1.75158,919.624,525.025,0.4291,0.00042,0.00033,-2.095
wood_oak,42,7,10970.109,0.005097,0.0085902,1.68534,1355.26,804.144,0.4067,0.00403,0.00313,-2.195
wood_oak,42,8,14605.173,0.0036084,0.0058509,1.62147,1914.35,1180.63,0.3833,0.00038,0.00029,-2.348
wood_oak,42,9,18759.535,0.0026361,0.0041168,1.56170,2620.44,1677.94,0.3597,0.00023,0.00018,-2.129
wood_oak,43,1,97.999,0.69783,1.3883,1.98945,9.89891,4.97569,0.4974,0.55254,0.42804,-2.218
wood_oak,43,2,614.148,0.11018,0.21696,1.96914,62.6952,31.8388,0.4921,1.14821,0.88949,-2.218
wood_oak,43,3,1719.633,0.038487,0.074205,1.92805,179.483,93.0902,0.4813,0.03514,0.02722,-2.218
wood_oak,43,4,3369.794,0.019017,0.035618,1.87296,363.241,193.94,0.4661,0.02566,0.01988,-2.217
wood_oak,43,5,5570.511,0.011037,0.019964,1.80882,625.873,346.011,0.4472,0.00016,0.00012,-2.499
wood_oak,43,6,8321.381,0.0070318,0.012241,1.74081,982.359,564.313,0.4256,0.00268,0.00208,-2.201
wood_oak,43,7,11622.425,0.0047588,0.0079612,1.67294,1451.57,867.678,0.4022,0.00123,0.00095,-2.244
wood_oak,43,8,15473.640,0.0033597,0.0054022,1.60794,2056.06,1278.69,0.3781,1e-05,1e-05,+0.000
wood_oak,43,9,19875.033,0.0024477,0.0037878,1.54749,2822.14,1823.69,0.3538,0.00137,0.00106,-2.228
wood_oak,44,1,103.826,0.65858,1.3101,1.98928,10.4889,5.27269,0.4973,0.56856,0.43978,-2.231
wood_oak,44,2,650.668,0.10392,0.20448,1.96767,66.4719,33.7821,0.4918,1.15844,0.89604,-2.231
wood_oak,44,3,1821.888,0.036254,0.069767,1.92439,190.538,99.0118,0.4804,0.01652,0.01278,-2.230
wood_oak,44,4,3570.174,0.017881,0.033378,1.86667,386.318,206.955,0.4643,0.03255,0.02518,-2.230
wood_oak,44,5,5901.752,0.010355,0.018638,1.79990,667.094,370.627,0.4444,0.00702,0.00543,-2.231
wood_oak,44,6,8816.197,0.00658,0.011382,1.72979,1049.81,606.902,0.4219,0.00389,0.00301,-2.228
wood_oak,44,7,12313.532,0.0044408,0.0073729,1.66026,1555.52,936.912,0.3977,0.00278,0.00215,-2.232
wood_oak,44,8,16393.754,0.0031263,0.004984,1.59422,2209.56,1385.99,0.3727,0.00034,0.00027,-2.002
wood_oak,45,1,110.000,0.62154,1.2362,1.98893,11.1139,5.58789,0.4972,0.58528,0.45208,-2.243
wood_oak,45,2,689.358,0.098013,0.19271,1.96617,70.4779,35.8453,0.4914,1.16719,0.90156,-2.243
wood_oak,45,3,1930.223,0.034146,0.065581,1.92061,202.301,105.332,0.4793,0.00115,0.00089,-2.226
wood_oak,45,4,3782.467,0.016809,0.031267,1.86013,410.956,220.928,0.4624,0.03519,0.02718,-2.243
wood_oak,45,5,6252.688,0.0097109,0.01739,1.79077,711.34,397.226,0.4416,0.01123,0.00867,-2.247
wood_oak,45,6,9340.436,0.0061545,0.010576,1.71842,1122.39,653.154,0.4181,0.00238,0.00184,-2.235
wood_oak,45,7,13045.732,0.0041418,0.0068231,1.64738,1667.81,1012.41,0.3930,0.00304,0.00235,-2.236
wood_oak,45,8,17368.574,0.0029072,0.0045945,1.58039,2376.09,1503.48,0.3672,3e-05,3e-05,+0.000
wood_oak,46,1,116.541,0.58658,1.1665,1.98865,11.7763,5.92178,0.4972,0.60273,0.46498,-2.254
wood_oak,46,2,730.350,0.092436,0.1816,1.96460,74.7301,38.0383,0.4910,1.17423,0.90587,-2.254
wood_oak,46,3,2045.000,0.032156,0.061631,1.91663,214.82,112.082,0.4783,0.01745,0.01346,-2.255
wood_oak,46,4,4007.384,0.015798,0.029279,1.85334,437.255,235.929,0.4604,0.03321,0.02562,-2.254
wood_oak,46,5,6624.493,0.0091042,0.016218,1.78138,758.744,425.931,0.4386,0.01136,0.00876,-2.257
wood_oak,46,6,9895.848,0.005754,0.009821,1.70681,1200.51,703.366,0.4141,0.00076,0.00059,-2.199
wood_oak,46,7,13821.473,0.0038608,0.0063094,1.63422,1789.2,1094.84,0.3881,0.00075,0.00058,-2.233
wood_oak,46,8,18401.365,0.0027018,0.004232,1.56636,2556.72,1632.27,0.3616,0.0003,0.00023,-2.308
wood_oak,47,1,123.471,0.55358,1.1008,1.98851,12.4783,6.27521,0.4971,0.62095,0.47852,-2.263
wood_oak,47,2,773.778,0.087171,0.17111,1.96292,79.2437,40.3703,0.4906,1.1793,0.9088,-2.263
wood_oak,47,3,2166.602,0.030279,0.057906,1.91241,228.137,119.293,0.4771,0.03194,0.02461,-2.264
wood_oak,47,4,4245.675,0.014844,0.027405,1.84620,465.357,252.062,0.4584,0.02679,0.02064,-2.265
wood_oak,47,5,7018.405,0.0085324,0.015116,1.77160,809.591,456.983,0.4355,0.00731,0.00564,-2.253
wood_oak,47,6,10484.284,0.005377,0.0091134,1.69489,1284.69,757.978,0.4100,0.00309,0.00238,-2.268
wood_oak,47,7,14643.339,0.0035968,0.0058299,1.62086,1920.53,1184.88,0.3830,0.00317,0.00244,-2.273
wood_oak,47,8,19495.566,0.0025092,0.0038949,1.55225,2752.97,1773.54,0.3558,0.00013,0.0001,-2.279
wood_oak,48,1,130.813,0.52243,1.0387,1.98821,13.2224,6.65039,0.4970,0.63998,0.49272,-2.271
wood_oak,48,2,819.790,0.082202,0.16121,1.96114,84.0339,42.8494,0.4901,1.18215,0.91013,-2.271
wood_oak,48,3,2295.435,0.028507,0.054392,1.90802,242.318,126.999,0.4759,0.04417,0.034,-2.273
wood_oak,48,4,4498.136,0.013944,0.025641,1.83886,495.393,269.403,0.4562,0.01679,0.01293,-2.269
wood_oak,48,5,7435.741,0.0079936,0.01408,1.76141,864.161,490.608,0.4323,0.00062,0.00048,-2.223
wood_oak,48,6,11107.712,0.0050222,0.0084509,1.68271,1375.44,817.399,0.4057,0.00266,0.00205,-2.263
wood_oak,48,7,15514.077,0.0033488,0.0053827,1.60735,2062.76,1283.33,0.3778,0.0006,0.00047,-2.121
wood_oak,49,1,138.591,0.49303,0.98005,1.98781,14.0108,7.04837,0.4969,0.65986,0.50761,-2.278
wood_oak,49,2,868.537,0.077512,0.15187,1.95931,89.1185,45.4847,0.4896,1.18245,0.90963,-2.278
wood_oak,49,3,2431.929,0.026835,0.051078,1.90341,257.416,135.239,0.4746,0.05371,0.04132,-2.278
wood_oak,49,4,4765.610,0.013096,0.02398,1.83109,527.471,288.063,0.4539,0.0047,0.00362,-2.268
wood_oak,49,5,7877.894,0.0074859,0.013108,1.75103,922.769,526.988,0.4289,0.00592,0.00456,-2.267
wood_oak,49,6,11768.212,0.0046885,0.0078309,1.67024,1473.34,882.115,0.4013,0.00015,0.00012,-1.938
wood_oak,49,7,16436.594,0.0031161,0.0049658,1.59359,2216.8,1391.07,0.3725,0.00273,0.0021,-2.279
wood_oak,50,1,146.832,0.46528,0.92474,1.98749,14.8464,7.46994,0.4969,0.68062,0.52322,-2.284
wood_oak,50,2,920.183,0.073085,0.14305,1.95731,94.5167,48.2891,0.4891,1.17989,0.90704,-2.284
wood_oak,50,3,2576.539,0.025258,0.047953,1.89853,273.488,144.053,0.4733,0.06018,0.04627,-2.283
wood_oak,50,4,5048.987,0.012296,0.022417,1.82311,561.789,308.148,0.4515,0.00749,0.00576,-2.281
wood_oak,50,5,8346.337,0.0070077,0.012195,1.74023,985.738,566.442,0.4254,0.00934,0.00718,-2.284
wood_oak,50,6,12467.985,0.0043747,0.0072511,1.65751,1579.02,952.649,0.3967,0.00262,0.00202,-2.259
wood_oak,50,7,17413.963,0.0028977,0.0045776,1.57974,2383.88,1509.03,0.3670,0.00109,0.00084,-2.263
wood_oak,51,1,155.563,0.43908,0.87253,1.98718,15.7323,7.91693,0.4968,0.70229,0.53958,-2.289
wood_oak,51,2,974.900,0.068907,0.13473,1.95524,100.248,51.2711,0.4886,1.17412,0.90209,-2.289
wood_oak,51,3,2729.748,0.023769,0.045006,1.89347,290.62,153.485,0.4719,0.06329,0.04863,-2.289
wood_oak,51,4,5349.216,0.011541,0.020945,1.81483,598.54,329.804,0.4490,0.01758,0.0135,-2.294
wood_oak,51,5,8842.637,0.0065573,0.011339,1.72922,1053.45,609.203,0.4217,0.00792,0.00608,-2.296
wood_oak,51,6,13209.370,0.0040797,0.0067092,1.64453,1693.2,1029.59,0.3919,0.00218,0.00168,-2.263
wood_oak,51,7,18449.451,0.0026928,0.0042162,1.56573,2565.27,1638.38,0.3613,0.0024,0.00184,-2.308
wood_oak,52,1,164.814,0.41436,0.82324,1.98677,16.6709,8.39094,0.4967,0.7249,0.55669,-2.293
wood_oak,52,2,1032.870,0.064964,0.12688,1.95308,106.332,54.4432,0.4880,1.16475,0.89448,-2.293
wood_oak,52,3,2892.067,0.022364,0.042228,1.88821,308.878,163.582,0.4704,0.06285,0.04827,-2.293
wood_oak,52,4,5667.297,0.010829,0.01956,1.80626,637.894,353.157,0.4464,0.02353,0.01807,-2.293
wood_oak,52,5,9368.447,0.0061331,0.010536,1.71789,1126.31,655.634,0.4179,0.00234,0.0018,-2.279
wood_oak,52,6,13994.841,0.0038024,0.0062031,1.63136,1816.68,1113.6,0.3870,0.00067,0.00051,-2.370
wood_oak,52,7,19546.514,0.0025008,0.0038803,1.55162,2762.22,1780.21,0.3555,0.00091,0.0007,-2.279
wood_oak,53,1,174.614,0.39103,0.77673,1.98637,17.6655,8.89338,0.4966,0.74847,0.57458,-2.296
wood_oak,53,2,1094.288,0.061242,0.11947,1.95079,112.794,57.82,0.4874,1.15139,0.88389,-2.296
wood_oak,53,3,3064.038,0.021039,0.039608,1.88260,328.331,174.403,0.4688,0.05883,0.04516,-2.297
wood_oak,53,4,6004.292,0.010159,0.018258,1.79722,679.964,378.341,0.4436,0.02401,0.01843,-2.297
wood_oak,53,5,9925.523,0.0057339,0.0097831,1.70619,1204.72,706.091,0.4139,0.00426,0.00327,-2.297
wood_oak,53,6,14827.017,0.003542,0.0057308,1.61796,1950.24,1205.37,0.3819,0.00252,0.00193,-2.317
wood_oak,54,1,184.997,0.369,0.73283,1.98599,18.7202,9.42614,0.4965,0.773,0.59324,-2.299
wood_oak,54,2,1159.358,0.057729,0.11248,1.94841,119.658,61.4132,0.4868,1.1336,0.86997,-2.299
wood_oak,54,3,3246.235,0.019788,0.037139,1.87684,349.088,185.997,0.4672,0.05139,0.03944,-2.299
wood_oak,54,4,6361.326,0.0095262,0.017033,1.78802,725.132,405.551,0.4407,0.01879,0.01442,-2.299
wood_oak,54,5,10515.727,0.0053581,0.009078,1.69426,1289.22,760.934,0.4098,0.00781,0.00599,-2.304
wood_oak,54,6,15708.678,0.0032974,0.0052902,1.60435,2094.91,1305.76,0.3767,0.001,0.00077,-2.270
wood_oak,55,1,195.998,0.34821,0.69139,1.98555,19.8379,9.99111,0.4964,0.79848,0.61265,-2.301
wood_oak,55,2,1228.297,0.054414,0.10588,1.94582,126.948,65.2414,0.4861,1.11094,0.85238,-2.301
wood_oak,55,3,3439.267,0.018608,0.034811,1.87075,371.225,198.436,0.4654,0.04094,0.03141,-2.302
wood_oak,55,4,6739.590,0.0089301,0.015882,1.77848,773.536,434.942,0.4377,0.00906,0.00695,-2.303
wood_oak,55,5,11141.024,0.0050044,0.0084177,1.68206,1380.34,820.623,0.4055,0.00593,0.00455,-2.301
wood_oak,55,6,16642.766,0.0030678,0.0048797,1.59062,2251.7,1415.61,0.3713,0.00178,0.00136,-2.338
wood_oak,56,1,207.652,0.32859,0.65227,1.98506,21.0224,10.5903,0.4962,0.82488,0.63278,-2.303
wood_oak,56,2,1301.335,0.051285,0.099654,1.94314,134.693,69.3174,0.4854,1.08297,0.83076,-2.303
wood_oak,56,3,3643.776,0.017495,0.032618,1.86442,394.842,211.777,0.4636,0.0281,0.02156,-2.301
wood_oak,56,4,7140.346,0.0083684,0.0148,1.76856,825.457,466.74,0.4346,0.00263,0.00202,-2.292
wood_oak,56,5,11803.503,0.0046718,0.0077999,1.66957,1478.61,885.621,0.4010,0.00011,8e-05,-2.766
wood_oak,56,6,17632.393,0.0028524,0.0044974,1.57671,2421.73,1535.94,0.3658,0.00174,0.00134,-2.269
wood_oak,57,1,220.000,0.31007,0.61535,1.98455,22.2781,11.2257,0.4961,0.85215,0.6536,-2.304
wood_oak,57,2,1378.717,0.048331,0.093778,1.94033,142.926,73.6607,0.4846,1.04927,0.8048,-2.304
wood_oak,57,3,3860.446,0.016445,0.030551,1.85777,420.052,226.106,0.4617,0.01379,0.01058,-2.302
wood_oak,57,4,7564.934,0.007839,0.013784,1.75839,881.204,501.143,0.4313,0.0129,0.00989,-2.308
wood_oak,57,5,12505.376,0.004359,0.0072221,1.65682,1584.71,956.475,0.3964,0.00569,0.00437,-2.293
wood_oak,57,6,18680.871,0.0026503,0.0041416,1.56269,2606.4,1667.9,0.3601,0.00102,0.00078,-2.330
wood_oak,58,1,233.082,0.29259,0.58051,1.98404,23.609,11.8995,0.4960,0.88022,0.67505,-2.305
wood_oak,58,2,1460.699,0.045544,0.088234,1.93734,151.672,78.289,0.4838,1.00947,0.77418,-2.305
wood_oak,58,3,4090.000,0.015455,0.028604,1.85079,446.959,241.496,0.4597,0.0009,0.00069,-2.308
wood_oak,58,4,8014.767,0.0073403,0.01283,1.74788,941.073,538.406,0.4279,0.01846,0.01415,-2.310
wood_oak,58,5,13248.983,0.0040649,0.0066821,1.64385,1699.37,1033.77,0.3917,0.00619,0.00475,-2.300
wood_oak,58,6,19791.691,0.002461,0.0038109,1.54852,2806.89,1812.63,0.3542,0.00186,0.00143,-2.284
wood_oak,59,1,246.942,0.27609,0.54762,1.98348,25.0199,12.6141,0.4958,0.90902,0.69707,-2.306
wood_oak,59,2,1547.557,0.042914,0.083003,1.93417,160.967,83.223,0.4830,0.96325,0.73866,-2.306
wood_oak,59,3,4333.204,0.01452,0.02677,1.84366,475.741,258.041,0.4576,0.01467,0.01125,-2.306
wood_oak,59,4,8491.351,0.0068705,0.011934,1.73699,1005.42,578.83,0.4243,0.01731,0.01327,-2.309
wood_oak,59,5,14036.811,0.0037885,0.0061778,1.63067,1823.35,1118.16,0.3868,0.00113,0.00086,-2.372
wood_oak,60,1,261.626,0.26051,0.51658,1.98296,26.5163,13.3721,0.4957,0.93842,0.71956,-2.307
wood_oak,60,2,1639.579,0.040431,0.078068,1.93089,170.853,88.4838,0.4821,0.91038,0.69806,-2.307
wood_oak,60,3,4590.870,0.013639,0.025043,1.83613,506.471,275.836,0.4554,0.0262,0.02009,-2.306
wood_oak,60,4,8996.272,0.0064281,0.011094,1.72586,1074.62,622.657,0.4206,0.00975,0.00747,-2.314
wood_oak,60,5,14871.482,0.0035289,0.0057072,1.61727,1957.48,1210.36,0.3817,0.0047,0.0036,-2.316
wood_oak,61,1,277.183,0.24581,0.48728,1.98234,28.102,14.1762,0.4955,0.9683,0.74242,-2.307
wood_oak,61,2,1737.074,0.038088,0.073411,1.92740,181.363,94.097,0.4812,0.85078,0.65231,-2.307
wood_oak,61,3,4863.858,0.012808,0.023417,1.82831,539.331,294.989,0.4531,0.03424,0.02625,-2.308
wood_oak,61,4,9531.220,0.0060115,0.010306,1.71438,1149.09,670.265,0.4167,0.00132,0.00101,-2.325
wood_oak,61,5,15755.788,0.0032851,0.0052682,1.60367,2102.75,1311.22,0.3764,0.0053,0.00406,-2.315
wood_oak,62,1,293.665,0.23194,0.45962,1.98163,29.7825,15.0293,0.4954,0.99851,0.76553,-2.308
wood_oak,62,2,1840.366,0.035877,0.069018,1.92374,192.54,100.086,0.4802,0.78449,0.60145,-2.308
wood_oak,62,3,5153.077,0.012024,0.021886,1.82019,574.497,315.624,0.4506,0.03781,0.02899,-2.307
wood_oak,62,4,10097.975,0.0056194,0.009568,1.70267,1229.27,721.964,0.4127,0.01117,0.00856,-2.312
wood_oak,62,5,16692.674,0.0030563,0.0048592,1.58990,2260.17,1421.58,0.3710,1e-05,1e-05,+0.000
wood_oak,63,1,311.127,0.21884,0.43352,1.98099,31.5653,15.9341,0.4952,1.02887,0.78877,-2.308
wood_oak,63,2,1949.800,0.03379,0.064874,1.91992,204.432,106.48,0.4791,0.71178,0.54568,-2.308
wood_oak,63,3,5459.495,0.011285,0.020446,1.81179,612.118,337.854,0.4481,0.03639,0.0279,-2.308
wood_oak,63,4,10698.432,0.0052503,0.0088765,1.69067,1315.69,778.207,0.4085,0.0152,0.01165,-2.310
wood_oak,63,5,17685.273,0.0028416,0.0044783,1.57598,2430.94,1542.49,0.3655,0.00491,0.00377,-2.295
wood_oak,64,1,329.628,0.20648,0.40888,1.98024,33.4548,16.8943,0.4950,1.05922,0.81202,-2.308
wood_oak,64,2,2065.741,0.03182,0.060965,1.91593,217.088,113.307,0.4781,0.63314,0.48537,-2.309
wood_oak,64,3,5784.134,0.010588,0.019091,1.80308,652.414,361.833,0.4454,0.03007,0.02305,-2.309
wood_oak,64,4,11334.594,0.0049031,0.0082291,1.67835,1408.85,839.43,0.4042,0.01131,0.00867,-2.309
wood_oak,64,5,18736.895,0.0026402,0.0041239,1.56197,2616.38,1675.05,0.3598,0.00327,0.00251,-2.297
wood_oak,65,1,349.228,0.19482,0.38562,1.97937,35.4571,17.9134,0.4948,1.08939,0.83513,-2.309
wood_oak,65,2,2188.576,0.029962,0.057277,1.91165,230.551,120.603,0.4769,0.5493,0.4211,-2.308
wood_oak,65,3,6128.076,0.0099309,0.017816,1.79400,695.582,387.728,0.4426,0.01968,0.01509,-2.307
wood_oak,65,4,12008.584,0.0045765,0.0076235,1.66579,1509.4,906.113,0.3997,0.00152,0.00116,-2.348
wood_oak,65,5,19851.047,0.0024515,0.0037944,1.54779,2817.77,1820.51,0.3539,0.00267,0.00204,-2.338
wood_oak,66,1,369.994,0.1838,0.36368,1.97867,37.583,18.994,0.4946,1.11923,0.85802,-2.308
wood_oak,66,2,2318.716,0.028208,0.053799,1.90722,244.886,128.399,0.4757,0.46128,0.35362,-2.309
wood_oak,66,3,6492.471,0.0093116,0.016618,1.78466,741.844,415.679,0.4397,0.00679,0.00521,-2.301
wood_oak,66,4,12722.651,0.0042694,0.0070572,1.65297,1617.97,978.824,0.3950,0.00853,0.00654,-2.307
wood_oak,67,1,391.995,0.17341,0.34296,1.97774,39.8348,20.1416,0.4944,1.14863,0.88059,-2.308
wood_oak,67,2,2456.594,0.026553,0.050519,1.90257,260.15,136.736,0.4744,0.37037,0.28394,-2.308
wood_oak,67,3,6878.533,0.0087278,0.015492,1.77502,791.466,445.892,0.4366,0.00646,0.00495,-2.313
wood_oak,67,4,13479.179,0.0039807,0.0065281,1.63994,1735.31,1058.16,0.3902,0.01253,0.00961,-2.305
wood_oak,68,1,415.305,0.1636,0.32341,1.97683,42.2234,21.3591,0.4941,1.17754,0.90283,-2.307
wood_oak,68,2,2602.670,0.024991,0.047426,1.89772,276.41,145.653,0.4730,0.27812,0.21324,-2.307
wood_oak,68,3,7287.552,0.0081777,0.014434,1.76504,844.706,478.575,0.4334,0.01766,0.01354,-2.307
wood_oak,68,4,14280.692,0.0037094,0.006034,1.62668,1862.23,1144.81,0.3853,0.00778,0.00596,-2.315
wood_oak,69,1,440.000,0.15434,0.30495,1.97583,44.7567,22.6521,0.4939,1.20596,0.92473,-2.306
wood_oak,69,2,2757.433,0.023518,0.044509,1.89255,293.722,155.199,0.4716,0.18631,0.14287,-2.306
wood_oak,69,3,7720.892,0.0076594,0.01344,1.75471,901.866,513.97,0.4301,0.02457,0.01884,-2.306
wood_oak,69,4,15129.867,0.0034546,0.005573,1.61321,1999.58,1239.5,0.3801,0.00229,0.00176,-2.286
wood_oak,70,1,466.164,0.1456,0.28753,1.97479,47.4434,24.0245,0.4936,1.23397,0.94636,-2.305
wood_oak,70,2,2921.399,0.022127,0.041759,1.88724,312.187,165.42,0.4701,0.0969,0.07431,-2.306
wood_oak,70,3,8180.001,0.0071711,0.012507,1.74408,963.277,552.311,0.4266,0.0257,0.01971,-2.305
wood_oak,70,4,16029.537,0.0032153,0.0051432,1.59960,2148.4,1343.09,0.3748,0.00983,0.00754,-2.304
wood_oak,71,1,493.883,0.13735,0.27109,1.97372,50.2931,25.4814,0.4933,1.2617,0.96781,-2.303
wood_oak,71,2,3095.114,0.020815,0.039166,1.88162,331.864,176.371,0.4685,0.01194,0.00916,-2.302
wood_oak,71,3,8666.408,0.0067112,0.011631,1.73307,1029.29,593.909,0.4230,0.02076,0.01593,-2.300
wood_oak,71,4,16982.701,0.0029908,0.0047427,1.58576,2309.67,1456.5,0.3694,0.00855,0.00656,-2.301
wood_oak,72,1,523.251,0.12956,0.25558,1.97268,53.317,27.0278,0.4931,1.28931,0.98922,-2.301
wood_oak,72,2,3279.159,0.019577,0.036722,1.87577,352.851,188.109,0.4669,0.06641,0.05095,-2.302
wood_oak,72,3,9181.740,0.0062781,0.01081,1.72186,1100.29,639.015,0.4192,0.01093,0.00839,-2.297
wood_oak,72,4,17992.545,0.0027801,0.0043699,1.57185,2484.71,1580.76,0.3638,0.00033,0.00026,-2.071
wood_oak,73,1,554.365,0.12222,0.24093,1.97128,56.519,28.6712,0.4927,1.31701,1.01075,-2.299
wood_oak,73,2,3474.148,0.018409,0.034418,1.86963,375.238,200.702,0.4651,0.13605,0.10441,-2.299
wood_oak,73,3,9727.716,0.0058703,0.01004,1.71030,1176.73,688.023,0.4153,0.00118,0.00091,-2.257
wood_oak,73,4,19062.439,0.0025826,0.0040231,1.55777,2674.73,1717.02,0.3580,0.00819,0.00629,-2.293
wood_oak,74,1,587.330,0.11528,0.22711,1.97007,59.9215,30.4159,0.4924,1.34503,1.03255,-2.296
wood_oak,74,2,3680.731,0.017307,0.032248,1.86329,399.131,214.207,0.4633,0.19494,0.14965,-2.296
wood_oak,74,3,10306.154,0.0054864,0.0093185,1.69847,1259.07,741.295,0.4112,0.01212,0.0093,-2.300
wood_oak,75,1,622.254,0.10873,0.21406,1.96873,63.5313,32.2702,0.4921,1.37358,1.05479,-2.294
wood_oak,75,2,3899.599,0.016268,0.030202,1.85653,424.622,228.718,0.4614,0.2412,0.18522,-2.294
wood_oak,75,3,10918.990,0.0051252,0.0086429,1.68635,1347.8,799.24,0.4070,0.01847,0.01418,-2.296
wood_oak,76,1,659.255,0.10255,0.20175,1.96733,67.3599,34.2392,0.4917,1.40285,1.0776,-2.291
wood_oak,76,2,4131.481,0.015287,0.028276,1.84968,451.871,244.297,0.4593,0.27323,0.20988,-2.291
wood_oak,76,3,11568.268,0.0047854,0.0080105,1.67395,1443.51,862.338,0.4026,0.01809,0.01389,-2.295
wood_oak,77,1,698.456,0.096719,0.19013,1.96580,71.4209,36.3317,0.4913,1.43296,1.10108,-2.288
wood_oak,77,2,4377.152,0.014363,0.026461,1.84230,480.941,261.054,0.4572,0.28979,0.22267,-2.288
wood_oak,77,3,12256.152,0.0044658,0.0074191,1.66131,1546.81,931.077,0.3981,0.01108,0.00851,-2.292
wood_oak,78,1,739.989,0.091214,0.17916,1.96417,75.7313,38.5563,0.4909,1.46395,1.12525,-2.286
wood_oak,78,2,4637.431,0.01349,0.024752,1.83484,512.065,279.079,0.4550,0.29012,0.223,-2.285
wood_oak,78,3,12984.941,0.0041653,0.0068662,1.64843,1658.41,1006.05,0.3934,0.00013,0.0001,-2.279
wood_oak,79,1,783.991,0.086018,0.16881,1.96250,80.3059,40.9203,0.4905,1.49579,1.15009,-2.283
wood_oak,79,2,4913.187,0.012667,0.023143,1.82703,545.335,298.481,0.4526,0.27413,0.21078,-2.283
wood_oak,79,3,13757.065,0.0038829,0.0063497,1.63530,1779.02,1087.89,0.3885,0.01015,0.0078,-2.287
wood_oak,80,1,830.609,0.081113,0.15904,1.96072,85.1621,43.4341,0.4900,1.52836,1.17551,-2.280
wood_oak,80,2,5205.340,0.011892,0.021628,1.81870,580.874,319.389,0.4502,0.24256,0.18656,-2.280
wood_oak,80,3,14575.104,0.0036175,0.0058675,1.62198,1909.54,1177.29,0.3835,0.01508,0.0116,-2.279
wood_oak,81,1,880.000,0.076484,0.14982,1.95884,90.3163,46.107,0.4895,1.56151,1.20142,-2.277
wood_oak,81,2,5514.866,0.01116,0.020203,1.81030,618.974,341.917,0.4476,0.19707,0.15163,-2.277
wood_oak,81,3,15441.784,0.0033683,0.0054177,1.60844,2050.81,1275.03,0.3783,0.01218,0.00937,-2.278
wood_oak,82,1,932.328,0.072115,0.14112,1.95687,95.788,48.9495,0.4890,1.59505,1.22766,-2.274
wood_oak,82,2,5842.797,0.01047,0.018863,1.80162,659.766,366.207,0.4449,0.14042,0.10808,-2.274
wood_oak,82,3,16360.002,0.0031344,0.0049985,1.59472,2203.85,1381.97,0.3729,0.00291,0.00224,-2.273
wood_oak,83,1,987.767,0.067992,0.13291,1.95479,101.597,51.9732,0.4884,1.62879,1.25412,-2.271
wood_oak,83,2,6190.228,0.00982,0.017602,1.79246,703.437,392.441,0.4421,0.07645,0.05887,-2.270
wood_oak,83,3,17332.816,0.0029148,0.0046079,1.58086,2369.89,1499.11,0.3674,0.00746,0.00574,-2.277
wood_oak,84,1,1046.502,0.0641,0.12516,1.95257,107.765,55.1914,0.4879,1.66264,1.28074,-2.267
wood_oak,84,2,6558.318,0.0092071,0.016416,1.78297,750.264,420.794,0.4391,0.00997,0.00768,-2.267
wood_oak,84,3,18363.480,0.0027089,0.0042445,1.56687,2550.02,1627.46,0.3618,0.01253,0.00965,-2.268
wood_oak,85,1,1108.731,0.060427,0.11785,1.95029,114.316,58.6148,0.4872,1.69657,1.30749,-2.263
wood_oak,85,2,6948.296,0.0086294,0.015302,1.77324,800.491,451.428,0.4361,0.05349,0.04122,-2.263
wood_oak,85,3,19455.432,0.0025159,0.0039065,1.55272,2745.64,1768.27,0.3560,0.00887,0.00683,-2.270
wood_oak,86,1,1174.659,0.05696,0.11095,1.94786,121.274,62.2601,0.4866,1.73065,1.33442,-2.258
wood_oak,86,2,7361.463,0.008085,0.014255,1.76314,854.391,484.585,0.4329,0.10809,0.08334,-2.259
wood_oak,87,1,1244.508,0.053687,0.10443,1.94516,128.667,66.1472,0.4859,1.76499,1.36163,-2.254
wood_oak,87,2,7799.198,0.007572,0.013272,1.75277,912.276,520.476,0.4295,0.14828,0.11439,-2.254
wood_oak,88,1,1318.510,0.050599,0.09829,1.94253,136.52,70.2793,0.4852,1.7997,1.38918,-2.249
wood_oak,88,2,8262.963,0.0070888,0.01235,1.74218,974.46,559.332,0.4260,0.16944,0.13079,-2.249
wood_oak,89,1,1396.913,0.047684,0.092491,1.93967,144.865,74.6857,0.4844,1.83481,1.4171,-2.244
wood_oak,89,2,8754.304,0.0066336,0.011484,1.73119,1041.33,601.511,0.4223,0.16867,0.13027,-2.244
wood_oak,90,1,1479.978,0.044934,0.08702,1.93662,153.731,79.3812,0.4836,1.87024,1.44532,-2.239
wood_oak,90,2,9274.862,0.006205,0.010672,1.71990,1113.26,647.278,0.4186,0.14545,0.11241,-2.238
wood_oak,91,1,1567.982,0.042337,0.081858,1.93349,163.161,84.387,0.4828,1.90581,1.47372,-2.233
wood_oak,91,2,9826.375,0.0058015,0.0099105,1.70827,1190.68,697.014,0.4146,0.10232,0.07912,-2.233
wood_oak,92,1,1661.219,0.039887,0.076987,1.93013,173.183,89.7263,0.4819,1.94125,1.50212,-2.228
wood_oak,92,2,10410.681,0.0054217,0.0091972,1.69637,1274.09,751.072,0.4105,0.04504,0.03485,-2.228
wood_oak,93,1,1760.000,0.037575,0.072392,1.92660,183.839,95.4215,0.4810,1.97637,1.53038,-2.221
wood_oak,93,2,11029.732,0.0050644,0.0085294,1.68419,1363.98,809.876,0.4062,0.01759,0.01362,-2.222
wood_oak,94,1,1864.655,0.035392,0.068056,1.92292,195.178,101.501,0.4800,2.01104,1.55841,-2.215
wood_oak,94,2,11685.593,0.0047282,0.0079043,1.67174,1460.97,873.924,0.4018,0.07472,0.0579,-2.215
wood_oak,95,1,1975.534,0.033333,0.063967,1.91903,207.235,107.989,0.4789,2.04528,1.58621,-2.208
wood_oak,95,2,12380.458,0.004412,0.0073198,1.65907,1565.67,943.708,0.3973,0.11521,0.08935,-2.208
wood_oak,96,1,2093.004,0.031389,0.060109,1.91497,220.069,114.92,0.4778,2.0791,1.61378,-2.201
wood_oak,96,2,13116.636,0.0041147,0.0067734,1.64615,1678.8,1019.84,0.3925,0.1299,0.10083,-2.200
wood_oak,97,1,2217.461,0.029555,0.05647,1.91068,233.725,122.326,0.4766,2.1124,1.64105,-2.193
wood_oak,97,2,13896.591,0.0038353,0.006263,1.63299,1801.1,1102.95,0.3876,0.11418,0.0887,-2.193
wood_oak,98,1,2349.318,0.027824,0.053038,1.90620,248.266,130.242,0.4754,2.1449,1.6678,-2.185
wood_oak,98,2,14722.928,0.0035729,0.0057866,1.61958,1933.37,1193.75,0.3826,0.07017,0.05456,-2.186
wood_oak,99,1,2489.016,0.02619,0.049801,1.90153,263.755,138.707,0.4741,2.1762,1.69376,-2.177
wood_oak,99,2,15598.396,0.0033264,0.0053423,1.60603,2076.65,1293.03,0.3774,0.00775,0.00603,-2.180
wood_oak,100,1,2637.020,0.024649,0.046748,1.89655,280.245,147.766,0.4727,2.20005,1.71866,-2.145
wood_oak,100,2,16525.924,0.003095,0.0049282,1.59231,2231.91,1401.68,0.3720,0.05626,0.04395,-2.145
wood_oak,101,1,2793.826,0.023195,0.04387,1.89136,297.812,157.46,0.4713,2.0924,1.74235,-1.590
wood_oak,101,2,17508.607,0.0028779,0.0045425,1.57841,2400.28,1520.69,0.3665,0.09601,0.07994,-1.591
wood_oak,102,1,2959.955,0.021822,0.041157,1.88603,316.55,167.839,0.4698,1.98001,1.76469,-1.000
wood_oak,102,2,18549.725,0.0026743,0.0041837,1.56441,2583.01,1651.11,0.3608,0.09948,0.08866,-1.000
wood_oak,103,1,3135.963,0.020528,0.038598,1.88026,336.504,178.967,0.4682,1.86304,1.78542,-0.370
wood_oak,103,2,19652.746,0.0024834,0.00385,1.55029,2781.57,1794.22,0.3550,0.0672,0.0644,-0.370
wood_oak,104,1,3322.438,0.019306,0.036187,1.87439,357.804,190.891,0.4665,1.74175,1.74175,+0.000
wood_oak,105,1,3520.000,0.018153,0.033914,1.86823,380.53,203.684,0.4647,1.61647,1.61647,+0.000
wood_oak,106,1,3729.310,0.017066,0.031773,1.86177,404.767,217.41,0.4629,1.48763,1.48763,+0.000
wood_oak,107,1,3951.067,0.01604,0.029755,1.85505,430.658,232.154,0.4609,1.35578,1.35578,+0.000
wood_oak,108,1,4186.009,0.015073,0.027854,1.84794,458.287,247.999,0.4589,1.22159,1.22159,+0.000
